DATA_TYPE,TIS_DATA_REQUEST,SITE_XN_ROUTE,LOC_LEG,DATE,TIME,CLASS,LANE,SPEED,WHEELBASE,HEADWAY,GAP,AXLE,AXLE_GROUPING,RHO,VEHICLE,DIRECTION
IND,5555,32021,60182,18/08/2024,01:21:07,15,2,9.0,,,,2,,1.0,Cycle,S
IND,5555,32021,60182,18/08/2024,01:50:33,15,2,83.0,,,,2,,1.0,Cycle,S
IND,5555,32021,60182,18/08/2024,02:11:49,15,2,13.0,,,,2,,1.0,Cycle,S
IND,5555,32021,60182,18/08/2024,02:11:49,15,3,12.0,,,,2,,1.0,Cycle,S
IND,5555,32021,60182,18/08/2024,02:11:50,15,2,13.0,,,,2,,1.0,Cycle,S
IND,5555,32021,60182,18/08/2024,02:11:50,15,3,12.0,,,,2,,1.0,Cycle,S
IND,5555,32021,60182,18/08/2024,04:46:01,15,1,14.0,,,,2,,1.0,Cycle,S
IND,5555,32021,60182,18/08/2024,05:13:28,15,1,30.0,,,,2,,1.0,Cycle,S
IND,5555,32021,60182,18/08/2024,05:19:56,15,1,31.0,,,,2,,1.0,Cycle,S
IND,5555,32021,60182,18/08/2024,05:28:42,15,1,23.0,,,,2,,1.0,Cycle,S
IND,5555,32021,60182,18/08/2024,05:37:06,15,1,26.0,,,,2,,1.0,Cycle,S
IND,5555,32021,60182,18/08/2024,05:45:27,15,2,34.0,,,,2,,1.0,Cycle,S
IND,5555,32021,60182,18/08/2024,06:00:37,15,1,28.0,,,,2,,1.0,Cycle,S
IND,5555,32021,60182,18/08/2024,06:00:51,15,1,27.0,,,,2,,1.0,Cycle,S
IND,5555,32021,60182,18/08/2024,06:02:52,15,1,25.0,,,,2,,1.0,Cycle,S
IND,5555,32021,60182,18/08/2024,06:08:10,15,1,29.0,,,,2,,1.0,Cycle,S
IND,5555,32021,60182,18/08/2024,06:12:14,15,1,27.0,,,,2,,1.0,Cycle,S
IND,5555,32021,60182,18/08/2024,06:14:04,15,1,27.0,,,,2,,1.0,Cycle,S
IND,5555,32021,60182,18/08/2024,06:15:48,15,1,32.0,,,,2,,1.0,Cycle,S
IND,5555,32021,60182,18/08/2024,06:15:48,15,1,32.0,,,,2,,1.0,Cycle,S
IND,5555,32021,60182,18/08/2024,06:15:49,15,1,32.0,,,,2,,1.0,Cycle,S
IND,5555,32021,60182,18/08/2024,06:19:06,15,1,27.0,,,,2,,1.0,Cycle,S
IND,5555,32021,60182,18/08/2024,06:19:21,15,1,36.0,,,,2,,1.0,Cycle,S
IND,5555,32021,60182,18/08/2024,06:19:21,15,1,34.0,,,,2,,1.0,Cycle,S
IND,5555,32021,60182,18/08/2024,06:19:22,15,1,36.0,,,,2,,1.0,Cycle,S
IND,5555,32021,60182,18/08/2024,06:19:22,15,1,34.0,,,,2,,1.0,Cycle,S
IND,5555,32021,60182,18/08/2024,06:19:22,15,1,33.0,,,,2,,1.0,Cycle,S
IND,5555,32021,60182,18/08/2024,06:20:04,15,1,29.0,,,,2,,1.0,Cycle,S
IND,5555,32021,60182,18/08/2024,06:23:45,15,1,33.0,,,,2,,1.0,Cycle,S
IND,5555,32021,60182,18/08/2024,06:23:53,15,1,13.0,,,,2,,1.0,Cycle,S
IND,5555,32021,60182,18/08/2024,06:24:32,15,1,29.0,,,,2,,1.0,Cycle,S
IND,5555,32021,60182,18/08/2024,06:26:17,15,1,34.0,,,,2,,1.0,Cycle,S
IND,5555,32021,60182,18/08/2024,06:26:17,15,2,33.0,,,,2,,1.0,Cycle,S
IND,5555,32021,60182,18/08/2024,06:26:17,15,1,33.0,,,,2,,1.0,Cycle,S
IND,5555,32021,60182,18/08/2024,06:26:19,15,1,27.0,,,,2,,1.0,Cycle,S
IND,5555,32021,60182,18/08/2024,06:26:27,15,1,21.0,,,,2,,1.0,Cycle,S
IND,5555,32021,60182,18/08/2024,06:26:35,15,1,29.0,,,,2,,1.0,Cycle,S
IND,5555,32021,60182,18/08/2024,06:26:35,15,1,29.0,,,,2,,1.0,Cycle,S
IND,5555,32021,60182,18/08/2024,06:27:08,15,1,32.0,,,,2,,1.0,Cycle,S
IND,5555,32021,60182,18/08/2024,06:28:11,15,1,30.0,,,,2,,1.0,Cycle,S
IND,5555,32021,60182,18/08/2024,06:28:12,15,1,29.0,,,,2,,1.0,Cycle,S
IND,5555,32021,60182,18/08/2024,06:30:31,15,1,36.0,,,,2,,1.0,Cycle,S
IND,5555,32021,60182,18/08/2024,06:30:35,15,1,34.0,,,,2,,1.0,Cycle,S
IND,5555,32021,60182,18/08/2024,06:31:25,15,1,26.0,,,,2,,1.0,Cycle,S
IND,5555,32021,60182,18/08/2024,06:31:25,15,1,26.0,,,,2,,1.0,Cycle,S
IND,5555,32021,60182,18/08/2024,06:31:59,15,1,28.0,,,,2,,1.0,Cycle,S
IND,5555,32021,60182,18/08/2024,06:35:02,15,1,25.0,,,,2,,1.0,Cycle,S
IND,5555,32021,60182,18/08/2024,06:40:02,15,1,29.0,,,,2,,1.0,Cycle,S
IND,5555,32021,60182,18/08/2024,06:40:02,15,1,29.0,,,,2,,1.0,Cycle,S
IND,5555,32021,60182,18/08/2024,06:40:04,15,1,24.0,,,,2,,1.0,Cycle,S
IND,5555,32021,60182,18/08/2024,06:40:04,15,2,26.0,,,,2,,1.0,Cycle,S
IND,5555,32021,60182,18/08/2024,06:40:04,15,1,25.0,,,,2,,1.0,Cycle,S
IND,5555,32021,60182,18/08/2024,06:40:41,15,1,31.0,,,,2,,1.0,Cycle,S
IND,5555,32021,60182,18/08/2024,06:40:42,15,2,34.0,,,,2,,1.0,Cycle,S
IND,5555,32021,60182,18/08/2024,06:41:57,15,1,19.0,,,,2,,1.0,Cycle,S
IND,5555,32021,60182,18/08/2024,06:41:58,15,2,19.0,,,,2,,1.0,Cycle,S
IND,5555,32021,60182,18/08/2024,06:41:58,15,1,18.0,,,,2,,1.0,Cycle,S
IND,5555,32021,60182,18/08/2024,06:42:34,15,1,25.0,,,,2,,1.0,Cycle,S
IND,5555,32021,60182,18/08/2024,06:45:26,15,1,30.0,,,,2,,1.0,Cycle,S
IND,5555,32021,60182,18/08/2024,06:45:48,15,1,29.0,,,,2,,1.0,Cycle,S
IND,5555,32021,60182,18/08/2024,06:45:59,15,1,26.0,,,,2,,1.0,Cycle,S
IND,5555,32021,60182,18/08/2024,06:46:36,15,1,26.0,,,,2,,1.0,Cycle,S
IND,5555,32021,60182,18/08/2024,06:47:01,15,2,24.0,,,,2,,1.0,Cycle,S
IND,5555,32021,60182,18/08/2024,06:47:01,15,1,21.0,,,,2,,1.0,Cycle,S
IND,5555,32021,60182,18/08/2024,06:47:37,15,2,31.0,,,,2,,1.0,Cycle,S
IND,5555,32021,60182,18/08/2024,06:47:37,15,2,30.0,,,,2,,1.0,Cycle,S
IND,5555,32021,60182,18/08/2024,06:47:38,15,2,28.0,,,,2,,1.0,Cycle,S
IND,5555,32021,60182,18/08/2024,06:47:38,15,2,28.0,,,,2,,1.0,Cycle,S
IND,5555,32021,60182,18/08/2024,06:51:50,15,1,31.0,,,,2,,1.0,Cycle,S
IND,5555,32021,60182,18/08/2024,06:52:25,15,1,24.0,,,,2,,1.0,Cycle,S
IND,5555,32021,60182,18/08/2024,06:52:26,15,2,34.0,,,,2,,1.0,Cycle,S
IND,5555,32021,60182,18/08/2024,06:52:40,15,1,24.0,,,,2,,1.0,Cycle,S
IND,5555,32021,60182,18/08/2024,06:52:42,15,1,28.0,,,,2,,1.0,Cycle,S
IND,5555,32021,60182,18/08/2024,06:52:42,15,1,27.0,,,,2,,1.0,Cycle,S
IND,5555,32021,60182,18/08/2024,06:53:30,15,1,29.0,,,,2,,1.0,Cycle,S
IND,5555,32021,60182,18/08/2024,06:54:56,15,1,25.0,,,,2,,1.0,Cycle,S
IND,5555,32021,60182,18/08/2024,06:55:46,15,1,29.0,,,,2,,1.0,Cycle,S
IND,5555,32021,60182,18/08/2024,06:56:08,15,1,27.0,,,,2,,1.0,Cycle,S
IND,5555,32021,60182,18/08/2024,06:56:17,15,1,26.0,,,,2,,1.0,Cycle,S
IND,5555,32021,60182,18/08/2024,06:56:17,15,1,26.0,,,,2,,1.0,Cycle,S
IND,5555,32021,60182,18/08/2024,06:56:37,15,1,24.0,,,,2,,1.0,Cycle,S
IND,5555,32021,60182,18/08/2024,06:57:17,15,1,24.0,,,,2,,1.0,Cycle,S
IND,5555,32021,60182,18/08/2024,06:57:49,15,1,25.0,,,,2,,1.0,Cycle,S
IND,5555,32021,60182,18/08/2024,06:59:53,15,1,24.0,,,,2,,1.0,Cycle,S
IND,5555,32021,60182,18/08/2024,07:00:06,15,1,29.0,,,,2,,1.0,Cycle,S
IND,5555,32021,60182,18/08/2024,07:00:10,15,1,32.0,,,,2,,1.0,Cycle,S
IND,5555,32021,60182,18/08/2024,07:00:10,15,1,32.0,,,,2,,1.0,Cycle,S
IND,5555,32021,60182,18/08/2024,07:00:23,15,1,24.0,,,,2,,1.0,Cycle,S
IND,5555,32021,60182,18/08/2024,07:01:15,15,1,25.0,,,,2,,1.0,Cycle,S
IND,5555,32021,60182,18/08/2024,07:01:15,15,1,25.0,,,,2,,1.0,Cycle,S
IND,5555,32021,60182,18/08/2024,07:01:15,15,1,25.0,,,,2,,1.0,Cycle,S
IND,5555,32021,60182,18/08/2024,07:01:18,15,1,27.0,,,,2,,1.0,Cycle,S
IND,5555,32021,60182,18/08/2024,07:03:12,15,1,27.0,,,,2,,1.0,Cycle,S
IND,5555,32021,60182,18/08/2024,07:03:14,15,2,28.0,,,,2,,1.0,Cycle,S
IND,5555,32021,60182,18/08/2024,07:03:15,15,1,26.0,,,,2,,1.0,Cycle,S
IND,5555,32021,60182,18/08/2024,07:05:43,15,1,28.0,,,,2,,1.0,Cycle,S
IND,5555,32021,60182,18/08/2024,07:05:51,15,1,36.0,,,,2,,1.0,Cycle,S
IND,5555,32021,60182,18/08/2024,07:05:52,15,2,39.0,,,,2,,1.0,Cycle,S
IND,5555,32021,60182,18/08/2024,07:05:52,15,1,36.0,,,,2,,1.0,Cycle,S
IND,5555,32021,60182,18/08/2024,07:07:04,15,1,28.0,,,,2,,1.0,Cycle,S
IND,5555,32021,60182,18/08/2024,07:07:05,15,1,34.0,,,,2,,1.0,Cycle,S
IND,5555,32021,60182,18/08/2024,07:07:08,15,1,29.0,,,,2,,1.0,Cycle,S
IND,5555,32021,60182,18/08/2024,07:07:09,15,1,27.0,,,,2,,1.0,Cycle,S
IND,5555,32021,60182,18/08/2024,07:07:25,15,1,29.0,,,,2,,1.0,Cycle,S
IND,5555,32021,60182,18/08/2024,07:08:04,15,1,18.0,,,,2,,1.0,Cycle,S
IND,5555,32021,60182,18/08/2024,07:08:27,15,1,25.0,,,,2,,1.0,Cycle,S
IND,5555,32021,60182,18/08/2024,07:08:32,15,1,21.0,,,,2,,1.0,Cycle,S
IND,5555,32021,60182,18/08/2024,07:08:42,15,1,29.0,,,,2,,1.0,Cycle,S
IND,5555,32021,60182,18/08/2024,07:08:51,15,1,26.0,,,,2,,1.0,Cycle,S
IND,5555,32021,60182,18/08/2024,07:08:58,15,1,31.0,,,,2,,1.0,Cycle,S
IND,5555,32021,60182,18/08/2024,07:08:59,15,1,34.0,,,,2,,1.0,Cycle,S
IND,5555,32021,60182,18/08/2024,07:09:00,15,1,34.0,,,,2,,1.0,Cycle,S
IND,5555,32021,60182,18/08/2024,07:09:24,15,1,32.0,,,,2,,1.0,Cycle,S
IND,5555,32021,60182,18/08/2024,07:09:40,15,1,31.0,,,,2,,1.0,Cycle,S
IND,5555,32021,60182,18/08/2024,07:09:41,15,1,31.0,,,,2,,1.0,Cycle,S
IND,5555,32021,60182,18/08/2024,07:09:41,15,1,31.0,,,,2,,1.0,Cycle,S
IND,5555,32021,60182,18/08/2024,07:09:52,15,1,27.0,,,,2,,1.0,Cycle,S
IND,5555,32021,60182,18/08/2024,07:10:12,15,1,25.0,,,,2,,1.0,Cycle,S
IND,5555,32021,60182,18/08/2024,07:10:44,15,1,27.0,,,,2,,1.0,Cycle,S
IND,5555,32021,60182,18/08/2024,07:11:55,15,1,27.0,,,,2,,1.0,Cycle,S
IND,5555,32021,60182,18/08/2024,07:12:48,15,1,27.0,,,,2,,1.0,Cycle,S
IND,5555,32021,60182,18/08/2024,07:13:22,15,1,26.0,,,,2,,1.0,Cycle,S
IND,5555,32021,60182,18/08/2024,07:14:37,15,1,20.0,,,,2,,1.0,Cycle,S
IND,5555,32021,60182,18/08/2024,07:15:07,15,1,26.0,,,,2,,1.0,Cycle,S
IND,5555,32021,60182,18/08/2024,07:15:22,15,1,26.0,,,,2,,1.0,Cycle,S
IND,5555,32021,60182,18/08/2024,07:15:23,15,1,26.0,,,,2,,1.0,Cycle,S
IND,5555,32021,60182,18/08/2024,07:15:24,15,1,27.0,,,,2,,1.0,Cycle,S
IND,5555,32021,60182,18/08/2024,07:15:54,15,1,27.0,,,,2,,1.0,Cycle,S
IND,5555,32021,60182,18/08/2024,07:15:57,15,1,25.0,,,,2,,1.0,Cycle,S
IND,5555,32021,60182,18/08/2024,07:17:34,15,1,28.0,,,,2,,1.0,Cycle,S
IND,5555,32021,60182,18/08/2024,07:18:08,15,1,23.0,,,,2,,1.0,Cycle,S
IND,5555,32021,60182,18/08/2024,07:18:10,15,1,20.0,,,,2,,1.0,Cycle,S
IND,5555,32021,60182,18/08/2024,07:18:32,15,1,19.0,,,,2,,1.0,Cycle,S
IND,5555,32021,60182,18/08/2024,07:18:33,15,1,19.0,,,,2,,1.0,Cycle,S
IND,5555,32021,60182,18/08/2024,07:18:33,15,1,19.0,,,,2,,1.0,Cycle,S
IND,5555,32021,60182,18/08/2024,07:18:51,15,1,27.0,,,,2,,1.0,Cycle,S
IND,5555,32021,60182,18/08/2024,07:18:52,15,1,27.0,,,,2,,1.0,Cycle,S
IND,5555,32021,60182,18/08/2024,07:19:07,15,1,22.0,,,,2,,1.0,Cycle,S
IND,5555,32021,60182,18/08/2024,07:19:30,15,1,24.0,,,,2,,1.0,Cycle,S
IND,5555,32021,60182,18/08/2024,07:19:30,15,1,23.0,,,,2,,1.0,Cycle,S
IND,5555,32021,60182,18/08/2024,07:19:43,15,1,19.0,,,,2,,1.0,Cycle,S
IND,5555,32021,60182,18/08/2024,07:19:45,15,1,28.0,,,,2,,1.0,Cycle,S
IND,5555,32021,60182,18/08/2024,07:19:46,15,1,27.0,,,,2,,1.0,Cycle,S
IND,5555,32021,60182,18/08/2024,07:19:55,15,1,26.0,,,,2,,1.0,Cycle,S
IND,5555,32021,60182,18/08/2024,07:21:08,15,1,24.0,,,,2,,1.0,Cycle,S
IND,5555,32021,60182,18/08/2024,07:21:54,15,1,32.0,,,,2,,1.0,Cycle,S
IND,5555,32021,60182,18/08/2024,07:22:34,15,1,29.0,,,,2,,1.0,Cycle,S
IND,5555,32021,60182,18/08/2024,07:22:39,15,1,30.0,,,,2,,1.0,Cycle,S
IND,5555,32021,60182,18/08/2024,07:22:41,15,1,28.0,,,,2,,1.0,Cycle,S
IND,5555,32021,60182,18/08/2024,07:23:35,15,1,26.0,,,,2,,1.0,Cycle,S
IND,5555,32021,60182,18/08/2024,07:23:37,15,1,27.0,,,,2,,1.0,Cycle,S
IND,5555,32021,60182,18/08/2024,07:23:41,15,1,31.0,,,,2,,1.0,Cycle,S
IND,5555,32021,60182,18/08/2024,07:24:01,15,2,36.0,,,,2,,1.0,Cycle,S
IND,5555,32021,60182,18/08/2024,07:24:01,15,1,29.0,,,,2,,1.0,Cycle,S
IND,5555,32021,60182,18/08/2024,07:24:02,15,2,37.0,,,,2,,1.0,Cycle,S
IND,5555,32021,60182,18/08/2024,07:24:03,15,1,25.0,,,,2,,1.0,Cycle,S
IND,5555,32021,60182,18/08/2024,07:24:05,15,1,28.0,,,,2,,1.0,Cycle,S
IND,5555,32021,60182,18/08/2024,07:24:06,15,2,33.0,,,,2,,1.0,Cycle,S
IND,5555,32021,60182,18/08/2024,07:24:23,15,1,24.0,,,,2,,1.0,Cycle,S
IND,5555,32021,60182,18/08/2024,07:25:01,15,3,21.0,,,,2,,1.0,Cycle,S
IND,5555,32021,60182,18/08/2024,07:25:14,15,1,24.0,,,,2,,1.0,Cycle,S
IND,5555,32021,60182,18/08/2024,07:25:17,15,1,23.0,,,,2,,1.0,Cycle,S
IND,5555,32021,60182,18/08/2024,07:25:17,15,1,23.0,,,,2,,1.0,Cycle,S
IND,5555,32021,60182,18/08/2024,07:25:29,15,1,28.0,,,,2,,1.0,Cycle,S
IND,5555,32021,60182,18/08/2024,07:25:43,15,1,23.0,,,,2,,1.0,Cycle,S
IND,5555,32021,60182,18/08/2024,07:25:51,15,1,27.0,,,,2,,1.0,Cycle,S
IND,5555,32021,60182,18/08/2024,07:25:51,15,1,27.0,,,,2,,1.0,Cycle,S
IND,5555,32021,60182,18/08/2024,07:25:51,15,1,27.0,,,,2,,1.0,Cycle,S
IND,5555,32021,60182,18/08/2024,07:26:09,15,1,24.0,,,,2,,1.0,Cycle,S
IND,5555,32021,60182,18/08/2024,07:26:10,15,1,20.0,,,,2,,1.0,Cycle,S
IND,5555,32021,60182,18/08/2024,07:26:11,15,1,20.0,,,,2,,1.0,Cycle,S
IND,5555,32021,60182,18/08/2024,07:26:42,15,1,24.0,,,,2,,1.0,Cycle,S
IND,5555,32021,60182,18/08/2024,07:26:47,15,2,57.0,,,,2,,1.0,Cycle,S
IND,5555,32021,60182,18/08/2024,07:27:35,15,1,19.0,,,,2,,1.0,Cycle,S
IND,5555,32021,60182,18/08/2024,07:27:36,15,2,16.0,,,,2,,1.0,Cycle,S
IND,5555,32021,60182,18/08/2024,07:27:37,15,2,17.0,,,,2,,1.0,Cycle,S
IND,5555,32021,60182,18/08/2024,07:28:06,15,1,27.0,,,,2,,1.0,Cycle,S
IND,5555,32021,60182,18/08/2024,07:28:06,15,1,27.0,,,,2,,1.0,Cycle,S
IND,5555,32021,60182,18/08/2024,07:28:07,15,1,27.0,,,,2,,1.0,Cycle,S
IND,5555,32021,60182,18/08/2024,07:28:07,15,1,27.0,,,,2,,1.0,Cycle,S
IND,5555,32021,60182,18/08/2024,07:28:07,15,1,28.0,,,,2,,1.0,Cycle,S
IND,5555,32021,60182,18/08/2024,07:28:08,15,1,27.0,,,,2,,1.0,Cycle,S
IND,5555,32021,60182,18/08/2024,07:28:10,15,1,30.0,,,,2,,1.0,Cycle,S
IND,5555,32021,60182,18/08/2024,07:28:11,15,1,28.0,,,,2,,1.0,Cycle,S
IND,5555,32021,60182,18/08/2024,07:28:11,15,1,29.0,,,,2,,1.0,Cycle,S
IND,5555,32021,60182,18/08/2024,07:29:03,15,1,28.0,,,,2,,1.0,Cycle,S
IND,5555,32021,60182,18/08/2024,07:29:04,15,1,24.0,,,,2,,1.0,Cycle,S
IND,5555,32021,60182,18/08/2024,07:29:05,15,1,28.0,,,,2,,1.0,Cycle,S
IND,5555,32021,60182,18/08/2024,07:29:07,15,2,26.0,,,,2,,1.0,Cycle,S
IND,5555,32021,60182,18/08/2024,07:29:07,15,3,24.0,,,,2,,1.0,Cycle,S
IND,5555,32021,60182,18/08/2024,07:29:07,15,2,25.0,,,,2,,1.0,Cycle,S
IND,5555,32021,60182,18/08/2024,07:29:09,15,2,24.0,,,,2,,1.0,Cycle,S
IND,5555,32021,60182,18/08/2024,07:29:10,15,3,23.0,,,,2,,1.0,Cycle,S
IND,5555,32021,60182,18/08/2024,07:31:13,15,1,24.0,,,,2,,1.0,Cycle,S
IND,5555,32021,60182,18/08/2024,07:31:13,15,1,22.0,,,,2,,1.0,Cycle,S
IND,5555,32021,60182,18/08/2024,07:31:14,15,1,24.0,,,,2,,1.0,Cycle,S
IND,5555,32021,60182,18/08/2024,07:31:20,15,1,23.0,,,,2,,1.0,Cycle,S
IND,5555,32021,60182,18/08/2024,07:31:20,15,2,24.0,,,,2,,1.0,Cycle,S
IND,5555,32021,60182,18/08/2024,07:32:12,15,1,29.0,,,,2,,1.0,Cycle,S
IND,5555,32021,60182,18/08/2024,07:32:12,15,1,27.0,,,,2,,1.0,Cycle,S
IND,5555,32021,60182,18/08/2024,07:32:12,15,1,27.0,,,,2,,1.0,Cycle,S
IND,5555,32021,60182,18/08/2024,07:32:24,15,1,24.0,,,,2,,1.0,Cycle,S
IND,5555,32021,60182,18/08/2024,07:32:24,15,1,24.0,,,,2,,1.0,Cycle,S
IND,5555,32021,60182,18/08/2024,07:33:16,15,1,19.0,,,,2,,1.0,Cycle,S
IND,5555,32021,60182,18/08/2024,07:33:16,15,1,19.0,,,,2,,1.0,Cycle,S
IND,5555,32021,60182,18/08/2024,07:33:39,15,1,25.0,,,,2,,1.0,Cycle,S
IND,5555,32021,60182,18/08/2024,07:33:40,15,1,25.0,,,,2,,1.0,Cycle,S
IND,5555,32021,60182,18/08/2024,07:34:04,15,1,24.0,,,,2,,1.0,Cycle,S
IND,5555,32021,60182,18/08/2024,07:34:20,15,1,19.0,,,,2,,1.0,Cycle,S
IND,5555,32021,60182,18/08/2024,07:34:23,15,1,26.0,,,,2,,1.0,Cycle,S
IND,5555,32021,60182,18/08/2024,07:34:50,15,1,29.0,,,,2,,1.0,Cycle,S
IND,5555,32021,60182,18/08/2024,07:35:14,15,1,29.0,,,,2,,1.0,Cycle,S
IND,5555,32021,60182,18/08/2024,07:35:14,15,1,30.0,,,,2,,1.0,Cycle,S
IND,5555,32021,60182,18/08/2024,07:35:14,15,1,29.0,,,,2,,1.0,Cycle,S
IND,5555,32021,60182,18/08/2024,07:37:46,15,1,29.0,,,,2,,1.0,Cycle,S
IND,5555,32021,60182,18/08/2024,07:37:46,15,1,25.0,,,,2,,1.0,Cycle,S
IND,5555,32021,60182,18/08/2024,07:37:46,15,1,27.0,,,,2,,1.0,Cycle,S
IND,5555,32021,60182,18/08/2024,07:37:57,15,1,27.0,,,,2,,1.0,Cycle,S
IND,5555,32021,60182,18/08/2024,07:38:07,15,1,18.0,,,,2,,1.0,Cycle,S
IND,5555,32021,60182,18/08/2024,07:38:12,15,1,19.0,,,,2,,1.0,Cycle,S
IND,5555,32021,60182,18/08/2024,07:38:21,15,1,34.0,,,,2,,1.0,Cycle,S
IND,5555,32021,60182,18/08/2024,07:38:21,15,1,34.0,,,,2,,1.0,Cycle,S
IND,5555,32021,60182,18/08/2024,07:38:21,15,2,35.0,,,,2,,1.0,Cycle,S
IND,5555,32021,60182,18/08/2024,07:38:22,15,1,34.0,,,,2,,1.0,Cycle,S
IND,5555,32021,60182,18/08/2024,07:38:22,15,2,33.0,,,,2,,1.0,Cycle,S
IND,5555,32021,60182,18/08/2024,07:38:22,15,1,34.0,,,,2,,1.0,Cycle,S
IND,5555,32021,60182,18/08/2024,07:38:22,15,1,33.0,,,,2,,1.0,Cycle,S
IND,5555,32021,60182,18/08/2024,07:38:23,15,1,31.0,,,,2,,1.0,Cycle,S
IND,5555,32021,60182,18/08/2024,07:38:23,15,1,31.0,,,,2,,1.0,Cycle,S
IND,5555,32021,60182,18/08/2024,07:38:23,15,1,32.0,,,,2,,1.0,Cycle,S
IND,5555,32021,60182,18/08/2024,07:38:24,15,3,28.0,,,,2,,1.0,Cycle,S
IND,5555,32021,60182,18/08/2024,07:38:24,15,1,26.0,,,,2,,1.0,Cycle,S
IND,5555,32021,60182,18/08/2024,07:38:24,15,1,26.0,,,,2,,1.0,Cycle,S
IND,5555,32021,60182,18/08/2024,07:38:25,15,2,34.0,,,,2,,1.0,Cycle,S
IND,5555,32021,60182,18/08/2024,07:38:27,15,2,36.0,,,,2,,1.0,Cycle,S
IND,5555,32021,60182,18/08/2024,07:38:29,15,2,25.0,,,,2,,1.0,Cycle,S
IND,5555,32021,60182,18/08/2024,07:38:32,15,2,23.0,,,,2,,1.0,Cycle,S
IND,5555,32021,60182,18/08/2024,07:38:33,15,1,22.0,,,,2,,1.0,Cycle,S
IND,5555,32021,60182,18/08/2024,07:38:33,15,2,22.0,,,,2,,1.0,Cycle,S
IND,5555,32021,60182,18/08/2024,07:38:36,15,1,21.0,,,,2,,1.0,Cycle,S
IND,5555,32021,60182,18/08/2024,07:38:37,15,1,22.0,,,,2,,1.0,Cycle,S
IND,5555,32021,60182,18/08/2024,07:38:37,15,1,22.0,,,,2,,1.0,Cycle,S
IND,5555,32021,60182,18/08/2024,07:38:38,15,1,22.0,,,,2,,1.0,Cycle,S
IND,5555,32021,60182,18/08/2024,07:38:38,15,1,22.0,,,,2,,1.0,Cycle,S
IND,5555,32021,60182,18/08/2024,07:38:39,15,1,22.0,,,,2,,1.0,Cycle,S
IND,5555,32021,60182,18/08/2024,07:38:39,15,1,22.0,,,,2,,1.0,Cycle,S
IND,5555,32021,60182,18/08/2024,07:38:39,15,2,23.0,,,,2,,1.0,Cycle,S
IND,5555,32021,60182,18/08/2024,07:38:39,15,1,22.0,,,,2,,1.0,Cycle,S
IND,5555,32021,60182,18/08/2024,07:38:39,15,1,22.0,,,,2,,1.0,Cycle,S
IND,5555,32021,60182,18/08/2024,07:38:39,15,2,23.0,,,,2,,1.0,Cycle,S
IND,5555,32021,60182,18/08/2024,07:38:40,15,1,22.0,,,,2,,1.0,Cycle,S
IND,5555,32021,60182,18/08/2024,07:38:40,15,1,23.0,,,,2,,1.0,Cycle,S
IND,5555,32021,60182,18/08/2024,07:38:41,15,1,22.0,,,,2,,1.0,Cycle,S
IND,5555,32021,60182,18/08/2024,07:38:42,15,1,19.0,,,,2,,1.0,Cycle,S
IND,5555,32021,60182,18/08/2024,07:39:06,15,1,26.0,,,,2,,1.0,Cycle,S
IND,5555,32021,60182,18/08/2024,07:39:45,15,1,22.0,,,,2,,1.0,Cycle,S
IND,5555,32021,60182,18/08/2024,07:40:57,15,1,20.0,,,,2,,1.0,Cycle,S
IND,5555,32021,60182,18/08/2024,07:41:45,15,2,33.0,,,,2,,1.0,Cycle,S
IND,5555,32021,60182,18/08/2024,07:41:46,15,1,33.0,,,,2,,1.0,Cycle,S
IND,5555,32021,60182,18/08/2024,07:41:59,15,1,28.0,,,,2,,1.0,Cycle,S
IND,5555,32021,60182,18/08/2024,07:41:59,15,1,28.0,,,,2,,1.0,Cycle,S
IND,5555,32021,60182,18/08/2024,07:42:00,15,1,27.0,,,,2,,1.0,Cycle,S
IND,5555,32021,60182,18/08/2024,07:42:08,15,3,28.0,,,,2,,1.0,Cycle,S
IND,5555,32021,60182,18/08/2024,07:42:09,15,1,30.0,,,,2,,1.0,Cycle,S
IND,5555,32021,60182,18/08/2024,07:42:09,15,3,26.0,,,,2,,1.0,Cycle,S
IND,5555,32021,60182,18/08/2024,07:42:10,15,1,28.0,,,,2,,1.0,Cycle,S
IND,5555,32021,60182,18/08/2024,07:43:45,15,1,29.0,,,,2,,1.0,Cycle,S
IND,5555,32021,60182,18/08/2024,07:44:14,15,1,31.0,,,,2,,1.0,Cycle,S
IND,5555,32021,60182,18/08/2024,07:44:14,15,2,31.0,,,,2,,1.0,Cycle,S
IND,5555,32021,60182,18/08/2024,07:44:14,15,2,31.0,,,,2,,1.0,Cycle,S
IND,5555,32021,60182,18/08/2024,07:44:17,15,1,22.0,,,,2,,1.0,Cycle,S
IND,5555,32021,60182,18/08/2024,07:44:23,15,1,23.0,,,,2,,1.0,Cycle,S
IND,5555,32021,60182,18/08/2024,07:45:27,15,1,25.0,,,,2,,1.0,Cycle,S
IND,5555,32021,60182,18/08/2024,07:45:28,15,1,24.0,,,,2,,1.0,Cycle,S
IND,5555,32021,60182,18/08/2024,07:45:55,15,1,22.0,,,,2,,1.0,Cycle,S
IND,5555,32021,60182,18/08/2024,07:46:15,15,1,25.0,,,,2,,1.0,Cycle,S
IND,5555,32021,60182,18/08/2024,07:46:32,15,1,27.0,,,,2,,1.0,Cycle,S
IND,5555,32021,60182,18/08/2024,07:46:32,15,1,25.0,,,,2,,1.0,Cycle,S
IND,5555,32021,60182,18/08/2024,07:46:58,15,1,26.0,,,,2,,1.0,Cycle,S
IND,5555,32021,60182,18/08/2024,07:47:31,15,1,26.0,,,,2,,1.0,Cycle,S
IND,5555,32021,60182,18/08/2024,07:47:53,15,1,22.0,,,,2,,1.0,Cycle,S
IND,5555,32021,60182,18/08/2024,07:48:53,15,1,20.0,,,,2,,1.0,Cycle,S
IND,5555,32021,60182,18/08/2024,07:49:05,15,1,19.0,,,,2,,1.0,Cycle,S
IND,5555,32021,60182,18/08/2024,07:49:05,15,1,19.0,,,,2,,1.0,Cycle,S
IND,5555,32021,60182,18/08/2024,07:49:10,15,3,25.0,,,,2,,1.0,Cycle,S
IND,5555,32021,60182,18/08/2024,07:49:11,15,2,24.0,,,,2,,1.0,Cycle,S
IND,5555,32021,60182,18/08/2024,07:49:32,15,1,23.0,,,,2,,1.0,Cycle,S
IND,5555,32021,60182,18/08/2024,07:49:48,15,1,26.0,,,,2,,1.0,Cycle,S
IND,5555,32021,60182,18/08/2024,07:49:51,15,1,25.0,,,,2,,1.0,Cycle,S
IND,5555,32021,60182,18/08/2024,07:50:22,15,1,27.0,,,,2,,1.0,Cycle,S
IND,5555,32021,60182,18/08/2024,07:50:33,15,1,27.0,,,,2,,1.0,Cycle,S
IND,5555,32021,60182,18/08/2024,07:50:38,15,1,27.0,,,,2,,1.0,Cycle,S
IND,5555,32021,60182,18/08/2024,07:51:02,15,1,29.0,,,,2,,1.0,Cycle,S
IND,5555,32021,60182,18/08/2024,07:51:15,15,1,33.0,,,,2,,1.0,Cycle,S
IND,5555,32021,60182,18/08/2024,07:51:35,15,1,23.0,,,,2,,1.0,Cycle,S
IND,5555,32021,60182,18/08/2024,07:51:41,15,3,19.0,,,,2,,1.0,Cycle,S
IND,5555,32021,60182,18/08/2024,07:51:59,15,1,30.0,,,,2,,1.0,Cycle,S
IND,5555,32021,60182,18/08/2024,07:52:00,15,1,29.0,,,,2,,1.0,Cycle,S
IND,5555,32021,60182,18/08/2024,07:52:02,15,1,27.0,,,,2,,1.0,Cycle,S
IND,5555,32021,60182,18/08/2024,07:52:03,15,1,27.0,,,,2,,1.0,Cycle,S
IND,5555,32021,60182,18/08/2024,07:52:04,15,1,27.0,,,,2,,1.0,Cycle,S
IND,5555,32021,60182,18/08/2024,07:52:04,15,1,25.0,,,,2,,1.0,Cycle,S
IND,5555,32021,60182,18/08/2024,07:52:17,15,1,28.0,,,,2,,1.0,Cycle,S
IND,5555,32021,60182,18/08/2024,07:52:18,15,1,29.0,,,,2,,1.0,Cycle,S
IND,5555,32021,60182,18/08/2024,07:52:20,15,1,27.0,,,,2,,1.0,Cycle,S
IND,5555,32021,60182,18/08/2024,07:52:33,15,1,26.0,,,,2,,1.0,Cycle,S
IND,5555,32021,60182,18/08/2024,07:52:47,15,1,29.0,,,,2,,1.0,Cycle,S
IND,5555,32021,60182,18/08/2024,07:53:06,15,1,22.0,,,,2,,1.0,Cycle,S
IND,5555,32021,60182,18/08/2024,07:53:20,15,1,26.0,,,,2,,1.0,Cycle,S
IND,5555,32021,60182,18/08/2024,07:53:27,15,1,22.0,,,,2,,1.0,Cycle,S
IND,5555,32021,60182,18/08/2024,07:54:14,15,1,23.0,,,,2,,1.0,Cycle,S
IND,5555,32021,60182,18/08/2024,07:54:41,15,1,29.0,,,,2,,1.0,Cycle,S
IND,5555,32021,60182,18/08/2024,07:54:41,15,2,27.0,,,,2,,1.0,Cycle,S
IND,5555,32021,60182,18/08/2024,07:54:42,15,2,26.0,,,,2,,1.0,Cycle,S
IND,5555,32021,60182,18/08/2024,07:54:42,15,1,24.0,,,,2,,1.0,Cycle,S
IND,5555,32021,60182,18/08/2024,07:54:42,15,1,24.0,,,,2,,1.0,Cycle,S
IND,5555,32021,60182,18/08/2024,07:54:42,15,2,24.0,,,,2,,1.0,Cycle,S
IND,5555,32021,60182,18/08/2024,07:54:43,15,1,22.0,,,,2,,1.0,Cycle,S
IND,5555,32021,60182,18/08/2024,07:54:43,15,2,23.0,,,,2,,1.0,Cycle,S
IND,5555,32021,60182,18/08/2024,07:54:43,15,1,20.0,,,,2,,1.0,Cycle,S
IND,5555,32021,60182,18/08/2024,07:54:44,15,2,22.0,,,,2,,1.0,Cycle,S
IND,5555,32021,60182,18/08/2024,07:54:44,15,1,19.0,,,,2,,1.0,Cycle,S
IND,5555,32021,60182,18/08/2024,07:54:44,15,2,20.0,,,,2,,1.0,Cycle,S
IND,5555,32021,60182,18/08/2024,07:54:44,15,1,18.0,,,,2,,1.0,Cycle,S
IND,5555,32021,60182,18/08/2024,07:54:45,15,2,19.0,,,,2,,1.0,Cycle,S
IND,5555,32021,60182,18/08/2024,07:54:45,15,1,15.0,,,,2,,1.0,Cycle,S
IND,5555,32021,60182,18/08/2024,07:54:45,15,2,19.0,,,,2,,1.0,Cycle,S
IND,5555,32021,60182,18/08/2024,07:54:46,15,1,15.0,,,,2,,1.0,Cycle,S
IND,5555,32021,60182,18/08/2024,07:54:46,15,2,17.0,,,,2,,1.0,Cycle,S
IND,5555,32021,60182,18/08/2024,07:54:46,15,3,20.0,,,,2,,1.0,Cycle,S
IND,5555,32021,60182,18/08/2024,07:54:46,15,1,14.0,,,,2,,1.0,Cycle,S
IND,5555,32021,60182,18/08/2024,07:54:47,15,1,14.0,,,,2,,1.0,Cycle,S
IND,5555,32021,60182,18/08/2024,07:54:48,15,1,13.0,,,,2,,1.0,Cycle,S
IND,5555,32021,60182,18/08/2024,07:54:48,15,2,13.0,,,,2,,1.0,Cycle,S
IND,5555,32021,60182,18/08/2024,07:54:48,15,2,13.0,,,,2,,1.0,Cycle,S
IND,5555,32021,60182,18/08/2024,07:54:49,15,2,15.0,,,,2,,1.0,Cycle,S
IND,5555,32021,60182,18/08/2024,07:54:50,15,2,15.0,,,,2,,1.0,Cycle,S
IND,5555,32021,60182,18/08/2024,07:54:51,15,1,18.0,,,,2,,1.0,Cycle,S
IND,5555,32021,60182,18/08/2024,07:54:51,15,1,17.0,,,,2,,1.0,Cycle,S
IND,5555,32021,60182,18/08/2024,07:54:52,15,2,21.0,,,,2,,1.0,Cycle,S
IND,5555,32021,60182,18/08/2024,07:54:53,15,1,16.0,,,,2,,1.0,Cycle,S
IND,5555,32021,60182,18/08/2024,07:54:53,15,1,16.0,,,,2,,1.0,Cycle,S
IND,5555,32021,60182,18/08/2024,07:55:07,15,1,31.0,,,,2,,1.0,Cycle,S
IND,5555,32021,60182,18/08/2024,07:55:32,15,1,28.0,,,,2,,1.0,Cycle,S
IND,5555,32021,60182,18/08/2024,07:55:59,15,1,18.0,,,,2,,1.0,Cycle,S
IND,5555,32021,60182,18/08/2024,07:55:59,15,1,18.0,,,,2,,1.0,Cycle,S
IND,5555,32021,60182,18/08/2024,07:57:13,15,2,26.0,,,,2,,1.0,Cycle,S
IND,5555,32021,60182,18/08/2024,07:57:13,15,1,24.0,,,,2,,1.0,Cycle,S
IND,5555,32021,60182,18/08/2024,07:58:23,15,1,18.0,,,,2,,1.0,Cycle,S
IND,5555,32021,60182,18/08/2024,07:58:23,15,1,18.0,,,,2,,1.0,Cycle,S
IND,5555,32021,60182,18/08/2024,07:58:23,15,2,19.0,,,,2,,1.0,Cycle,S
IND,5555,32021,60182,18/08/2024,07:58:24,15,2,18.0,,,,2,,1.0,Cycle,S
IND,5555,32021,60182,18/08/2024,07:58:48,15,2,25.0,,,,2,,1.0,Cycle,S
IND,5555,32021,60182,18/08/2024,07:59:07,15,1,22.0,,,,2,,1.0,Cycle,S
IND,5555,32021,60182,18/08/2024,07:59:15,15,1,30.0,,,,2,,1.0,Cycle,S
IND,5555,32021,60182,18/08/2024,07:59:15,15,1,29.0,,,,2,,1.0,Cycle,S
IND,5555,32021,60182,18/08/2024,07:59:18,15,2,36.0,,,,2,,1.0,Cycle,S
IND,5555,32021,60182,18/08/2024,07:59:30,15,1,24.0,,,,2,,1.0,Cycle,S
IND,5555,32021,60182,18/08/2024,07:59:37,15,1,24.0,,,,2,,1.0,Cycle,S
IND,5555,32021,60182,18/08/2024,08:00:03,15,1,27.0,,,,2,,1.0,Cycle,S
IND,5555,32021,60182,18/08/2024,08:00:20,15,1,25.0,,,,2,,1.0,Cycle,S
IND,5555,32021,60182,18/08/2024,08:00:23,15,1,23.0,,,,2,,1.0,Cycle,S
IND,5555,32021,60182,18/08/2024,08:00:23,15,1,23.0,,,,2,,1.0,Cycle,S
IND,5555,32021,60182,18/08/2024,08:01:08,15,1,21.0,,,,2,,1.0,Cycle,S
IND,5555,32021,60182,18/08/2024,08:01:21,15,1,26.0,,,,2,,1.0,Cycle,S
IND,5555,32021,60182,18/08/2024,08:01:22,15,1,25.0,,,,2,,1.0,Cycle,S
IND,5555,32021,60182,18/08/2024,08:01:22,15,1,24.0,,,,2,,1.0,Cycle,S
IND,5555,32021,60182,18/08/2024,08:01:33,15,1,26.0,,,,2,,1.0,Cycle,S
IND,5555,32021,60182,18/08/2024,08:02:52,15,1,33.0,,,,2,,1.0,Cycle,S
IND,5555,32021,60182,18/08/2024,08:02:56,15,1,27.0,,,,2,,1.0,Cycle,S
IND,5555,32021,60182,18/08/2024,08:03:15,15,1,30.0,,,,2,,1.0,Cycle,S
IND,5555,32021,60182,18/08/2024,08:03:19,15,1,22.0,,,,2,,1.0,Cycle,S
IND,5555,32021,60182,18/08/2024,08:03:20,15,1,16.0,,,,2,,1.0,Cycle,S
IND,5555,32021,60182,18/08/2024,08:03:21,15,1,22.0,,,,2,,1.0,Cycle,S
IND,5555,32021,60182,18/08/2024,08:03:24,15,1,25.0,,,,2,,1.0,Cycle,S
IND,5555,32021,60182,18/08/2024,08:03:24,15,1,26.0,,,,2,,1.0,Cycle,S
IND,5555,32021,60182,18/08/2024,08:03:25,15,1,23.0,,,,2,,1.0,Cycle,S
IND,5555,32021,60182,18/08/2024,08:04:13,15,1,20.0,,,,2,,1.0,Cycle,S
IND,5555,32021,60182,18/08/2024,08:04:14,15,1,20.0,,,,2,,1.0,Cycle,S
IND,5555,32021,60182,18/08/2024,08:04:15,15,1,20.0,,,,2,,1.0,Cycle,S
IND,5555,32021,60182,18/08/2024,08:04:25,15,1,21.0,,,,2,,1.0,Cycle,S
IND,5555,32021,60182,18/08/2024,08:04:26,15,1,20.0,,,,2,,1.0,Cycle,S
IND,5555,32021,60182,18/08/2024,08:04:43,15,1,29.0,,,,2,,1.0,Cycle,S
IND,5555,32021,60182,18/08/2024,08:04:43,15,1,29.0,,,,2,,1.0,Cycle,S
IND,5555,32021,60182,18/08/2024,08:04:44,15,1,28.0,,,,2,,1.0,Cycle,S
IND,5555,32021,60182,18/08/2024,08:04:44,15,1,26.0,,,,2,,1.0,Cycle,S
IND,5555,32021,60182,18/08/2024,08:04:44,15,1,27.0,,,,2,,1.0,Cycle,S
IND,5555,32021,60182,18/08/2024,08:04:46,15,1,25.0,,,,2,,1.0,Cycle,S
IND,5555,32021,60182,18/08/2024,08:04:46,15,1,25.0,,,,2,,1.0,Cycle,S
IND,5555,32021,60182,18/08/2024,08:05:48,15,1,26.0,,,,2,,1.0,Cycle,S
IND,5555,32021,60182,18/08/2024,08:05:49,15,1,28.0,,,,2,,1.0,Cycle,S
IND,5555,32021,60182,18/08/2024,08:05:53,15,1,22.0,,,,2,,1.0,Cycle,S
IND,5555,32021,60182,18/08/2024,08:06:29,15,1,22.0,,,,2,,1.0,Cycle,S
IND,5555,32021,60182,18/08/2024,08:07:54,15,1,23.0,,,,2,,1.0,Cycle,S
IND,5555,32021,60182,18/08/2024,08:08:25,15,1,30.0,,,,2,,1.0,Cycle,S
IND,5555,32021,60182,18/08/2024,08:08:28,15,1,24.0,,,,2,,1.0,Cycle,S
IND,5555,32021,60182,18/08/2024,08:08:28,15,1,24.0,,,,2,,1.0,Cycle,S
IND,5555,32021,60182,18/08/2024,08:09:13,15,1,24.0,,,,2,,1.0,Cycle,S
IND,5555,32021,60182,18/08/2024,08:09:14,15,1,20.0,,,,2,,1.0,Cycle,S
IND,5555,32021,60182,18/08/2024,08:09:15,15,1,22.0,,,,2,,1.0,Cycle,S
IND,5555,32021,60182,18/08/2024,08:09:16,15,1,20.0,,,,2,,1.0,Cycle,S
IND,5555,32021,60182,18/08/2024,08:09:16,15,1,23.0,,,,2,,1.0,Cycle,S
IND,5555,32021,60182,18/08/2024,08:09:17,15,1,22.0,,,,2,,1.0,Cycle,S
IND,5555,32021,60182,18/08/2024,08:09:17,15,1,22.0,,,,2,,1.0,Cycle,S
IND,5555,32021,60182,18/08/2024,08:09:18,15,1,23.0,,,,2,,1.0,Cycle,S
IND,5555,32021,60182,18/08/2024,08:09:22,15,1,17.0,,,,2,,1.0,Cycle,S
IND,5555,32021,60182,18/08/2024,08:09:22,15,1,17.0,,,,2,,1.0,Cycle,S
IND,5555,32021,60182,18/08/2024,08:09:22,15,1,17.0,,,,2,,1.0,Cycle,S
IND,5555,32021,60182,18/08/2024,08:09:22,15,1,17.0,,,,2,,1.0,Cycle,S
IND,5555,32021,60182,18/08/2024,08:09:23,15,2,33.0,,,,2,,1.0,Cycle,S
IND,5555,32021,60182,18/08/2024,08:09:25,15,1,23.0,,,,2,,1.0,Cycle,S
IND,5555,32021,60182,18/08/2024,08:09:26,15,1,21.0,,,,2,,1.0,Cycle,S
IND,5555,32021,60182,18/08/2024,08:09:26,15,1,21.0,,,,2,,1.0,Cycle,S
IND,5555,32021,60182,18/08/2024,08:09:27,15,1,21.0,,,,2,,1.0,Cycle,S
IND,5555,32021,60182,18/08/2024,08:09:27,15,1,22.0,,,,2,,1.0,Cycle,S
IND,5555,32021,60182,18/08/2024,08:10:06,15,1,26.0,,,,2,,1.0,Cycle,S
IND,5555,32021,60182,18/08/2024,08:10:16,15,1,24.0,,,,2,,1.0,Cycle,S
IND,5555,32021,60182,18/08/2024,08:11:56,15,1,27.0,,,,2,,1.0,Cycle,S
IND,5555,32021,60182,18/08/2024,08:12:01,15,1,25.0,,,,2,,1.0,Cycle,S
IND,5555,32021,60182,18/08/2024,08:12:02,15,1,24.0,,,,2,,1.0,Cycle,S
IND,5555,32021,60182,18/08/2024,08:12:02,15,1,24.0,,,,2,,1.0,Cycle,S
IND,5555,32021,60182,18/08/2024,08:12:35,15,1,29.0,,,,2,,1.0,Cycle,S
IND,5555,32021,60182,18/08/2024,08:12:36,15,1,31.0,,,,2,,1.0,Cycle,S
IND,5555,32021,60182,18/08/2024,08:12:36,15,1,29.0,,,,2,,1.0,Cycle,S
IND,5555,32021,60182,18/08/2024,08:12:44,15,1,22.0,,,,2,,1.0,Cycle,S
IND,5555,32021,60182,18/08/2024,08:12:50,15,1,24.0,,,,2,,1.0,Cycle,S
IND,5555,32021,60182,18/08/2024,08:12:50,15,1,24.0,,,,2,,1.0,Cycle,S
IND,5555,32021,60182,18/08/2024,08:12:57,15,1,29.0,,,,2,,1.0,Cycle,S
IND,5555,32021,60182,18/08/2024,08:13:13,15,1,18.0,,,,2,,1.0,Cycle,S
IND,5555,32021,60182,18/08/2024,08:13:13,15,1,19.0,,,,2,,1.0,Cycle,S
IND,5555,32021,60182,18/08/2024,08:13:33,15,1,32.0,,,,2,,1.0,Cycle,S
IND,5555,32021,60182,18/08/2024,08:13:33,15,1,30.0,,,,2,,1.0,Cycle,S
IND,5555,32021,60182,18/08/2024,08:13:34,15,1,31.0,,,,2,,1.0,Cycle,S
IND,5555,32021,60182,18/08/2024,08:13:34,15,1,29.0,,,,2,,1.0,Cycle,S
IND,5555,32021,60182,18/08/2024,08:13:35,15,1,31.0,,,,2,,1.0,Cycle,S
IND,5555,32021,60182,18/08/2024,08:13:36,15,2,34.0,,,,2,,1.0,Cycle,S
IND,5555,32021,60182,18/08/2024,08:13:36,15,1,29.0,,,,2,,1.0,Cycle,S
IND,5555,32021,60182,18/08/2024,08:13:38,15,2,25.0,,,,2,,1.0,Cycle,S
IND,5555,32021,60182,18/08/2024,08:13:38,15,1,27.0,,,,2,,1.0,Cycle,S
IND,5555,32021,60182,18/08/2024,08:13:47,15,1,31.0,,,,2,,1.0,Cycle,S
IND,5555,32021,60182,18/08/2024,08:13:58,15,1,24.0,,,,2,,1.0,Cycle,S
IND,5555,32021,60182,18/08/2024,08:14:19,15,1,26.0,,,,2,,1.0,Cycle,S
IND,5555,32021,60182,18/08/2024,08:14:53,15,1,26.0,,,,2,,1.0,Cycle,S
IND,5555,32021,60182,18/08/2024,08:14:55,15,1,30.0,,,,2,,1.0,Cycle,S
IND,5555,32021,60182,18/08/2024,08:15:30,15,1,22.0,,,,2,,1.0,Cycle,S
IND,5555,32021,60182,18/08/2024,08:15:36,15,1,25.0,,,,2,,1.0,Cycle,S
IND,5555,32021,60182,18/08/2024,08:15:36,15,2,25.0,,,,2,,1.0,Cycle,S
IND,5555,32021,60182,18/08/2024,08:15:36,15,1,25.0,,,,2,,1.0,Cycle,S
IND,5555,32021,60182,18/08/2024,08:16:06,15,1,29.0,,,,2,,1.0,Cycle,S
IND,5555,32021,60182,18/08/2024,08:16:19,15,1,31.0,,,,2,,1.0,Cycle,S
IND,5555,32021,60182,18/08/2024,08:16:33,15,1,23.0,,,,2,,1.0,Cycle,S
IND,5555,32021,60182,18/08/2024,08:16:34,15,1,22.0,,,,2,,1.0,Cycle,S
IND,5555,32021,60182,18/08/2024,08:16:53,15,1,23.0,,,,2,,1.0,Cycle,S
IND,5555,32021,60182,18/08/2024,08:16:58,15,1,25.0,,,,2,,1.0,Cycle,S
IND,5555,32021,60182,18/08/2024,08:16:58,15,1,26.0,,,,2,,1.0,Cycle,S
IND,5555,32021,60182,18/08/2024,08:17:02,15,1,22.0,,,,2,,1.0,Cycle,S
IND,5555,32021,60182,18/08/2024,08:17:11,15,1,30.0,,,,2,,1.0,Cycle,S
IND,5555,32021,60182,18/08/2024,08:17:11,15,1,30.0,,,,2,,1.0,Cycle,S
IND,5555,32021,60182,18/08/2024,08:17:12,15,1,30.0,,,,2,,1.0,Cycle,S
IND,5555,32021,60182,18/08/2024,08:17:18,15,1,25.0,,,,2,,1.0,Cycle,S
IND,5555,32021,60182,18/08/2024,08:17:18,15,1,25.0,,,,2,,1.0,Cycle,S
IND,5555,32021,60182,18/08/2024,08:17:18,15,1,26.0,,,,2,,1.0,Cycle,S
IND,5555,32021,60182,18/08/2024,08:18:01,15,1,31.0,,,,2,,1.0,Cycle,S
IND,5555,32021,60182,18/08/2024,08:18:01,15,1,32.0,,,,2,,1.0,Cycle,S
IND,5555,32021,60182,18/08/2024,08:18:02,15,1,32.0,,,,2,,1.0,Cycle,S
IND,5555,32021,60182,18/08/2024,08:18:02,15,3,27.0,,,,2,,1.0,Cycle,S
IND,5555,32021,60182,18/08/2024,08:18:02,15,1,33.0,,,,2,,1.0,Cycle,S
IND,5555,32021,60182,18/08/2024,08:18:03,15,1,31.0,,,,2,,1.0,Cycle,S
IND,5555,32021,60182,18/08/2024,08:18:03,15,2,37.0,,,,2,,1.0,Cycle,S
IND,5555,32021,60182,18/08/2024,08:18:04,15,2,32.0,,,,2,,1.0,Cycle,S
IND,5555,32021,60182,18/08/2024,08:18:04,15,2,30.0,,,,2,,1.0,Cycle,S
IND,5555,32021,60182,18/08/2024,08:18:05,15,2,30.0,,,,2,,1.0,Cycle,S
IND,5555,32021,60182,18/08/2024,08:18:06,15,2,31.0,,,,2,,1.0,Cycle,S
IND,5555,32021,60182,18/08/2024,08:18:06,15,3,30.0,,,,2,,1.0,Cycle,S
IND,5555,32021,60182,18/08/2024,08:18:07,15,3,29.0,,,,2,,1.0,Cycle,S
IND,5555,32021,60182,18/08/2024,08:18:07,15,2,30.0,,,,2,,1.0,Cycle,S
IND,5555,32021,60182,18/08/2024,08:18:14,15,1,26.0,,,,2,,1.0,Cycle,S
IND,5555,32021,60182,18/08/2024,08:18:16,15,1,25.0,,,,2,,1.0,Cycle,S
IND,5555,32021,60182,18/08/2024,08:18:30,15,1,32.0,,,,2,,1.0,Cycle,S
IND,5555,32021,60182,18/08/2024,08:18:30,15,2,36.0,,,,2,,1.0,Cycle,S
IND,5555,32021,60182,18/08/2024,08:18:33,15,1,18.0,,,,2,,1.0,Cycle,S
IND,5555,32021,60182,18/08/2024,08:18:38,15,1,23.0,,,,2,,1.0,Cycle,S
IND,5555,32021,60182,18/08/2024,08:18:40,15,1,24.0,,,,2,,1.0,Cycle,S
IND,5555,32021,60182,18/08/2024,08:18:55,15,1,29.0,,,,2,,1.0,Cycle,S
IND,5555,32021,60182,18/08/2024,08:19:07,15,1,17.0,,,,2,,1.0,Cycle,S
IND,5555,32021,60182,18/08/2024,08:19:23,15,1,18.0,,,,2,,1.0,Cycle,S
IND,5555,32021,60182,18/08/2024,08:19:37,15,1,23.0,,,,2,,1.0,Cycle,S
IND,5555,32021,60182,18/08/2024,08:19:48,15,1,32.0,,,,2,,1.0,Cycle,S
IND,5555,32021,60182,18/08/2024,08:20:13,15,1,29.0,,,,2,,1.0,Cycle,S
IND,5555,32021,60182,18/08/2024,08:20:14,15,1,26.0,,,,2,,1.0,Cycle,S
IND,5555,32021,60182,18/08/2024,08:20:14,15,1,26.0,,,,2,,1.0,Cycle,S
IND,5555,32021,60182,18/08/2024,08:20:15,15,1,27.0,,,,2,,1.0,Cycle,S
IND,5555,32021,60182,18/08/2024,08:20:17,15,2,27.0,,,,2,,1.0,Cycle,S
IND,5555,32021,60182,18/08/2024,08:20:22,15,1,20.0,,,,2,,1.0,Cycle,S
IND,5555,32021,60182,18/08/2024,08:20:22,15,1,20.0,,,,2,,1.0,Cycle,S
IND,5555,32021,60182,18/08/2024,08:20:22,15,2,25.0,,,,2,,1.0,Cycle,S
IND,5555,32021,60182,18/08/2024,08:20:28,15,1,22.0,,,,2,,1.0,Cycle,S
IND,5555,32021,60182,18/08/2024,08:20:47,15,1,20.0,,,,2,,1.0,Cycle,S
IND,5555,32021,60182,18/08/2024,08:20:55,15,3,22.0,,,,2,,1.0,Cycle,S
IND,5555,32021,60182,18/08/2024,08:20:56,15,3,22.0,,,,2,,1.0,Cycle,S
IND,5555,32021,60182,18/08/2024,08:21:05,15,1,22.0,,,,2,,1.0,Cycle,S
IND,5555,32021,60182,18/08/2024,08:21:06,15,1,21.0,,,,2,,1.0,Cycle,S
IND,5555,32021,60182,18/08/2024,08:21:10,15,1,20.0,,,,2,,1.0,Cycle,S
IND,5555,32021,60182,18/08/2024,08:21:52,15,1,22.0,,,,2,,1.0,Cycle,S
IND,5555,32021,60182,18/08/2024,08:22:45,15,1,27.0,,,,2,,1.0,Cycle,S
IND,5555,32021,60182,18/08/2024,08:22:51,15,1,30.0,,,,2,,1.0,Cycle,S
IND,5555,32021,60182,18/08/2024,08:23:05,15,1,23.0,,,,2,,1.0,Cycle,S
IND,5555,32021,60182,18/08/2024,08:23:12,15,1,26.0,,,,2,,1.0,Cycle,S
IND,5555,32021,60182,18/08/2024,08:23:13,15,1,29.0,,,,2,,1.0,Cycle,S
IND,5555,32021,60182,18/08/2024,08:23:14,15,1,29.0,,,,2,,1.0,Cycle,S
IND,5555,32021,60182,18/08/2024,08:23:17,15,1,26.0,,,,2,,1.0,Cycle,S
IND,5555,32021,60182,18/08/2024,08:23:17,15,1,25.0,,,,2,,1.0,Cycle,S
IND,5555,32021,60182,18/08/2024,08:23:29,15,2,23.0,,,,2,,1.0,Cycle,S
IND,5555,32021,60182,18/08/2024,08:23:32,15,2,20.0,,,,2,,1.0,Cycle,S
IND,5555,32021,60182,18/08/2024,08:24:16,15,1,22.0,,,,2,,1.0,Cycle,S
IND,5555,32021,60182,18/08/2024,08:24:28,15,1,20.0,,,,2,,1.0,Cycle,S
IND,5555,32021,60182,18/08/2024,08:24:39,15,1,33.0,,,,2,,1.0,Cycle,S
IND,5555,32021,60182,18/08/2024,08:24:42,15,1,27.0,,,,2,,1.0,Cycle,S
IND,5555,32021,60182,18/08/2024,08:25:09,15,1,24.0,,,,2,,1.0,Cycle,S
IND,5555,32021,60182,18/08/2024,08:25:13,15,2,32.0,,,,2,,1.0,Cycle,S
IND,5555,32021,60182,18/08/2024,08:25:13,15,1,24.0,,,,2,,1.0,Cycle,S
IND,5555,32021,60182,18/08/2024,08:25:14,15,2,32.0,,,,2,,1.0,Cycle,S
IND,5555,32021,60182,18/08/2024,08:25:14,15,3,31.0,,,,2,,1.0,Cycle,S
IND,5555,32021,60182,18/08/2024,08:25:14,15,2,31.0,,,,2,,1.0,Cycle,S
IND,5555,32021,60182,18/08/2024,08:25:15,15,3,28.0,,,,2,,1.0,Cycle,S
IND,5555,32021,60182,18/08/2024,08:25:15,15,2,29.0,,,,2,,1.0,Cycle,S
IND,5555,32021,60182,18/08/2024,08:25:15,15,1,20.0,,,,2,,1.0,Cycle,S
IND,5555,32021,60182,18/08/2024,08:25:16,15,3,31.0,,,,2,,1.0,Cycle,S
IND,5555,32021,60182,18/08/2024,08:25:16,15,3,29.0,,,,2,,1.0,Cycle,S
IND,5555,32021,60182,18/08/2024,08:25:17,15,2,27.0,,,,2,,1.0,Cycle,S
IND,5555,32021,60182,18/08/2024,08:25:17,15,3,29.0,,,,2,,1.0,Cycle,S
IND,5555,32021,60182,18/08/2024,08:25:17,15,3,29.0,,,,2,,1.0,Cycle,S
IND,5555,32021,60182,18/08/2024,08:25:17,15,2,29.0,,,,2,,1.0,Cycle,S
IND,5555,32021,60182,18/08/2024,08:25:18,15,2,30.0,,,,2,,1.0,Cycle,S
IND,5555,32021,60182,18/08/2024,08:25:18,15,3,27.0,,,,2,,1.0,Cycle,S
IND,5555,32021,60182,18/08/2024,08:25:19,15,2,27.0,,,,2,,1.0,Cycle,S
IND,5555,32021,60182,18/08/2024,08:25:19,15,2,27.0,,,,2,,1.0,Cycle,S
IND,5555,32021,60182,18/08/2024,08:25:19,15,3,26.0,,,,2,,1.0,Cycle,S
IND,5555,32021,60182,18/08/2024,08:25:20,15,2,26.0,,,,2,,1.0,Cycle,S
IND,5555,32021,60182,18/08/2024,08:25:21,15,2,20.0,,,,2,,1.0,Cycle,S
IND,5555,32021,60182,18/08/2024,08:25:22,15,1,24.0,,,,2,,1.0,Cycle,S
IND,5555,32021,60182,18/08/2024,08:25:46,15,2,12.0,,,,2,,1.0,Cycle,S
IND,5555,32021,60182,18/08/2024,08:25:47,15,1,9.0,,,,2,,1.0,Cycle,S
IND,5555,32021,60182,18/08/2024,08:25:53,15,1,14.0,,,,2,,1.0,Cycle,S
IND,5555,32021,60182,18/08/2024,08:25:53,15,1,14.0,,,,2,,1.0,Cycle,S
IND,5555,32021,60182,18/08/2024,08:26:15,15,1,25.0,,,,2,,1.0,Cycle,S
IND,5555,32021,60182,18/08/2024,08:26:16,15,1,30.0,,,,2,,1.0,Cycle,S
IND,5555,32021,60182,18/08/2024,08:26:22,15,2,21.0,,,,2,,1.0,Cycle,S
IND,5555,32021,60182,18/08/2024,08:26:23,15,1,20.0,,,,2,,1.0,Cycle,S
IND,5555,32021,60182,18/08/2024,08:26:33,15,1,26.0,,,,2,,1.0,Cycle,S
IND,5555,32021,60182,18/08/2024,08:26:34,15,2,29.0,,,,2,,1.0,Cycle,S
IND,5555,32021,60182,18/08/2024,08:26:34,15,1,26.0,,,,2,,1.0,Cycle,S
IND,5555,32021,60182,18/08/2024,08:26:37,15,3,27.0,,,,2,,1.0,Cycle,S
IND,5555,32021,60182,18/08/2024,08:27:05,15,1,22.0,,,,2,,1.0,Cycle,S
IND,5555,32021,60182,18/08/2024,08:27:08,15,1,25.0,,,,2,,1.0,Cycle,S
IND,5555,32021,60182,18/08/2024,08:27:18,15,1,20.0,,,,2,,1.0,Cycle,S
IND,5555,32021,60182,18/08/2024,08:27:19,15,1,19.0,,,,2,,1.0,Cycle,S
IND,5555,32021,60182,18/08/2024,08:27:43,15,1,23.0,,,,2,,1.0,Cycle,S
IND,5555,32021,60182,18/08/2024,08:28:00,15,1,26.0,,,,2,,1.0,Cycle,S
IND,5555,32021,60182,18/08/2024,08:28:02,15,1,21.0,,,,2,,1.0,Cycle,S
IND,5555,32021,60182,18/08/2024,08:28:04,15,1,22.0,,,,2,,1.0,Cycle,S
IND,5555,32021,60182,18/08/2024,08:28:04,15,1,22.0,,,,2,,1.0,Cycle,S
IND,5555,32021,60182,18/08/2024,08:28:44,15,1,24.0,,,,2,,1.0,Cycle,S
IND,5555,32021,60182,18/08/2024,08:28:44,15,1,24.0,,,,2,,1.0,Cycle,S
IND,5555,32021,60182,18/08/2024,08:28:45,15,1,27.0,,,,2,,1.0,Cycle,S
IND,5555,32021,60182,18/08/2024,08:29:23,15,1,26.0,,,,2,,1.0,Cycle,S
IND,5555,32021,60182,18/08/2024,08:29:36,15,1,25.0,,,,2,,1.0,Cycle,S
IND,5555,32021,60182,18/08/2024,08:29:50,15,1,23.0,,,,2,,1.0,Cycle,S
IND,5555,32021,60182,18/08/2024,08:30:20,15,1,24.0,,,,2,,1.0,Cycle,S
IND,5555,32021,60182,18/08/2024,08:30:29,15,1,28.0,,,,2,,1.0,Cycle,S
IND,5555,32021,60182,18/08/2024,08:31:27,15,1,24.0,,,,2,,1.0,Cycle,S
IND,5555,32021,60182,18/08/2024,08:31:38,15,1,31.0,,,,2,,1.0,Cycle,S
IND,5555,32021,60182,18/08/2024,08:31:39,15,1,29.0,,,,2,,1.0,Cycle,S
IND,5555,32021,60182,18/08/2024,08:31:39,15,1,28.0,,,,2,,1.0,Cycle,S
IND,5555,32021,60182,18/08/2024,08:31:39,15,1,28.0,,,,2,,1.0,Cycle,S
IND,5555,32021,60182,18/08/2024,08:31:39,15,3,29.0,,,,2,,1.0,Cycle,S
IND,5555,32021,60182,18/08/2024,08:31:40,15,1,27.0,,,,2,,1.0,Cycle,S
IND,5555,32021,60182,18/08/2024,08:31:40,15,1,26.0,,,,2,,1.0,Cycle,S
IND,5555,32021,60182,18/08/2024,08:31:41,15,2,26.0,,,,2,,1.0,Cycle,S
IND,5555,32021,60182,18/08/2024,08:31:41,15,1,25.0,,,,2,,1.0,Cycle,S
IND,5555,32021,60182,18/08/2024,08:31:43,15,1,20.0,,,,2,,1.0,Cycle,S
IND,5555,32021,60182,18/08/2024,08:31:43,15,1,20.0,,,,2,,1.0,Cycle,S
IND,5555,32021,60182,18/08/2024,08:32:18,15,1,23.0,,,,2,,1.0,Cycle,S
IND,5555,32021,60182,18/08/2024,08:32:34,15,1,23.0,,,,2,,1.0,Cycle,S
IND,5555,32021,60182,18/08/2024,08:33:24,15,1,22.0,,,,2,,1.0,Cycle,S
IND,5555,32021,60182,18/08/2024,08:33:27,15,1,27.0,,,,2,,1.0,Cycle,S
IND,5555,32021,60182,18/08/2024,08:33:41,15,1,22.0,,,,2,,1.0,Cycle,S
IND,5555,32021,60182,18/08/2024,08:33:42,15,1,21.0,,,,2,,1.0,Cycle,S
IND,5555,32021,60182,18/08/2024,08:33:47,15,1,33.0,,,,2,,1.0,Cycle,S
IND,5555,32021,60182,18/08/2024,08:33:49,15,1,23.0,,,,2,,1.0,Cycle,S
IND,5555,32021,60182,18/08/2024,08:33:50,15,1,21.0,,,,2,,1.0,Cycle,S
IND,5555,32021,60182,18/08/2024,08:33:53,15,1,30.0,,,,2,,1.0,Cycle,S
IND,5555,32021,60182,18/08/2024,08:33:54,15,1,29.0,,,,2,,1.0,Cycle,S
IND,5555,32021,60182,18/08/2024,08:33:54,15,1,29.0,,,,2,,1.0,Cycle,S
IND,5555,32021,60182,18/08/2024,08:33:54,15,1,28.0,,,,2,,1.0,Cycle,S
IND,5555,32021,60182,18/08/2024,08:33:55,15,1,28.0,,,,2,,1.0,Cycle,S
IND,5555,32021,60182,18/08/2024,08:33:55,15,1,28.0,,,,2,,1.0,Cycle,S
IND,5555,32021,60182,18/08/2024,08:33:55,15,1,30.0,,,,2,,1.0,Cycle,S
IND,5555,32021,60182,18/08/2024,08:33:55,15,1,29.0,,,,2,,1.0,Cycle,S
IND,5555,32021,60182,18/08/2024,08:33:56,15,1,28.0,,,,2,,1.0,Cycle,S
IND,5555,32021,60182,18/08/2024,08:34:00,15,1,22.0,,,,2,,1.0,Cycle,S
IND,5555,32021,60182,18/08/2024,08:34:01,15,1,24.0,,,,2,,1.0,Cycle,S
IND,5555,32021,60182,18/08/2024,08:34:09,15,1,27.0,,,,2,,1.0,Cycle,S
IND,5555,32021,60182,18/08/2024,08:34:23,15,1,25.0,,,,2,,1.0,Cycle,S
IND,5555,32021,60182,18/08/2024,08:34:41,15,1,29.0,,,,2,,1.0,Cycle,S
IND,5555,32021,60182,18/08/2024,08:34:41,15,1,30.0,,,,2,,1.0,Cycle,S
IND,5555,32021,60182,18/08/2024,08:34:42,15,1,27.0,,,,2,,1.0,Cycle,S
IND,5555,32021,60182,18/08/2024,08:34:42,15,1,28.0,,,,2,,1.0,Cycle,S
IND,5555,32021,60182,18/08/2024,08:34:48,15,1,27.0,,,,2,,1.0,Cycle,S
IND,5555,32021,60182,18/08/2024,08:34:58,15,1,24.0,,,,2,,1.0,Cycle,S
IND,5555,32021,60182,18/08/2024,08:35:19,15,1,28.0,,,,2,,1.0,Cycle,S
IND,5555,32021,60182,18/08/2024,08:35:20,15,1,29.0,,,,2,,1.0,Cycle,S
IND,5555,32021,60182,18/08/2024,08:35:44,15,1,18.0,,,,2,,1.0,Cycle,S
IND,5555,32021,60182,18/08/2024,08:36:40,15,1,16.0,,,,2,,1.0,Cycle,S
IND,5555,32021,60182,18/08/2024,08:36:48,15,1,20.0,,,,2,,1.0,Cycle,S
IND,5555,32021,60182,18/08/2024,08:36:54,15,1,23.0,,,,2,,1.0,Cycle,S
IND,5555,32021,60182,18/08/2024,08:36:55,15,1,23.0,,,,2,,1.0,Cycle,S
IND,5555,32021,60182,18/08/2024,08:37:21,15,1,26.0,,,,2,,1.0,Cycle,S
IND,5555,32021,60182,18/08/2024,08:37:25,15,1,26.0,,,,2,,1.0,Cycle,S
IND,5555,32021,60182,18/08/2024,08:37:39,15,1,24.0,,,,2,,1.0,Cycle,S
IND,5555,32021,60182,18/08/2024,08:37:52,15,3,25.0,,,,2,,1.0,Cycle,S
IND,5555,32021,60182,18/08/2024,08:37:53,15,3,24.0,,,,2,,1.0,Cycle,S
IND,5555,32021,60182,18/08/2024,08:37:59,15,1,16.0,,,,2,,1.0,Cycle,S
IND,5555,32021,60182,18/08/2024,08:38:43,15,1,29.0,,,,2,,1.0,Cycle,S
IND,5555,32021,60182,18/08/2024,08:39:03,15,1,18.0,,,,2,,1.0,Cycle,S
IND,5555,32021,60182,18/08/2024,08:39:12,15,3,26.0,,,,2,,1.0,Cycle,S
IND,5555,32021,60182,18/08/2024,08:39:24,15,1,23.0,,,,2,,1.0,Cycle,S
IND,5555,32021,60182,18/08/2024,08:39:24,15,1,23.0,,,,2,,1.0,Cycle,S
IND,5555,32021,60182,18/08/2024,08:39:50,15,1,25.0,,,,2,,1.0,Cycle,S
IND,5555,32021,60182,18/08/2024,08:40:09,15,1,31.0,,,,2,,1.0,Cycle,S
IND,5555,32021,60182,18/08/2024,08:40:12,15,1,27.0,,,,2,,1.0,Cycle,S
IND,5555,32021,60182,18/08/2024,08:40:18,15,1,17.0,,,,2,,1.0,Cycle,S
IND,5555,32021,60182,18/08/2024,08:40:38,15,1,20.0,,,,2,,1.0,Cycle,S
IND,5555,32021,60182,18/08/2024,08:40:42,15,1,28.0,,,,2,,1.0,Cycle,S
IND,5555,32021,60182,18/08/2024,08:41:16,15,1,23.0,,,,2,,1.0,Cycle,S
IND,5555,32021,60182,18/08/2024,08:41:16,15,1,22.0,,,,2,,1.0,Cycle,S
IND,5555,32021,60182,18/08/2024,08:41:19,15,1,21.0,,,,2,,1.0,Cycle,S
IND,5555,32021,60182,18/08/2024,08:41:19,15,2,23.0,,,,2,,1.0,Cycle,S
IND,5555,32021,60182,18/08/2024,08:41:20,15,1,22.0,,,,2,,1.0,Cycle,S
IND,5555,32021,60182,18/08/2024,08:41:20,15,1,15.0,,,,2,,1.0,Cycle,S
IND,5555,32021,60182,18/08/2024,08:41:20,15,2,24.0,,,,2,,1.0,Cycle,S
IND,5555,32021,60182,18/08/2024,08:41:21,15,2,25.0,,,,2,,1.0,Cycle,S
IND,5555,32021,60182,18/08/2024,08:41:27,15,2,34.0,,,,2,,1.0,Cycle,S
IND,5555,32021,60182,18/08/2024,08:41:28,15,1,32.0,,,,2,,1.0,Cycle,S
IND,5555,32021,60182,18/08/2024,08:41:28,15,2,34.0,,,,2,,1.0,Cycle,S
IND,5555,32021,60182,18/08/2024,08:41:29,15,1,22.0,,,,2,,1.0,Cycle,S
IND,5555,32021,60182,18/08/2024,08:41:29,15,1,22.0,,,,2,,1.0,Cycle,S
IND,5555,32021,60182,18/08/2024,08:42:34,15,1,21.0,,,,2,,1.0,Cycle,S
IND,5555,32021,60182,18/08/2024,08:42:54,15,1,25.0,,,,2,,1.0,Cycle,S
IND,5555,32021,60182,18/08/2024,08:43:11,15,1,27.0,,,,2,,1.0,Cycle,S
IND,5555,32021,60182,18/08/2024,08:43:41,15,1,27.0,,,,2,,1.0,Cycle,S
IND,5555,32021,60182,18/08/2024,08:43:41,15,1,25.0,,,,2,,1.0,Cycle,S
IND,5555,32021,60182,18/08/2024,08:44:14,15,1,22.0,,,,2,,1.0,Cycle,S
IND,5555,32021,60182,18/08/2024,08:44:15,15,1,23.0,,,,2,,1.0,Cycle,S
IND,5555,32021,60182,18/08/2024,08:44:15,15,1,23.0,,,,2,,1.0,Cycle,S
IND,5555,32021,60182,18/08/2024,08:44:16,15,3,32.0,,,,2,,1.0,Cycle,S
IND,5555,32021,60182,18/08/2024,08:44:16,15,1,22.0,,,,2,,1.0,Cycle,S
IND,5555,32021,60182,18/08/2024,08:44:16,15,2,23.0,,,,2,,1.0,Cycle,S
IND,5555,32021,60182,18/08/2024,08:44:21,15,1,26.0,,,,2,,1.0,Cycle,S
IND,5555,32021,60182,18/08/2024,08:44:31,15,1,28.0,,,,2,,1.0,Cycle,S
IND,5555,32021,60182,18/08/2024,08:44:31,15,1,26.0,,,,2,,1.0,Cycle,S
IND,5555,32021,60182,18/08/2024,08:44:32,15,1,21.0,,,,2,,1.0,Cycle,S
IND,5555,32021,60182,18/08/2024,08:45:38,15,1,27.0,,,,2,,1.0,Cycle,S
IND,5555,32021,60182,18/08/2024,08:45:38,15,1,27.0,,,,2,,1.0,Cycle,S
IND,5555,32021,60182,18/08/2024,08:45:56,15,1,24.0,,,,2,,1.0,Cycle,S
IND,5555,32021,60182,18/08/2024,08:46:20,15,1,26.0,,,,2,,1.0,Cycle,S
IND,5555,32021,60182,18/08/2024,08:46:33,15,2,19.0,,,,2,,1.0,Cycle,S
IND,5555,32021,60182,18/08/2024,08:46:35,15,1,24.0,,,,2,,1.0,Cycle,S
IND,5555,32021,60182,18/08/2024,08:46:39,15,1,25.0,,,,2,,1.0,Cycle,S
IND,5555,32021,60182,18/08/2024,08:47:21,15,1,27.0,,,,2,,1.0,Cycle,S
IND,5555,32021,60182,18/08/2024,08:47:21,15,1,26.0,,,,2,,1.0,Cycle,S
IND,5555,32021,60182,18/08/2024,08:47:22,15,1,21.0,,,,2,,1.0,Cycle,S
IND,5555,32021,60182,18/08/2024,08:47:38,15,1,31.0,,,,2,,1.0,Cycle,S
IND,5555,32021,60182,18/08/2024,08:47:39,15,1,29.0,,,,2,,1.0,Cycle,S
IND,5555,32021,60182,18/08/2024,08:47:39,15,1,27.0,,,,2,,1.0,Cycle,S
IND,5555,32021,60182,18/08/2024,08:47:40,15,1,26.0,,,,2,,1.0,Cycle,S
IND,5555,32021,60182,18/08/2024,08:47:40,15,1,14.0,,,,2,,1.0,Cycle,S
IND,5555,32021,60182,18/08/2024,08:47:40,15,1,14.0,,,,2,,1.0,Cycle,S
IND,5555,32021,60182,18/08/2024,08:47:40,15,1,14.0,,,,2,,1.0,Cycle,S
IND,5555,32021,60182,18/08/2024,08:47:40,15,1,14.0,,,,2,,1.0,Cycle,S
IND,5555,32021,60182,18/08/2024,08:47:43,15,1,22.0,,,,2,,1.0,Cycle,S
IND,5555,32021,60182,18/08/2024,08:48:46,15,1,23.0,,,,2,,1.0,Cycle,S
IND,5555,32021,60182,18/08/2024,08:48:46,15,1,24.0,,,,2,,1.0,Cycle,S
IND,5555,32021,60182,18/08/2024,08:48:55,15,1,17.0,,,,2,,1.0,Cycle,S
IND,5555,32021,60182,18/08/2024,08:48:56,15,2,34.0,,,,2,,1.0,Cycle,S
IND,5555,32021,60182,18/08/2024,08:48:56,15,2,34.0,,,,2,,1.0,Cycle,S
IND,5555,32021,60182,18/08/2024,08:48:57,15,1,34.0,,,,2,,1.0,Cycle,S
IND,5555,32021,60182,18/08/2024,08:48:57,15,2,30.0,,,,2,,1.0,Cycle,S
IND,5555,32021,60182,18/08/2024,08:48:57,15,1,30.0,,,,2,,1.0,Cycle,S
IND,5555,32021,60182,18/08/2024,08:48:58,15,3,27.0,,,,2,,1.0,Cycle,S
IND,5555,32021,60182,18/08/2024,08:48:59,15,1,19.0,,,,2,,1.0,Cycle,S
IND,5555,32021,60182,18/08/2024,08:49:01,15,1,32.0,,,,2,,1.0,Cycle,S
IND,5555,32021,60182,18/08/2024,08:49:04,15,1,22.0,,,,2,,1.0,Cycle,S
IND,5555,32021,60182,18/08/2024,08:49:15,15,1,24.0,,,,2,,1.0,Cycle,S
IND,5555,32021,60182,18/08/2024,08:49:15,15,1,21.0,,,,2,,1.0,Cycle,S
IND,5555,32021,60182,18/08/2024,08:49:23,15,1,23.0,,,,2,,1.0,Cycle,S
IND,5555,32021,60182,18/08/2024,08:49:53,15,1,18.0,,,,2,,1.0,Cycle,S
IND,5555,32021,60182,18/08/2024,08:50:18,15,1,32.0,,,,2,,1.0,Cycle,S
IND,5555,32021,60182,18/08/2024,08:50:18,15,1,32.0,,,,2,,1.0,Cycle,S
IND,5555,32021,60182,18/08/2024,08:50:19,15,1,32.0,,,,2,,1.0,Cycle,S
IND,5555,32021,60182,18/08/2024,08:50:43,15,1,20.0,,,,2,,1.0,Cycle,S
IND,5555,32021,60182,18/08/2024,08:50:43,15,1,20.0,,,,2,,1.0,Cycle,S
IND,5555,32021,60182,18/08/2024,08:50:54,15,1,29.0,,,,2,,1.0,Cycle,S
IND,5555,32021,60182,18/08/2024,08:50:54,15,1,20.0,,,,2,,1.0,Cycle,S
IND,5555,32021,60182,18/08/2024,08:51:16,15,1,20.0,,,,2,,1.0,Cycle,S
IND,5555,32021,60182,18/08/2024,08:51:20,15,1,23.0,,,,2,,1.0,Cycle,S
IND,5555,32021,60182,18/08/2024,08:51:21,15,1,20.0,,,,2,,1.0,Cycle,S
IND,5555,32021,60182,18/08/2024,08:51:25,15,1,22.0,,,,2,,1.0,Cycle,S
IND,5555,32021,60182,18/08/2024,08:51:26,15,1,21.0,,,,2,,1.0,Cycle,S
IND,5555,32021,60182,18/08/2024,08:52:38,15,1,34.0,,,,2,,1.0,Cycle,S
IND,5555,32021,60182,18/08/2024,08:52:38,15,1,33.0,,,,2,,1.0,Cycle,S
IND,5555,32021,60182,18/08/2024,08:52:39,15,1,33.0,,,,2,,1.0,Cycle,S
IND,5555,32021,60182,18/08/2024,08:52:39,15,1,33.0,,,,2,,1.0,Cycle,S
IND,5555,32021,60182,18/08/2024,08:52:48,15,1,22.0,,,,2,,1.0,Cycle,S
IND,5555,32021,60182,18/08/2024,08:53:11,15,1,11.0,,,,2,,1.0,Cycle,S
IND,5555,32021,60182,18/08/2024,08:53:24,15,1,20.0,,,,2,,1.0,Cycle,S
IND,5555,32021,60182,18/08/2024,08:53:31,15,1,28.0,,,,2,,1.0,Cycle,S
IND,5555,32021,60182,18/08/2024,08:53:31,15,1,27.0,,,,2,,1.0,Cycle,S
IND,5555,32021,60182,18/08/2024,08:53:41,15,3,23.0,,,,2,,1.0,Cycle,S
IND,5555,32021,60182,18/08/2024,08:53:41,15,1,20.0,,,,2,,1.0,Cycle,S
IND,5555,32021,60182,18/08/2024,08:53:41,15,1,20.0,,,,2,,1.0,Cycle,S
IND,5555,32021,60182,18/08/2024,08:53:41,15,3,22.0,,,,2,,1.0,Cycle,S
IND,5555,32021,60182,18/08/2024,08:53:42,15,1,24.0,,,,2,,1.0,Cycle,S
IND,5555,32021,60182,18/08/2024,08:53:42,15,1,23.0,,,,2,,1.0,Cycle,S
IND,5555,32021,60182,18/08/2024,08:54:22,15,1,24.0,,,,2,,1.0,Cycle,S
IND,5555,32021,60182,18/08/2024,08:55:24,15,1,27.0,,,,2,,1.0,Cycle,S
IND,5555,32021,60182,18/08/2024,08:55:25,15,1,28.0,,,,2,,1.0,Cycle,S
IND,5555,32021,60182,18/08/2024,08:55:25,15,1,25.0,,,,2,,1.0,Cycle,S
IND,5555,32021,60182,18/08/2024,08:55:25,15,1,27.0,,,,2,,1.0,Cycle,S
IND,5555,32021,60182,18/08/2024,08:55:26,15,1,26.0,,,,2,,1.0,Cycle,S
IND,5555,32021,60182,18/08/2024,08:55:27,15,1,26.0,,,,2,,1.0,Cycle,S
IND,5555,32021,60182,18/08/2024,08:55:31,15,1,26.0,,,,2,,1.0,Cycle,S
IND,5555,32021,60182,18/08/2024,08:55:31,15,1,26.0,,,,2,,1.0,Cycle,S
IND,5555,32021,60182,18/08/2024,08:55:32,15,1,23.0,,,,2,,1.0,Cycle,S
IND,5555,32021,60182,18/08/2024,08:55:40,15,1,17.0,,,,2,,1.0,Cycle,S
IND,5555,32021,60182,18/08/2024,08:55:57,15,1,21.0,,,,2,,1.0,Cycle,S
IND,5555,32021,60182,18/08/2024,08:55:57,15,1,21.0,,,,2,,1.0,Cycle,S
IND,5555,32021,60182,18/08/2024,08:56:29,15,1,32.0,,,,2,,1.0,Cycle,S
IND,5555,32021,60182,18/08/2024,08:56:30,15,1,38.0,,,,2,,1.0,Cycle,S
IND,5555,32021,60182,18/08/2024,08:56:30,15,1,39.0,,,,2,,1.0,Cycle,S
IND,5555,32021,60182,18/08/2024,08:56:31,15,1,34.0,,,,2,,1.0,Cycle,S
IND,5555,32021,60182,18/08/2024,08:56:31,15,1,34.0,,,,2,,1.0,Cycle,S
IND,5555,32021,60182,18/08/2024,08:56:32,15,1,34.0,,,,2,,1.0,Cycle,S
IND,5555,32021,60182,18/08/2024,08:56:32,15,1,34.0,,,,2,,1.0,Cycle,S
IND,5555,32021,60182,18/08/2024,08:56:32,15,2,38.0,,,,2,,1.0,Cycle,S
IND,5555,32021,60182,18/08/2024,08:56:34,15,1,34.0,,,,2,,1.0,Cycle,S
IND,5555,32021,60182,18/08/2024,08:57:22,15,3,22.0,,,,2,,1.0,Cycle,S
IND,5555,32021,60182,18/08/2024,08:57:26,15,3,24.0,,,,2,,1.0,Cycle,S
IND,5555,32021,60182,18/08/2024,08:57:27,15,1,21.0,,,,2,,1.0,Cycle,S
IND,5555,32021,60182,18/08/2024,08:57:28,15,1,19.0,,,,2,,1.0,Cycle,S
IND,5555,32021,60182,18/08/2024,08:57:32,15,1,24.0,,,,2,,1.0,Cycle,S
IND,5555,32021,60182,18/08/2024,08:57:39,15,1,23.0,,,,2,,1.0,Cycle,S
IND,5555,32021,60182,18/08/2024,08:57:54,15,1,25.0,,,,2,,1.0,Cycle,S
IND,5555,32021,60182,18/08/2024,08:58:26,15,1,20.0,,,,2,,1.0,Cycle,S
IND,5555,32021,60182,18/08/2024,08:58:28,15,1,20.0,,,,2,,1.0,Cycle,S
IND,5555,32021,60182,18/08/2024,08:58:28,15,1,16.0,,,,2,,1.0,Cycle,S
IND,5555,32021,60182,18/08/2024,08:58:51,15,1,24.0,,,,2,,1.0,Cycle,S
IND,5555,32021,60182,18/08/2024,08:59:03,15,1,27.0,,,,2,,1.0,Cycle,S
IND,5555,32021,60182,18/08/2024,08:59:44,15,1,21.0,,,,2,,1.0,Cycle,S
IND,5555,32021,60182,18/08/2024,09:00:20,15,3,25.0,,,,2,,1.0,Cycle,S
IND,5555,32021,60182,18/08/2024,09:00:23,15,2,21.0,,,,2,,1.0,Cycle,S
IND,5555,32021,60182,18/08/2024,09:01:21,15,1,27.0,,,,2,,1.0,Cycle,S
IND,5555,32021,60182,18/08/2024,09:01:25,15,1,23.0,,,,2,,1.0,Cycle,S
IND,5555,32021,60182,18/08/2024,09:02:03,15,1,23.0,,,,2,,1.0,Cycle,S
IND,5555,32021,60182,18/08/2024,09:02:13,15,1,15.0,,,,2,,1.0,Cycle,S
IND,5555,32021,60182,18/08/2024,09:02:15,15,1,19.0,,,,2,,1.0,Cycle,S
IND,5555,32021,60182,18/08/2024,09:02:15,15,2,19.0,,,,2,,1.0,Cycle,S
IND,5555,32021,60182,18/08/2024,09:02:15,15,1,17.0,,,,2,,1.0,Cycle,S
IND,5555,32021,60182,18/08/2024,09:02:21,15,1,18.0,,,,2,,1.0,Cycle,S
IND,5555,32021,60182,18/08/2024,09:02:21,15,1,18.0,,,,2,,1.0,Cycle,S
IND,5555,32021,60182,18/08/2024,09:02:21,15,1,18.0,,,,2,,1.0,Cycle,S
IND,5555,32021,60182,18/08/2024,09:02:21,15,1,18.0,,,,2,,1.0,Cycle,S
IND,5555,32021,60182,18/08/2024,09:02:31,15,1,29.0,,,,2,,1.0,Cycle,S
IND,5555,32021,60182,18/08/2024,09:02:46,15,1,15.0,,,,2,,1.0,Cycle,S
IND,5555,32021,60182,18/08/2024,09:03:20,15,1,28.0,,,,2,,1.0,Cycle,S
IND,5555,32021,60182,18/08/2024,09:03:21,15,1,26.0,,,,2,,1.0,Cycle,S
IND,5555,32021,60182,18/08/2024,09:03:22,15,1,26.0,,,,2,,1.0,Cycle,S
IND,5555,32021,60182,18/08/2024,09:03:52,15,1,26.0,,,,2,,1.0,Cycle,S
IND,5555,32021,60182,18/08/2024,09:04:19,15,1,18.0,,,,2,,1.0,Cycle,S
IND,5555,32021,60182,18/08/2024,09:04:19,15,1,19.0,,,,2,,1.0,Cycle,S
IND,5555,32021,60182,18/08/2024,09:04:21,15,1,13.0,,,,2,,1.0,Cycle,S
IND,5555,32021,60182,18/08/2024,09:04:23,15,1,13.0,,,,2,,1.0,Cycle,S
IND,5555,32021,60182,18/08/2024,09:04:45,15,1,15.0,,,,2,,1.0,Cycle,S
IND,5555,32021,60182,18/08/2024,09:04:58,15,1,29.0,,,,2,,1.0,Cycle,S
IND,5555,32021,60182,18/08/2024,09:05:05,15,1,26.0,,,,2,,1.0,Cycle,S
IND,5555,32021,60182,18/08/2024,09:05:08,15,3,25.0,,,,2,,1.0,Cycle,S
IND,5555,32021,60182,18/08/2024,09:05:40,15,1,24.0,,,,2,,1.0,Cycle,S
IND,5555,32021,60182,18/08/2024,09:06:22,15,1,28.0,,,,2,,1.0,Cycle,S
IND,5555,32021,60182,18/08/2024,09:06:55,15,1,32.0,,,,2,,1.0,Cycle,S
IND,5555,32021,60182,18/08/2024,09:07:15,15,1,27.0,,,,2,,1.0,Cycle,S
IND,5555,32021,60182,18/08/2024,09:07:23,15,1,28.0,,,,2,,1.0,Cycle,S
IND,5555,32021,60182,18/08/2024,09:07:32,15,1,25.0,,,,2,,1.0,Cycle,S
IND,5555,32021,60182,18/08/2024,09:07:32,15,1,25.0,,,,2,,1.0,Cycle,S
IND,5555,32021,60182,18/08/2024,09:07:33,15,1,23.0,,,,2,,1.0,Cycle,S
IND,5555,32021,60182,18/08/2024,09:07:38,15,1,24.0,,,,2,,1.0,Cycle,S
IND,5555,32021,60182,18/08/2024,09:07:38,15,1,22.0,,,,2,,1.0,Cycle,S
IND,5555,32021,60182,18/08/2024,09:07:53,15,1,38.0,,,,2,,1.0,Cycle,S
IND,5555,32021,60182,18/08/2024,09:07:56,15,1,27.0,,,,2,,1.0,Cycle,S
IND,5555,32021,60182,18/08/2024,09:08:07,15,2,32.0,,,,2,,1.0,Cycle,S
IND,5555,32021,60182,18/08/2024,09:08:07,15,3,28.0,,,,2,,1.0,Cycle,S
IND,5555,32021,60182,18/08/2024,09:08:08,15,3,29.0,,,,2,,1.0,Cycle,S
IND,5555,32021,60182,18/08/2024,09:08:08,15,1,29.0,,,,2,,1.0,Cycle,S
IND,5555,32021,60182,18/08/2024,09:08:09,15,3,29.0,,,,2,,1.0,Cycle,S
IND,5555,32021,60182,18/08/2024,09:08:10,15,3,27.0,,,,2,,1.0,Cycle,S
IND,5555,32021,60182,18/08/2024,09:08:10,15,2,26.0,,,,2,,1.0,Cycle,S
IND,5555,32021,60182,18/08/2024,09:08:11,15,3,27.0,,,,2,,1.0,Cycle,S
IND,5555,32021,60182,18/08/2024,09:09:07,15,1,25.0,,,,2,,1.0,Cycle,S
IND,5555,32021,60182,18/08/2024,09:09:07,15,1,24.0,,,,2,,1.0,Cycle,S
IND,5555,32021,60182,18/08/2024,09:09:08,15,2,26.0,,,,2,,1.0,Cycle,S
IND,5555,32021,60182,18/08/2024,09:09:08,15,1,23.0,,,,2,,1.0,Cycle,S
IND,5555,32021,60182,18/08/2024,09:10:16,15,1,32.0,,,,2,,1.0,Cycle,S
IND,5555,32021,60182,18/08/2024,09:10:18,15,1,26.0,,,,2,,1.0,Cycle,S
IND,5555,32021,60182,18/08/2024,09:10:50,15,1,16.0,,,,2,,1.0,Cycle,S
IND,5555,32021,60182,18/08/2024,09:10:51,15,1,15.0,,,,2,,1.0,Cycle,S
IND,5555,32021,60182,18/08/2024,09:11:15,15,1,22.0,,,,2,,1.0,Cycle,S
IND,5555,32021,60182,18/08/2024,09:11:20,15,1,14.0,,,,2,,1.0,Cycle,S
IND,5555,32021,60182,18/08/2024,09:12:09,15,1,30.0,,,,2,,1.0,Cycle,S
IND,5555,32021,60182,18/08/2024,09:12:13,15,1,26.0,,,,2,,1.0,Cycle,S
IND,5555,32021,60182,18/08/2024,09:12:15,15,1,23.0,,,,2,,1.0,Cycle,S
IND,5555,32021,60182,18/08/2024,09:12:15,15,1,24.0,,,,2,,1.0,Cycle,S
IND,5555,32021,60182,18/08/2024,09:12:17,15,1,24.0,,,,2,,1.0,Cycle,S
IND,5555,32021,60182,18/08/2024,09:12:21,15,1,23.0,,,,2,,1.0,Cycle,S
IND,5555,32021,60182,18/08/2024,09:12:29,15,1,12.0,,,,2,,1.0,Cycle,S
IND,5555,32021,60182,18/08/2024,09:12:45,15,1,26.0,,,,2,,1.0,Cycle,S
IND,5555,32021,60182,18/08/2024,09:12:46,15,1,24.0,,,,2,,1.0,Cycle,S
IND,5555,32021,60182,18/08/2024,09:12:47,15,1,20.0,,,,2,,1.0,Cycle,S
IND,5555,32021,60182,18/08/2024,09:12:47,15,1,21.0,,,,2,,1.0,Cycle,S
IND,5555,32021,60182,18/08/2024,09:12:53,15,1,21.0,,,,2,,1.0,Cycle,S
IND,5555,32021,60182,18/08/2024,09:12:54,15,1,20.0,,,,2,,1.0,Cycle,S
IND,5555,32021,60182,18/08/2024,09:13:08,15,1,23.0,,,,2,,1.0,Cycle,S
IND,5555,32021,60182,18/08/2024,09:13:08,15,1,24.0,,,,2,,1.0,Cycle,S
IND,5555,32021,60182,18/08/2024,09:13:11,15,1,18.0,,,,2,,1.0,Cycle,S
IND,5555,32021,60182,18/08/2024,09:13:11,15,1,17.0,,,,2,,1.0,Cycle,S
IND,5555,32021,60182,18/08/2024,09:13:38,15,1,34.0,,,,2,,1.0,Cycle,S
IND,5555,32021,60182,18/08/2024,09:13:38,15,1,31.0,,,,2,,1.0,Cycle,S
IND,5555,32021,60182,18/08/2024,09:13:38,15,2,32.0,,,,2,,1.0,Cycle,S
IND,5555,32021,60182,18/08/2024,09:13:38,15,1,31.0,,,,2,,1.0,Cycle,S
IND,5555,32021,60182,18/08/2024,09:13:39,15,1,29.0,,,,2,,1.0,Cycle,S
IND,5555,32021,60182,18/08/2024,09:13:39,15,2,37.0,,,,2,,1.0,Cycle,S
IND,5555,32021,60182,18/08/2024,09:13:39,15,1,31.0,,,,2,,1.0,Cycle,S
IND,5555,32021,60182,18/08/2024,09:13:39,15,1,32.0,,,,2,,1.0,Cycle,S
IND,5555,32021,60182,18/08/2024,09:13:39,15,1,32.0,,,,2,,1.0,Cycle,S
IND,5555,32021,60182,18/08/2024,09:13:40,15,1,34.0,,,,2,,1.0,Cycle,S
IND,5555,32021,60182,18/08/2024,09:13:43,15,1,32.0,,,,2,,1.0,Cycle,S
IND,5555,32021,60182,18/08/2024,09:13:46,15,1,27.0,,,,2,,1.0,Cycle,S
IND,5555,32021,60182,18/08/2024,09:14:16,15,1,22.0,,,,2,,1.0,Cycle,S
IND,5555,32021,60182,18/08/2024,09:14:16,15,1,22.0,,,,2,,1.0,Cycle,S
IND,5555,32021,60182,18/08/2024,09:14:19,15,1,23.0,,,,2,,1.0,Cycle,S
IND,5555,32021,60182,18/08/2024,09:15:00,15,1,24.0,,,,2,,1.0,Cycle,S
IND,5555,32021,60182,18/08/2024,09:15:00,15,1,24.0,,,,2,,1.0,Cycle,S
IND,5555,32021,60182,18/08/2024,09:15:42,15,1,29.0,,,,2,,1.0,Cycle,S
IND,5555,32021,60182,18/08/2024,09:15:48,15,1,22.0,,,,2,,1.0,Cycle,S
IND,5555,32021,60182,18/08/2024,09:16:05,15,1,12.0,,,,2,,1.0,Cycle,S
IND,5555,32021,60182,18/08/2024,09:16:21,15,1,27.0,,,,2,,1.0,Cycle,S
IND,5555,32021,60182,18/08/2024,09:16:42,15,1,16.0,,,,2,,1.0,Cycle,S
IND,5555,32021,60182,18/08/2024,09:16:42,15,1,16.0,,,,2,,1.0,Cycle,S
IND,5555,32021,60182,18/08/2024,09:17:15,15,1,25.0,,,,2,,1.0,Cycle,S
IND,5555,32021,60182,18/08/2024,09:17:15,15,1,27.0,,,,2,,1.0,Cycle,S
IND,5555,32021,60182,18/08/2024,09:17:26,15,3,18.0,,,,2,,1.0,Cycle,S
IND,5555,32021,60182,18/08/2024,09:17:29,15,1,22.0,,,,2,,1.0,Cycle,S
IND,5555,32021,60182,18/08/2024,09:17:29,15,1,21.0,,,,2,,1.0,Cycle,S
IND,5555,32021,60182,18/08/2024,09:17:30,15,1,21.0,,,,2,,1.0,Cycle,S
IND,5555,32021,60182,18/08/2024,09:17:44,15,1,30.0,,,,2,,1.0,Cycle,S
IND,5555,32021,60182,18/08/2024,09:17:44,15,1,29.0,,,,2,,1.0,Cycle,S
IND,5555,32021,60182,18/08/2024,09:17:46,15,1,29.0,,,,2,,1.0,Cycle,S
IND,5555,32021,60182,18/08/2024,09:18:13,15,1,23.0,,,,2,,1.0,Cycle,S
IND,5555,32021,60182,18/08/2024,09:18:28,15,1,15.0,,,,2,,1.0,Cycle,S
IND,5555,32021,60182,18/08/2024,09:18:40,15,1,17.0,,,,2,,1.0,Cycle,S
IND,5555,32021,60182,18/08/2024,09:18:47,15,1,17.0,,,,2,,1.0,Cycle,S
IND,5555,32021,60182,18/08/2024,09:18:49,15,1,23.0,,,,2,,1.0,Cycle,S
IND,5555,32021,60182,18/08/2024,09:19:16,15,1,20.0,,,,2,,1.0,Cycle,S
IND,5555,32021,60182,18/08/2024,09:19:17,15,2,24.0,,,,2,,1.0,Cycle,S
IND,5555,32021,60182,18/08/2024,09:19:17,15,1,26.0,,,,2,,1.0,Cycle,S
IND,5555,32021,60182,18/08/2024,09:19:18,15,1,21.0,,,,2,,1.0,Cycle,S
IND,5555,32021,60182,18/08/2024,09:19:19,15,1,17.0,,,,2,,1.0,Cycle,S
IND,5555,32021,60182,18/08/2024,09:19:19,15,1,17.0,,,,2,,1.0,Cycle,S
IND,5555,32021,60182,18/08/2024,09:19:19,15,1,17.0,,,,2,,1.0,Cycle,S
IND,5555,32021,60182,18/08/2024,09:19:19,15,1,17.0,,,,2,,1.0,Cycle,S
IND,5555,32021,60182,18/08/2024,09:19:21,15,1,19.0,,,,2,,1.0,Cycle,S
IND,5555,32021,60182,18/08/2024,09:19:23,15,1,18.0,,,,2,,1.0,Cycle,S
IND,5555,32021,60182,18/08/2024,09:19:41,15,3,31.0,,,,2,,1.0,Cycle,S
IND,5555,32021,60182,18/08/2024,09:19:41,15,2,33.0,,,,2,,1.0,Cycle,S
IND,5555,32021,60182,18/08/2024,09:19:42,15,1,31.0,,,,2,,1.0,Cycle,S
IND,5555,32021,60182,18/08/2024,09:20:27,15,1,24.0,,,,2,,1.0,Cycle,S
IND,5555,32021,60182,18/08/2024,09:20:45,15,1,23.0,,,,2,,1.0,Cycle,S
IND,5555,32021,60182,18/08/2024,09:20:45,15,1,23.0,,,,2,,1.0,Cycle,S
IND,5555,32021,60182,18/08/2024,09:21:18,15,1,20.0,,,,2,,1.0,Cycle,S
IND,5555,32021,60182,18/08/2024,09:21:20,15,1,27.0,,,,2,,1.0,Cycle,S
IND,5555,32021,60182,18/08/2024,09:21:24,15,1,27.0,,,,2,,1.0,Cycle,S
IND,5555,32021,60182,18/08/2024,09:21:25,15,1,27.0,,,,2,,1.0,Cycle,S
IND,5555,32021,60182,18/08/2024,09:21:32,15,1,25.0,,,,2,,1.0,Cycle,S
IND,5555,32021,60182,18/08/2024,09:21:33,15,1,24.0,,,,2,,1.0,Cycle,S
IND,5555,32021,60182,18/08/2024,09:21:37,15,1,22.0,,,,2,,1.0,Cycle,S
IND,5555,32021,60182,18/08/2024,09:21:39,15,1,21.0,,,,2,,1.0,Cycle,S
IND,5555,32021,60182,18/08/2024,09:21:40,15,1,19.0,,,,2,,1.0,Cycle,S
IND,5555,32021,60182,18/08/2024,09:21:41,15,3,16.0,,,,2,,1.0,Cycle,S
IND,5555,32021,60182,18/08/2024,09:21:41,15,2,16.0,,,,2,,1.0,Cycle,S
IND,5555,32021,60182,18/08/2024,09:21:42,15,3,13.0,,,,2,,1.0,Cycle,S
IND,5555,32021,60182,18/08/2024,09:21:42,15,2,12.0,,,,2,,1.0,Cycle,S
IND,5555,32021,60182,18/08/2024,09:21:45,15,1,20.0,,,,2,,1.0,Cycle,S
IND,5555,32021,60182,18/08/2024,09:21:46,15,1,18.0,,,,2,,1.0,Cycle,S
IND,5555,32021,60182,18/08/2024,09:21:54,15,3,29.0,,,,2,,1.0,Cycle,S
IND,5555,32021,60182,18/08/2024,09:22:03,15,1,31.0,,,,2,,1.0,Cycle,S
IND,5555,32021,60182,18/08/2024,09:22:39,15,2,27.0,,,,2,,1.0,Cycle,S
IND,5555,32021,60182,18/08/2024,09:23:54,15,1,20.0,,,,2,,1.0,Cycle,S
IND,5555,32021,60182,18/08/2024,09:24:13,15,1,20.0,,,,2,,1.0,Cycle,S
IND,5555,32021,60182,18/08/2024,09:24:52,15,1,29.0,,,,2,,1.0,Cycle,S
IND,5555,32021,60182,18/08/2024,09:24:53,15,1,32.0,,,,2,,1.0,Cycle,S
IND,5555,32021,60182,18/08/2024,09:24:54,15,1,33.0,,,,2,,1.0,Cycle,S
IND,5555,32021,60182,18/08/2024,09:24:54,15,1,31.0,,,,2,,1.0,Cycle,S
IND,5555,32021,60182,18/08/2024,09:25:12,15,3,23.0,,,,2,,1.0,Cycle,S
IND,5555,32021,60182,18/08/2024,09:25:40,15,1,23.0,,,,2,,1.0,Cycle,S
IND,5555,32021,60182,18/08/2024,09:26:10,15,1,24.0,,,,2,,1.0,Cycle,S
IND,5555,32021,60182,18/08/2024,09:26:20,15,1,29.0,,,,2,,1.0,Cycle,S
IND,5555,32021,60182,18/08/2024,09:26:21,15,1,28.0,,,,2,,1.0,Cycle,S
IND,5555,32021,60182,18/08/2024,09:26:34,15,1,24.0,,,,2,,1.0,Cycle,S
IND,5555,32021,60182,18/08/2024,09:26:48,15,1,25.0,,,,2,,1.0,Cycle,S
IND,5555,32021,60182,18/08/2024,09:27:15,15,1,21.0,,,,2,,1.0,Cycle,S
IND,5555,32021,60182,18/08/2024,09:27:18,15,1,17.0,,,,2,,1.0,Cycle,S
IND,5555,32021,60182,18/08/2024,09:28:02,15,1,25.0,,,,2,,1.0,Cycle,S
IND,5555,32021,60182,18/08/2024,09:28:44,15,1,27.0,,,,2,,1.0,Cycle,S
IND,5555,32021,60182,18/08/2024,09:28:48,15,1,24.0,,,,2,,1.0,Cycle,S
IND,5555,32021,60182,18/08/2024,09:29:18,15,1,29.0,,,,2,,1.0,Cycle,S
IND,5555,32021,60182,18/08/2024,09:29:19,15,1,19.0,,,,2,,1.0,Cycle,S
IND,5555,32021,60182,18/08/2024,09:29:20,15,1,26.0,,,,2,,1.0,Cycle,S
IND,5555,32021,60182,18/08/2024,09:29:37,15,1,22.0,,,,2,,1.0,Cycle,S
IND,5555,32021,60182,18/08/2024,09:29:46,15,1,26.0,,,,2,,1.0,Cycle,S
IND,5555,32021,60182,18/08/2024,09:29:50,15,1,27.0,,,,2,,1.0,Cycle,S
IND,5555,32021,60182,18/08/2024,09:30:13,15,1,25.0,,,,2,,1.0,Cycle,S
IND,5555,32021,60182,18/08/2024,09:30:17,15,1,22.0,,,,2,,1.0,Cycle,S
IND,5555,32021,60182,18/08/2024,09:30:18,15,1,22.0,,,,2,,1.0,Cycle,S
IND,5555,32021,60182,18/08/2024,09:30:19,15,1,22.0,,,,2,,1.0,Cycle,S
IND,5555,32021,60182,18/08/2024,09:30:30,15,1,24.0,,,,2,,1.0,Cycle,S
IND,5555,32021,60182,18/08/2024,09:31:21,15,1,20.0,,,,2,,1.0,Cycle,S
IND,5555,32021,60182,18/08/2024,09:31:50,15,1,22.0,,,,2,,1.0,Cycle,S
IND,5555,32021,60182,18/08/2024,09:31:51,15,1,22.0,,,,2,,1.0,Cycle,S
IND,5555,32021,60182,18/08/2024,09:32:00,15,1,24.0,,,,2,,1.0,Cycle,S
IND,5555,32021,60182,18/08/2024,09:32:27,15,1,21.0,,,,2,,1.0,Cycle,S
IND,5555,32021,60182,18/08/2024,09:32:28,15,1,17.0,,,,2,,1.0,Cycle,S
IND,5555,32021,60182,18/08/2024,09:32:31,15,1,16.0,,,,2,,1.0,Cycle,S
IND,5555,32021,60182,18/08/2024,09:32:31,15,1,16.0,,,,2,,1.0,Cycle,S
IND,5555,32021,60182,18/08/2024,09:33:06,15,1,25.0,,,,2,,1.0,Cycle,S
IND,5555,32021,60182,18/08/2024,09:33:14,15,1,31.0,,,,2,,1.0,Cycle,S
IND,5555,32021,60182,18/08/2024,09:33:14,15,3,27.0,,,,2,,1.0,Cycle,S
IND,5555,32021,60182,18/08/2024,09:33:32,15,1,21.0,,,,2,,1.0,Cycle,S
IND,5555,32021,60182,18/08/2024,09:33:36,15,1,17.0,,,,2,,1.0,Cycle,S
IND,5555,32021,60182,18/08/2024,09:33:45,15,1,16.0,,,,2,,1.0,Cycle,S
IND,5555,32021,60182,18/08/2024,09:33:55,15,1,26.0,,,,2,,1.0,Cycle,S
IND,5555,32021,60182,18/08/2024,09:33:55,15,2,28.0,,,,2,,1.0,Cycle,S
IND,5555,32021,60182,18/08/2024,09:33:56,15,1,25.0,,,,2,,1.0,Cycle,S
IND,5555,32021,60182,18/08/2024,09:34:32,15,1,31.0,,,,2,,1.0,Cycle,S
IND,5555,32021,60182,18/08/2024,09:35:15,15,1,32.0,,,,2,,1.0,Cycle,S
IND,5555,32021,60182,18/08/2024,09:35:39,15,1,30.0,,,,2,,1.0,Cycle,S
IND,5555,32021,60182,18/08/2024,09:36:47,15,1,29.0,,,,2,,1.0,Cycle,S
IND,5555,32021,60182,18/08/2024,09:36:51,15,1,24.0,,,,2,,1.0,Cycle,S
IND,5555,32021,60182,18/08/2024,09:36:51,15,1,25.0,,,,2,,1.0,Cycle,S
IND,5555,32021,60182,18/08/2024,09:36:54,15,1,23.0,,,,2,,1.0,Cycle,S
IND,5555,32021,60182,18/08/2024,09:37:17,15,1,27.0,,,,2,,1.0,Cycle,S
IND,5555,32021,60182,18/08/2024,09:37:19,15,1,18.0,,,,2,,1.0,Cycle,S
IND,5555,32021,60182,18/08/2024,09:37:31,15,1,27.0,,,,2,,1.0,Cycle,S
IND,5555,32021,60182,18/08/2024,09:37:40,15,1,32.0,,,,2,,1.0,Cycle,S
IND,5555,32021,60182,18/08/2024,09:38:18,15,1,22.0,,,,2,,1.0,Cycle,S
IND,5555,32021,60182,18/08/2024,09:38:18,15,2,28.0,,,,2,,1.0,Cycle,S
IND,5555,32021,60182,18/08/2024,09:38:19,15,3,24.0,,,,2,,1.0,Cycle,S
IND,5555,32021,60182,18/08/2024,09:38:20,15,1,27.0,,,,2,,1.0,Cycle,S
IND,5555,32021,60182,18/08/2024,09:40:16,15,1,26.0,,,,2,,1.0,Cycle,S
IND,5555,32021,60182,18/08/2024,09:40:24,15,1,23.0,,,,2,,1.0,Cycle,S
IND,5555,32021,60182,18/08/2024,09:40:36,15,1,27.0,,,,2,,1.0,Cycle,S
IND,5555,32021,60182,18/08/2024,09:40:37,15,1,29.0,,,,2,,1.0,Cycle,S
IND,5555,32021,60182,18/08/2024,09:40:42,15,1,22.0,,,,2,,1.0,Cycle,S
IND,5555,32021,60182,18/08/2024,09:40:45,15,1,41.0,,,,2,,1.0,Cycle,S
IND,5555,32021,60182,18/08/2024,09:41:01,15,1,26.0,,,,2,,1.0,Cycle,S
IND,5555,32021,60182,18/08/2024,09:41:15,15,1,27.0,,,,2,,1.0,Cycle,S
IND,5555,32021,60182,18/08/2024,09:41:16,15,1,24.0,,,,2,,1.0,Cycle,S
IND,5555,32021,60182,18/08/2024,09:41:44,15,1,32.0,,,,2,,1.0,Cycle,S
IND,5555,32021,60182,18/08/2024,09:42:13,15,1,15.0,,,,2,,1.0,Cycle,S
IND,5555,32021,60182,18/08/2024,09:42:13,15,2,14.0,,,,2,,1.0,Cycle,S
IND,5555,32021,60182,18/08/2024,09:43:26,15,1,34.0,,,,2,,1.0,Cycle,S
IND,5555,32021,60182,18/08/2024,09:43:26,15,1,31.0,,,,2,,1.0,Cycle,S
IND,5555,32021,60182,18/08/2024,09:43:26,15,1,30.0,,,,2,,1.0,Cycle,S
IND,5555,32021,60182,18/08/2024,09:43:27,15,1,29.0,,,,2,,1.0,Cycle,S
IND,5555,32021,60182,18/08/2024,09:43:29,15,1,28.0,,,,2,,1.0,Cycle,S
IND,5555,32021,60182,18/08/2024,09:43:38,15,1,27.0,,,,2,,1.0,Cycle,S
IND,5555,32021,60182,18/08/2024,09:44:18,15,1,24.0,,,,2,,1.0,Cycle,S
IND,5555,32021,60182,18/08/2024,09:44:31,15,1,24.0,,,,2,,1.0,Cycle,S
IND,5555,32021,60182,18/08/2024,09:44:36,15,1,22.0,,,,2,,1.0,Cycle,S
IND,5555,32021,60182,18/08/2024,09:44:37,15,2,18.0,,,,2,,1.0,Cycle,S
IND,5555,32021,60182,18/08/2024,09:44:37,15,3,16.0,,,,2,,1.0,Cycle,S
IND,5555,32021,60182,18/08/2024,09:44:37,15,1,17.0,,,,2,,1.0,Cycle,S
IND,5555,32021,60182,18/08/2024,09:44:38,15,3,15.0,,,,2,,1.0,Cycle,S
IND,5555,32021,60182,18/08/2024,09:44:38,15,2,61.0,,,,2,,1.0,Cycle,S
IND,5555,32021,60182,18/08/2024,09:44:38,15,1,14.0,,,,2,,1.0,Cycle,S
IND,5555,32021,60182,18/08/2024,09:44:46,15,3,17.0,,,,2,,1.0,Cycle,S
IND,5555,32021,60182,18/08/2024,09:44:46,15,2,14.0,,,,2,,1.0,Cycle,S
IND,5555,32021,60182,18/08/2024,09:44:46,15,3,12.0,,,,2,,1.0,Cycle,S
IND,5555,32021,60182,18/08/2024,09:45:22,15,1,23.0,,,,2,,1.0,Cycle,S
IND,5555,32021,60182,18/08/2024,09:45:22,15,1,23.0,,,,2,,1.0,Cycle,S
IND,5555,32021,60182,18/08/2024,09:45:26,15,1,31.0,,,,2,,1.0,Cycle,S
IND,5555,32021,60182,18/08/2024,09:45:42,15,1,28.0,,,,2,,1.0,Cycle,S
IND,5555,32021,60182,18/08/2024,09:46:31,15,1,21.0,,,,2,,1.0,Cycle,S
IND,5555,32021,60182,18/08/2024,09:46:32,15,1,21.0,,,,2,,1.0,Cycle,S
IND,5555,32021,60182,18/08/2024,09:46:53,15,1,24.0,,,,2,,1.0,Cycle,S
IND,5555,32021,60182,18/08/2024,09:47:25,15,1,28.0,,,,2,,1.0,Cycle,S
IND,5555,32021,60182,18/08/2024,09:47:25,15,1,28.0,,,,2,,1.0,Cycle,S
IND,5555,32021,60182,18/08/2024,09:47:25,15,1,28.0,,,,2,,1.0,Cycle,S
IND,5555,32021,60182,18/08/2024,09:47:26,15,1,27.0,,,,2,,1.0,Cycle,S
IND,5555,32021,60182,18/08/2024,09:47:27,15,3,19.0,,,,2,,1.0,Cycle,S
IND,5555,32021,60182,18/08/2024,09:47:27,15,3,19.0,,,,2,,1.0,Cycle,S
IND,5555,32021,60182,18/08/2024,09:47:36,15,3,23.0,,,,2,,1.0,Cycle,S
IND,5555,32021,60182,18/08/2024,09:47:36,15,2,22.0,,,,2,,1.0,Cycle,S
IND,5555,32021,60182,18/08/2024,09:47:37,15,2,22.0,,,,2,,1.0,Cycle,S
IND,5555,32021,60182,18/08/2024,09:47:44,15,1,27.0,,,,2,,1.0,Cycle,S
IND,5555,32021,60182,18/08/2024,09:47:49,15,1,27.0,,,,2,,1.0,Cycle,S
IND,5555,32021,60182,18/08/2024,09:49:01,15,1,26.0,,,,2,,1.0,Cycle,S
IND,5555,32021,60182,18/08/2024,09:49:14,15,1,22.0,,,,2,,1.0,Cycle,S
IND,5555,32021,60182,18/08/2024,09:49:24,15,1,20.0,,,,2,,1.0,Cycle,S
IND,5555,32021,60182,18/08/2024,09:49:24,15,1,20.0,,,,2,,1.0,Cycle,S
IND,5555,32021,60182,18/08/2024,09:49:25,15,1,20.0,,,,2,,1.0,Cycle,S
IND,5555,32021,60182,18/08/2024,09:49:44,15,2,23.0,,,,2,,1.0,Cycle,S
IND,5555,32021,60182,18/08/2024,09:49:44,15,1,24.0,,,,2,,1.0,Cycle,S
IND,5555,32021,60182,18/08/2024,09:49:44,15,1,22.0,,,,2,,1.0,Cycle,S
IND,5555,32021,60182,18/08/2024,09:50:32,15,1,25.0,,,,2,,1.0,Cycle,S
IND,5555,32021,60182,18/08/2024,09:50:32,15,1,23.0,,,,2,,1.0,Cycle,S
IND,5555,32021,60182,18/08/2024,09:50:34,15,2,27.0,,,,2,,1.0,Cycle,S
IND,5555,32021,60182,18/08/2024,09:50:34,15,1,19.0,,,,2,,1.0,Cycle,S
IND,5555,32021,60182,18/08/2024,09:50:36,15,1,14.0,,,,2,,1.0,Cycle,S
IND,5555,32021,60182,18/08/2024,09:50:37,15,2,32.0,,,,2,,1.0,Cycle,S
IND,5555,32021,60182,18/08/2024,09:50:41,15,1,27.0,,,,2,,1.0,Cycle,S
IND,5555,32021,60182,18/08/2024,09:50:42,15,1,27.0,,,,2,,1.0,Cycle,S
IND,5555,32021,60182,18/08/2024,09:51:16,15,1,24.0,,,,2,,1.0,Cycle,S
IND,5555,32021,60182,18/08/2024,09:51:18,15,1,20.0,,,,2,,1.0,Cycle,S
IND,5555,32021,60182,18/08/2024,09:51:18,15,1,19.0,,,,2,,1.0,Cycle,S
IND,5555,32021,60182,18/08/2024,09:51:29,15,1,29.0,,,,2,,1.0,Cycle,S
IND,5555,32021,60182,18/08/2024,09:51:34,15,1,25.0,,,,2,,1.0,Cycle,S
IND,5555,32021,60182,18/08/2024,09:51:38,15,1,23.0,,,,2,,1.0,Cycle,S
IND,5555,32021,60182,18/08/2024,09:51:39,15,1,22.0,,,,2,,1.0,Cycle,S
IND,5555,32021,60182,18/08/2024,09:51:46,15,3,19.0,,,,2,,1.0,Cycle,S
IND,5555,32021,60182,18/08/2024,09:51:51,15,1,30.0,,,,2,,1.0,Cycle,S
IND,5555,32021,60182,18/08/2024,09:52:21,15,1,20.0,,,,2,,1.0,Cycle,S
IND,5555,32021,60182,18/08/2024,09:52:21,15,1,20.0,,,,2,,1.0,Cycle,S
IND,5555,32021,60182,18/08/2024,09:52:24,15,1,18.0,,,,2,,1.0,Cycle,S
IND,5555,32021,60182,18/08/2024,09:52:25,15,1,16.0,,,,2,,1.0,Cycle,S
IND,5555,32021,60182,18/08/2024,09:52:26,15,1,14.0,,,,2,,1.0,Cycle,S
IND,5555,32021,60182,18/08/2024,09:52:27,15,2,16.0,,,,2,,1.0,Cycle,S
IND,5555,32021,60182,18/08/2024,09:52:27,15,1,16.0,,,,2,,1.0,Cycle,S
IND,5555,32021,60182,18/08/2024,09:52:27,15,2,16.0,,,,2,,1.0,Cycle,S
IND,5555,32021,60182,18/08/2024,09:52:27,15,1,15.0,,,,2,,1.0,Cycle,S
IND,5555,32021,60182,18/08/2024,09:52:29,15,1,25.0,,,,2,,1.0,Cycle,S
IND,5555,32021,60182,18/08/2024,09:52:48,15,1,18.0,,,,2,,1.0,Cycle,S
IND,5555,32021,60182,18/08/2024,09:53:21,15,1,14.0,,,,2,,1.0,Cycle,S
IND,5555,32021,60182,18/08/2024,09:53:22,15,1,21.0,,,,2,,1.0,Cycle,S
IND,5555,32021,60182,18/08/2024,09:53:29,15,1,21.0,,,,2,,1.0,Cycle,S
IND,5555,32021,60182,18/08/2024,09:53:32,15,1,22.0,,,,2,,1.0,Cycle,S
IND,5555,32021,60182,18/08/2024,09:54:54,15,1,20.0,,,,2,,1.0,Cycle,S
IND,5555,32021,60182,18/08/2024,09:54:55,15,2,17.0,,,,2,,1.0,Cycle,S
IND,5555,32021,60182,18/08/2024,09:54:55,15,1,16.0,,,,2,,1.0,Cycle,S
IND,5555,32021,60182,18/08/2024,09:54:56,15,2,16.0,,,,2,,1.0,Cycle,S
IND,5555,32021,60182,18/08/2024,09:54:56,15,1,15.0,,,,2,,1.0,Cycle,S
IND,5555,32021,60182,18/08/2024,09:55:29,15,1,23.0,,,,2,,1.0,Cycle,S
IND,5555,32021,60182,18/08/2024,09:55:31,15,1,24.0,,,,2,,1.0,Cycle,S
IND,5555,32021,60182,18/08/2024,09:55:32,15,1,17.0,,,,2,,1.0,Cycle,S
IND,5555,32021,60182,18/08/2024,09:55:33,15,1,18.0,,,,2,,1.0,Cycle,S
IND,5555,32021,60182,18/08/2024,09:55:34,15,1,21.0,,,,2,,1.0,Cycle,S
IND,5555,32021,60182,18/08/2024,09:55:36,15,3,9.0,,,,2,,1.0,Cycle,S
IND,5555,32021,60182,18/08/2024,09:55:36,15,2,9.0,,,,2,,1.0,Cycle,S
IND,5555,32021,60182,18/08/2024,09:55:36,15,1,17.0,,,,2,,1.0,Cycle,S
IND,5555,32021,60182,18/08/2024,09:55:39,15,2,12.0,,,,2,,1.0,Cycle,S
IND,5555,32021,60182,18/08/2024,09:55:39,15,1,12.0,,,,2,,1.0,Cycle,S
IND,5555,32021,60182,18/08/2024,09:55:40,15,2,12.0,,,,2,,1.0,Cycle,S
IND,5555,32021,60182,18/08/2024,09:55:40,15,1,12.0,,,,2,,1.0,Cycle,S
IND,5555,32021,60182,18/08/2024,09:55:41,15,3,19.0,,,,2,,1.0,Cycle,S
IND,5555,32021,60182,18/08/2024,09:56:21,15,1,29.0,,,,2,,1.0,Cycle,S
IND,5555,32021,60182,18/08/2024,09:56:23,15,1,26.0,,,,2,,1.0,Cycle,S
IND,5555,32021,60182,18/08/2024,09:56:24,15,1,19.0,,,,2,,1.0,Cycle,S
IND,5555,32021,60182,18/08/2024,09:56:33,15,1,20.0,,,,2,,1.0,Cycle,S
IND,5555,32021,60182,18/08/2024,09:56:33,15,3,9.0,,,,2,,1.0,Cycle,S
IND,5555,32021,60182,18/08/2024,09:56:33,15,2,9.0,,,,2,,1.0,Cycle,S
IND,5555,32021,60182,18/08/2024,09:56:34,15,3,9.0,,,,2,,1.0,Cycle,S
IND,5555,32021,60182,18/08/2024,09:56:34,15,2,9.0,,,,2,,1.0,Cycle,S
IND,5555,32021,60182,18/08/2024,09:56:36,15,2,12.0,,,,2,,1.0,Cycle,S
IND,5555,32021,60182,18/08/2024,09:56:36,15,3,11.0,,,,2,,1.0,Cycle,S
IND,5555,32021,60182,18/08/2024,09:56:37,15,2,17.0,,,,2,,1.0,Cycle,S
IND,5555,32021,60182,18/08/2024,09:56:37,15,3,15.0,,,,2,,1.0,Cycle,S
IND,5555,32021,60182,18/08/2024,09:56:39,15,2,18.0,,,,2,,1.0,Cycle,S
IND,5555,32021,60182,18/08/2024,09:56:39,15,3,16.0,,,,2,,1.0,Cycle,S
IND,5555,32021,60182,18/08/2024,09:56:39,15,3,18.0,,,,2,,1.0,Cycle,S
IND,5555,32021,60182,18/08/2024,09:56:41,15,1,26.0,,,,2,,1.0,Cycle,S
IND,5555,32021,60182,18/08/2024,09:56:42,15,2,18.0,,,,2,,1.0,Cycle,S
IND,5555,32021,60182,18/08/2024,09:56:42,15,3,16.0,,,,2,,1.0,Cycle,S
IND,5555,32021,60182,18/08/2024,09:56:43,15,2,19.0,,,,2,,1.0,Cycle,S
IND,5555,32021,60182,18/08/2024,09:56:43,15,3,18.0,,,,2,,1.0,Cycle,S
IND,5555,32021,60182,18/08/2024,09:56:46,15,1,37.0,,,,2,,1.0,Cycle,S
IND,5555,32021,60182,18/08/2024,09:57:15,15,1,21.0,,,,2,,1.0,Cycle,S
IND,5555,32021,60182,18/08/2024,09:57:15,15,1,23.0,,,,2,,1.0,Cycle,S
IND,5555,32021,60182,18/08/2024,09:57:20,15,1,25.0,,,,2,,1.0,Cycle,S
IND,5555,32021,60182,18/08/2024,09:57:20,15,1,25.0,,,,2,,1.0,Cycle,S
IND,5555,32021,60182,18/08/2024,09:57:24,15,1,23.0,,,,2,,1.0,Cycle,S
IND,5555,32021,60182,18/08/2024,09:57:27,15,3,19.0,,,,2,,1.0,Cycle,S
IND,5555,32021,60182,18/08/2024,09:57:27,15,3,17.0,,,,2,,1.0,Cycle,S
IND,5555,32021,60182,18/08/2024,09:57:28,15,1,28.0,,,,2,,1.0,Cycle,S
IND,5555,32021,60182,18/08/2024,09:57:45,15,1,25.0,,,,2,,1.0,Cycle,S
IND,5555,32021,60182,18/08/2024,09:58:22,15,1,25.0,,,,2,,1.0,Cycle,S
IND,5555,32021,60182,18/08/2024,09:59:22,15,1,18.0,,,,2,,1.0,Cycle,S
IND,5555,32021,60182,18/08/2024,09:59:24,15,1,17.0,,,,2,,1.0,Cycle,S
IND,5555,32021,60182,18/08/2024,09:59:40,15,1,22.0,,,,2,,1.0,Cycle,S
IND,5555,32021,60182,18/08/2024,09:59:55,15,1,25.0,,,,2,,1.0,Cycle,S
IND,5555,32021,60182,18/08/2024,09:59:57,15,3,19.0,,,,2,,1.0,Cycle,S
IND,5555,32021,60182,18/08/2024,09:59:58,15,3,18.0,,,,2,,1.0,Cycle,S
IND,5555,32021,60182,18/08/2024,10:00:11,15,1,28.0,,,,2,,1.0,Cycle,S
IND,5555,32021,60182,18/08/2024,10:00:27,15,1,24.0,,,,2,,1.0,Cycle,S
IND,5555,32021,60182,18/08/2024,10:00:50,15,1,27.0,,,,2,,1.0,Cycle,S
IND,5555,32021,60182,18/08/2024,10:01:53,15,1,27.0,,,,2,,1.0,Cycle,S
IND,5555,32021,60182,18/08/2024,10:02:00,15,1,24.0,,,,2,,1.0,Cycle,S
IND,5555,32021,60182,18/08/2024,10:02:11,15,2,23.0,,,,2,,1.0,Cycle,S
IND,5555,32021,60182,18/08/2024,10:02:12,15,2,19.0,,,,2,,1.0,Cycle,S
IND,5555,32021,60182,18/08/2024,10:02:18,15,1,28.0,,,,2,,1.0,Cycle,S
IND,5555,32021,60182,18/08/2024,10:03:11,15,1,15.0,,,,2,,1.0,Cycle,S
IND,5555,32021,60182,18/08/2024,10:03:17,15,1,10.0,,,,2,,1.0,Cycle,S
IND,5555,32021,60182,18/08/2024,10:03:21,15,1,18.0,,,,2,,1.0,Cycle,S
IND,5555,32021,60182,18/08/2024,10:03:30,15,1,26.0,,,,2,,1.0,Cycle,S
IND,5555,32021,60182,18/08/2024,10:04:36,15,1,22.0,,,,2,,1.0,Cycle,S
IND,5555,32021,60182,18/08/2024,10:05:28,15,2,14.0,,,,2,,1.0,Cycle,S
IND,5555,32021,60182,18/08/2024,10:05:28,15,1,14.0,,,,2,,1.0,Cycle,S
IND,5555,32021,60182,18/08/2024,10:05:29,15,2,14.0,,,,2,,1.0,Cycle,S
IND,5555,32021,60182,18/08/2024,10:05:29,15,1,13.0,,,,2,,1.0,Cycle,S
IND,5555,32021,60182,18/08/2024,10:05:30,15,1,22.0,,,,2,,1.0,Cycle,S
IND,5555,32021,60182,18/08/2024,10:05:30,15,2,24.0,,,,2,,1.0,Cycle,S
IND,5555,32021,60182,18/08/2024,10:05:32,15,2,16.0,,,,2,,1.0,Cycle,S
IND,5555,32021,60182,18/08/2024,10:05:32,15,1,15.0,,,,2,,1.0,Cycle,S
IND,5555,32021,60182,18/08/2024,10:05:32,15,3,32.0,,,,2,,1.0,Cycle,S
IND,5555,32021,60182,18/08/2024,10:05:32,15,2,18.0,,,,2,,1.0,Cycle,S
IND,5555,32021,60182,18/08/2024,10:05:32,15,1,17.0,,,,2,,1.0,Cycle,S
IND,5555,32021,60182,18/08/2024,10:05:34,15,1,23.0,,,,2,,1.0,Cycle,S
IND,5555,32021,60182,18/08/2024,10:05:36,15,1,26.0,,,,2,,1.0,Cycle,S
IND,5555,32021,60182,18/08/2024,10:05:38,15,1,29.0,,,,2,,1.0,Cycle,S
IND,5555,32021,60182,18/08/2024,10:05:38,15,3,26.0,,,,2,,1.0,Cycle,S
IND,5555,32021,60182,18/08/2024,10:05:39,15,3,25.0,,,,2,,1.0,Cycle,S
IND,5555,32021,60182,18/08/2024,10:05:39,15,1,27.0,,,,2,,1.0,Cycle,S
IND,5555,32021,60182,18/08/2024,10:05:41,15,3,26.0,,,,2,,1.0,Cycle,S
IND,5555,32021,60182,18/08/2024,10:05:49,15,3,28.0,,,,2,,1.0,Cycle,S
IND,5555,32021,60182,18/08/2024,10:05:57,15,1,17.0,,,,2,,1.0,Cycle,S
IND,5555,32021,60182,18/08/2024,10:06:13,15,1,24.0,,,,2,,1.0,Cycle,S
IND,5555,32021,60182,18/08/2024,10:06:35,15,1,22.0,,,,2,,1.0,Cycle,S
IND,5555,32021,60182,18/08/2024,10:06:36,15,3,18.0,,,,2,,1.0,Cycle,S
IND,5555,32021,60182,18/08/2024,10:06:36,15,3,15.0,,,,2,,1.0,Cycle,S
IND,5555,32021,60182,18/08/2024,10:06:38,15,2,17.0,,,,2,,1.0,Cycle,S
IND,5555,32021,60182,18/08/2024,10:06:42,15,3,18.0,,,,2,,1.0,Cycle,S
IND,5555,32021,60182,18/08/2024,10:06:42,15,2,19.0,,,,2,,1.0,Cycle,S
IND,5555,32021,60182,18/08/2024,10:06:42,15,3,19.0,,,,2,,1.0,Cycle,S
IND,5555,32021,60182,18/08/2024,10:06:42,15,2,19.0,,,,2,,1.0,Cycle,S
IND,5555,32021,60182,18/08/2024,10:06:47,15,1,16.0,,,,2,,1.0,Cycle,S
IND,5555,32021,60182,18/08/2024,10:06:47,15,2,19.0,,,,2,,1.0,Cycle,S
IND,5555,32021,60182,18/08/2024,10:07:24,15,1,20.0,,,,2,,1.0,Cycle,S
IND,5555,32021,60182,18/08/2024,10:07:45,15,3,23.0,,,,2,,1.0,Cycle,S
IND,5555,32021,60182,18/08/2024,10:07:48,15,1,20.0,,,,2,,1.0,Cycle,S
IND,5555,32021,60182,18/08/2024,10:08:11,15,2,25.0,,,,2,,1.0,Cycle,S
IND,5555,32021,60182,18/08/2024,10:08:41,15,1,29.0,,,,2,,1.0,Cycle,S
IND,5555,32021,60182,18/08/2024,10:08:44,15,1,21.0,,,,2,,1.0,Cycle,S
IND,5555,32021,60182,18/08/2024,10:08:46,15,1,22.0,,,,2,,1.0,Cycle,S
IND,5555,32021,60182,18/08/2024,10:08:47,15,1,20.0,,,,2,,1.0,Cycle,S
IND,5555,32021,60182,18/08/2024,10:08:47,15,1,21.0,,,,2,,1.0,Cycle,S
IND,5555,32021,60182,18/08/2024,10:09:13,15,1,14.0,,,,2,,1.0,Cycle,S
IND,5555,32021,60182,18/08/2024,10:09:36,15,3,19.0,,,,2,,1.0,Cycle,S
IND,5555,32021,60182,18/08/2024,10:09:39,15,2,17.0,,,,2,,1.0,Cycle,S
IND,5555,32021,60182,18/08/2024,10:09:39,15,3,15.0,,,,2,,1.0,Cycle,S
IND,5555,32021,60182,18/08/2024,10:09:40,15,2,16.0,,,,2,,1.0,Cycle,S
IND,5555,32021,60182,18/08/2024,10:09:40,15,3,14.0,,,,2,,1.0,Cycle,S
IND,5555,32021,60182,18/08/2024,10:09:42,15,1,26.0,,,,2,,1.0,Cycle,S
IND,5555,32021,60182,18/08/2024,10:09:42,15,1,26.0,,,,2,,1.0,Cycle,S
IND,5555,32021,60182,18/08/2024,10:09:48,15,1,69.0,,,,2,,1.0,Cycle,S
IND,5555,32021,60182,18/08/2024,10:09:59,15,1,23.0,,,,2,,1.0,Cycle,S
IND,5555,32021,60182,18/08/2024,10:10:26,15,1,18.0,,,,2,,1.0,Cycle,S
IND,5555,32021,60182,18/08/2024,10:10:53,15,1,30.0,,,,2,,1.0,Cycle,S
IND,5555,32021,60182,18/08/2024,10:11:25,15,1,30.0,,,,2,,1.0,Cycle,S
IND,5555,32021,60182,18/08/2024,10:11:50,15,1,19.0,,,,2,,1.0,Cycle,S
IND,5555,32021,60182,18/08/2024,10:12:32,15,1,26.0,,,,2,,1.0,Cycle,S
IND,5555,32021,60182,18/08/2024,10:12:48,15,1,30.0,,,,2,,1.0,Cycle,S
IND,5555,32021,60182,18/08/2024,10:12:49,15,1,32.0,,,,2,,1.0,Cycle,S
IND,5555,32021,60182,18/08/2024,10:12:50,15,1,26.0,,,,2,,1.0,Cycle,S
IND,5555,32021,60182,18/08/2024,10:15:36,15,1,30.0,,,,2,,1.0,Cycle,S
IND,5555,32021,60182,18/08/2024,10:15:36,15,1,26.0,,,,2,,1.0,Cycle,S
IND,5555,32021,60182,18/08/2024,10:16:19,15,1,74.0,,,,2,,1.0,Cycle,S
IND,5555,32021,60182,18/08/2024,10:16:43,15,1,34.0,,,,2,,1.0,Cycle,S
IND,5555,32021,60182,18/08/2024,10:16:57,15,1,27.0,,,,2,,1.0,Cycle,S
IND,5555,32021,60182,18/08/2024,10:16:59,15,1,21.0,,,,2,,1.0,Cycle,S
IND,5555,32021,60182,18/08/2024,10:17:18,15,1,20.0,,,,2,,1.0,Cycle,S
IND,5555,32021,60182,18/08/2024,10:17:23,15,1,19.0,,,,2,,1.0,Cycle,S
IND,5555,32021,60182,18/08/2024,10:17:23,15,1,15.0,,,,2,,1.0,Cycle,S
IND,5555,32021,60182,18/08/2024,10:17:25,15,2,17.0,,,,2,,1.0,Cycle,S
IND,5555,32021,60182,18/08/2024,10:17:25,15,1,16.0,,,,2,,1.0,Cycle,S
IND,5555,32021,60182,18/08/2024,10:17:26,15,2,19.0,,,,2,,1.0,Cycle,S
IND,5555,32021,60182,18/08/2024,10:17:26,15,1,17.0,,,,2,,1.0,Cycle,S
IND,5555,32021,60182,18/08/2024,10:17:53,15,1,27.0,,,,2,,1.0,Cycle,S
IND,5555,32021,60182,18/08/2024,10:17:53,15,1,26.0,,,,2,,1.0,Cycle,S
IND,5555,32021,60182,18/08/2024,10:18:06,15,1,11.0,,,,2,,1.0,Cycle,S
IND,5555,32021,60182,18/08/2024,10:18:12,15,1,16.0,,,,2,,1.0,Cycle,S
IND,5555,32021,60182,18/08/2024,10:18:15,15,1,29.0,,,,2,,1.0,Cycle,S
IND,5555,32021,60182,18/08/2024,10:18:23,15,1,21.0,,,,2,,1.0,Cycle,S
IND,5555,32021,60182,18/08/2024,10:19:33,15,1,22.0,,,,2,,1.0,Cycle,S
IND,5555,32021,60182,18/08/2024,10:19:54,15,1,26.0,,,,2,,1.0,Cycle,S
IND,5555,32021,60182,18/08/2024,10:20:56,15,1,22.0,,,,2,,1.0,Cycle,S
IND,5555,32021,60182,18/08/2024,10:21:25,15,1,21.0,,,,2,,1.0,Cycle,S
IND,5555,32021,60182,18/08/2024,10:22:15,15,1,26.0,,,,2,,1.0,Cycle,S
IND,5555,32021,60182,18/08/2024,10:22:20,15,1,24.0,,,,2,,1.0,Cycle,S
IND,5555,32021,60182,18/08/2024,10:22:31,15,1,23.0,,,,2,,1.0,Cycle,S
IND,5555,32021,60182,18/08/2024,10:23:38,15,1,27.0,,,,2,,1.0,Cycle,S
IND,5555,32021,60182,18/08/2024,10:23:39,15,3,17.0,,,,2,,1.0,Cycle,S
IND,5555,32021,60182,18/08/2024,10:23:40,15,3,14.0,,,,2,,1.0,Cycle,S
IND,5555,32021,60182,18/08/2024,10:24:28,15,3,19.0,,,,2,,1.0,Cycle,S
IND,5555,32021,60182,18/08/2024,10:24:29,15,2,17.0,,,,2,,1.0,Cycle,S
IND,5555,32021,60182,18/08/2024,10:24:29,15,3,15.0,,,,2,,1.0,Cycle,S
IND,5555,32021,60182,18/08/2024,10:24:33,15,3,12.0,,,,2,,1.0,Cycle,S
IND,5555,32021,60182,18/08/2024,10:24:33,15,3,11.0,,,,2,,1.0,Cycle,S
IND,5555,32021,60182,18/08/2024,10:24:37,15,1,14.0,,,,2,,1.0,Cycle,S
IND,5555,32021,60182,18/08/2024,10:24:37,15,1,14.0,,,,2,,1.0,Cycle,S
IND,5555,32021,60182,18/08/2024,10:24:39,15,3,26.0,,,,2,,1.0,Cycle,S
IND,5555,32021,60182,18/08/2024,10:24:44,15,1,25.0,,,,2,,1.0,Cycle,S
IND,5555,32021,60182,18/08/2024,10:26:21,15,1,19.0,,,,2,,1.0,Cycle,S
IND,5555,32021,60182,18/08/2024,10:26:23,15,1,20.0,,,,2,,1.0,Cycle,S
IND,5555,32021,60182,18/08/2024,10:26:24,15,1,17.0,,,,2,,1.0,Cycle,S
IND,5555,32021,60182,18/08/2024,10:26:26,15,1,19.0,,,,2,,1.0,Cycle,S
IND,5555,32021,60182,18/08/2024,10:26:27,15,1,18.0,,,,2,,1.0,Cycle,S
IND,5555,32021,60182,18/08/2024,10:26:27,15,2,19.0,,,,2,,1.0,Cycle,S
IND,5555,32021,60182,18/08/2024,10:26:28,15,2,18.0,,,,2,,1.0,Cycle,S
IND,5555,32021,60182,18/08/2024,10:27:34,15,1,18.0,,,,2,,1.0,Cycle,S
IND,5555,32021,60182,18/08/2024,10:27:40,15,1,25.0,,,,2,,1.0,Cycle,S
IND,5555,32021,60182,18/08/2024,10:27:43,15,1,28.0,,,,2,,1.0,Cycle,S
IND,5555,32021,60182,18/08/2024,10:27:47,15,1,20.0,,,,2,,1.0,Cycle,S
IND,5555,32021,60182,18/08/2024,10:27:48,15,1,19.0,,,,2,,1.0,Cycle,S
IND,5555,32021,60182,18/08/2024,10:27:50,15,1,30.0,,,,2,,1.0,Cycle,S
IND,5555,32021,60182,18/08/2024,10:27:56,15,1,17.0,,,,2,,1.0,Cycle,S
IND,5555,32021,60182,18/08/2024,10:28:26,15,3,19.0,,,,2,,1.0,Cycle,S
IND,5555,32021,60182,18/08/2024,10:28:28,15,3,18.0,,,,2,,1.0,Cycle,S
IND,5555,32021,60182,18/08/2024,10:28:29,15,2,18.0,,,,2,,1.0,Cycle,S
IND,5555,32021,60182,18/08/2024,10:28:29,15,3,16.0,,,,2,,1.0,Cycle,S
IND,5555,32021,60182,18/08/2024,10:28:32,15,2,13.0,,,,2,,1.0,Cycle,S
IND,5555,32021,60182,18/08/2024,10:28:32,15,3,11.0,,,,2,,1.0,Cycle,S
IND,5555,32021,60182,18/08/2024,10:28:32,15,2,15.0,,,,2,,1.0,Cycle,S
IND,5555,32021,60182,18/08/2024,10:28:32,15,3,13.0,,,,2,,1.0,Cycle,S
IND,5555,32021,60182,18/08/2024,10:28:35,15,3,17.0,,,,2,,1.0,Cycle,S
IND,5555,32021,60182,18/08/2024,10:28:35,15,3,17.0,,,,2,,1.0,Cycle,S
IND,5555,32021,60182,18/08/2024,10:29:02,15,1,24.0,,,,2,,1.0,Cycle,S
IND,5555,32021,60182,18/08/2024,10:29:20,15,1,24.0,,,,2,,1.0,Cycle,S
IND,5555,32021,60182,18/08/2024,10:29:26,15,1,25.0,,,,2,,1.0,Cycle,S
IND,5555,32021,60182,18/08/2024,10:30:34,15,1,27.0,,,,2,,1.0,Cycle,S
IND,5555,32021,60182,18/08/2024,10:31:10,15,2,11.0,,,,2,,1.0,Cycle,S
IND,5555,32021,60182,18/08/2024,10:31:11,15,1,10.0,,,,2,,1.0,Cycle,S
IND,5555,32021,60182,18/08/2024,10:31:11,15,1,10.0,,,,2,,1.0,Cycle,S
IND,5555,32021,60182,18/08/2024,10:31:22,15,3,25.0,,,,2,,1.0,Cycle,S
IND,5555,32021,60182,18/08/2024,10:31:22,15,2,24.0,,,,2,,1.0,Cycle,S
IND,5555,32021,60182,18/08/2024,10:31:23,15,3,20.0,,,,2,,1.0,Cycle,S
IND,5555,32021,60182,18/08/2024,10:31:24,15,1,20.0,,,,2,,1.0,Cycle,S
IND,5555,32021,60182,18/08/2024,10:31:25,15,3,16.0,,,,2,,1.0,Cycle,S
IND,5555,32021,60182,18/08/2024,10:31:26,15,2,19.0,,,,2,,1.0,Cycle,S
IND,5555,32021,60182,18/08/2024,10:31:26,15,3,16.0,,,,2,,1.0,Cycle,S
IND,5555,32021,60182,18/08/2024,10:31:27,15,1,15.0,,,,2,,1.0,Cycle,S
IND,5555,32021,60182,18/08/2024,10:31:28,15,2,19.0,,,,2,,1.0,Cycle,S
IND,5555,32021,60182,18/08/2024,10:31:28,15,3,17.0,,,,2,,1.0,Cycle,S
IND,5555,32021,60182,18/08/2024,10:31:28,15,2,19.0,,,,2,,1.0,Cycle,S
IND,5555,32021,60182,18/08/2024,10:31:28,15,3,16.0,,,,2,,1.0,Cycle,S
IND,5555,32021,60182,18/08/2024,10:31:34,15,3,18.0,,,,2,,1.0,Cycle,S
IND,5555,32021,60182,18/08/2024,10:31:34,15,3,18.0,,,,2,,1.0,Cycle,S
IND,5555,32021,60182,18/08/2024,10:31:41,15,1,27.0,,,,2,,1.0,Cycle,S
IND,5555,32021,60182,18/08/2024,10:31:42,15,1,26.0,,,,2,,1.0,Cycle,S
IND,5555,32021,60182,18/08/2024,10:31:50,15,1,25.0,,,,2,,1.0,Cycle,S
IND,5555,32021,60182,18/08/2024,10:34:26,15,1,22.0,,,,2,,1.0,Cycle,S
IND,5555,32021,60182,18/08/2024,10:35:47,15,1,23.0,,,,2,,1.0,Cycle,S
IND,5555,32021,60182,18/08/2024,10:35:51,15,3,18.0,,,,2,,1.0,Cycle,S
IND,5555,32021,60182,18/08/2024,10:35:51,15,2,19.0,,,,2,,1.0,Cycle,S
IND,5555,32021,60182,18/08/2024,10:35:52,15,2,19.0,,,,2,,1.0,Cycle,S
IND,5555,32021,60182,18/08/2024,10:35:52,15,3,18.0,,,,2,,1.0,Cycle,S
IND,5555,32021,60182,18/08/2024,10:35:53,15,3,18.0,,,,2,,1.0,Cycle,S
IND,5555,32021,60182,18/08/2024,10:35:53,15,2,18.0,,,,2,,1.0,Cycle,S
IND,5555,32021,60182,18/08/2024,10:35:54,15,2,17.0,,,,2,,1.0,Cycle,S
IND,5555,32021,60182,18/08/2024,10:35:54,15,3,15.0,,,,2,,1.0,Cycle,S
IND,5555,32021,60182,18/08/2024,10:35:55,15,2,16.0,,,,2,,1.0,Cycle,S
IND,5555,32021,60182,18/08/2024,10:35:55,15,3,14.0,,,,2,,1.0,Cycle,S
IND,5555,32021,60182,18/08/2024,10:36:03,15,1,19.0,,,,2,,1.0,Cycle,S
IND,5555,32021,60182,18/08/2024,10:36:35,15,3,25.0,,,,2,,1.0,Cycle,S
IND,5555,32021,60182,18/08/2024,10:36:46,15,1,28.0,,,,2,,1.0,Cycle,S
IND,5555,32021,60182,18/08/2024,10:37:30,15,1,17.0,,,,2,,1.0,Cycle,S
IND,5555,32021,60182,18/08/2024,10:37:38,15,1,25.0,,,,2,,1.0,Cycle,S
IND,5555,32021,60182,18/08/2024,10:37:50,15,1,29.0,,,,2,,1.0,Cycle,S
IND,5555,32021,60182,18/08/2024,10:38:18,15,1,24.0,,,,2,,1.0,Cycle,S
IND,5555,32021,60182,18/08/2024,10:38:24,15,1,18.0,,,,2,,1.0,Cycle,S
IND,5555,32021,60182,18/08/2024,10:38:25,15,1,23.0,,,,2,,1.0,Cycle,S
IND,5555,32021,60182,18/08/2024,10:39:33,15,1,22.0,,,,2,,1.0,Cycle,S
IND,5555,32021,60182,18/08/2024,10:39:34,15,1,20.0,,,,2,,1.0,Cycle,S
IND,5555,32021,60182,18/08/2024,10:39:35,15,1,21.0,,,,2,,1.0,Cycle,S
IND,5555,32021,60182,18/08/2024,10:39:38,15,1,22.0,,,,2,,1.0,Cycle,S
IND,5555,32021,60182,18/08/2024,10:39:51,15,1,25.0,,,,2,,1.0,Cycle,S
IND,5555,32021,60182,18/08/2024,10:40:50,15,1,22.0,,,,2,,1.0,Cycle,S
IND,5555,32021,60182,18/08/2024,10:41:05,15,1,20.0,,,,2,,1.0,Cycle,S
IND,5555,32021,60182,18/08/2024,10:41:18,15,1,20.0,,,,2,,1.0,Cycle,S
IND,5555,32021,60182,18/08/2024,10:42:32,15,1,26.0,,,,2,,1.0,Cycle,S
IND,5555,32021,60182,18/08/2024,10:42:35,15,1,23.0,,,,2,,1.0,Cycle,S
IND,5555,32021,60182,18/08/2024,10:42:40,15,3,24.0,,,,2,,1.0,Cycle,S
IND,5555,32021,60182,18/08/2024,10:43:33,15,1,13.0,,,,2,,1.0,Cycle,S
IND,5555,32021,60182,18/08/2024,10:43:37,15,1,24.0,,,,2,,1.0,Cycle,S
IND,5555,32021,60182,18/08/2024,10:43:37,15,1,23.0,,,,2,,1.0,Cycle,S
IND,5555,32021,60182,18/08/2024,10:43:38,15,1,23.0,,,,2,,1.0,Cycle,S
IND,5555,32021,60182,18/08/2024,10:44:34,15,1,23.0,,,,2,,1.0,Cycle,S
IND,5555,32021,60182,18/08/2024,10:46:02,15,1,23.0,,,,2,,1.0,Cycle,S
IND,5555,32021,60182,18/08/2024,10:46:48,15,1,25.0,,,,2,,1.0,Cycle,S
IND,5555,32021,60182,18/08/2024,10:46:53,15,1,19.0,,,,2,,1.0,Cycle,S
IND,5555,32021,60182,18/08/2024,10:46:55,15,1,23.0,,,,2,,1.0,Cycle,S
IND,5555,32021,60182,18/08/2024,10:46:56,15,1,22.0,,,,2,,1.0,Cycle,S
IND,5555,32021,60182,18/08/2024,10:47:18,15,1,18.0,,,,2,,1.0,Cycle,S
IND,5555,32021,60182,18/08/2024,10:47:20,15,1,19.0,,,,2,,1.0,Cycle,S
IND,5555,32021,60182,18/08/2024,10:47:27,15,1,23.0,,,,2,,1.0,Cycle,S
IND,5555,32021,60182,18/08/2024,10:47:28,15,1,21.0,,,,2,,1.0,Cycle,S
IND,5555,32021,60182,18/08/2024,10:47:49,15,1,29.0,,,,2,,1.0,Cycle,S
IND,5555,32021,60182,18/08/2024,10:47:56,15,1,24.0,,,,2,,1.0,Cycle,S
IND,5555,32021,60182,18/08/2024,10:48:15,15,1,19.0,,,,2,,1.0,Cycle,S
IND,5555,32021,60182,18/08/2024,10:48:29,15,1,24.0,,,,2,,1.0,Cycle,S
IND,5555,32021,60182,18/08/2024,10:48:37,15,1,16.0,,,,2,,1.0,Cycle,S
IND,5555,32021,60182,18/08/2024,10:48:37,15,1,25.0,,,,2,,1.0,Cycle,S
IND,5555,32021,60182,18/08/2024,10:48:41,15,3,19.0,,,,2,,1.0,Cycle,S
IND,5555,32021,60182,18/08/2024,10:49:14,15,1,24.0,,,,2,,1.0,Cycle,S
IND,5555,32021,60182,18/08/2024,10:50:07,15,1,32.0,,,,2,,1.0,Cycle,S
IND,5555,32021,60182,18/08/2024,10:50:07,15,1,31.0,,,,2,,1.0,Cycle,S
IND,5555,32021,60182,18/08/2024,10:50:07,15,1,32.0,,,,2,,1.0,Cycle,S
IND,5555,32021,60182,18/08/2024,10:50:14,15,1,23.0,,,,2,,1.0,Cycle,S
IND,5555,32021,60182,18/08/2024,10:50:45,15,1,21.0,,,,2,,1.0,Cycle,S
IND,5555,32021,60182,18/08/2024,10:50:45,15,1,21.0,,,,2,,1.0,Cycle,S
IND,5555,32021,60182,18/08/2024,10:51:09,15,3,19.0,,,,2,,1.0,Cycle,S
IND,5555,32021,60182,18/08/2024,10:51:09,15,3,18.0,,,,2,,1.0,Cycle,S
IND,5555,32021,60182,18/08/2024,10:51:13,15,1,18.0,,,,2,,1.0,Cycle,S
IND,5555,32021,60182,18/08/2024,10:51:14,15,1,15.0,,,,2,,1.0,Cycle,S
IND,5555,32021,60182,18/08/2024,10:51:35,15,1,19.0,,,,2,,1.0,Cycle,S
IND,5555,32021,60182,18/08/2024,10:51:36,15,1,19.0,,,,2,,1.0,Cycle,S
IND,5555,32021,60182,18/08/2024,10:51:50,15,1,21.0,,,,2,,1.0,Cycle,S
IND,5555,32021,60182,18/08/2024,10:51:51,15,2,17.0,,,,2,,1.0,Cycle,S
IND,5555,32021,60182,18/08/2024,10:51:51,15,1,16.0,,,,2,,1.0,Cycle,S
IND,5555,32021,60182,18/08/2024,10:51:52,15,2,18.0,,,,2,,1.0,Cycle,S
IND,5555,32021,60182,18/08/2024,10:51:52,15,1,17.0,,,,2,,1.0,Cycle,S
IND,5555,32021,60182,18/08/2024,10:51:53,15,2,16.0,,,,2,,1.0,Cycle,S
IND,5555,32021,60182,18/08/2024,10:51:53,15,1,14.0,,,,2,,1.0,Cycle,S
IND,5555,32021,60182,18/08/2024,10:51:54,15,2,17.0,,,,2,,1.0,Cycle,S
IND,5555,32021,60182,18/08/2024,10:51:54,15,1,15.0,,,,2,,1.0,Cycle,S
IND,5555,32021,60182,18/08/2024,10:52:30,15,1,26.0,,,,2,,1.0,Cycle,S
IND,5555,32021,60182,18/08/2024,10:53:16,15,1,21.0,,,,2,,1.0,Cycle,S
IND,5555,32021,60182,18/08/2024,10:53:16,15,1,22.0,,,,2,,1.0,Cycle,S
IND,5555,32021,60182,18/08/2024,10:53:52,15,1,19.0,,,,2,,1.0,Cycle,S
IND,5555,32021,60182,18/08/2024,10:53:52,15,1,19.0,,,,2,,1.0,Cycle,S
IND,5555,32021,60182,18/08/2024,10:56:00,15,1,17.0,,,,2,,1.0,Cycle,S
IND,5555,32021,60182,18/08/2024,10:56:00,15,2,19.0,,,,2,,1.0,Cycle,S
IND,5555,32021,60182,18/08/2024,10:56:00,15,1,15.0,,,,2,,1.0,Cycle,S
IND,5555,32021,60182,18/08/2024,10:56:00,15,2,17.0,,,,2,,1.0,Cycle,S
IND,5555,32021,60182,18/08/2024,10:56:08,15,1,20.0,,,,2,,1.0,Cycle,S
IND,5555,32021,60182,18/08/2024,10:56:11,15,1,23.0,,,,2,,1.0,Cycle,S
IND,5555,32021,60182,18/08/2024,10:56:12,15,2,11.0,,,,2,,1.0,Cycle,S
IND,5555,32021,60182,18/08/2024,10:56:12,15,1,10.0,,,,2,,1.0,Cycle,S
IND,5555,32021,60182,18/08/2024,10:56:13,15,2,16.0,,,,2,,1.0,Cycle,S
IND,5555,32021,60182,18/08/2024,10:56:13,15,1,15.0,,,,2,,1.0,Cycle,S
IND,5555,32021,60182,18/08/2024,10:57:22,15,1,21.0,,,,2,,1.0,Cycle,S
IND,5555,32021,60182,18/08/2024,10:57:23,15,1,14.0,,,,2,,1.0,Cycle,S
IND,5555,32021,60182,18/08/2024,10:57:24,15,3,10.0,,,,2,,1.0,Cycle,S
IND,5555,32021,60182,18/08/2024,10:57:24,15,2,9.0,,,,2,,1.0,Cycle,S
IND,5555,32021,60182,18/08/2024,10:57:25,15,3,11.0,,,,2,,1.0,Cycle,S
IND,5555,32021,60182,18/08/2024,10:57:27,15,3,17.0,,,,2,,1.0,Cycle,S
IND,5555,32021,60182,18/08/2024,10:57:28,15,3,18.0,,,,2,,1.0,Cycle,S
IND,5555,32021,60182,18/08/2024,10:57:29,15,1,26.0,,,,2,,1.0,Cycle,S
IND,5555,32021,60182,18/08/2024,10:57:30,15,2,18.0,,,,2,,1.0,Cycle,S
IND,5555,32021,60182,18/08/2024,10:57:30,15,3,16.0,,,,2,,1.0,Cycle,S
IND,5555,32021,60182,18/08/2024,10:57:31,15,2,18.0,,,,2,,1.0,Cycle,S
IND,5555,32021,60182,18/08/2024,10:57:31,15,3,17.0,,,,2,,1.0,Cycle,S
IND,5555,32021,60182,18/08/2024,10:57:33,15,3,17.0,,,,2,,1.0,Cycle,S
IND,5555,32021,60182,18/08/2024,10:57:34,15,3,18.0,,,,2,,1.0,Cycle,S
IND,5555,32021,60182,18/08/2024,10:58:54,15,1,18.0,,,,2,,1.0,Cycle,S
IND,5555,32021,60182,18/08/2024,10:59:17,15,1,32.0,,,,2,,1.0,Cycle,S
IND,5555,32021,60182,18/08/2024,10:59:20,15,1,20.0,,,,2,,1.0,Cycle,S
IND,5555,32021,60182,18/08/2024,10:59:21,15,1,18.0,,,,2,,1.0,Cycle,S
IND,5555,32021,60182,18/08/2024,10:59:44,15,1,18.0,,,,2,,1.0,Cycle,S
IND,5555,32021,60182,18/08/2024,10:59:51,15,1,15.0,,,,2,,1.0,Cycle,S
IND,5555,32021,60182,18/08/2024,10:59:56,15,1,23.0,,,,2,,1.0,Cycle,S
IND,5555,32021,60182,18/08/2024,11:01:05,15,1,27.0,,,,2,,1.0,Cycle,S
IND,5555,32021,60182,18/08/2024,11:01:06,15,1,26.0,,,,2,,1.0,Cycle,S
IND,5555,32021,60182,18/08/2024,11:02:24,15,1,17.0,,,,2,,1.0,Cycle,S
IND,5555,32021,60182,18/08/2024,11:02:54,15,1,27.0,,,,2,,1.0,Cycle,S
IND,5555,32021,60182,18/08/2024,11:03:02,15,1,24.0,,,,2,,1.0,Cycle,S
IND,5555,32021,60182,18/08/2024,11:03:41,15,1,22.0,,,,2,,1.0,Cycle,S
IND,5555,32021,60182,18/08/2024,11:03:42,15,1,23.0,,,,2,,1.0,Cycle,S
IND,5555,32021,60182,18/08/2024,11:03:43,15,1,20.0,,,,2,,1.0,Cycle,S
IND,5555,32021,60182,18/08/2024,11:03:44,15,1,19.0,,,,2,,1.0,Cycle,S
IND,5555,32021,60182,18/08/2024,11:03:46,15,2,16.0,,,,2,,1.0,Cycle,S
IND,5555,32021,60182,18/08/2024,11:03:46,15,1,15.0,,,,2,,1.0,Cycle,S
IND,5555,32021,60182,18/08/2024,11:03:46,15,2,15.0,,,,2,,1.0,Cycle,S
IND,5555,32021,60182,18/08/2024,11:03:46,15,1,14.0,,,,2,,1.0,Cycle,S
IND,5555,32021,60182,18/08/2024,11:04:01,15,1,22.0,,,,2,,1.0,Cycle,S
IND,5555,32021,60182,18/08/2024,11:04:01,15,1,23.0,,,,2,,1.0,Cycle,S
IND,5555,32021,60182,18/08/2024,11:05:02,15,2,19.0,,,,2,,1.0,Cycle,S
IND,5555,32021,60182,18/08/2024,11:05:02,15,3,15.0,,,,2,,1.0,Cycle,S
IND,5555,32021,60182,18/08/2024,11:05:03,15,2,14.0,,,,2,,1.0,Cycle,S
IND,5555,32021,60182,18/08/2024,11:05:03,15,3,12.0,,,,2,,1.0,Cycle,S
IND,5555,32021,60182,18/08/2024,11:05:06,15,2,19.0,,,,2,,1.0,Cycle,S
IND,5555,32021,60182,18/08/2024,11:05:06,15,3,15.0,,,,2,,1.0,Cycle,S
IND,5555,32021,60182,18/08/2024,11:05:07,15,2,15.0,,,,2,,1.0,Cycle,S
IND,5555,32021,60182,18/08/2024,11:05:07,15,3,12.0,,,,2,,1.0,Cycle,S
IND,5555,32021,60182,18/08/2024,11:05:46,15,1,33.0,,,,2,,1.0,Cycle,S
IND,5555,32021,60182,18/08/2024,11:05:47,15,1,32.0,,,,2,,1.0,Cycle,S
IND,5555,32021,60182,18/08/2024,11:05:47,15,1,34.0,,,,2,,1.0,Cycle,S
IND,5555,32021,60182,18/08/2024,11:06:35,15,1,17.0,,,,2,,1.0,Cycle,S
IND,5555,32021,60182,18/08/2024,11:06:39,15,2,24.0,,,,2,,1.0,Cycle,S
IND,5555,32021,60182,18/08/2024,11:06:47,15,1,26.0,,,,2,,1.0,Cycle,S
IND,5555,32021,60182,18/08/2024,11:07:23,15,1,20.0,,,,2,,1.0,Cycle,S
IND,5555,32021,60182,18/08/2024,11:07:32,15,1,29.0,,,,2,,1.0,Cycle,S
IND,5555,32021,60182,18/08/2024,11:07:32,15,1,27.0,,,,2,,1.0,Cycle,S
IND,5555,32021,60182,18/08/2024,11:07:47,15,1,18.0,,,,2,,1.0,Cycle,S
IND,5555,32021,60182,18/08/2024,11:07:47,15,1,21.0,,,,2,,1.0,Cycle,S
IND,5555,32021,60182,18/08/2024,11:08:12,15,1,22.0,,,,2,,1.0,Cycle,S
IND,5555,32021,60182,18/08/2024,11:09:03,15,2,19.0,,,,2,,1.0,Cycle,S
IND,5555,32021,60182,18/08/2024,11:09:03,15,3,18.0,,,,2,,1.0,Cycle,S
IND,5555,32021,60182,18/08/2024,11:09:03,15,2,19.0,,,,2,,1.0,Cycle,S
IND,5555,32021,60182,18/08/2024,11:09:04,15,3,17.0,,,,2,,1.0,Cycle,S
IND,5555,32021,60182,18/08/2024,11:09:05,15,3,18.0,,,,2,,1.0,Cycle,S
IND,5555,32021,60182,18/08/2024,11:09:06,15,3,18.0,,,,2,,1.0,Cycle,S
IND,5555,32021,60182,18/08/2024,11:09:31,15,1,15.0,,,,2,,1.0,Cycle,S
IND,5555,32021,60182,18/08/2024,11:10:03,15,1,24.0,,,,2,,1.0,Cycle,S
IND,5555,32021,60182,18/08/2024,11:10:04,15,2,19.0,,,,2,,1.0,Cycle,S
IND,5555,32021,60182,18/08/2024,11:10:04,15,3,16.0,,,,2,,1.0,Cycle,S
IND,5555,32021,60182,18/08/2024,11:10:04,15,2,15.0,,,,2,,1.0,Cycle,S
IND,5555,32021,60182,18/08/2024,11:10:04,15,3,13.0,,,,2,,1.0,Cycle,S
IND,5555,32021,60182,18/08/2024,11:10:09,15,2,11.0,,,,2,,1.0,Cycle,S
IND,5555,32021,60182,18/08/2024,11:10:09,15,3,10.0,,,,2,,1.0,Cycle,S
IND,5555,32021,60182,18/08/2024,11:10:09,15,2,16.0,,,,2,,1.0,Cycle,S
IND,5555,32021,60182,18/08/2024,11:10:09,15,3,14.0,,,,2,,1.0,Cycle,S
IND,5555,32021,60182,18/08/2024,11:11:22,15,1,19.0,,,,2,,1.0,Cycle,S
IND,5555,32021,60182,18/08/2024,11:11:29,15,1,22.0,,,,2,,1.0,Cycle,S
IND,5555,32021,60182,18/08/2024,11:11:52,15,1,29.0,,,,2,,1.0,Cycle,S
IND,5555,32021,60182,18/08/2024,11:11:55,15,1,19.0,,,,2,,1.0,Cycle,S
IND,5555,32021,60182,18/08/2024,11:11:57,15,1,25.0,,,,2,,1.0,Cycle,S
IND,5555,32021,60182,18/08/2024,11:12:29,15,2,28.0,,,,2,,1.0,Cycle,S
IND,5555,32021,60182,18/08/2024,11:12:33,15,1,25.0,,,,2,,1.0,Cycle,S
IND,5555,32021,60182,18/08/2024,11:13:21,15,1,23.0,,,,2,,1.0,Cycle,S
IND,5555,32021,60182,18/08/2024,11:13:38,15,1,24.0,,,,2,,1.0,Cycle,S
IND,5555,32021,60182,18/08/2024,11:13:39,15,1,24.0,,,,2,,1.0,Cycle,S
IND,5555,32021,60182,18/08/2024,11:14:13,15,1,20.0,,,,2,,1.0,Cycle,S
IND,5555,32021,60182,18/08/2024,11:14:14,15,1,20.0,,,,2,,1.0,Cycle,S
IND,5555,32021,60182,18/08/2024,11:14:52,15,1,26.0,,,,2,,1.0,Cycle,S
IND,5555,32021,60182,18/08/2024,11:15:06,15,1,27.0,,,,2,,1.0,Cycle,S
IND,5555,32021,60182,18/08/2024,11:15:07,15,1,27.0,,,,2,,1.0,Cycle,S
IND,5555,32021,60182,18/08/2024,11:16:26,15,1,19.0,,,,2,,1.0,Cycle,S
IND,5555,32021,60182,18/08/2024,11:16:28,15,1,18.0,,,,2,,1.0,Cycle,S
IND,5555,32021,60182,18/08/2024,11:16:29,15,2,16.0,,,,2,,1.0,Cycle,S
IND,5555,32021,60182,18/08/2024,11:16:29,15,1,17.0,,,,2,,1.0,Cycle,S
IND,5555,32021,60182,18/08/2024,11:16:54,15,1,23.0,,,,2,,1.0,Cycle,S
IND,5555,32021,60182,18/08/2024,11:16:54,15,1,23.0,,,,2,,1.0,Cycle,S
IND,5555,32021,60182,18/08/2024,11:17:36,15,1,34.0,,,,2,,1.0,Cycle,S
IND,5555,32021,60182,18/08/2024,11:17:36,15,1,34.0,,,,2,,1.0,Cycle,S
IND,5555,32021,60182,18/08/2024,11:18:08,15,1,25.0,,,,2,,1.0,Cycle,S
IND,5555,32021,60182,18/08/2024,11:18:29,15,3,19.0,,,,2,,1.0,Cycle,S
IND,5555,32021,60182,18/08/2024,11:18:30,15,2,18.0,,,,2,,1.0,Cycle,S
IND,5555,32021,60182,18/08/2024,11:18:30,15,3,17.0,,,,2,,1.0,Cycle,S
IND,5555,32021,60182,18/08/2024,11:18:33,15,3,17.0,,,,2,,1.0,Cycle,S
IND,5555,32021,60182,18/08/2024,11:18:34,15,2,16.0,,,,2,,1.0,Cycle,S
IND,5555,32021,60182,18/08/2024,11:18:34,15,3,12.0,,,,2,,1.0,Cycle,S
IND,5555,32021,60182,18/08/2024,11:19:17,15,1,26.0,,,,2,,1.0,Cycle,S
IND,5555,32021,60182,18/08/2024,11:19:28,15,1,29.0,,,,2,,1.0,Cycle,S
IND,5555,32021,60182,18/08/2024,11:19:40,15,1,22.0,,,,2,,1.0,Cycle,S
IND,5555,32021,60182,18/08/2024,11:19:44,15,1,22.0,,,,2,,1.0,Cycle,S
IND,5555,32021,60182,18/08/2024,11:19:47,15,1,27.0,,,,2,,1.0,Cycle,S
IND,5555,32021,60182,18/08/2024,11:19:49,15,1,28.0,,,,2,,1.0,Cycle,S
IND,5555,32021,60182,18/08/2024,11:20:19,15,1,19.0,,,,2,,1.0,Cycle,S
IND,5555,32021,60182,18/08/2024,11:20:34,15,1,58.0,,,,2,,1.0,Cycle,S
IND,5555,32021,60182,18/08/2024,11:21:51,15,1,24.0,,,,2,,1.0,Cycle,S
IND,5555,32021,60182,18/08/2024,11:22:47,15,1,22.0,,,,2,,1.0,Cycle,S
IND,5555,32021,60182,18/08/2024,11:23:25,15,1,18.0,,,,2,,1.0,Cycle,S
IND,5555,32021,60182,18/08/2024,11:23:26,15,1,18.0,,,,2,,1.0,Cycle,S
IND,5555,32021,60182,18/08/2024,11:24:54,15,1,27.0,,,,2,,1.0,Cycle,S
IND,5555,32021,60182,18/08/2024,11:24:59,15,1,26.0,,,,2,,1.0,Cycle,S
IND,5555,32021,60182,18/08/2024,11:25:02,15,1,21.0,,,,2,,1.0,Cycle,S
IND,5555,32021,60182,18/08/2024,11:25:34,15,1,19.0,,,,2,,1.0,Cycle,S
IND,5555,32021,60182,18/08/2024,11:27:31,15,1,28.0,,,,2,,1.0,Cycle,S
IND,5555,32021,60182,18/08/2024,11:27:51,15,1,29.0,,,,2,,1.0,Cycle,S
IND,5555,32021,60182,18/08/2024,11:27:52,15,1,26.0,,,,2,,1.0,Cycle,S
IND,5555,32021,60182,18/08/2024,11:28:13,15,1,52.0,,,,2,,1.0,Cycle,S
IND,5555,32021,60182,18/08/2024,11:28:13,15,1,83.0,,,,2,,1.0,Cycle,S
IND,5555,32021,60182,18/08/2024,11:29:16,15,2,12.0,,,,2,,1.0,Cycle,S
IND,5555,32021,60182,18/08/2024,11:29:17,15,1,12.0,,,,2,,1.0,Cycle,S
IND,5555,32021,60182,18/08/2024,11:30:30,15,1,17.0,,,,2,,1.0,Cycle,S
IND,5555,32021,60182,18/08/2024,11:31:17,15,1,19.0,,,,2,,1.0,Cycle,S
IND,5555,32021,60182,18/08/2024,11:31:22,15,1,83.0,,,,2,,1.0,Cycle,S
IND,5555,32021,60182,18/08/2024,11:31:26,15,1,19.0,,,,2,,1.0,Cycle,S
IND,5555,32021,60182,18/08/2024,11:31:50,15,1,24.0,,,,2,,1.0,Cycle,S
IND,5555,32021,60182,18/08/2024,11:32:19,15,1,17.0,,,,2,,1.0,Cycle,S
IND,5555,32021,60182,18/08/2024,11:32:41,15,1,28.0,,,,2,,1.0,Cycle,S
IND,5555,32021,60182,18/08/2024,11:33:22,15,1,17.0,,,,2,,1.0,Cycle,S
IND,5555,32021,60182,18/08/2024,11:33:36,15,3,18.0,,,,2,,1.0,Cycle,S
IND,5555,32021,60182,18/08/2024,11:33:37,15,2,19.0,,,,2,,1.0,Cycle,S
IND,5555,32021,60182,18/08/2024,11:33:37,15,3,18.0,,,,2,,1.0,Cycle,S
IND,5555,32021,60182,18/08/2024,11:33:39,15,3,18.0,,,,2,,1.0,Cycle,S
IND,5555,32021,60182,18/08/2024,11:33:40,15,3,18.0,,,,2,,1.0,Cycle,S
IND,5555,32021,60182,18/08/2024,11:35:21,15,1,20.0,,,,2,,1.0,Cycle,S
IND,5555,32021,60182,18/08/2024,11:35:30,15,3,13.0,,,,2,,1.0,Cycle,S
IND,5555,32021,60182,18/08/2024,11:35:31,15,3,13.0,,,,2,,1.0,Cycle,S
IND,5555,32021,60182,18/08/2024,11:35:33,15,2,11.0,,,,2,,1.0,Cycle,S
IND,5555,32021,60182,18/08/2024,11:35:33,15,3,10.0,,,,2,,1.0,Cycle,S
IND,5555,32021,60182,18/08/2024,11:35:39,15,2,10.0,,,,2,,1.0,Cycle,S
IND,5555,32021,60182,18/08/2024,11:35:40,15,2,11.0,,,,2,,1.0,Cycle,S
IND,5555,32021,60182,18/08/2024,11:35:42,15,3,12.0,,,,2,,1.0,Cycle,S
IND,5555,32021,60182,18/08/2024,11:35:42,15,1,18.0,,,,2,,1.0,Cycle,S
IND,5555,32021,60182,18/08/2024,11:35:42,15,2,13.0,,,,2,,1.0,Cycle,S
IND,5555,32021,60182,18/08/2024,11:35:43,15,2,13.0,,,,2,,1.0,Cycle,S
IND,5555,32021,60182,18/08/2024,11:35:43,15,3,14.0,,,,2,,1.0,Cycle,S
IND,5555,32021,60182,18/08/2024,11:35:44,15,3,11.0,,,,2,,1.0,Cycle,S
IND,5555,32021,60182,18/08/2024,11:35:56,15,2,9.0,,,,2,,1.0,Cycle,S
IND,5555,32021,60182,18/08/2024,11:35:56,15,3,9.0,,,,2,,1.0,Cycle,S
IND,5555,32021,60182,18/08/2024,11:35:57,15,2,12.0,,,,2,,1.0,Cycle,S
IND,5555,32021,60182,18/08/2024,11:35:57,15,3,11.0,,,,2,,1.0,Cycle,S
IND,5555,32021,60182,18/08/2024,11:36:18,15,1,21.0,,,,2,,1.0,Cycle,S
IND,5555,32021,60182,18/08/2024,11:36:25,15,3,19.0,,,,2,,1.0,Cycle,S
IND,5555,32021,60182,18/08/2024,11:36:25,15,3,18.0,,,,2,,1.0,Cycle,S
IND,5555,32021,60182,18/08/2024,11:36:27,15,3,15.0,,,,2,,1.0,Cycle,S
IND,5555,32021,60182,18/08/2024,11:36:27,15,2,15.0,,,,2,,1.0,Cycle,S
IND,5555,32021,60182,18/08/2024,11:36:28,15,3,17.0,,,,2,,1.0,Cycle,S
IND,5555,32021,60182,18/08/2024,11:36:28,15,2,18.0,,,,2,,1.0,Cycle,S
IND,5555,32021,60182,18/08/2024,11:36:30,15,2,18.0,,,,2,,1.0,Cycle,S
IND,5555,32021,60182,18/08/2024,11:36:30,15,1,14.0,,,,2,,1.0,Cycle,S
IND,5555,32021,60182,18/08/2024,11:36:31,15,1,16.0,,,,2,,1.0,Cycle,S
IND,5555,32021,60182,18/08/2024,11:36:33,15,1,17.0,,,,2,,1.0,Cycle,S
IND,5555,32021,60182,18/08/2024,11:36:33,15,2,18.0,,,,2,,1.0,Cycle,S
IND,5555,32021,60182,18/08/2024,11:36:34,15,1,16.0,,,,2,,1.0,Cycle,S
IND,5555,32021,60182,18/08/2024,11:36:34,15,2,18.0,,,,2,,1.0,Cycle,S
IND,5555,32021,60182,18/08/2024,11:36:37,15,1,13.0,,,,2,,1.0,Cycle,S
IND,5555,32021,60182,18/08/2024,11:36:54,15,1,13.0,,,,2,,1.0,Cycle,S
IND,5555,32021,60182,18/08/2024,11:37:18,15,1,25.0,,,,2,,1.0,Cycle,S
IND,5555,32021,60182,18/08/2024,11:37:20,15,1,19.0,,,,2,,1.0,Cycle,S
IND,5555,32021,60182,18/08/2024,11:37:24,15,1,27.0,,,,2,,1.0,Cycle,S
IND,5555,32021,60182,18/08/2024,11:37:26,15,3,18.0,,,,2,,1.0,Cycle,S
IND,5555,32021,60182,18/08/2024,11:37:26,15,2,19.0,,,,2,,1.0,Cycle,S
IND,5555,32021,60182,18/08/2024,11:37:27,15,2,17.0,,,,2,,1.0,Cycle,S
IND,5555,32021,60182,18/08/2024,11:37:27,15,3,16.0,,,,2,,1.0,Cycle,S
IND,5555,32021,60182,18/08/2024,11:37:29,15,2,12.0,,,,2,,1.0,Cycle,S
IND,5555,32021,60182,18/08/2024,11:37:29,15,3,11.0,,,,2,,1.0,Cycle,S
IND,5555,32021,60182,18/08/2024,11:37:31,15,2,10.0,,,,2,,1.0,Cycle,S
IND,5555,32021,60182,18/08/2024,11:37:31,15,3,9.0,,,,2,,1.0,Cycle,S
IND,5555,32021,60182,18/08/2024,11:37:33,15,3,10.0,,,,2,,1.0,Cycle,S
IND,5555,32021,60182,18/08/2024,11:37:34,15,3,12.0,,,,2,,1.0,Cycle,S
IND,5555,32021,60182,18/08/2024,11:37:37,15,2,17.0,,,,2,,1.0,Cycle,S
IND,5555,32021,60182,18/08/2024,11:37:37,15,3,14.0,,,,2,,1.0,Cycle,S
IND,5555,32021,60182,18/08/2024,11:37:37,15,2,19.0,,,,2,,1.0,Cycle,S
IND,5555,32021,60182,18/08/2024,11:37:37,15,3,16.0,,,,2,,1.0,Cycle,S
IND,5555,32021,60182,18/08/2024,11:37:40,15,2,17.0,,,,2,,1.0,Cycle,S
IND,5555,32021,60182,18/08/2024,11:37:40,15,3,17.0,,,,2,,1.0,Cycle,S
IND,5555,32021,60182,18/08/2024,11:37:40,15,2,19.0,,,,2,,1.0,Cycle,S
IND,5555,32021,60182,18/08/2024,11:37:40,15,3,18.0,,,,2,,1.0,Cycle,S
IND,5555,32021,60182,18/08/2024,11:37:44,15,3,18.0,,,,2,,1.0,Cycle,S
IND,5555,32021,60182,18/08/2024,11:37:44,15,2,19.0,,,,2,,1.0,Cycle,S
IND,5555,32021,60182,18/08/2024,11:37:44,15,3,18.0,,,,2,,1.0,Cycle,S
IND,5555,32021,60182,18/08/2024,11:37:44,15,2,19.0,,,,2,,1.0,Cycle,S
IND,5555,32021,60182,18/08/2024,11:37:47,15,2,15.0,,,,2,,1.0,Cycle,S
IND,5555,32021,60182,18/08/2024,11:37:47,15,3,13.0,,,,2,,1.0,Cycle,S
IND,5555,32021,60182,18/08/2024,11:37:47,15,2,15.0,,,,2,,1.0,Cycle,S
IND,5555,32021,60182,18/08/2024,11:37:47,15,3,13.0,,,,2,,1.0,Cycle,S
IND,5555,32021,60182,18/08/2024,11:37:47,15,1,18.0,,,,2,,1.0,Cycle,S
IND,5555,32021,60182,18/08/2024,11:39:05,15,1,24.0,,,,2,,1.0,Cycle,S
IND,5555,32021,60182,18/08/2024,11:39:18,15,1,29.0,,,,2,,1.0,Cycle,S
IND,5555,32021,60182,18/08/2024,11:39:21,15,1,22.0,,,,2,,1.0,Cycle,S
IND,5555,32021,60182,18/08/2024,11:39:26,15,1,22.0,,,,2,,1.0,Cycle,S
IND,5555,32021,60182,18/08/2024,11:39:33,15,1,19.0,,,,2,,1.0,Cycle,S
IND,5555,32021,60182,18/08/2024,11:39:36,15,1,24.0,,,,2,,1.0,Cycle,S
IND,5555,32021,60182,18/08/2024,11:40:25,15,1,24.0,,,,2,,1.0,Cycle,S
IND,5555,32021,60182,18/08/2024,11:40:26,15,1,13.0,,,,2,,1.0,Cycle,S
IND,5555,32021,60182,18/08/2024,11:40:26,15,2,14.0,,,,2,,1.0,Cycle,S
IND,5555,32021,60182,18/08/2024,11:40:26,15,1,15.0,,,,2,,1.0,Cycle,S
IND,5555,32021,60182,18/08/2024,11:40:27,15,2,17.0,,,,2,,1.0,Cycle,S
IND,5555,32021,60182,18/08/2024,11:40:28,15,1,19.0,,,,2,,1.0,Cycle,S
IND,5555,32021,60182,18/08/2024,11:40:33,15,1,31.0,,,,2,,1.0,Cycle,S
IND,5555,32021,60182,18/08/2024,11:40:40,15,1,25.0,,,,2,,1.0,Cycle,S
IND,5555,32021,60182,18/08/2024,11:41:16,15,1,20.0,,,,2,,1.0,Cycle,S
IND,5555,32021,60182,18/08/2024,11:41:25,15,3,14.0,,,,2,,1.0,Cycle,S
IND,5555,32021,60182,18/08/2024,11:41:25,15,2,14.0,,,,2,,1.0,Cycle,S
IND,5555,32021,60182,18/08/2024,11:41:26,15,1,24.0,,,,2,,1.0,Cycle,S
IND,5555,32021,60182,18/08/2024,11:41:26,15,3,13.0,,,,2,,1.0,Cycle,S
IND,5555,32021,60182,18/08/2024,11:41:26,15,2,13.0,,,,2,,1.0,Cycle,S
IND,5555,32021,60182,18/08/2024,11:41:28,15,2,15.0,,,,2,,1.0,Cycle,S
IND,5555,32021,60182,18/08/2024,11:41:28,15,3,13.0,,,,2,,1.0,Cycle,S
IND,5555,32021,60182,18/08/2024,11:41:28,15,2,17.0,,,,2,,1.0,Cycle,S
IND,5555,32021,60182,18/08/2024,11:41:28,15,3,15.0,,,,2,,1.0,Cycle,S
IND,5555,32021,60182,18/08/2024,11:41:30,15,2,15.0,,,,2,,1.0,Cycle,S
IND,5555,32021,60182,18/08/2024,11:41:30,15,3,14.0,,,,2,,1.0,Cycle,S
IND,5555,32021,60182,18/08/2024,11:41:31,15,2,18.0,,,,2,,1.0,Cycle,S
IND,5555,32021,60182,18/08/2024,11:41:31,15,3,16.0,,,,2,,1.0,Cycle,S
IND,5555,32021,60182,18/08/2024,11:41:33,15,3,19.0,,,,2,,1.0,Cycle,S
IND,5555,32021,60182,18/08/2024,11:41:34,15,3,18.0,,,,2,,1.0,Cycle,S
IND,5555,32021,60182,18/08/2024,11:41:38,15,3,19.0,,,,2,,1.0,Cycle,S
IND,5555,32021,60182,18/08/2024,11:41:39,15,3,18.0,,,,2,,1.0,Cycle,S
IND,5555,32021,60182,18/08/2024,11:41:54,15,1,22.0,,,,2,,1.0,Cycle,S
IND,5555,32021,60182,18/08/2024,11:42:18,15,1,17.0,,,,2,,1.0,Cycle,S
IND,5555,32021,60182,18/08/2024,11:42:20,15,1,17.0,,,,2,,1.0,Cycle,S
IND,5555,32021,60182,18/08/2024,11:42:45,15,1,20.0,,,,2,,1.0,Cycle,S
IND,5555,32021,60182,18/08/2024,11:43:32,15,1,18.0,,,,2,,1.0,Cycle,S
IND,5555,32021,60182,18/08/2024,11:43:42,15,1,19.0,,,,2,,1.0,Cycle,S
IND,5555,32021,60182,18/08/2024,11:43:57,15,2,14.0,,,,2,,1.0,Cycle,S
IND,5555,32021,60182,18/08/2024,11:43:58,15,3,9.0,,,,2,,1.0,Cycle,S
IND,5555,32021,60182,18/08/2024,11:43:59,15,3,15.0,,,,2,,1.0,Cycle,S
IND,5555,32021,60182,18/08/2024,11:43:59,15,3,13.0,,,,2,,1.0,Cycle,S
IND,5555,32021,60182,18/08/2024,11:43:59,15,2,11.0,,,,2,,1.0,Cycle,S
IND,5555,32021,60182,18/08/2024,11:43:59,15,2,11.0,,,,2,,1.0,Cycle,S
IND,5555,32021,60182,18/08/2024,11:44:00,15,1,10.0,,,,2,,1.0,Cycle,S
IND,5555,32021,60182,18/08/2024,11:44:00,15,1,10.0,,,,2,,1.0,Cycle,S
IND,5555,32021,60182,18/08/2024,11:44:02,15,3,17.0,,,,2,,1.0,Cycle,S
IND,5555,32021,60182,18/08/2024,11:44:03,15,2,18.0,,,,2,,1.0,Cycle,S
IND,5555,32021,60182,18/08/2024,11:44:03,15,3,17.0,,,,2,,1.0,Cycle,S
IND,5555,32021,60182,18/08/2024,11:44:09,15,1,22.0,,,,2,,1.0,Cycle,S
IND,5555,32021,60182,18/08/2024,11:44:10,15,1,19.0,,,,2,,1.0,Cycle,S
IND,5555,32021,60182,18/08/2024,11:44:23,15,3,19.0,,,,2,,1.0,Cycle,S
IND,5555,32021,60182,18/08/2024,11:44:24,15,3,19.0,,,,2,,1.0,Cycle,S
IND,5555,32021,60182,18/08/2024,11:44:26,15,2,17.0,,,,2,,1.0,Cycle,S
IND,5555,32021,60182,18/08/2024,11:44:26,15,3,15.0,,,,2,,1.0,Cycle,S
IND,5555,32021,60182,18/08/2024,11:44:27,15,2,15.0,,,,2,,1.0,Cycle,S
IND,5555,32021,60182,18/08/2024,11:44:27,15,3,13.0,,,,2,,1.0,Cycle,S
IND,5555,32021,60182,18/08/2024,11:45:06,15,1,28.0,,,,2,,1.0,Cycle,S
IND,5555,32021,60182,18/08/2024,11:45:31,15,1,21.0,,,,2,,1.0,Cycle,S
IND,5555,32021,60182,18/08/2024,11:45:53,15,1,25.0,,,,2,,1.0,Cycle,S
IND,5555,32021,60182,18/08/2024,11:46:04,15,1,28.0,,,,2,,1.0,Cycle,S
IND,5555,32021,60182,18/08/2024,11:46:29,15,1,24.0,,,,2,,1.0,Cycle,S
IND,5555,32021,60182,18/08/2024,11:47:45,15,1,16.0,,,,2,,1.0,Cycle,S
IND,5555,32021,60182,18/08/2024,11:48:17,15,1,29.0,,,,2,,1.0,Cycle,S
IND,5555,32021,60182,18/08/2024,11:48:33,15,1,36.0,,,,2,,1.0,Cycle,S
IND,5555,32021,60182,18/08/2024,11:48:36,15,1,21.0,,,,2,,1.0,Cycle,S
IND,5555,32021,60182,18/08/2024,11:48:37,15,1,21.0,,,,2,,1.0,Cycle,S
IND,5555,32021,60182,18/08/2024,11:48:44,15,2,24.0,,,,2,,1.0,Cycle,S
IND,5555,32021,60182,18/08/2024,11:48:50,15,1,28.0,,,,2,,1.0,Cycle,S
IND,5555,32021,60182,18/08/2024,11:48:57,15,1,28.0,,,,2,,1.0,Cycle,S
IND,5555,32021,60182,18/08/2024,11:49:00,15,2,19.0,,,,2,,1.0,Cycle,S
IND,5555,32021,60182,18/08/2024,11:49:00,15,3,16.0,,,,2,,1.0,Cycle,S
IND,5555,32021,60182,18/08/2024,11:49:01,15,2,11.0,,,,2,,1.0,Cycle,S
IND,5555,32021,60182,18/08/2024,11:49:01,15,3,10.0,,,,2,,1.0,Cycle,S
IND,5555,32021,60182,18/08/2024,11:49:08,15,3,11.0,,,,2,,1.0,Cycle,S
IND,5555,32021,60182,18/08/2024,11:49:10,15,2,15.0,,,,2,,1.0,Cycle,S
IND,5555,32021,60182,18/08/2024,11:49:10,15,3,14.0,,,,2,,1.0,Cycle,S
IND,5555,32021,60182,18/08/2024,11:49:11,15,3,18.0,,,,2,,1.0,Cycle,S
IND,5555,32021,60182,18/08/2024,11:49:11,15,2,18.0,,,,2,,1.0,Cycle,S
IND,5555,32021,60182,18/08/2024,11:49:14,15,3,19.0,,,,2,,1.0,Cycle,S
IND,5555,32021,60182,18/08/2024,11:49:18,15,3,19.0,,,,2,,1.0,Cycle,S
IND,5555,32021,60182,18/08/2024,11:49:18,15,3,18.0,,,,2,,1.0,Cycle,S
IND,5555,32021,60182,18/08/2024,11:49:20,15,2,18.0,,,,2,,1.0,Cycle,S
IND,5555,32021,60182,18/08/2024,11:49:20,15,3,16.0,,,,2,,1.0,Cycle,S
IND,5555,32021,60182,18/08/2024,11:49:21,15,2,18.0,,,,2,,1.0,Cycle,S
IND,5555,32021,60182,18/08/2024,11:49:21,15,3,16.0,,,,2,,1.0,Cycle,S
IND,5555,32021,60182,18/08/2024,11:49:22,15,2,19.0,,,,2,,1.0,Cycle,S
IND,5555,32021,60182,18/08/2024,11:49:22,15,3,17.0,,,,2,,1.0,Cycle,S
IND,5555,32021,60182,18/08/2024,11:49:23,15,2,16.0,,,,2,,1.0,Cycle,S
IND,5555,32021,60182,18/08/2024,11:49:23,15,3,15.0,,,,2,,1.0,Cycle,S
IND,5555,32021,60182,18/08/2024,11:49:52,15,1,24.0,,,,2,,1.0,Cycle,S
IND,5555,32021,60182,18/08/2024,11:49:56,15,2,13.0,,,,2,,1.0,Cycle,S
IND,5555,32021,60182,18/08/2024,11:49:56,15,1,12.0,,,,2,,1.0,Cycle,S
IND,5555,32021,60182,18/08/2024,11:49:57,15,2,15.0,,,,2,,1.0,Cycle,S
IND,5555,32021,60182,18/08/2024,11:49:57,15,1,15.0,,,,2,,1.0,Cycle,S
IND,5555,32021,60182,18/08/2024,11:50:00,15,2,17.0,,,,2,,1.0,Cycle,S
IND,5555,32021,60182,18/08/2024,11:50:00,15,3,16.0,,,,2,,1.0,Cycle,S
IND,5555,32021,60182,18/08/2024,11:50:01,15,2,14.0,,,,2,,1.0,Cycle,S
IND,5555,32021,60182,18/08/2024,11:50:01,15,3,13.0,,,,2,,1.0,Cycle,S
IND,5555,32021,60182,18/08/2024,11:50:09,15,2,10.0,,,,2,,1.0,Cycle,S
IND,5555,32021,60182,18/08/2024,11:50:09,15,3,9.0,,,,2,,1.0,Cycle,S
IND,5555,32021,60182,18/08/2024,11:50:10,15,2,13.0,,,,2,,1.0,Cycle,S
IND,5555,32021,60182,18/08/2024,11:50:10,15,3,12.0,,,,2,,1.0,Cycle,S
IND,5555,32021,60182,18/08/2024,11:50:12,15,2,18.0,,,,2,,1.0,Cycle,S
IND,5555,32021,60182,18/08/2024,11:50:12,15,3,16.0,,,,2,,1.0,Cycle,S
IND,5555,32021,60182,18/08/2024,11:50:13,15,2,19.0,,,,2,,1.0,Cycle,S
IND,5555,32021,60182,18/08/2024,11:50:13,15,3,17.0,,,,2,,1.0,Cycle,S
IND,5555,32021,60182,18/08/2024,11:50:15,15,3,16.0,,,,2,,1.0,Cycle,S
IND,5555,32021,60182,18/08/2024,11:50:15,15,2,17.0,,,,2,,1.0,Cycle,S
IND,5555,32021,60182,18/08/2024,11:50:15,15,3,17.0,,,,2,,1.0,Cycle,S
IND,5555,32021,60182,18/08/2024,11:50:15,15,2,17.0,,,,2,,1.0,Cycle,S
IND,5555,32021,60182,18/08/2024,11:50:17,15,3,18.0,,,,2,,1.0,Cycle,S
IND,5555,32021,60182,18/08/2024,11:50:18,15,3,19.0,,,,2,,1.0,Cycle,S
IND,5555,32021,60182,18/08/2024,11:50:39,15,1,22.0,,,,2,,1.0,Cycle,S
IND,5555,32021,60182,18/08/2024,11:50:41,15,1,17.0,,,,2,,1.0,Cycle,S
IND,5555,32021,60182,18/08/2024,11:50:41,15,1,17.0,,,,2,,1.0,Cycle,S
IND,5555,32021,60182,18/08/2024,11:51:33,15,1,21.0,,,,2,,1.0,Cycle,S
IND,5555,32021,60182,18/08/2024,11:51:33,15,1,21.0,,,,2,,1.0,Cycle,S
IND,5555,32021,60182,18/08/2024,11:51:50,15,1,22.0,,,,2,,1.0,Cycle,S
IND,5555,32021,60182,18/08/2024,11:53:22,15,1,17.0,,,,2,,1.0,Cycle,S
IND,5555,32021,60182,18/08/2024,11:55:20,15,1,26.0,,,,2,,1.0,Cycle,S
IND,5555,32021,60182,18/08/2024,11:55:21,15,1,21.0,,,,2,,1.0,Cycle,S
IND,5555,32021,60182,18/08/2024,11:55:21,15,1,22.0,,,,2,,1.0,Cycle,S
IND,5555,32021,60182,18/08/2024,11:55:26,15,1,22.0,,,,2,,1.0,Cycle,S
IND,5555,32021,60182,18/08/2024,11:55:32,15,1,22.0,,,,2,,1.0,Cycle,S
IND,5555,32021,60182,18/08/2024,11:55:45,15,1,33.0,,,,2,,1.0,Cycle,S
IND,5555,32021,60182,18/08/2024,11:57:06,15,1,19.0,,,,2,,1.0,Cycle,S
IND,5555,32021,60182,18/08/2024,11:57:31,15,1,21.0,,,,2,,1.0,Cycle,S
IND,5555,32021,60182,18/08/2024,11:57:31,15,1,21.0,,,,2,,1.0,Cycle,S
IND,5555,32021,60182,18/08/2024,11:57:45,15,3,18.0,,,,2,,1.0,Cycle,S
IND,5555,32021,60182,18/08/2024,11:57:46,15,3,18.0,,,,2,,1.0,Cycle,S
IND,5555,32021,60182,18/08/2024,11:57:51,15,3,18.0,,,,2,,1.0,Cycle,S
IND,5555,32021,60182,18/08/2024,11:57:51,15,2,18.0,,,,2,,1.0,Cycle,S
IND,5555,32021,60182,18/08/2024,11:57:51,15,3,17.0,,,,2,,1.0,Cycle,S
IND,5555,32021,60182,18/08/2024,11:58:26,15,1,19.0,,,,2,,1.0,Cycle,S
IND,5555,32021,60182,18/08/2024,11:58:29,15,3,15.0,,,,2,,1.0,Cycle,S
IND,5555,32021,60182,18/08/2024,11:58:32,15,2,19.0,,,,2,,1.0,Cycle,S
IND,5555,32021,60182,18/08/2024,11:58:32,15,3,16.0,,,,2,,1.0,Cycle,S
IND,5555,32021,60182,18/08/2024,11:58:32,15,3,16.0,,,,2,,1.0,Cycle,S
IND,5555,32021,60182,18/08/2024,12:00:43,15,3,18.0,,,,2,,1.0,Cycle,S
IND,5555,32021,60182,18/08/2024,12:00:46,15,2,16.0,,,,2,,1.0,Cycle,S
IND,5555,32021,60182,18/08/2024,12:00:46,15,3,14.0,,,,2,,1.0,Cycle,S
IND,5555,32021,60182,18/08/2024,12:00:46,15,2,12.0,,,,2,,1.0,Cycle,S
IND,5555,32021,60182,18/08/2024,12:00:46,15,3,11.0,,,,2,,1.0,Cycle,S
IND,5555,32021,60182,18/08/2024,12:01:27,15,1,20.0,,,,2,,1.0,Cycle,S
IND,5555,32021,60182,18/08/2024,12:02:02,15,3,18.0,,,,2,,1.0,Cycle,S
IND,5555,32021,60182,18/08/2024,12:03:12,15,1,25.0,,,,2,,1.0,Cycle,S
IND,5555,32021,60182,18/08/2024,12:03:12,15,1,25.0,,,,2,,1.0,Cycle,S
IND,5555,32021,60182,18/08/2024,12:03:31,15,1,24.0,,,,2,,1.0,Cycle,S
IND,5555,32021,60182,18/08/2024,12:03:54,15,1,21.0,,,,2,,1.0,Cycle,S
IND,5555,32021,60182,18/08/2024,12:03:55,15,1,19.0,,,,2,,1.0,Cycle,S
IND,5555,32021,60182,18/08/2024,12:04:56,15,3,19.0,,,,2,,1.0,Cycle,S
IND,5555,32021,60182,18/08/2024,12:04:56,15,3,18.0,,,,2,,1.0,Cycle,S
IND,5555,32021,60182,18/08/2024,12:04:58,15,2,19.0,,,,2,,1.0,Cycle,S
IND,5555,32021,60182,18/08/2024,12:04:58,15,3,19.0,,,,2,,1.0,Cycle,S
IND,5555,32021,60182,18/08/2024,12:04:59,15,2,19.0,,,,2,,1.0,Cycle,S
IND,5555,32021,60182,18/08/2024,12:04:59,15,3,17.0,,,,2,,1.0,Cycle,S
IND,5555,32021,60182,18/08/2024,12:06:35,15,1,22.0,,,,2,,1.0,Cycle,S
IND,5555,32021,60182,18/08/2024,12:08:16,15,2,23.0,,,,2,,1.0,Cycle,S
IND,5555,32021,60182,18/08/2024,12:08:18,15,1,21.0,,,,2,,1.0,Cycle,S
IND,5555,32021,60182,18/08/2024,12:08:19,15,1,22.0,,,,2,,1.0,Cycle,S
IND,5555,32021,60182,18/08/2024,12:08:55,15,3,17.0,,,,2,,1.0,Cycle,S
IND,5555,32021,60182,18/08/2024,12:10:00,15,1,72.0,,,,2,,1.0,Cycle,S
IND,5555,32021,60182,18/08/2024,12:10:29,15,1,16.0,,,,2,,1.0,Cycle,S
IND,5555,32021,60182,18/08/2024,12:10:37,15,2,19.0,,,,2,,1.0,Cycle,S
IND,5555,32021,60182,18/08/2024,12:10:37,15,3,18.0,,,,2,,1.0,Cycle,S
IND,5555,32021,60182,18/08/2024,12:10:40,15,2,11.0,,,,2,,1.0,Cycle,S
IND,5555,32021,60182,18/08/2024,12:10:40,15,3,9.0,,,,2,,1.0,Cycle,S
IND,5555,32021,60182,18/08/2024,12:10:46,15,2,9.0,,,,2,,1.0,Cycle,S
IND,5555,32021,60182,18/08/2024,12:10:47,15,1,18.0,,,,2,,1.0,Cycle,S
IND,5555,32021,60182,18/08/2024,12:10:49,15,2,17.0,,,,2,,1.0,Cycle,S
IND,5555,32021,60182,18/08/2024,12:10:49,15,3,14.0,,,,2,,1.0,Cycle,S
IND,5555,32021,60182,18/08/2024,12:10:49,15,2,17.0,,,,2,,1.0,Cycle,S
IND,5555,32021,60182,18/08/2024,12:10:50,15,3,14.0,,,,2,,1.0,Cycle,S
IND,5555,32021,60182,18/08/2024,12:10:52,15,2,18.0,,,,2,,1.0,Cycle,S
IND,5555,32021,60182,18/08/2024,12:10:52,15,3,16.0,,,,2,,1.0,Cycle,S
IND,5555,32021,60182,18/08/2024,12:10:53,15,3,16.0,,,,2,,1.0,Cycle,S
IND,5555,32021,60182,18/08/2024,12:10:56,15,1,32.0,,,,2,,1.0,Cycle,S
IND,5555,32021,60182,18/08/2024,12:11:08,15,1,22.0,,,,2,,1.0,Cycle,S
IND,5555,32021,60182,18/08/2024,12:11:10,15,3,15.0,,,,2,,1.0,Cycle,S
IND,5555,32021,60182,18/08/2024,12:11:10,15,3,16.0,,,,2,,1.0,Cycle,S
IND,5555,32021,60182,18/08/2024,12:11:41,15,1,22.0,,,,2,,1.0,Cycle,S
IND,5555,32021,60182,18/08/2024,12:12:36,15,1,28.0,,,,2,,1.0,Cycle,S
IND,5555,32021,60182,18/08/2024,12:14:18,15,3,19.0,,,,2,,1.0,Cycle,S
IND,5555,32021,60182,18/08/2024,12:14:22,15,3,19.0,,,,2,,1.0,Cycle,S
IND,5555,32021,60182,18/08/2024,12:14:29,15,3,18.0,,,,2,,1.0,Cycle,S
IND,5555,32021,60182,18/08/2024,12:14:30,15,2,18.0,,,,2,,1.0,Cycle,S
IND,5555,32021,60182,18/08/2024,12:14:30,15,3,16.0,,,,2,,1.0,Cycle,S
IND,5555,32021,60182,18/08/2024,12:14:47,15,2,9.0,,,,2,,1.0,Cycle,S
IND,5555,32021,60182,18/08/2024,12:14:50,15,2,13.0,,,,2,,1.0,Cycle,S
IND,5555,32021,60182,18/08/2024,12:14:50,15,3,12.0,,,,2,,1.0,Cycle,S
IND,5555,32021,60182,18/08/2024,12:14:51,15,2,16.0,,,,2,,1.0,Cycle,S
IND,5555,32021,60182,18/08/2024,12:14:51,15,3,14.0,,,,2,,1.0,Cycle,S
IND,5555,32021,60182,18/08/2024,12:14:52,15,3,15.0,,,,2,,1.0,Cycle,S
IND,5555,32021,60182,18/08/2024,12:14:52,15,3,16.0,,,,2,,1.0,Cycle,S
IND,5555,32021,60182,18/08/2024,12:14:54,15,2,19.0,,,,2,,1.0,Cycle,S
IND,5555,32021,60182,18/08/2024,12:14:54,15,3,16.0,,,,2,,1.0,Cycle,S
IND,5555,32021,60182,18/08/2024,12:14:54,15,2,19.0,,,,2,,1.0,Cycle,S
IND,5555,32021,60182,18/08/2024,12:14:54,15,3,18.0,,,,2,,1.0,Cycle,S
IND,5555,32021,60182,18/08/2024,12:14:56,15,2,19.0,,,,2,,1.0,Cycle,S
IND,5555,32021,60182,18/08/2024,12:14:56,15,3,18.0,,,,2,,1.0,Cycle,S
IND,5555,32021,60182,18/08/2024,12:14:56,15,3,18.0,,,,2,,1.0,Cycle,S
IND,5555,32021,60182,18/08/2024,12:17:39,15,1,26.0,,,,2,,1.0,Cycle,S
IND,5555,32021,60182,18/08/2024,12:19:41,15,3,19.0,,,,2,,1.0,Cycle,S
IND,5555,32021,60182,18/08/2024,12:19:41,15,2,19.0,,,,2,,1.0,Cycle,S
IND,5555,32021,60182,18/08/2024,12:19:41,15,3,16.0,,,,2,,1.0,Cycle,S
IND,5555,32021,60182,18/08/2024,12:19:51,15,3,17.0,,,,2,,1.0,Cycle,S
IND,5555,32021,60182,18/08/2024,12:19:52,15,3,17.0,,,,2,,1.0,Cycle,S
IND,5555,32021,60182,18/08/2024,12:19:54,15,2,19.0,,,,2,,1.0,Cycle,S
IND,5555,32021,60182,18/08/2024,12:19:54,15,3,15.0,,,,2,,1.0,Cycle,S
IND,5555,32021,60182,18/08/2024,12:19:55,15,2,16.0,,,,2,,1.0,Cycle,S
IND,5555,32021,60182,18/08/2024,12:19:55,15,3,13.0,,,,2,,1.0,Cycle,S
IND,5555,32021,60182,18/08/2024,12:19:58,15,2,17.0,,,,2,,1.0,Cycle,S
IND,5555,32021,60182,18/08/2024,12:19:58,15,3,14.0,,,,2,,1.0,Cycle,S
IND,5555,32021,60182,18/08/2024,12:19:59,15,2,17.0,,,,2,,1.0,Cycle,S
IND,5555,32021,60182,18/08/2024,12:19:59,15,3,14.0,,,,2,,1.0,Cycle,S
IND,5555,32021,60182,18/08/2024,12:20:02,15,2,16.0,,,,2,,1.0,Cycle,S
IND,5555,32021,60182,18/08/2024,12:20:02,15,3,15.0,,,,2,,1.0,Cycle,S
IND,5555,32021,60182,18/08/2024,12:20:02,15,3,17.0,,,,2,,1.0,Cycle,S
IND,5555,32021,60182,18/08/2024,12:20:02,15,2,17.0,,,,2,,1.0,Cycle,S
IND,5555,32021,60182,18/08/2024,12:20:34,15,1,24.0,,,,2,,1.0,Cycle,S
IND,5555,32021,60182,18/08/2024,12:20:35,15,1,22.0,,,,2,,1.0,Cycle,S
IND,5555,32021,60182,18/08/2024,12:21:23,15,1,66.0,,,,2,,1.0,Cycle,S
IND,5555,32021,60182,18/08/2024,12:22:47,15,1,24.0,,,,2,,1.0,Cycle,S
IND,5555,32021,60182,18/08/2024,12:23:29,15,3,23.0,,,,2,,1.0,Cycle,S
IND,5555,32021,60182,18/08/2024,12:25:05,15,1,24.0,,,,2,,1.0,Cycle,S
IND,5555,32021,60182,18/08/2024,12:25:49,15,1,22.0,,,,2,,1.0,Cycle,S
IND,5555,32021,60182,18/08/2024,12:26:26,15,1,16.0,,,,2,,1.0,Cycle,S
IND,5555,32021,60182,18/08/2024,12:26:26,15,1,15.0,,,,2,,1.0,Cycle,S
IND,5555,32021,60182,18/08/2024,12:28:39,15,3,13.0,,,,2,,1.0,Cycle,S
IND,5555,32021,60182,18/08/2024,12:28:42,15,2,11.0,,,,2,,1.0,Cycle,S
IND,5555,32021,60182,18/08/2024,12:28:42,15,3,10.0,,,,2,,1.0,Cycle,S
IND,5555,32021,60182,18/08/2024,12:28:43,15,2,11.0,,,,2,,1.0,Cycle,S
IND,5555,32021,60182,18/08/2024,12:28:43,15,3,10.0,,,,2,,1.0,Cycle,S
IND,5555,32021,60182,18/08/2024,12:28:46,15,2,17.0,,,,2,,1.0,Cycle,S
IND,5555,32021,60182,18/08/2024,12:28:46,15,3,14.0,,,,2,,1.0,Cycle,S
IND,5555,32021,60182,18/08/2024,12:28:47,15,2,17.0,,,,2,,1.0,Cycle,S
IND,5555,32021,60182,18/08/2024,12:28:47,15,3,14.0,,,,2,,1.0,Cycle,S
IND,5555,32021,60182,18/08/2024,12:28:50,15,2,14.0,,,,2,,1.0,Cycle,S
IND,5555,32021,60182,18/08/2024,12:28:50,15,3,12.0,,,,2,,1.0,Cycle,S
IND,5555,32021,60182,18/08/2024,12:28:51,15,2,11.0,,,,2,,1.0,Cycle,S
IND,5555,32021,60182,18/08/2024,12:28:51,15,3,10.0,,,,2,,1.0,Cycle,S
IND,5555,32021,60182,18/08/2024,12:28:57,15,2,10.0,,,,2,,1.0,Cycle,S
IND,5555,32021,60182,18/08/2024,12:28:57,15,3,10.0,,,,2,,1.0,Cycle,S
IND,5555,32021,60182,18/08/2024,12:29:00,15,2,13.0,,,,2,,1.0,Cycle,S
IND,5555,32021,60182,18/08/2024,12:29:00,15,3,12.0,,,,2,,1.0,Cycle,S
IND,5555,32021,60182,18/08/2024,12:29:00,15,2,13.0,,,,2,,1.0,Cycle,S
IND,5555,32021,60182,18/08/2024,12:29:00,15,3,12.0,,,,2,,1.0,Cycle,S
IND,5555,32021,60182,18/08/2024,12:29:03,15,2,13.0,,,,2,,1.0,Cycle,S
IND,5555,32021,60182,18/08/2024,12:29:03,15,3,12.0,,,,2,,1.0,Cycle,S
IND,5555,32021,60182,18/08/2024,12:29:03,15,2,13.0,,,,2,,1.0,Cycle,S
IND,5555,32021,60182,18/08/2024,12:29:03,15,3,12.0,,,,2,,1.0,Cycle,S
IND,5555,32021,60182,18/08/2024,12:29:07,15,3,18.0,,,,2,,1.0,Cycle,S
IND,5555,32021,60182,18/08/2024,12:29:08,15,2,19.0,,,,2,,1.0,Cycle,S
IND,5555,32021,60182,18/08/2024,12:29:08,15,3,17.0,,,,2,,1.0,Cycle,S
IND,5555,32021,60182,18/08/2024,12:29:10,15,3,18.0,,,,2,,1.0,Cycle,S
IND,5555,32021,60182,18/08/2024,12:29:10,15,2,19.0,,,,2,,1.0,Cycle,S
IND,5555,32021,60182,18/08/2024,12:29:10,15,3,17.0,,,,2,,1.0,Cycle,S
IND,5555,32021,60182,18/08/2024,12:30:55,15,3,17.0,,,,2,,1.0,Cycle,S
IND,5555,32021,60182,18/08/2024,12:30:56,15,2,12.0,,,,2,,1.0,Cycle,S
IND,5555,32021,60182,18/08/2024,12:30:56,15,3,10.0,,,,2,,1.0,Cycle,S
IND,5555,32021,60182,18/08/2024,12:31:22,15,1,21.0,,,,2,,1.0,Cycle,S
IND,5555,32021,60182,18/08/2024,12:31:57,15,1,31.0,,,,2,,1.0,Cycle,S
IND,5555,32021,60182,18/08/2024,12:31:57,15,1,25.0,,,,2,,1.0,Cycle,S
IND,5555,32021,60182,18/08/2024,12:31:57,15,1,27.0,,,,2,,1.0,Cycle,S
IND,5555,32021,60182,18/08/2024,12:31:58,15,1,28.0,,,,2,,1.0,Cycle,S
IND,5555,32021,60182,18/08/2024,12:32:54,15,1,23.0,,,,2,,1.0,Cycle,S
IND,5555,32021,60182,18/08/2024,12:35:30,15,1,18.0,,,,2,,1.0,Cycle,S
IND,5555,32021,60182,18/08/2024,12:35:30,15,1,19.0,,,,2,,1.0,Cycle,S
IND,5555,32021,60182,18/08/2024,12:36:26,15,1,21.0,,,,2,,1.0,Cycle,S
IND,5555,32021,60182,18/08/2024,12:38:27,15,1,26.0,,,,2,,1.0,Cycle,S
IND,5555,32021,60182,18/08/2024,12:41:02,15,1,16.0,,,,2,,1.0,Cycle,S
IND,5555,32021,60182,18/08/2024,12:41:33,15,3,19.0,,,,2,,1.0,Cycle,S
IND,5555,32021,60182,18/08/2024,12:41:34,15,2,19.0,,,,2,,1.0,Cycle,S
IND,5555,32021,60182,18/08/2024,12:41:34,15,3,15.0,,,,2,,1.0,Cycle,S
IND,5555,32021,60182,18/08/2024,12:41:34,15,1,19.0,,,,2,,1.0,Cycle,S
IND,5555,32021,60182,18/08/2024,12:41:37,15,2,16.0,,,,2,,1.0,Cycle,S
IND,5555,32021,60182,18/08/2024,12:41:37,15,3,13.0,,,,2,,1.0,Cycle,S
IND,5555,32021,60182,18/08/2024,12:41:38,15,3,13.0,,,,2,,1.0,Cycle,S
IND,5555,32021,60182,18/08/2024,12:41:39,15,1,25.0,,,,2,,1.0,Cycle,S
IND,5555,32021,60182,18/08/2024,12:41:41,15,3,12.0,,,,2,,1.0,Cycle,S
IND,5555,32021,60182,18/08/2024,12:41:42,15,3,11.0,,,,2,,1.0,Cycle,S
IND,5555,32021,60182,18/08/2024,12:41:43,15,1,23.0,,,,2,,1.0,Cycle,S
IND,5555,32021,60182,18/08/2024,12:41:43,15,1,23.0,,,,2,,1.0,Cycle,S
IND,5555,32021,60182,18/08/2024,12:41:45,15,2,18.0,,,,2,,1.0,Cycle,S
IND,5555,32021,60182,18/08/2024,12:41:45,15,3,16.0,,,,2,,1.0,Cycle,S
IND,5555,32021,60182,18/08/2024,12:41:46,15,2,18.0,,,,2,,1.0,Cycle,S
IND,5555,32021,60182,18/08/2024,12:41:46,15,3,16.0,,,,2,,1.0,Cycle,S
IND,5555,32021,60182,18/08/2024,12:41:50,15,2,19.0,,,,2,,1.0,Cycle,S
IND,5555,32021,60182,18/08/2024,12:41:50,15,3,18.0,,,,2,,1.0,Cycle,S
IND,5555,32021,60182,18/08/2024,12:41:50,15,2,18.0,,,,2,,1.0,Cycle,S
IND,5555,32021,60182,18/08/2024,12:41:50,15,3,16.0,,,,2,,1.0,Cycle,S
IND,5555,32021,60182,18/08/2024,12:41:52,15,2,17.0,,,,2,,1.0,Cycle,S
IND,5555,32021,60182,18/08/2024,12:41:52,15,3,14.0,,,,2,,1.0,Cycle,S
IND,5555,32021,60182,18/08/2024,12:41:53,15,2,15.0,,,,2,,1.0,Cycle,S
IND,5555,32021,60182,18/08/2024,12:41:53,15,3,14.0,,,,2,,1.0,Cycle,S
IND,5555,32021,60182,18/08/2024,12:41:56,15,2,11.0,,,,2,,1.0,Cycle,S
IND,5555,32021,60182,18/08/2024,12:41:56,15,3,10.0,,,,2,,1.0,Cycle,S
IND,5555,32021,60182,18/08/2024,12:42:03,15,1,22.0,,,,2,,1.0,Cycle,S
IND,5555,32021,60182,18/08/2024,12:42:09,15,2,12.0,,,,2,,1.0,Cycle,S
IND,5555,32021,60182,18/08/2024,12:42:09,15,3,11.0,,,,2,,1.0,Cycle,S
IND,5555,32021,60182,18/08/2024,12:42:22,15,3,18.0,,,,2,,1.0,Cycle,S
IND,5555,32021,60182,18/08/2024,12:42:23,15,2,18.0,,,,2,,1.0,Cycle,S
IND,5555,32021,60182,18/08/2024,12:42:23,15,3,16.0,,,,2,,1.0,Cycle,S
IND,5555,32021,60182,18/08/2024,12:42:24,15,3,16.0,,,,2,,1.0,Cycle,S
IND,5555,32021,60182,18/08/2024,12:42:24,15,2,16.0,,,,2,,1.0,Cycle,S
IND,5555,32021,60182,18/08/2024,12:42:25,15,1,16.0,,,,2,,1.0,Cycle,S
IND,5555,32021,60182,18/08/2024,12:42:25,15,3,13.0,,,,2,,1.0,Cycle,S
IND,5555,32021,60182,18/08/2024,12:42:25,15,2,14.0,,,,2,,1.0,Cycle,S
IND,5555,32021,60182,18/08/2024,12:42:26,15,1,16.0,,,,2,,1.0,Cycle,S
IND,5555,32021,60182,18/08/2024,12:42:27,15,1,17.0,,,,2,,1.0,Cycle,S
IND,5555,32021,60182,18/08/2024,12:42:31,15,2,14.0,,,,2,,1.0,Cycle,S
IND,5555,32021,60182,18/08/2024,12:42:31,15,3,13.0,,,,2,,1.0,Cycle,S
IND,5555,32021,60182,18/08/2024,12:42:32,15,2,11.0,,,,2,,1.0,Cycle,S
IND,5555,32021,60182,18/08/2024,12:42:32,15,3,11.0,,,,2,,1.0,Cycle,S
IND,5555,32021,60182,18/08/2024,12:42:35,15,2,9.0,,,,2,,1.0,Cycle,S
IND,5555,32021,60182,18/08/2024,12:42:36,15,2,9.0,,,,2,,1.0,Cycle,S
IND,5555,32021,60182,18/08/2024,12:42:40,15,2,10.0,,,,2,,1.0,Cycle,S
IND,5555,32021,60182,18/08/2024,12:42:40,15,3,9.0,,,,2,,1.0,Cycle,S
IND,5555,32021,60182,18/08/2024,12:42:40,15,3,11.0,,,,2,,1.0,Cycle,S
IND,5555,32021,60182,18/08/2024,12:42:41,15,1,21.0,,,,2,,1.0,Cycle,S
IND,5555,32021,60182,18/08/2024,12:42:43,15,1,25.0,,,,2,,1.0,Cycle,S
IND,5555,32021,60182,18/08/2024,12:42:45,15,2,17.0,,,,2,,1.0,Cycle,S
IND,5555,32021,60182,18/08/2024,12:42:45,15,1,17.0,,,,2,,1.0,Cycle,S
IND,5555,32021,60182,18/08/2024,12:42:45,15,2,17.0,,,,2,,1.0,Cycle,S
IND,5555,32021,60182,18/08/2024,12:42:45,15,1,17.0,,,,2,,1.0,Cycle,S
IND,5555,32021,60182,18/08/2024,12:43:34,15,1,27.0,,,,2,,1.0,Cycle,S
IND,5555,32021,60182,18/08/2024,12:44:27,15,3,18.0,,,,2,,1.0,Cycle,S
IND,5555,32021,60182,18/08/2024,12:44:28,15,2,17.0,,,,2,,1.0,Cycle,S
IND,5555,32021,60182,18/08/2024,12:44:28,15,3,16.0,,,,2,,1.0,Cycle,S
IND,5555,32021,60182,18/08/2024,12:44:30,15,2,15.0,,,,2,,1.0,Cycle,S
IND,5555,32021,60182,18/08/2024,12:44:30,15,3,13.0,,,,2,,1.0,Cycle,S
IND,5555,32021,60182,18/08/2024,12:44:31,15,2,10.0,,,,2,,1.0,Cycle,S
IND,5555,32021,60182,18/08/2024,12:44:31,15,3,9.0,,,,2,,1.0,Cycle,S
IND,5555,32021,60182,18/08/2024,12:44:56,15,2,9.0,,,,2,,1.0,Cycle,S
IND,5555,32021,60182,18/08/2024,12:44:56,15,3,9.0,,,,2,,1.0,Cycle,S
IND,5555,32021,60182,18/08/2024,12:44:58,15,2,15.0,,,,2,,1.0,Cycle,S
IND,5555,32021,60182,18/08/2024,12:44:58,15,3,14.0,,,,2,,1.0,Cycle,S
IND,5555,32021,60182,18/08/2024,12:44:59,15,2,18.0,,,,2,,1.0,Cycle,S
IND,5555,32021,60182,18/08/2024,12:44:59,15,3,16.0,,,,2,,1.0,Cycle,S
IND,5555,32021,60182,18/08/2024,12:45:01,15,3,19.0,,,,2,,1.0,Cycle,S
IND,5555,32021,60182,18/08/2024,12:45:01,15,2,19.0,,,,2,,1.0,Cycle,S
IND,5555,32021,60182,18/08/2024,12:45:01,15,3,19.0,,,,2,,1.0,Cycle,S
IND,5555,32021,60182,18/08/2024,12:45:04,15,3,18.0,,,,2,,1.0,Cycle,S
IND,5555,32021,60182,18/08/2024,12:45:04,15,3,19.0,,,,2,,1.0,Cycle,S
IND,5555,32021,60182,18/08/2024,12:48:42,15,1,27.0,,,,2,,1.0,Cycle,S
IND,5555,32021,60182,18/08/2024,12:48:51,15,1,23.0,,,,2,,1.0,Cycle,S
IND,5555,32021,60182,18/08/2024,12:48:53,15,1,52.0,,,,2,,1.0,Cycle,S
IND,5555,32021,60182,18/08/2024,12:48:55,15,1,26.0,,,,2,,1.0,Cycle,S
IND,5555,32021,60182,18/08/2024,12:48:56,15,3,13.0,,,,2,,1.0,Cycle,S
IND,5555,32021,60182,18/08/2024,12:48:56,15,2,13.0,,,,2,,1.0,Cycle,S
IND,5555,32021,60182,18/08/2024,12:49:00,15,2,13.0,,,,2,,1.0,Cycle,S
IND,5555,32021,60182,18/08/2024,12:49:00,15,3,11.0,,,,2,,1.0,Cycle,S
IND,5555,32021,60182,18/08/2024,12:49:03,15,3,19.0,,,,2,,1.0,Cycle,S
IND,5555,32021,60182,18/08/2024,12:49:34,15,1,15.0,,,,2,,1.0,Cycle,S
IND,5555,32021,60182,18/08/2024,12:50:26,15,1,24.0,,,,2,,1.0,Cycle,S
IND,5555,32021,60182,18/08/2024,12:50:35,15,3,19.0,,,,2,,1.0,Cycle,S
IND,5555,32021,60182,18/08/2024,12:50:36,15,3,19.0,,,,2,,1.0,Cycle,S
IND,5555,32021,60182,18/08/2024,12:50:45,15,3,18.0,,,,2,,1.0,Cycle,S
IND,5555,32021,60182,18/08/2024,12:50:46,15,2,17.0,,,,2,,1.0,Cycle,S
IND,5555,32021,60182,18/08/2024,12:50:46,15,3,16.0,,,,2,,1.0,Cycle,S
IND,5555,32021,60182,18/08/2024,12:50:49,15,2,11.0,,,,2,,1.0,Cycle,S
IND,5555,32021,60182,18/08/2024,12:50:49,15,3,10.0,,,,2,,1.0,Cycle,S
IND,5555,32021,60182,18/08/2024,12:50:50,15,2,10.0,,,,2,,1.0,Cycle,S
IND,5555,32021,60182,18/08/2024,12:50:50,15,3,9.0,,,,2,,1.0,Cycle,S
IND,5555,32021,60182,18/08/2024,12:50:53,15,2,14.0,,,,2,,1.0,Cycle,S
IND,5555,32021,60182,18/08/2024,12:50:53,15,3,12.0,,,,2,,1.0,Cycle,S
IND,5555,32021,60182,18/08/2024,12:50:54,15,2,17.0,,,,2,,1.0,Cycle,S
IND,5555,32021,60182,18/08/2024,12:50:54,15,3,14.0,,,,2,,1.0,Cycle,S
IND,5555,32021,60182,18/08/2024,12:51:36,15,1,25.0,,,,2,,1.0,Cycle,S
IND,5555,32021,60182,18/08/2024,12:52:17,15,1,13.0,,,,2,,1.0,Cycle,S
IND,5555,32021,60182,18/08/2024,12:52:34,15,3,19.0,,,,2,,1.0,Cycle,S
IND,5555,32021,60182,18/08/2024,12:52:36,15,2,17.0,,,,2,,1.0,Cycle,S
IND,5555,32021,60182,18/08/2024,12:52:36,15,3,14.0,,,,2,,1.0,Cycle,S
IND,5555,32021,60182,18/08/2024,12:52:41,15,2,17.0,,,,2,,1.0,Cycle,S
IND,5555,32021,60182,18/08/2024,12:52:41,15,1,16.0,,,,2,,1.0,Cycle,S
IND,5555,32021,60182,18/08/2024,12:52:41,15,2,19.0,,,,2,,1.0,Cycle,S
IND,5555,32021,60182,18/08/2024,12:52:41,15,1,19.0,,,,2,,1.0,Cycle,S
IND,5555,32021,60182,18/08/2024,12:52:45,15,2,11.0,,,,2,,1.0,Cycle,S
IND,5555,32021,60182,18/08/2024,12:52:45,15,3,10.0,,,,2,,1.0,Cycle,S
IND,5555,32021,60182,18/08/2024,12:52:54,15,1,21.0,,,,2,,1.0,Cycle,S
IND,5555,32021,60182,18/08/2024,12:56:45,15,1,20.0,,,,2,,1.0,Cycle,S
IND,5555,32021,60182,18/08/2024,12:58:53,15,3,19.0,,,,2,,1.0,Cycle,S
IND,5555,32021,60182,18/08/2024,12:58:54,15,2,19.0,,,,2,,1.0,Cycle,S
IND,5555,32021,60182,18/08/2024,12:58:54,15,3,16.0,,,,2,,1.0,Cycle,S
IND,5555,32021,60182,18/08/2024,12:58:57,15,2,16.0,,,,2,,1.0,Cycle,S
IND,5555,32021,60182,18/08/2024,12:58:57,15,3,15.0,,,,2,,1.0,Cycle,S
IND,5555,32021,60182,18/08/2024,12:58:58,15,2,14.0,,,,2,,1.0,Cycle,S
IND,5555,32021,60182,18/08/2024,12:58:58,15,3,12.0,,,,2,,1.0,Cycle,S
IND,5555,32021,60182,18/08/2024,12:59:54,15,2,18.0,,,,2,,1.0,Cycle,S
IND,5555,32021,60182,18/08/2024,12:59:54,15,3,16.0,,,,2,,1.0,Cycle,S
IND,5555,32021,60182,18/08/2024,12:59:57,15,2,10.0,,,,2,,1.0,Cycle,S
IND,5555,32021,60182,18/08/2024,12:59:57,15,3,9.0,,,,2,,1.0,Cycle,S
IND,5555,32021,60182,18/08/2024,13:00:05,15,2,12.0,,,,2,,1.0,Cycle,S
IND,5555,32021,60182,18/08/2024,13:00:05,15,3,11.0,,,,2,,1.0,Cycle,S
IND,5555,32021,60182,18/08/2024,13:00:08,15,3,19.0,,,,2,,1.0,Cycle,S
IND,5555,32021,60182,18/08/2024,13:00:09,15,3,19.0,,,,2,,1.0,Cycle,S
IND,5555,32021,60182,18/08/2024,13:00:37,15,2,18.0,,,,2,,1.0,Cycle,S
IND,5555,32021,60182,18/08/2024,13:00:37,15,3,16.0,,,,2,,1.0,Cycle,S
IND,5555,32021,60182,18/08/2024,13:00:40,15,1,29.0,,,,2,,1.0,Cycle,S
IND,5555,32021,60182,18/08/2024,13:00:40,15,1,27.0,,,,2,,1.0,Cycle,S
IND,5555,32021,60182,18/08/2024,13:00:42,15,1,18.0,,,,2,,1.0,Cycle,S
IND,5555,32021,60182,18/08/2024,13:00:42,15,1,19.0,,,,2,,1.0,Cycle,S
IND,5555,32021,60182,18/08/2024,13:00:49,15,3,10.0,,,,2,,1.0,Cycle,S
IND,5555,32021,60182,18/08/2024,13:00:52,15,2,17.0,,,,2,,1.0,Cycle,S
IND,5555,32021,60182,18/08/2024,13:00:52,15,3,16.0,,,,2,,1.0,Cycle,S
IND,5555,32021,60182,18/08/2024,13:00:52,15,2,19.0,,,,2,,1.0,Cycle,S
IND,5555,32021,60182,18/08/2024,13:00:52,15,3,17.0,,,,2,,1.0,Cycle,S
IND,5555,32021,60182,18/08/2024,13:01:05,15,2,19.0,,,,2,,1.0,Cycle,S
IND,5555,32021,60182,18/08/2024,13:01:05,15,1,19.0,,,,2,,1.0,Cycle,S
IND,5555,32021,60182,18/08/2024,13:01:06,15,2,19.0,,,,2,,1.0,Cycle,S
IND,5555,32021,60182,18/08/2024,13:01:06,15,1,19.0,,,,2,,1.0,Cycle,S
IND,5555,32021,60182,18/08/2024,13:01:44,15,1,25.0,,,,2,,1.0,Cycle,S
IND,5555,32021,60182,18/08/2024,13:02:01,15,3,27.0,,,,2,,1.0,Cycle,S
IND,5555,32021,60182,18/08/2024,13:02:32,15,1,30.0,,,,2,,1.0,Cycle,S
IND,5555,32021,60182,18/08/2024,13:04:09,15,1,27.0,,,,2,,1.0,Cycle,S
IND,5555,32021,60182,18/08/2024,13:04:33,15,2,18.0,,,,2,,1.0,Cycle,S
IND,5555,32021,60182,18/08/2024,13:04:33,15,3,16.0,,,,2,,1.0,Cycle,S
IND,5555,32021,60182,18/08/2024,13:05:33,15,1,30.0,,,,2,,1.0,Cycle,S
IND,5555,32021,60182,18/08/2024,13:05:33,15,1,28.0,,,,2,,1.0,Cycle,S
IND,5555,32021,60182,18/08/2024,13:06:30,15,3,24.0,,,,2,,1.0,Cycle,S
IND,5555,32021,60182,18/08/2024,13:07:14,15,1,28.0,,,,2,,1.0,Cycle,S
IND,5555,32021,60182,18/08/2024,13:07:15,15,2,19.0,,,,2,,1.0,Cycle,S
IND,5555,32021,60182,18/08/2024,13:07:15,15,1,18.0,,,,2,,1.0,Cycle,S
IND,5555,32021,60182,18/08/2024,13:07:15,15,2,18.0,,,,2,,1.0,Cycle,S
IND,5555,32021,60182,18/08/2024,13:07:15,15,1,18.0,,,,2,,1.0,Cycle,S
IND,5555,32021,60182,18/08/2024,13:07:35,15,1,22.0,,,,2,,1.0,Cycle,S
IND,5555,32021,60182,18/08/2024,13:07:40,15,1,24.0,,,,2,,1.0,Cycle,S
IND,5555,32021,60182,18/08/2024,13:08:54,15,3,19.0,,,,2,,1.0,Cycle,S
IND,5555,32021,60182,18/08/2024,13:09:40,15,3,18.0,,,,2,,1.0,Cycle,S
IND,5555,32021,60182,18/08/2024,13:09:41,15,2,18.0,,,,2,,1.0,Cycle,S
IND,5555,32021,60182,18/08/2024,13:09:41,15,3,14.0,,,,2,,1.0,Cycle,S
IND,5555,32021,60182,18/08/2024,13:10:29,15,1,26.0,,,,2,,1.0,Cycle,S
IND,5555,32021,60182,18/08/2024,13:10:32,15,3,19.0,,,,2,,1.0,Cycle,S
IND,5555,32021,60182,18/08/2024,13:10:33,15,1,23.0,,,,2,,1.0,Cycle,S
IND,5555,32021,60182,18/08/2024,13:10:37,15,2,18.0,,,,2,,1.0,Cycle,S
IND,5555,32021,60182,18/08/2024,13:10:37,15,3,17.0,,,,2,,1.0,Cycle,S
IND,5555,32021,60182,18/08/2024,13:10:38,15,2,17.0,,,,2,,1.0,Cycle,S
IND,5555,32021,60182,18/08/2024,13:10:38,15,3,15.0,,,,2,,1.0,Cycle,S
IND,5555,32021,60182,18/08/2024,13:10:51,15,2,11.0,,,,2,,1.0,Cycle,S
IND,5555,32021,60182,18/08/2024,13:10:51,15,3,10.0,,,,2,,1.0,Cycle,S
IND,5555,32021,60182,18/08/2024,13:10:52,15,2,11.0,,,,2,,1.0,Cycle,S
IND,5555,32021,60182,18/08/2024,13:10:52,15,3,9.0,,,,2,,1.0,Cycle,S
IND,5555,32021,60182,18/08/2024,13:10:56,15,2,15.0,,,,2,,1.0,Cycle,S
IND,5555,32021,60182,18/08/2024,13:10:56,15,3,13.0,,,,2,,1.0,Cycle,S
IND,5555,32021,60182,18/08/2024,13:10:56,15,2,17.0,,,,2,,1.0,Cycle,S
IND,5555,32021,60182,18/08/2024,13:10:56,15,3,15.0,,,,2,,1.0,Cycle,S
IND,5555,32021,60182,18/08/2024,13:10:58,15,2,19.0,,,,2,,1.0,Cycle,S
IND,5555,32021,60182,18/08/2024,13:10:58,15,3,18.0,,,,2,,1.0,Cycle,S
IND,5555,32021,60182,18/08/2024,13:10:59,15,2,19.0,,,,2,,1.0,Cycle,S
IND,5555,32021,60182,18/08/2024,13:10:59,15,3,17.0,,,,2,,1.0,Cycle,S
IND,5555,32021,60182,18/08/2024,13:11:02,15,3,17.0,,,,2,,1.0,Cycle,S
IND,5555,32021,60182,18/08/2024,13:11:02,15,3,18.0,,,,2,,1.0,Cycle,S
IND,5555,32021,60182,18/08/2024,13:11:04,15,3,17.0,,,,2,,1.0,Cycle,S
IND,5555,32021,60182,18/08/2024,13:11:04,15,2,18.0,,,,2,,1.0,Cycle,S
IND,5555,32021,60182,18/08/2024,13:11:04,15,3,16.0,,,,2,,1.0,Cycle,S
IND,5555,32021,60182,18/08/2024,13:11:25,15,1,16.0,,,,2,,1.0,Cycle,S
IND,5555,32021,60182,18/08/2024,13:11:34,15,1,28.0,,,,2,,1.0,Cycle,S
IND,5555,32021,60182,18/08/2024,13:11:39,15,3,19.0,,,,2,,1.0,Cycle,S
IND,5555,32021,60182,18/08/2024,13:11:41,15,3,17.0,,,,2,,1.0,Cycle,S
IND,5555,32021,60182,18/08/2024,13:11:42,15,2,19.0,,,,2,,1.0,Cycle,S
IND,5555,32021,60182,18/08/2024,13:11:42,15,3,18.0,,,,2,,1.0,Cycle,S
IND,5555,32021,60182,18/08/2024,13:11:44,15,3,19.0,,,,2,,1.0,Cycle,S
IND,5555,32021,60182,18/08/2024,13:11:44,15,3,18.0,,,,2,,1.0,Cycle,S
IND,5555,32021,60182,18/08/2024,13:11:46,15,3,16.0,,,,2,,1.0,Cycle,S
IND,5555,32021,60182,18/08/2024,13:11:46,15,3,15.0,,,,2,,1.0,Cycle,S
IND,5555,32021,60182,18/08/2024,13:11:50,15,2,12.0,,,,2,,1.0,Cycle,S
IND,5555,32021,60182,18/08/2024,13:11:50,15,3,10.0,,,,2,,1.0,Cycle,S
IND,5555,32021,60182,18/08/2024,13:11:59,15,1,23.0,,,,2,,1.0,Cycle,S
IND,5555,32021,60182,18/08/2024,13:12:04,15,2,17.0,,,,2,,1.0,Cycle,S
IND,5555,32021,60182,18/08/2024,13:12:04,15,3,15.0,,,,2,,1.0,Cycle,S
IND,5555,32021,60182,18/08/2024,13:12:05,15,2,19.0,,,,2,,1.0,Cycle,S
IND,5555,32021,60182,18/08/2024,13:12:05,15,3,17.0,,,,2,,1.0,Cycle,S
IND,5555,32021,60182,18/08/2024,13:12:07,15,3,19.0,,,,2,,1.0,Cycle,S
IND,5555,32021,60182,18/08/2024,13:12:10,15,3,15.0,,,,2,,1.0,Cycle,S
IND,5555,32021,60182,18/08/2024,13:12:11,15,3,14.0,,,,2,,1.0,Cycle,S
IND,5555,32021,60182,18/08/2024,13:12:13,15,2,13.0,,,,2,,1.0,Cycle,S
IND,5555,32021,60182,18/08/2024,13:12:13,15,3,11.0,,,,2,,1.0,Cycle,S
IND,5555,32021,60182,18/08/2024,13:12:28,15,2,18.0,,,,2,,1.0,Cycle,S
IND,5555,32021,60182,18/08/2024,13:12:28,15,3,15.0,,,,2,,1.0,Cycle,S
IND,5555,32021,60182,18/08/2024,13:12:29,15,2,14.0,,,,2,,1.0,Cycle,S
IND,5555,32021,60182,18/08/2024,13:12:29,15,3,12.0,,,,2,,1.0,Cycle,S
IND,5555,32021,60182,18/08/2024,13:12:33,15,2,10.0,,,,2,,1.0,Cycle,S
IND,5555,32021,60182,18/08/2024,13:12:33,15,3,9.0,,,,2,,1.0,Cycle,S
IND,5555,32021,60182,18/08/2024,13:12:34,15,2,10.0,,,,2,,1.0,Cycle,S
IND,5555,32021,60182,18/08/2024,13:12:34,15,3,9.0,,,,2,,1.0,Cycle,S
IND,5555,32021,60182,18/08/2024,13:12:35,15,3,11.0,,,,2,,1.0,Cycle,S
IND,5555,32021,60182,18/08/2024,13:12:36,15,3,12.0,,,,2,,1.0,Cycle,S
IND,5555,32021,60182,18/08/2024,13:12:41,15,3,19.0,,,,2,,1.0,Cycle,S
IND,5555,32021,60182,18/08/2024,13:12:43,15,3,19.0,,,,2,,1.0,Cycle,S
IND,5555,32021,60182,18/08/2024,13:14:19,15,1,24.0,,,,2,,1.0,Cycle,S
IND,5555,32021,60182,18/08/2024,13:14:34,15,1,23.0,,,,2,,1.0,Cycle,S
IND,5555,32021,60182,18/08/2024,13:15:20,15,3,19.0,,,,2,,1.0,Cycle,S
IND,5555,32021,60182,18/08/2024,13:15:41,15,1,21.0,,,,2,,1.0,Cycle,S
IND,5555,32021,60182,18/08/2024,13:15:49,15,1,21.0,,,,2,,1.0,Cycle,S
IND,5555,32021,60182,18/08/2024,13:16:06,15,1,23.0,,,,2,,1.0,Cycle,S
IND,5555,32021,60182,18/08/2024,13:16:28,15,1,17.0,,,,2,,1.0,Cycle,S
IND,5555,32021,60182,18/08/2024,13:17:05,15,1,30.0,,,,2,,1.0,Cycle,S
IND,5555,32021,60182,18/08/2024,13:17:20,15,1,17.0,,,,2,,1.0,Cycle,S
IND,5555,32021,60182,18/08/2024,13:17:20,15,1,19.0,,,,2,,1.0,Cycle,S
IND,5555,32021,60182,18/08/2024,13:17:21,15,2,18.0,,,,2,,1.0,Cycle,S
IND,5555,32021,60182,18/08/2024,13:17:21,15,1,17.0,,,,2,,1.0,Cycle,S
IND,5555,32021,60182,18/08/2024,13:17:22,15,2,19.0,,,,2,,1.0,Cycle,S
IND,5555,32021,60182,18/08/2024,13:17:22,15,1,18.0,,,,2,,1.0,Cycle,S
IND,5555,32021,60182,18/08/2024,13:17:38,15,1,20.0,,,,2,,1.0,Cycle,S
IND,5555,32021,60182,18/08/2024,13:17:46,15,1,30.0,,,,2,,1.0,Cycle,S
IND,5555,32021,60182,18/08/2024,13:19:08,15,1,22.0,,,,2,,1.0,Cycle,S
IND,5555,32021,60182,18/08/2024,13:20:20,15,1,30.0,,,,2,,1.0,Cycle,S
IND,5555,32021,60182,18/08/2024,13:21:11,15,1,10.0,,,,2,,1.0,Cycle,S
IND,5555,32021,60182,18/08/2024,13:21:13,15,1,10.0,,,,2,,1.0,Cycle,S
IND,5555,32021,60182,18/08/2024,13:21:20,15,1,24.0,,,,2,,1.0,Cycle,S
IND,5555,32021,60182,18/08/2024,13:21:37,15,2,19.0,,,,2,,1.0,Cycle,S
IND,5555,32021,60182,18/08/2024,13:21:37,15,3,18.0,,,,2,,1.0,Cycle,S
IND,5555,32021,60182,18/08/2024,13:21:38,15,2,14.0,,,,2,,1.0,Cycle,S
IND,5555,32021,60182,18/08/2024,13:21:38,15,3,12.0,,,,2,,1.0,Cycle,S
IND,5555,32021,60182,18/08/2024,13:22:55,15,1,28.0,,,,2,,1.0,Cycle,S
IND,5555,32021,60182,18/08/2024,13:23:37,15,1,19.0,,,,2,,1.0,Cycle,S
IND,5555,32021,60182,18/08/2024,13:23:37,15,1,19.0,,,,2,,1.0,Cycle,S
IND,5555,32021,60182,18/08/2024,13:24:50,15,1,22.0,,,,2,,1.0,Cycle,S
IND,5555,32021,60182,18/08/2024,13:26:08,15,2,19.0,,,,2,,1.0,Cycle,S
IND,5555,32021,60182,18/08/2024,13:26:08,15,3,18.0,,,,2,,1.0,Cycle,S
IND,5555,32021,60182,18/08/2024,13:26:08,15,3,18.0,,,,2,,1.0,Cycle,S
IND,5555,32021,60182,18/08/2024,13:26:08,15,2,18.0,,,,2,,1.0,Cycle,S
IND,5555,32021,60182,18/08/2024,13:26:11,15,3,19.0,,,,2,,1.0,Cycle,S
IND,5555,32021,60182,18/08/2024,13:26:12,15,3,19.0,,,,2,,1.0,Cycle,S
IND,5555,32021,60182,18/08/2024,13:28:15,15,1,24.0,,,,2,,1.0,Cycle,S
IND,5555,32021,60182,18/08/2024,13:28:16,15,1,24.0,,,,2,,1.0,Cycle,S
IND,5555,32021,60182,18/08/2024,13:28:16,15,1,22.0,,,,2,,1.0,Cycle,S
IND,5555,32021,60182,18/08/2024,13:29:30,15,1,29.0,,,,2,,1.0,Cycle,S
IND,5555,32021,60182,18/08/2024,13:30:52,15,1,27.0,,,,2,,1.0,Cycle,S
IND,5555,32021,60182,18/08/2024,13:31:12,15,3,18.0,,,,2,,1.0,Cycle,S
IND,5555,32021,60182,18/08/2024,13:31:12,15,3,17.0,,,,2,,1.0,Cycle,S
IND,5555,32021,60182,18/08/2024,13:31:23,15,2,10.0,,,,2,,1.0,Cycle,S
IND,5555,32021,60182,18/08/2024,13:31:23,15,3,9.0,,,,2,,1.0,Cycle,S
IND,5555,32021,60182,18/08/2024,13:31:24,15,2,10.0,,,,2,,1.0,Cycle,S
IND,5555,32021,60182,18/08/2024,13:31:24,15,3,9.0,,,,2,,1.0,Cycle,S
IND,5555,32021,60182,18/08/2024,13:31:29,15,2,9.0,,,,2,,1.0,Cycle,S
IND,5555,32021,60182,18/08/2024,13:31:29,15,3,9.0,,,,2,,1.0,Cycle,S
IND,5555,32021,60182,18/08/2024,13:33:26,15,1,23.0,,,,2,,1.0,Cycle,S
IND,5555,32021,60182,18/08/2024,13:33:45,15,3,19.0,,,,2,,1.0,Cycle,S
IND,5555,32021,60182,18/08/2024,13:33:50,15,2,16.0,,,,2,,1.0,Cycle,S
IND,5555,32021,60182,18/08/2024,13:33:50,15,3,14.0,,,,2,,1.0,Cycle,S
IND,5555,32021,60182,18/08/2024,13:33:51,15,2,12.0,,,,2,,1.0,Cycle,S
IND,5555,32021,60182,18/08/2024,13:33:51,15,3,11.0,,,,2,,1.0,Cycle,S
IND,5555,32021,60182,18/08/2024,13:36:37,15,2,17.0,,,,2,,1.0,Cycle,S
IND,5555,32021,60182,18/08/2024,13:37:00,15,2,15.0,,,,2,,1.0,Cycle,S
IND,5555,32021,60182,18/08/2024,13:37:00,15,3,14.0,,,,2,,1.0,Cycle,S
IND,5555,32021,60182,18/08/2024,13:37:01,15,2,12.0,,,,2,,1.0,Cycle,S
IND,5555,32021,60182,18/08/2024,13:37:01,15,3,12.0,,,,2,,1.0,Cycle,S
IND,5555,32021,60182,18/08/2024,13:37:07,15,3,14.0,,,,2,,1.0,Cycle,S
IND,5555,32021,60182,18/08/2024,13:37:07,15,2,14.0,,,,2,,1.0,Cycle,S
IND,5555,32021,60182,18/08/2024,13:37:08,15,3,18.0,,,,2,,1.0,Cycle,S
IND,5555,32021,60182,18/08/2024,13:37:08,15,2,17.0,,,,2,,1.0,Cycle,S
IND,5555,32021,60182,18/08/2024,13:37:10,15,3,19.0,,,,2,,1.0,Cycle,S
IND,5555,32021,60182,18/08/2024,13:37:11,15,3,19.0,,,,2,,1.0,Cycle,S
IND,5555,32021,60182,18/08/2024,13:37:27,15,1,24.0,,,,2,,1.0,Cycle,S
IND,5555,32021,60182,18/08/2024,13:37:29,15,2,16.0,,,,2,,1.0,Cycle,S
IND,5555,32021,60182,18/08/2024,13:37:29,15,1,18.0,,,,2,,1.0,Cycle,S
IND,5555,32021,60182,18/08/2024,13:37:29,15,2,17.0,,,,2,,1.0,Cycle,S
IND,5555,32021,60182,18/08/2024,13:37:29,15,1,19.0,,,,2,,1.0,Cycle,S
IND,5555,32021,60182,18/08/2024,13:37:32,15,3,15.0,,,,2,,1.0,Cycle,S
IND,5555,32021,60182,18/08/2024,13:37:32,15,2,16.0,,,,2,,1.0,Cycle,S
IND,5555,32021,60182,18/08/2024,13:37:33,15,2,15.0,,,,2,,1.0,Cycle,S
IND,5555,32021,60182,18/08/2024,13:37:33,15,3,15.0,,,,2,,1.0,Cycle,S
IND,5555,32021,60182,18/08/2024,13:37:44,15,1,20.0,,,,2,,1.0,Cycle,S
IND,5555,32021,60182,18/08/2024,13:37:46,15,2,18.0,,,,2,,1.0,Cycle,S
IND,5555,32021,60182,18/08/2024,13:37:46,15,1,17.0,,,,2,,1.0,Cycle,S
IND,5555,32021,60182,18/08/2024,13:37:46,15,2,19.0,,,,2,,1.0,Cycle,S
IND,5555,32021,60182,18/08/2024,13:37:46,15,1,19.0,,,,2,,1.0,Cycle,S
IND,5555,32021,60182,18/08/2024,13:37:52,15,1,31.0,,,,2,,1.0,Cycle,S
IND,5555,32021,60182,18/08/2024,13:37:53,15,3,19.0,,,,2,,1.0,Cycle,S
IND,5555,32021,60182,18/08/2024,13:37:59,15,2,19.0,,,,2,,1.0,Cycle,S
IND,5555,32021,60182,18/08/2024,13:37:59,15,3,18.0,,,,2,,1.0,Cycle,S
IND,5555,32021,60182,18/08/2024,13:37:59,15,2,19.0,,,,2,,1.0,Cycle,S
IND,5555,32021,60182,18/08/2024,13:37:59,15,3,17.0,,,,2,,1.0,Cycle,S
IND,5555,32021,60182,18/08/2024,13:38:01,15,1,19.0,,,,2,,1.0,Cycle,S
IND,5555,32021,60182,18/08/2024,13:38:01,15,3,17.0,,,,2,,1.0,Cycle,S
IND,5555,32021,60182,18/08/2024,13:38:01,15,2,17.0,,,,2,,1.0,Cycle,S
IND,5555,32021,60182,18/08/2024,13:38:02,15,3,16.0,,,,2,,1.0,Cycle,S
IND,5555,32021,60182,18/08/2024,13:38:02,15,2,17.0,,,,2,,1.0,Cycle,S
IND,5555,32021,60182,18/08/2024,13:38:04,15,2,19.0,,,,2,,1.0,Cycle,S
IND,5555,32021,60182,18/08/2024,13:38:04,15,3,17.0,,,,2,,1.0,Cycle,S
IND,5555,32021,60182,18/08/2024,13:38:05,15,3,18.0,,,,2,,1.0,Cycle,S
IND,5555,32021,60182,18/08/2024,13:38:07,15,3,19.0,,,,2,,1.0,Cycle,S
IND,5555,32021,60182,18/08/2024,13:38:09,15,3,18.0,,,,2,,1.0,Cycle,S
IND,5555,32021,60182,18/08/2024,13:38:10,15,3,19.0,,,,2,,1.0,Cycle,S
IND,5555,32021,60182,18/08/2024,13:38:11,15,3,19.0,,,,2,,1.0,Cycle,S
IND,5555,32021,60182,18/08/2024,13:38:52,15,1,21.0,,,,2,,1.0,Cycle,S
IND,5555,32021,60182,18/08/2024,13:42:13,15,1,19.0,,,,2,,1.0,Cycle,S
IND,5555,32021,60182,18/08/2024,13:42:48,15,1,16.0,,,,2,,1.0,Cycle,S
IND,5555,32021,60182,18/08/2024,13:42:50,15,2,19.0,,,,2,,1.0,Cycle,S
IND,5555,32021,60182,18/08/2024,13:42:50,15,2,19.0,,,,2,,1.0,Cycle,S
IND,5555,32021,60182,18/08/2024,13:45:32,15,3,17.0,,,,2,,1.0,Cycle,S
IND,5555,32021,60182,18/08/2024,13:45:35,15,2,14.0,,,,2,,1.0,Cycle,S
IND,5555,32021,60182,18/08/2024,13:45:35,15,3,14.0,,,,2,,1.0,Cycle,S
IND,5555,32021,60182,18/08/2024,13:45:35,15,3,12.0,,,,2,,1.0,Cycle,S
IND,5555,32021,60182,18/08/2024,13:45:35,15,2,11.0,,,,2,,1.0,Cycle,S
IND,5555,32021,60182,18/08/2024,13:45:39,15,2,12.0,,,,2,,1.0,Cycle,S
IND,5555,32021,60182,18/08/2024,13:45:39,15,3,12.0,,,,2,,1.0,Cycle,S
IND,5555,32021,60182,18/08/2024,13:45:40,15,2,13.0,,,,2,,1.0,Cycle,S
IND,5555,32021,60182,18/08/2024,13:45:40,15,3,12.0,,,,2,,1.0,Cycle,S
IND,5555,32021,60182,18/08/2024,13:45:42,15,3,18.0,,,,2,,1.0,Cycle,S
IND,5555,32021,60182,18/08/2024,13:45:42,15,3,18.0,,,,2,,1.0,Cycle,S
IND,5555,32021,60182,18/08/2024,13:45:53,15,3,19.0,,,,2,,1.0,Cycle,S
IND,5555,32021,60182,18/08/2024,13:45:54,15,2,19.0,,,,2,,1.0,Cycle,S
IND,5555,32021,60182,18/08/2024,13:45:54,15,3,17.0,,,,2,,1.0,Cycle,S
IND,5555,32021,60182,18/08/2024,13:45:56,15,2,11.0,,,,2,,1.0,Cycle,S
IND,5555,32021,60182,18/08/2024,13:45:56,15,3,10.0,,,,2,,1.0,Cycle,S
IND,5555,32021,60182,18/08/2024,13:46:16,15,1,20.0,,,,2,,1.0,Cycle,S
IND,5555,32021,60182,18/08/2024,13:46:21,15,3,19.0,,,,2,,1.0,Cycle,S
IND,5555,32021,60182,18/08/2024,13:47:20,15,1,27.0,,,,2,,1.0,Cycle,S
IND,5555,32021,60182,18/08/2024,13:47:28,15,3,19.0,,,,2,,1.0,Cycle,S
IND,5555,32021,60182,18/08/2024,13:47:29,15,2,19.0,,,,2,,1.0,Cycle,S
IND,5555,32021,60182,18/08/2024,13:47:29,15,3,16.0,,,,2,,1.0,Cycle,S
IND,5555,32021,60182,18/08/2024,13:48:24,15,2,19.0,,,,2,,1.0,Cycle,S
IND,5555,32021,60182,18/08/2024,13:48:24,15,3,18.0,,,,2,,1.0,Cycle,S
IND,5555,32021,60182,18/08/2024,13:48:26,15,2,18.0,,,,2,,1.0,Cycle,S
IND,5555,32021,60182,18/08/2024,13:48:26,15,3,15.0,,,,2,,1.0,Cycle,S
IND,5555,32021,60182,18/08/2024,13:48:27,15,2,12.0,,,,2,,1.0,Cycle,S
IND,5555,32021,60182,18/08/2024,13:48:27,15,3,10.0,,,,2,,1.0,Cycle,S
IND,5555,32021,60182,18/08/2024,13:48:38,15,1,26.0,,,,2,,1.0,Cycle,S
IND,5555,32021,60182,18/08/2024,13:48:48,15,2,9.0,,,,2,,1.0,Cycle,S
IND,5555,32021,60182,18/08/2024,13:48:48,15,2,13.0,,,,2,,1.0,Cycle,S
IND,5555,32021,60182,18/08/2024,13:48:48,15,3,11.0,,,,2,,1.0,Cycle,S
IND,5555,32021,60182,18/08/2024,13:48:50,15,2,14.0,,,,2,,1.0,Cycle,S
IND,5555,32021,60182,18/08/2024,13:48:50,15,3,12.0,,,,2,,1.0,Cycle,S
IND,5555,32021,60182,18/08/2024,13:48:51,15,2,17.0,,,,2,,1.0,Cycle,S
IND,5555,32021,60182,18/08/2024,13:48:51,15,3,14.0,,,,2,,1.0,Cycle,S
IND,5555,32021,60182,18/08/2024,13:49:42,15,3,19.0,,,,2,,1.0,Cycle,S
IND,5555,32021,60182,18/08/2024,13:51:11,15,1,18.0,,,,2,,1.0,Cycle,S
IND,5555,32021,60182,18/08/2024,13:53:18,15,1,15.0,,,,2,,1.0,Cycle,S
IND,5555,32021,60182,18/08/2024,13:53:20,15,1,17.0,,,,2,,1.0,Cycle,S
IND,5555,32021,60182,18/08/2024,13:53:22,15,3,18.0,,,,2,,1.0,Cycle,S
IND,5555,32021,60182,18/08/2024,13:53:24,15,3,19.0,,,,2,,1.0,Cycle,S
IND,5555,32021,60182,18/08/2024,13:53:25,15,3,18.0,,,,2,,1.0,Cycle,S
IND,5555,32021,60182,18/08/2024,13:53:55,15,1,20.0,,,,2,,1.0,Cycle,S
IND,5555,32021,60182,18/08/2024,13:54:10,15,1,23.0,,,,2,,1.0,Cycle,S
IND,5555,32021,60182,18/08/2024,13:54:58,15,1,23.0,,,,2,,1.0,Cycle,S
IND,5555,32021,60182,18/08/2024,13:56:40,15,1,25.0,,,,2,,1.0,Cycle,S
IND,5555,32021,60182,18/08/2024,13:58:19,15,1,29.0,,,,2,,1.0,Cycle,S
IND,5555,32021,60182,18/08/2024,13:59:42,15,1,18.0,,,,2,,1.0,Cycle,S
IND,5555,32021,60182,18/08/2024,13:59:42,15,1,18.0,,,,2,,1.0,Cycle,S
IND,5555,32021,60182,18/08/2024,13:59:43,15,1,18.0,,,,2,,1.0,Cycle,S
IND,5555,32021,60182,18/08/2024,13:59:43,15,2,19.0,,,,2,,1.0,Cycle,S
IND,5555,32021,60182,18/08/2024,14:00:00,15,1,19.0,,,,2,,1.0,Cycle,S
IND,5555,32021,60182,18/08/2024,14:00:01,15,2,18.0,,,,2,,1.0,Cycle,S
IND,5555,32021,60182,18/08/2024,14:00:01,15,1,17.0,,,,2,,1.0,Cycle,S
IND,5555,32021,60182,18/08/2024,14:00:01,15,2,18.0,,,,2,,1.0,Cycle,S
IND,5555,32021,60182,18/08/2024,14:00:01,15,1,16.0,,,,2,,1.0,Cycle,S
IND,5555,32021,60182,18/08/2024,14:00:32,15,1,27.0,,,,2,,1.0,Cycle,S
IND,5555,32021,60182,18/08/2024,14:00:47,15,1,26.0,,,,2,,1.0,Cycle,S
IND,5555,32021,60182,18/08/2024,14:03:50,15,3,19.0,,,,2,,1.0,Cycle,S
IND,5555,32021,60182,18/08/2024,14:03:51,15,2,18.0,,,,2,,1.0,Cycle,S
IND,5555,32021,60182,18/08/2024,14:06:31,15,1,19.0,,,,2,,1.0,Cycle,S
IND,5555,32021,60182,18/08/2024,14:08:31,15,1,17.0,,,,2,,1.0,Cycle,S
IND,5555,32021,60182,18/08/2024,14:09:45,15,1,23.0,,,,2,,1.0,Cycle,S
IND,5555,32021,60182,18/08/2024,14:10:50,15,1,22.0,,,,2,,1.0,Cycle,S
IND,5555,32021,60182,18/08/2024,14:11:39,15,1,32.0,,,,2,,1.0,Cycle,S
IND,5555,32021,60182,18/08/2024,14:11:43,15,2,19.0,,,,2,,1.0,Cycle,S
IND,5555,32021,60182,18/08/2024,14:11:43,15,3,18.0,,,,2,,1.0,Cycle,S
IND,5555,32021,60182,18/08/2024,14:11:44,15,2,15.0,,,,2,,1.0,Cycle,S
IND,5555,32021,60182,18/08/2024,14:11:44,15,3,14.0,,,,2,,1.0,Cycle,S
IND,5555,32021,60182,18/08/2024,14:11:46,15,2,12.0,,,,2,,1.0,Cycle,S
IND,5555,32021,60182,18/08/2024,14:11:46,15,3,10.0,,,,2,,1.0,Cycle,S
IND,5555,32021,60182,18/08/2024,14:11:52,15,2,9.0,,,,2,,1.0,Cycle,S
IND,5555,32021,60182,18/08/2024,14:11:56,15,2,15.0,,,,2,,1.0,Cycle,S
IND,5555,32021,60182,18/08/2024,14:11:56,15,3,14.0,,,,2,,1.0,Cycle,S
IND,5555,32021,60182,18/08/2024,14:11:56,15,2,18.0,,,,2,,1.0,Cycle,S
IND,5555,32021,60182,18/08/2024,14:11:56,15,3,15.0,,,,2,,1.0,Cycle,S
IND,5555,32021,60182,18/08/2024,14:12:43,15,2,18.0,,,,2,,1.0,Cycle,S
IND,5555,32021,60182,18/08/2024,14:12:43,15,2,16.0,,,,2,,1.0,Cycle,S
IND,5555,32021,60182,18/08/2024,14:12:47,15,2,11.0,,,,2,,1.0,Cycle,S
IND,5555,32021,60182,18/08/2024,14:12:47,15,3,10.0,,,,2,,1.0,Cycle,S
IND,5555,32021,60182,18/08/2024,14:12:53,15,2,15.0,,,,2,,1.0,Cycle,S
IND,5555,32021,60182,18/08/2024,14:12:53,15,3,13.0,,,,2,,1.0,Cycle,S
IND,5555,32021,60182,18/08/2024,14:12:53,15,2,18.0,,,,2,,1.0,Cycle,S
IND,5555,32021,60182,18/08/2024,14:12:53,15,3,15.0,,,,2,,1.0,Cycle,S
IND,5555,32021,60182,18/08/2024,14:13:54,15,1,26.0,,,,2,,1.0,Cycle,S
IND,5555,32021,60182,18/08/2024,14:13:57,15,1,23.0,,,,2,,1.0,Cycle,S
IND,5555,32021,60182,18/08/2024,14:14:43,15,1,19.0,,,,2,,1.0,Cycle,S
IND,5555,32021,60182,18/08/2024,14:15:53,15,1,30.0,,,,2,,1.0,Cycle,S
IND,5555,32021,60182,18/08/2024,14:16:54,15,3,18.0,,,,2,,1.0,Cycle,S
IND,5555,32021,60182,18/08/2024,14:16:54,15,2,19.0,,,,2,,1.0,Cycle,S
IND,5555,32021,60182,18/08/2024,14:17:11,15,1,25.0,,,,2,,1.0,Cycle,S
IND,5555,32021,60182,18/08/2024,14:19:57,15,2,19.0,,,,2,,1.0,Cycle,S
IND,5555,32021,60182,18/08/2024,14:19:57,15,3,18.0,,,,2,,1.0,Cycle,S
IND,5555,32021,60182,18/08/2024,14:21:22,15,2,20.0,,,,2,,1.0,Cycle,S
IND,5555,32021,60182,18/08/2024,14:21:22,15,2,21.0,,,,2,,1.0,Cycle,S
IND,5555,32021,60182,18/08/2024,14:21:25,15,1,18.0,,,,2,,1.0,Cycle,S
IND,5555,32021,60182,18/08/2024,14:21:26,15,1,16.0,,,,2,,1.0,Cycle,S
IND,5555,32021,60182,18/08/2024,14:21:27,15,1,19.0,,,,2,,1.0,Cycle,S
IND,5555,32021,60182,18/08/2024,14:21:28,15,2,19.0,,,,2,,1.0,Cycle,S
IND,5555,32021,60182,18/08/2024,14:21:43,15,2,14.0,,,,2,,1.0,Cycle,S
IND,5555,32021,60182,18/08/2024,14:21:44,15,2,13.0,,,,2,,1.0,Cycle,S
IND,5555,32021,60182,18/08/2024,14:21:48,15,3,10.0,,,,2,,1.0,Cycle,S
IND,5555,32021,60182,18/08/2024,14:21:49,15,2,10.0,,,,2,,1.0,Cycle,S
IND,5555,32021,60182,18/08/2024,14:21:53,15,3,19.0,,,,2,,1.0,Cycle,S
IND,5555,32021,60182,18/08/2024,14:24:24,15,1,23.0,,,,2,,1.0,Cycle,S
IND,5555,32021,60182,18/08/2024,14:25:19,15,2,90.0,,,,2,,1.0,Cycle,S
IND,5555,32021,60182,18/08/2024,14:26:04,15,3,19.0,,,,2,,1.0,Cycle,S
IND,5555,32021,60182,18/08/2024,14:26:34,15,1,21.0,,,,2,,1.0,Cycle,S
IND,5555,32021,60182,18/08/2024,14:26:35,15,2,19.0,,,,2,,1.0,Cycle,S
IND,5555,32021,60182,18/08/2024,14:26:37,15,2,14.0,,,,2,,1.0,Cycle,S
IND,5555,32021,60182,18/08/2024,14:26:37,15,3,13.0,,,,2,,1.0,Cycle,S
IND,5555,32021,60182,18/08/2024,14:26:38,15,2,13.0,,,,2,,1.0,Cycle,S
IND,5555,32021,60182,18/08/2024,14:26:38,15,3,12.0,,,,2,,1.0,Cycle,S
IND,5555,32021,60182,18/08/2024,14:27:15,15,1,24.0,,,,2,,1.0,Cycle,S
IND,5555,32021,60182,18/08/2024,14:27:43,15,1,29.0,,,,2,,1.0,Cycle,S
IND,5555,32021,60182,18/08/2024,14:27:57,15,2,43.0,,,,2,,1.0,Cycle,S
IND,5555,32021,60182,18/08/2024,14:27:59,15,1,19.0,,,,2,,1.0,Cycle,S
IND,5555,32021,60182,18/08/2024,14:28:00,15,2,17.0,,,,2,,1.0,Cycle,S
IND,5555,32021,60182,18/08/2024,14:28:00,15,1,16.0,,,,2,,1.0,Cycle,S
IND,5555,32021,60182,18/08/2024,14:28:41,15,1,24.0,,,,2,,1.0,Cycle,S
IND,5555,32021,60182,18/08/2024,14:28:41,15,3,15.0,,,,2,,1.0,Cycle,S
IND,5555,32021,60182,18/08/2024,14:28:41,15,2,15.0,,,,2,,1.0,Cycle,S
IND,5555,32021,60182,18/08/2024,14:28:42,15,3,12.0,,,,2,,1.0,Cycle,S
IND,5555,32021,60182,18/08/2024,14:28:42,15,2,13.0,,,,2,,1.0,Cycle,S
IND,5555,32021,60182,18/08/2024,14:28:45,15,2,14.0,,,,2,,1.0,Cycle,S
IND,5555,32021,60182,18/08/2024,14:28:45,15,3,12.0,,,,2,,1.0,Cycle,S
IND,5555,32021,60182,18/08/2024,14:28:46,15,2,13.0,,,,2,,1.0,Cycle,S
IND,5555,32021,60182,18/08/2024,14:28:46,15,3,12.0,,,,2,,1.0,Cycle,S
IND,5555,32021,60182,18/08/2024,14:28:47,15,2,12.0,,,,2,,1.0,Cycle,S
IND,5555,32021,60182,18/08/2024,14:28:47,15,3,11.0,,,,2,,1.0,Cycle,S
IND,5555,32021,60182,18/08/2024,14:28:48,15,2,13.0,,,,2,,1.0,Cycle,S
IND,5555,32021,60182,18/08/2024,14:28:48,15,3,12.0,,,,2,,1.0,Cycle,S
IND,5555,32021,60182,18/08/2024,14:28:51,15,3,19.0,,,,2,,1.0,Cycle,S
IND,5555,32021,60182,18/08/2024,14:28:51,15,3,19.0,,,,2,,1.0,Cycle,S
IND,5555,32021,60182,18/08/2024,14:29:53,15,1,25.0,,,,2,,1.0,Cycle,S
IND,5555,32021,60182,18/08/2024,14:30:13,15,1,12.0,,,,2,,1.0,Cycle,S
IND,5555,32021,60182,18/08/2024,14:30:43,15,2,13.0,,,,2,,1.0,Cycle,S
IND,5555,32021,60182,18/08/2024,14:30:43,15,3,12.0,,,,2,,1.0,Cycle,S
IND,5555,32021,60182,18/08/2024,14:30:43,15,2,11.0,,,,2,,1.0,Cycle,S
IND,5555,32021,60182,18/08/2024,14:30:44,15,3,10.0,,,,2,,1.0,Cycle,S
IND,5555,32021,60182,18/08/2024,14:30:47,15,2,10.0,,,,2,,1.0,Cycle,S
IND,5555,32021,60182,18/08/2024,14:30:47,15,3,10.0,,,,2,,1.0,Cycle,S
IND,5555,32021,60182,18/08/2024,14:31:22,15,2,19.0,,,,2,,1.0,Cycle,S
IND,5555,32021,60182,18/08/2024,14:31:22,15,3,17.0,,,,2,,1.0,Cycle,S
IND,5555,32021,60182,18/08/2024,14:31:23,15,2,18.0,,,,2,,1.0,Cycle,S
IND,5555,32021,60182,18/08/2024,14:31:23,15,3,17.0,,,,2,,1.0,Cycle,S
IND,5555,32021,60182,18/08/2024,14:31:26,15,3,19.0,,,,2,,1.0,Cycle,S
IND,5555,32021,60182,18/08/2024,14:31:28,15,2,17.0,,,,2,,1.0,Cycle,S
IND,5555,32021,60182,18/08/2024,14:31:28,15,3,15.0,,,,2,,1.0,Cycle,S
IND,5555,32021,60182,18/08/2024,14:31:29,15,2,16.0,,,,2,,1.0,Cycle,S
IND,5555,32021,60182,18/08/2024,14:31:29,15,3,14.0,,,,2,,1.0,Cycle,S
IND,5555,32021,60182,18/08/2024,14:31:29,15,1,25.0,,,,2,,1.0,Cycle,S
IND,5555,32021,60182,18/08/2024,14:31:30,15,1,24.0,,,,2,,1.0,Cycle,S
IND,5555,32021,60182,18/08/2024,14:31:30,15,1,24.0,,,,2,,1.0,Cycle,S
IND,5555,32021,60182,18/08/2024,14:31:34,15,2,13.0,,,,2,,1.0,Cycle,S
IND,5555,32021,60182,18/08/2024,14:31:34,15,3,12.0,,,,2,,1.0,Cycle,S
IND,5555,32021,60182,18/08/2024,14:31:35,15,2,9.0,,,,2,,1.0,Cycle,S
IND,5555,32021,60182,18/08/2024,14:31:39,15,1,15.0,,,,2,,1.0,Cycle,S
IND,5555,32021,60182,18/08/2024,14:31:40,15,2,12.0,,,,2,,1.0,Cycle,S
IND,5555,32021,60182,18/08/2024,14:31:40,15,3,12.0,,,,2,,1.0,Cycle,S
IND,5555,32021,60182,18/08/2024,14:31:43,15,3,19.0,,,,2,,1.0,Cycle,S
IND,5555,32021,60182,18/08/2024,14:31:43,15,3,17.0,,,,2,,1.0,Cycle,S
IND,5555,32021,60182,18/08/2024,14:31:46,15,3,17.0,,,,2,,1.0,Cycle,S
IND,5555,32021,60182,18/08/2024,14:31:46,15,3,19.0,,,,2,,1.0,Cycle,S
IND,5555,32021,60182,18/08/2024,14:31:50,15,3,19.0,,,,2,,1.0,Cycle,S
IND,5555,32021,60182,18/08/2024,14:33:01,15,1,20.0,,,,2,,1.0,Cycle,S
IND,5555,32021,60182,18/08/2024,14:33:56,15,1,29.0,,,,2,,1.0,Cycle,S
IND,5555,32021,60182,18/08/2024,14:33:58,15,1,27.0,,,,2,,1.0,Cycle,S
IND,5555,32021,60182,18/08/2024,14:36:39,15,1,26.0,,,,2,,1.0,Cycle,S
IND,5555,32021,60182,18/08/2024,14:37:33,15,1,23.0,,,,2,,1.0,Cycle,S
IND,5555,32021,60182,18/08/2024,14:38:48,15,3,18.0,,,,2,,1.0,Cycle,S
IND,5555,32021,60182,18/08/2024,14:38:49,15,2,18.0,,,,2,,1.0,Cycle,S
IND,5555,32021,60182,18/08/2024,14:40:28,15,2,19.0,,,,2,,1.0,Cycle,S
IND,5555,32021,60182,18/08/2024,14:40:28,15,3,18.0,,,,2,,1.0,Cycle,S
IND,5555,32021,60182,18/08/2024,14:40:31,15,3,9.0,,,,2,,1.0,Cycle,S
IND,5555,32021,60182,18/08/2024,14:40:31,15,2,10.0,,,,2,,1.0,Cycle,S
IND,5555,32021,60182,18/08/2024,14:40:34,15,1,25.0,,,,2,,1.0,Cycle,S
IND,5555,32021,60182,18/08/2024,14:41:03,15,1,27.0,,,,2,,1.0,Cycle,S
IND,5555,32021,60182,18/08/2024,14:42:31,15,1,20.0,,,,2,,1.0,Cycle,S
IND,5555,32021,60182,18/08/2024,14:43:18,15,3,19.0,,,,2,,1.0,Cycle,S
IND,5555,32021,60182,18/08/2024,14:43:19,15,3,17.0,,,,2,,1.0,Cycle,S
IND,5555,32021,60182,18/08/2024,14:43:20,15,3,15.0,,,,2,,1.0,Cycle,S
IND,5555,32021,60182,18/08/2024,14:43:22,15,1,19.0,,,,2,,1.0,Cycle,S
IND,5555,32021,60182,18/08/2024,14:43:23,15,1,18.0,,,,2,,1.0,Cycle,S
IND,5555,32021,60182,18/08/2024,14:43:25,15,1,17.0,,,,2,,1.0,Cycle,S
IND,5555,32021,60182,18/08/2024,14:43:25,15,2,18.0,,,,2,,1.0,Cycle,S
IND,5555,32021,60182,18/08/2024,14:43:26,15,2,14.0,,,,2,,1.0,Cycle,S
IND,5555,32021,60182,18/08/2024,14:43:26,15,1,13.0,,,,2,,1.0,Cycle,S
IND,5555,32021,60182,18/08/2024,14:44:06,15,1,27.0,,,,2,,1.0,Cycle,S
IND,5555,32021,60182,18/08/2024,14:45:34,15,1,33.0,,,,2,,1.0,Cycle,S
IND,5555,32021,60182,18/08/2024,14:45:41,15,2,16.0,,,,2,,1.0,Cycle,S
IND,5555,32021,60182,18/08/2024,14:45:41,15,3,14.0,,,,2,,1.0,Cycle,S
IND,5555,32021,60182,18/08/2024,14:45:42,15,2,11.0,,,,2,,1.0,Cycle,S
IND,5555,32021,60182,18/08/2024,14:45:42,15,3,10.0,,,,2,,1.0,Cycle,S
IND,5555,32021,60182,18/08/2024,14:45:49,15,2,12.0,,,,2,,1.0,Cycle,S
IND,5555,32021,60182,18/08/2024,14:45:49,15,3,11.0,,,,2,,1.0,Cycle,S
IND,5555,32021,60182,18/08/2024,14:45:51,15,2,17.0,,,,2,,1.0,Cycle,S
IND,5555,32021,60182,18/08/2024,14:45:51,15,3,17.0,,,,2,,1.0,Cycle,S
IND,5555,32021,60182,18/08/2024,14:45:52,15,3,19.0,,,,2,,1.0,Cycle,S
IND,5555,32021,60182,18/08/2024,14:46:21,15,3,18.0,,,,2,,1.0,Cycle,S
IND,5555,32021,60182,18/08/2024,14:46:26,15,3,19.0,,,,2,,1.0,Cycle,S
IND,5555,32021,60182,18/08/2024,14:46:49,15,1,32.0,,,,2,,1.0,Cycle,S
IND,5555,32021,60182,18/08/2024,14:47:17,15,1,27.0,,,,2,,1.0,Cycle,S
IND,5555,32021,60182,18/08/2024,14:47:35,15,3,19.0,,,,2,,1.0,Cycle,S
IND,5555,32021,60182,18/08/2024,14:48:15,15,3,19.0,,,,2,,1.0,Cycle,S
IND,5555,32021,60182,18/08/2024,14:48:16,15,2,17.0,,,,2,,1.0,Cycle,S
IND,5555,32021,60182,18/08/2024,14:48:16,15,3,15.0,,,,2,,1.0,Cycle,S
IND,5555,32021,60182,18/08/2024,14:48:17,15,3,10.0,,,,2,,1.0,Cycle,S
IND,5555,32021,60182,18/08/2024,14:48:19,15,2,11.0,,,,2,,1.0,Cycle,S
IND,5555,32021,60182,18/08/2024,14:48:33,15,2,16.0,,,,2,,1.0,Cycle,S
IND,5555,32021,60182,18/08/2024,14:48:33,15,3,15.0,,,,2,,1.0,Cycle,S
IND,5555,32021,60182,18/08/2024,14:48:34,15,2,19.0,,,,2,,1.0,Cycle,S
IND,5555,32021,60182,18/08/2024,14:48:34,15,3,17.0,,,,2,,1.0,Cycle,S
IND,5555,32021,60182,18/08/2024,14:48:46,15,3,31.0,,,,2,,1.0,Cycle,S
IND,5555,32021,60182,18/08/2024,14:50:30,15,2,19.0,,,,2,,1.0,Cycle,S
IND,5555,32021,60182,18/08/2024,14:50:37,15,2,19.0,,,,2,,1.0,Cycle,S
IND,5555,32021,60182,18/08/2024,14:50:37,15,3,17.0,,,,2,,1.0,Cycle,S
IND,5555,32021,60182,18/08/2024,14:50:37,15,2,15.0,,,,2,,1.0,Cycle,S
IND,5555,32021,60182,18/08/2024,14:50:37,15,3,14.0,,,,2,,1.0,Cycle,S
IND,5555,32021,60182,18/08/2024,14:50:45,15,1,20.0,,,,2,,1.0,Cycle,S
IND,5555,32021,60182,18/08/2024,14:51:04,15,1,14.0,,,,2,,1.0,Cycle,S
IND,5555,32021,60182,18/08/2024,14:51:04,15,1,14.0,,,,2,,1.0,Cycle,S
IND,5555,32021,60182,18/08/2024,14:51:04,15,1,14.0,,,,2,,1.0,Cycle,S
IND,5555,32021,60182,18/08/2024,14:51:16,15,2,27.0,,,,2,,1.0,Cycle,S
IND,5555,32021,60182,18/08/2024,14:52:44,15,2,17.0,,,,2,,1.0,Cycle,S
IND,5555,32021,60182,18/08/2024,14:52:44,15,3,16.0,,,,2,,1.0,Cycle,S
IND,5555,32021,60182,18/08/2024,14:52:44,15,2,16.0,,,,2,,1.0,Cycle,S
IND,5555,32021,60182,18/08/2024,14:52:44,15,3,15.0,,,,2,,1.0,Cycle,S
IND,5555,32021,60182,18/08/2024,14:52:51,15,3,18.0,,,,2,,1.0,Cycle,S
IND,5555,32021,60182,18/08/2024,14:52:53,15,2,18.0,,,,2,,1.0,Cycle,S
IND,5555,32021,60182,18/08/2024,14:52:53,15,3,17.0,,,,2,,1.0,Cycle,S
IND,5555,32021,60182,18/08/2024,14:52:54,15,3,19.0,,,,2,,1.0,Cycle,S
IND,5555,32021,60182,18/08/2024,14:54:05,15,1,25.0,,,,2,,1.0,Cycle,S
IND,5555,32021,60182,18/08/2024,14:54:06,15,1,22.0,,,,2,,1.0,Cycle,S
IND,5555,32021,60182,18/08/2024,14:56:10,15,2,16.0,,,,2,,1.0,Cycle,S
IND,5555,32021,60182,18/08/2024,14:56:10,15,3,14.0,,,,2,,1.0,Cycle,S
IND,5555,32021,60182,18/08/2024,14:56:11,15,2,14.0,,,,2,,1.0,Cycle,S
IND,5555,32021,60182,18/08/2024,14:56:11,15,3,12.0,,,,2,,1.0,Cycle,S
IND,5555,32021,60182,18/08/2024,14:56:13,15,3,12.0,,,,2,,1.0,Cycle,S
IND,5555,32021,60182,18/08/2024,14:56:13,15,2,12.0,,,,2,,1.0,Cycle,S
IND,5555,32021,60182,18/08/2024,14:56:14,15,2,15.0,,,,2,,1.0,Cycle,S
IND,5555,32021,60182,18/08/2024,14:56:14,15,3,14.0,,,,2,,1.0,Cycle,S
IND,5555,32021,60182,18/08/2024,14:56:17,15,2,16.0,,,,2,,1.0,Cycle,S
IND,5555,32021,60182,18/08/2024,14:56:17,15,3,14.0,,,,2,,1.0,Cycle,S
IND,5555,32021,60182,18/08/2024,14:56:18,15,2,14.0,,,,2,,1.0,Cycle,S
IND,5555,32021,60182,18/08/2024,14:56:18,15,3,13.0,,,,2,,1.0,Cycle,S
IND,5555,32021,60182,18/08/2024,14:56:21,15,2,13.0,,,,2,,1.0,Cycle,S
IND,5555,32021,60182,18/08/2024,14:56:21,15,3,11.0,,,,2,,1.0,Cycle,S
IND,5555,32021,60182,18/08/2024,14:56:42,15,3,18.0,,,,2,,1.0,Cycle,S
IND,5555,32021,60182,18/08/2024,14:57:58,15,1,27.0,,,,2,,1.0,Cycle,S
IND,5555,32021,60182,18/08/2024,14:57:59,15,2,19.0,,,,2,,1.0,Cycle,S
IND,5555,32021,60182,18/08/2024,14:57:59,15,1,19.0,,,,2,,1.0,Cycle,S
IND,5555,32021,60182,18/08/2024,14:57:59,15,2,19.0,,,,2,,1.0,Cycle,S
IND,5555,32021,60182,18/08/2024,14:57:59,15,1,18.0,,,,2,,1.0,Cycle,S
IND,5555,32021,60182,18/08/2024,14:58:02,15,1,17.0,,,,2,,1.0,Cycle,S
IND,5555,32021,60182,18/08/2024,14:58:02,15,1,17.0,,,,2,,1.0,Cycle,S
IND,5555,32021,60182,18/08/2024,14:58:49,15,3,19.0,,,,2,,1.0,Cycle,S
IND,5555,32021,60182,18/08/2024,14:59:43,15,1,22.0,,,,2,,1.0,Cycle,S
IND,5555,32021,60182,18/08/2024,15:04:52,15,3,19.0,,,,2,,1.0,Cycle,S
IND,5555,32021,60182,18/08/2024,15:05:21,15,1,18.0,,,,2,,1.0,Cycle,S
IND,5555,32021,60182,18/08/2024,15:05:24,15,3,17.0,,,,2,,1.0,Cycle,S
IND,5555,32021,60182,18/08/2024,15:05:24,15,2,16.0,,,,2,,1.0,Cycle,S
IND,5555,32021,60182,18/08/2024,15:05:25,15,3,12.0,,,,2,,1.0,Cycle,S
IND,5555,32021,60182,18/08/2024,15:05:25,15,2,12.0,,,,2,,1.0,Cycle,S
IND,5555,32021,60182,18/08/2024,15:05:26,15,1,17.0,,,,2,,1.0,Cycle,S
IND,5555,32021,60182,18/08/2024,15:05:29,15,1,17.0,,,,2,,1.0,Cycle,S
IND,5555,32021,60182,18/08/2024,15:05:29,15,2,11.0,,,,2,,1.0,Cycle,S
IND,5555,32021,60182,18/08/2024,15:05:30,15,2,13.0,,,,2,,1.0,Cycle,S
IND,5555,32021,60182,18/08/2024,15:05:30,15,3,12.0,,,,2,,1.0,Cycle,S
IND,5555,32021,60182,18/08/2024,15:05:31,15,2,17.0,,,,2,,1.0,Cycle,S
IND,5555,32021,60182,18/08/2024,15:05:31,15,3,15.0,,,,2,,1.0,Cycle,S
IND,5555,32021,60182,18/08/2024,15:05:33,15,2,19.0,,,,2,,1.0,Cycle,S
IND,5555,32021,60182,18/08/2024,15:05:33,15,3,17.0,,,,2,,1.0,Cycle,S
IND,5555,32021,60182,18/08/2024,15:05:33,15,2,19.0,,,,2,,1.0,Cycle,S
IND,5555,32021,60182,18/08/2024,15:05:33,15,3,18.0,,,,2,,1.0,Cycle,S
IND,5555,32021,60182,18/08/2024,15:05:45,15,2,19.0,,,,2,,1.0,Cycle,S
IND,5555,32021,60182,18/08/2024,15:05:45,15,2,19.0,,,,2,,1.0,Cycle,S
IND,5555,32021,60182,18/08/2024,15:05:46,15,1,22.0,,,,2,,1.0,Cycle,S
IND,5555,32021,60182,18/08/2024,15:05:48,15,3,18.0,,,,2,,1.0,Cycle,S
IND,5555,32021,60182,18/08/2024,15:05:48,15,3,19.0,,,,2,,1.0,Cycle,S
IND,5555,32021,60182,18/08/2024,15:06:50,15,1,25.0,,,,2,,1.0,Cycle,S
IND,5555,32021,60182,18/08/2024,15:07:25,15,1,26.0,,,,2,,1.0,Cycle,S
IND,5555,32021,60182,18/08/2024,15:07:41,15,1,20.0,,,,2,,1.0,Cycle,S
IND,5555,32021,60182,18/08/2024,15:11:27,15,1,23.0,,,,2,,1.0,Cycle,S
IND,5555,32021,60182,18/08/2024,15:13:33,15,2,28.0,,,,2,,1.0,Cycle,S
IND,5555,32021,60182,18/08/2024,15:14:37,15,2,18.0,,,,2,,1.0,Cycle,S
IND,5555,32021,60182,18/08/2024,15:14:37,15,3,15.0,,,,2,,1.0,Cycle,S
IND,5555,32021,60182,18/08/2024,15:14:38,15,2,14.0,,,,2,,1.0,Cycle,S
IND,5555,32021,60182,18/08/2024,15:14:38,15,3,12.0,,,,2,,1.0,Cycle,S
IND,5555,32021,60182,18/08/2024,15:14:48,15,2,9.0,,,,2,,1.0,Cycle,S
IND,5555,32021,60182,18/08/2024,15:15:05,15,1,21.0,,,,2,,1.0,Cycle,S
IND,5555,32021,60182,18/08/2024,15:15:07,15,2,19.0,,,,2,,1.0,Cycle,S
IND,5555,32021,60182,18/08/2024,15:15:08,15,3,16.0,,,,2,,1.0,Cycle,S
IND,5555,32021,60182,18/08/2024,15:15:08,15,3,17.0,,,,2,,1.0,Cycle,S
IND,5555,32021,60182,18/08/2024,15:15:22,15,2,12.0,,,,2,,1.0,Cycle,S
IND,5555,32021,60182,18/08/2024,15:15:23,15,2,9.0,,,,2,,1.0,Cycle,S
IND,5555,32021,60182,18/08/2024,15:15:23,15,1,15.0,,,,2,,1.0,Cycle,S
IND,5555,32021,60182,18/08/2024,15:15:23,15,1,15.0,,,,2,,1.0,Cycle,S
IND,5555,32021,60182,18/08/2024,15:16:28,15,1,28.0,,,,2,,1.0,Cycle,S
IND,5555,32021,60182,18/08/2024,15:16:46,15,2,16.0,,,,2,,1.0,Cycle,S
IND,5555,32021,60182,18/08/2024,15:16:46,15,3,15.0,,,,2,,1.0,Cycle,S
IND,5555,32021,60182,18/08/2024,15:16:46,15,2,12.0,,,,2,,1.0,Cycle,S
IND,5555,32021,60182,18/08/2024,15:16:46,15,3,11.0,,,,2,,1.0,Cycle,S
IND,5555,32021,60182,18/08/2024,15:16:55,15,3,18.0,,,,2,,1.0,Cycle,S
IND,5555,32021,60182,18/08/2024,15:16:56,15,3,18.0,,,,2,,1.0,Cycle,S
IND,5555,32021,60182,18/08/2024,15:17:38,15,1,23.0,,,,2,,1.0,Cycle,S
IND,5555,32021,60182,18/08/2024,15:19:26,15,2,43.0,,,,2,,1.0,Cycle,S
IND,5555,32021,60182,18/08/2024,15:22:50,15,2,18.0,,,,2,,1.0,Cycle,S
IND,5555,32021,60182,18/08/2024,15:22:50,15,3,15.0,,,,2,,1.0,Cycle,S
IND,5555,32021,60182,18/08/2024,15:22:51,15,2,16.0,,,,2,,1.0,Cycle,S
IND,5555,32021,60182,18/08/2024,15:22:51,15,3,13.0,,,,2,,1.0,Cycle,S
IND,5555,32021,60182,18/08/2024,15:22:54,15,2,18.0,,,,2,,1.0,Cycle,S
IND,5555,32021,60182,18/08/2024,15:22:54,15,3,14.0,,,,2,,1.0,Cycle,S
IND,5555,32021,60182,18/08/2024,15:22:55,15,3,17.0,,,,2,,1.0,Cycle,S
IND,5555,32021,60182,18/08/2024,15:22:57,15,2,19.0,,,,2,,1.0,Cycle,S
IND,5555,32021,60182,18/08/2024,15:22:57,15,3,17.0,,,,2,,1.0,Cycle,S
IND,5555,32021,60182,18/08/2024,15:22:58,15,2,19.0,,,,2,,1.0,Cycle,S
IND,5555,32021,60182,18/08/2024,15:22:58,15,3,19.0,,,,2,,1.0,Cycle,S
IND,5555,32021,60182,18/08/2024,15:23:42,15,1,24.0,,,,2,,1.0,Cycle,S
IND,5555,32021,60182,18/08/2024,15:23:47,15,2,19.0,,,,2,,1.0,Cycle,S
IND,5555,32021,60182,18/08/2024,15:23:47,15,3,18.0,,,,2,,1.0,Cycle,S
IND,5555,32021,60182,18/08/2024,15:23:48,15,2,15.0,,,,2,,1.0,Cycle,S
IND,5555,32021,60182,18/08/2024,15:23:48,15,3,14.0,,,,2,,1.0,Cycle,S
IND,5555,32021,60182,18/08/2024,15:24:07,15,2,12.0,,,,2,,1.0,Cycle,S
IND,5555,32021,60182,18/08/2024,15:24:07,15,3,10.0,,,,2,,1.0,Cycle,S
IND,5555,32021,60182,18/08/2024,15:24:08,15,2,16.0,,,,2,,1.0,Cycle,S
IND,5555,32021,60182,18/08/2024,15:24:08,15,3,14.0,,,,2,,1.0,Cycle,S
IND,5555,32021,60182,18/08/2024,15:24:17,15,2,15.0,,,,2,,1.0,Cycle,S
IND,5555,32021,60182,18/08/2024,15:24:17,15,3,15.0,,,,2,,1.0,Cycle,S
IND,5555,32021,60182,18/08/2024,15:24:18,15,2,13.0,,,,2,,1.0,Cycle,S
IND,5555,32021,60182,18/08/2024,15:24:18,15,3,12.0,,,,2,,1.0,Cycle,S
IND,5555,32021,60182,18/08/2024,15:28:10,15,1,24.0,,,,2,,1.0,Cycle,S
IND,5555,32021,60182,18/08/2024,15:28:24,15,1,31.0,,,,2,,1.0,Cycle,S
IND,5555,32021,60182,18/08/2024,15:28:25,15,1,29.0,,,,2,,1.0,Cycle,S
IND,5555,32021,60182,18/08/2024,15:31:21,15,2,78.0,,,,2,,1.0,Cycle,S
IND,5555,32021,60182,18/08/2024,15:31:44,15,2,15.0,,,,2,,1.0,Cycle,S
IND,5555,32021,60182,18/08/2024,15:31:44,15,3,13.0,,,,2,,1.0,Cycle,S
IND,5555,32021,60182,18/08/2024,15:31:45,15,3,10.0,,,,2,,1.0,Cycle,S
IND,5555,32021,60182,18/08/2024,15:31:48,15,2,9.0,,,,2,,1.0,Cycle,S
IND,5555,32021,60182,18/08/2024,15:31:48,15,3,9.0,,,,2,,1.0,Cycle,S
IND,5555,32021,60182,18/08/2024,15:31:50,15,2,9.0,,,,2,,1.0,Cycle,S
IND,5555,32021,60182,18/08/2024,15:31:50,15,3,9.0,,,,2,,1.0,Cycle,S
IND,5555,32021,60182,18/08/2024,15:31:52,15,3,11.0,,,,2,,1.0,Cycle,S
IND,5555,32021,60182,18/08/2024,15:31:52,15,2,11.0,,,,2,,1.0,Cycle,S
IND,5555,32021,60182,18/08/2024,15:31:53,15,3,14.0,,,,2,,1.0,Cycle,S
IND,5555,32021,60182,18/08/2024,15:31:53,15,2,13.0,,,,2,,1.0,Cycle,S
IND,5555,32021,60182,18/08/2024,15:31:55,15,2,19.0,,,,2,,1.0,Cycle,S
IND,5555,32021,60182,18/08/2024,15:31:55,15,3,16.0,,,,2,,1.0,Cycle,S
IND,5555,32021,60182,18/08/2024,15:31:55,15,3,17.0,,,,2,,1.0,Cycle,S
IND,5555,32021,60182,18/08/2024,15:33:35,15,2,21.0,,,,2,,1.0,Cycle,S
IND,5555,32021,60182,18/08/2024,15:33:41,15,2,19.0,,,,2,,1.0,Cycle,S
IND,5555,32021,60182,18/08/2024,15:33:41,15,3,16.0,,,,2,,1.0,Cycle,S
IND,5555,32021,60182,18/08/2024,15:33:41,15,2,14.0,,,,2,,1.0,Cycle,S
IND,5555,32021,60182,18/08/2024,15:33:41,15,3,12.0,,,,2,,1.0,Cycle,S
IND,5555,32021,60182,18/08/2024,15:33:44,15,2,10.0,,,,2,,1.0,Cycle,S
IND,5555,32021,60182,18/08/2024,15:33:44,15,3,9.0,,,,2,,1.0,Cycle,S
IND,5555,32021,60182,18/08/2024,15:33:45,15,2,11.0,,,,2,,1.0,Cycle,S
IND,5555,32021,60182,18/08/2024,15:33:45,15,3,9.0,,,,2,,1.0,Cycle,S
IND,5555,32021,60182,18/08/2024,15:33:55,15,2,19.0,,,,2,,1.0,Cycle,S
IND,5555,32021,60182,18/08/2024,15:33:55,15,3,17.0,,,,2,,1.0,Cycle,S
IND,5555,32021,60182,18/08/2024,15:34:20,15,1,24.0,,,,2,,1.0,Cycle,S
IND,5555,32021,60182,18/08/2024,15:34:44,15,3,19.0,,,,2,,1.0,Cycle,S
IND,5555,32021,60182,18/08/2024,15:34:44,15,1,22.0,,,,2,,1.0,Cycle,S
IND,5555,32021,60182,18/08/2024,15:35:25,15,2,17.0,,,,2,,1.0,Cycle,S
IND,5555,32021,60182,18/08/2024,15:35:25,15,3,14.0,,,,2,,1.0,Cycle,S
IND,5555,32021,60182,18/08/2024,15:35:26,15,2,11.0,,,,2,,1.0,Cycle,S
IND,5555,32021,60182,18/08/2024,15:35:26,15,3,10.0,,,,2,,1.0,Cycle,S
IND,5555,32021,60182,18/08/2024,15:35:48,15,2,18.0,,,,2,,1.0,Cycle,S
IND,5555,32021,60182,18/08/2024,15:35:48,15,3,14.0,,,,2,,1.0,Cycle,S
IND,5555,32021,60182,18/08/2024,15:35:49,15,2,19.0,,,,2,,1.0,Cycle,S
IND,5555,32021,60182,18/08/2024,15:35:49,15,3,16.0,,,,2,,1.0,Cycle,S
IND,5555,32021,60182,18/08/2024,15:35:51,15,2,17.0,,,,2,,1.0,Cycle,S
IND,5555,32021,60182,18/08/2024,15:35:51,15,3,15.0,,,,2,,1.0,Cycle,S
IND,5555,32021,60182,18/08/2024,15:35:52,15,2,16.0,,,,2,,1.0,Cycle,S
IND,5555,32021,60182,18/08/2024,15:35:52,15,3,15.0,,,,2,,1.0,Cycle,S
IND,5555,32021,60182,18/08/2024,15:36:20,15,1,23.0,,,,2,,1.0,Cycle,S
IND,5555,32021,60182,18/08/2024,15:37:32,15,3,19.0,,,,2,,1.0,Cycle,S
IND,5555,32021,60182,18/08/2024,15:37:32,15,2,18.0,,,,2,,1.0,Cycle,S
IND,5555,32021,60182,18/08/2024,15:37:32,15,3,16.0,,,,2,,1.0,Cycle,S
IND,5555,32021,60182,18/08/2024,15:37:36,15,2,10.0,,,,2,,1.0,Cycle,S
IND,5555,32021,60182,18/08/2024,15:37:36,15,3,9.0,,,,2,,1.0,Cycle,S
IND,5555,32021,60182,18/08/2024,15:37:50,15,2,11.0,,,,2,,1.0,Cycle,S
IND,5555,32021,60182,18/08/2024,15:37:50,15,3,10.0,,,,2,,1.0,Cycle,S
IND,5555,32021,60182,18/08/2024,15:37:51,15,2,13.0,,,,2,,1.0,Cycle,S
IND,5555,32021,60182,18/08/2024,15:37:51,15,3,13.0,,,,2,,1.0,Cycle,S
IND,5555,32021,60182,18/08/2024,15:37:53,15,2,16.0,,,,2,,1.0,Cycle,S
IND,5555,32021,60182,18/08/2024,15:37:53,15,3,15.0,,,,2,,1.0,Cycle,S
IND,5555,32021,60182,18/08/2024,15:37:54,15,2,19.0,,,,2,,1.0,Cycle,S
IND,5555,32021,60182,18/08/2024,15:37:54,15,3,17.0,,,,2,,1.0,Cycle,S
IND,5555,32021,60182,18/08/2024,15:37:56,15,3,18.0,,,,2,,1.0,Cycle,S
IND,5555,32021,60182,18/08/2024,15:39:13,15,2,25.0,,,,2,,1.0,Cycle,S
IND,5555,32021,60182,18/08/2024,15:39:14,15,1,26.0,,,,2,,1.0,Cycle,S
IND,5555,32021,60182,18/08/2024,15:39:16,15,2,19.0,,,,2,,1.0,Cycle,S
IND,5555,32021,60182,18/08/2024,15:39:43,15,3,30.0,,,,2,,1.0,Cycle,S
IND,5555,32021,60182,18/08/2024,15:39:46,15,2,25.0,,,,2,,1.0,Cycle,S
IND,5555,32021,60182,18/08/2024,15:39:49,15,3,19.0,,,,2,,1.0,Cycle,S
IND,5555,32021,60182,18/08/2024,15:39:52,15,3,14.0,,,,2,,1.0,Cycle,S
IND,5555,32021,60182,18/08/2024,15:39:52,15,2,14.0,,,,2,,1.0,Cycle,S
IND,5555,32021,60182,18/08/2024,15:39:53,15,2,10.0,,,,2,,1.0,Cycle,S
IND,5555,32021,60182,18/08/2024,15:39:53,15,3,9.0,,,,2,,1.0,Cycle,S
IND,5555,32021,60182,18/08/2024,15:39:58,15,2,11.0,,,,2,,1.0,Cycle,S
IND,5555,32021,60182,18/08/2024,15:39:58,15,3,10.0,,,,2,,1.0,Cycle,S
IND,5555,32021,60182,18/08/2024,15:40:01,15,2,19.0,,,,2,,1.0,Cycle,S
IND,5555,32021,60182,18/08/2024,15:40:01,15,3,15.0,,,,2,,1.0,Cycle,S
IND,5555,32021,60182,18/08/2024,15:40:02,15,3,17.0,,,,2,,1.0,Cycle,S
IND,5555,32021,60182,18/08/2024,15:40:49,15,1,27.0,,,,2,,1.0,Cycle,S
IND,5555,32021,60182,18/08/2024,15:41:35,15,3,19.0,,,,2,,1.0,Cycle,S
IND,5555,32021,60182,18/08/2024,15:41:36,15,2,18.0,,,,2,,1.0,Cycle,S
IND,5555,32021,60182,18/08/2024,15:41:36,15,3,17.0,,,,2,,1.0,Cycle,S
IND,5555,32021,60182,18/08/2024,15:41:39,15,2,12.0,,,,2,,1.0,Cycle,S
IND,5555,32021,60182,18/08/2024,15:41:39,15,3,11.0,,,,2,,1.0,Cycle,S
IND,5555,32021,60182,18/08/2024,15:41:40,15,2,12.0,,,,2,,1.0,Cycle,S
IND,5555,32021,60182,18/08/2024,15:41:40,15,3,10.0,,,,2,,1.0,Cycle,S
IND,5555,32021,60182,18/08/2024,15:41:56,15,1,24.0,,,,2,,1.0,Cycle,S
IND,5555,32021,60182,18/08/2024,15:42:50,15,2,15.0,,,,2,,1.0,Cycle,S
IND,5555,32021,60182,18/08/2024,15:42:50,15,3,13.0,,,,2,,1.0,Cycle,S
IND,5555,32021,60182,18/08/2024,15:45:53,15,2,13.0,,,,2,,1.0,Cycle,S
IND,5555,32021,60182,18/08/2024,15:45:53,15,3,12.0,,,,2,,1.0,Cycle,S
IND,5555,32021,60182,18/08/2024,15:45:58,15,2,13.0,,,,2,,1.0,Cycle,S
IND,5555,32021,60182,18/08/2024,15:45:58,15,3,11.0,,,,2,,1.0,Cycle,S
IND,5555,32021,60182,18/08/2024,15:45:59,15,2,12.0,,,,2,,1.0,Cycle,S
IND,5555,32021,60182,18/08/2024,15:45:59,15,3,11.0,,,,2,,1.0,Cycle,S
IND,5555,32021,60182,18/08/2024,15:46:24,15,1,15.0,,,,2,,1.0,Cycle,S
IND,5555,32021,60182,18/08/2024,15:47:41,15,1,23.0,,,,2,,1.0,Cycle,S
IND,5555,32021,60182,18/08/2024,15:48:24,15,2,52.0,,,,2,,1.0,Cycle,S
IND,5555,32021,60182,18/08/2024,15:48:29,15,2,19.0,,,,2,,1.0,Cycle,S
IND,5555,32021,60182,18/08/2024,15:48:29,15,3,17.0,,,,2,,1.0,Cycle,S
IND,5555,32021,60182,18/08/2024,15:48:30,15,2,17.0,,,,2,,1.0,Cycle,S
IND,5555,32021,60182,18/08/2024,15:48:30,15,3,14.0,,,,2,,1.0,Cycle,S
IND,5555,32021,60182,18/08/2024,15:48:31,15,2,13.0,,,,2,,1.0,Cycle,S
IND,5555,32021,60182,18/08/2024,15:48:31,15,3,11.0,,,,2,,1.0,Cycle,S
IND,5555,32021,60182,18/08/2024,15:48:36,15,3,18.0,,,,2,,1.0,Cycle,S
IND,5555,32021,60182,18/08/2024,15:48:37,15,3,16.0,,,,2,,1.0,Cycle,S
IND,5555,32021,60182,18/08/2024,15:48:38,15,2,17.0,,,,2,,1.0,Cycle,S
IND,5555,32021,60182,18/08/2024,15:48:38,15,3,15.0,,,,2,,1.0,Cycle,S
IND,5555,32021,60182,18/08/2024,15:48:39,15,2,13.0,,,,2,,1.0,Cycle,S
IND,5555,32021,60182,18/08/2024,15:48:39,15,3,13.0,,,,2,,1.0,Cycle,S
IND,5555,32021,60182,18/08/2024,15:51:23,15,1,16.0,,,,2,,1.0,Cycle,S
IND,5555,32021,60182,18/08/2024,15:52:02,15,3,19.0,,,,2,,1.0,Cycle,S
IND,5555,32021,60182,18/08/2024,15:52:34,15,3,19.0,,,,2,,1.0,Cycle,S
IND,5555,32021,60182,18/08/2024,15:52:35,15,2,19.0,,,,2,,1.0,Cycle,S
IND,5555,32021,60182,18/08/2024,15:52:35,15,3,18.0,,,,2,,1.0,Cycle,S
IND,5555,32021,60182,18/08/2024,15:52:49,15,3,18.0,,,,2,,1.0,Cycle,S
IND,5555,32021,60182,18/08/2024,15:54:53,15,2,72.0,,,,2,,1.0,Cycle,S
IND,5555,32021,60182,18/08/2024,15:56:58,15,3,19.0,,,,2,,1.0,Cycle,S
IND,5555,32021,60182,18/08/2024,15:56:59,15,2,18.0,,,,2,,1.0,Cycle,S
IND,5555,32021,60182,18/08/2024,15:56:59,15,3,15.0,,,,2,,1.0,Cycle,S
IND,5555,32021,60182,18/08/2024,15:57:02,15,2,16.0,,,,2,,1.0,Cycle,S
IND,5555,32021,60182,18/08/2024,15:57:02,15,3,15.0,,,,2,,1.0,Cycle,S
IND,5555,32021,60182,18/08/2024,15:57:03,15,2,14.0,,,,2,,1.0,Cycle,S
IND,5555,32021,60182,18/08/2024,15:57:03,15,3,13.0,,,,2,,1.0,Cycle,S
IND,5555,32021,60182,18/08/2024,15:58:41,15,3,19.0,,,,2,,1.0,Cycle,S
IND,5555,32021,60182,18/08/2024,15:58:41,15,2,19.0,,,,2,,1.0,Cycle,S
IND,5555,32021,60182,18/08/2024,15:58:41,15,3,16.0,,,,2,,1.0,Cycle,S
IND,5555,32021,60182,18/08/2024,15:58:41,15,2,17.0,,,,2,,1.0,Cycle,S
IND,5555,32021,60182,18/08/2024,16:01:10,15,1,25.0,,,,2,,1.0,Cycle,S
IND,5555,32021,60182,18/08/2024,16:03:15,15,3,19.0,,,,2,,1.0,Cycle,S
IND,5555,32021,60182,18/08/2024,16:03:18,15,3,19.0,,,,2,,1.0,Cycle,S
IND,5555,32021,60182,18/08/2024,16:06:35,15,1,63.0,,,,2,,1.0,Cycle,S
IND,5555,32021,60182,18/08/2024,16:06:39,15,3,19.0,,,,2,,1.0,Cycle,S
IND,5555,32021,60182,18/08/2024,16:08:40,15,1,25.0,,,,2,,1.0,Cycle,S
IND,5555,32021,60182,18/08/2024,16:10:32,15,1,27.0,,,,2,,1.0,Cycle,S
IND,5555,32021,60182,18/08/2024,16:10:37,15,1,28.0,,,,2,,1.0,Cycle,S
IND,5555,32021,60182,18/08/2024,16:11:53,15,1,28.0,,,,2,,1.0,Cycle,S
IND,5555,32021,60182,18/08/2024,16:16:49,15,3,18.0,,,,2,,1.0,Cycle,S
IND,5555,32021,60182,18/08/2024,16:16:50,15,3,18.0,,,,2,,1.0,Cycle,S
IND,5555,32021,60182,18/08/2024,16:17:18,15,1,19.0,,,,2,,1.0,Cycle,S
IND,5555,32021,60182,18/08/2024,16:18:05,15,3,18.0,,,,2,,1.0,Cycle,S
IND,5555,32021,60182,18/08/2024,16:18:06,15,2,18.0,,,,2,,1.0,Cycle,S
IND,5555,32021,60182,18/08/2024,16:18:06,15,3,15.0,,,,2,,1.0,Cycle,S
IND,5555,32021,60182,18/08/2024,16:18:27,15,1,19.0,,,,2,,1.0,Cycle,S
IND,5555,32021,60182,18/08/2024,16:19:25,15,3,9.0,,,,2,,1.0,Cycle,S
IND,5555,32021,60182,18/08/2024,16:19:25,15,2,9.0,,,,2,,1.0,Cycle,S
IND,5555,32021,60182,18/08/2024,16:19:34,15,3,10.0,,,,2,,1.0,Cycle,S
IND,5555,32021,60182,18/08/2024,16:19:34,15,2,10.0,,,,2,,1.0,Cycle,S
IND,5555,32021,60182,18/08/2024,16:19:34,15,3,13.0,,,,2,,1.0,Cycle,S
IND,5555,32021,60182,18/08/2024,16:19:35,15,2,14.0,,,,2,,1.0,Cycle,S
IND,5555,32021,60182,18/08/2024,16:21:27,15,3,19.0,,,,2,,1.0,Cycle,S
IND,5555,32021,60182,18/08/2024,16:25:01,15,3,19.0,,,,2,,1.0,Cycle,S
IND,5555,32021,60182,18/08/2024,16:26:27,15,1,18.0,,,,2,,1.0,Cycle,S
IND,5555,32021,60182,18/08/2024,16:26:28,15,1,16.0,,,,2,,1.0,Cycle,S
IND,5555,32021,60182,18/08/2024,16:29:42,15,3,17.0,,,,2,,1.0,Cycle,S
IND,5555,32021,60182,18/08/2024,16:29:43,15,3,14.0,,,,2,,1.0,Cycle,S
IND,5555,32021,60182,18/08/2024,16:29:45,15,2,12.0,,,,2,,1.0,Cycle,S
IND,5555,32021,60182,18/08/2024,16:29:45,15,3,10.0,,,,2,,1.0,Cycle,S
IND,5555,32021,60182,18/08/2024,16:30:03,15,2,31.0,,,,2,,1.0,Cycle,S
IND,5555,32021,60182,18/08/2024,16:30:07,15,1,22.0,,,,2,,1.0,Cycle,S
IND,5555,32021,60182,18/08/2024,16:30:45,15,2,38.0,,,,2,,1.0,Cycle,S
IND,5555,32021,60182,18/08/2024,16:31:13,15,1,21.0,,,,2,,1.0,Cycle,S
IND,5555,32021,60182,18/08/2024,16:31:35,15,1,25.0,,,,2,,1.0,Cycle,S
IND,5555,32021,60182,18/08/2024,16:31:36,15,1,24.0,,,,2,,1.0,Cycle,S
IND,5555,32021,60182,18/08/2024,16:32:13,15,1,28.0,,,,2,,1.0,Cycle,S
IND,5555,32021,60182,18/08/2024,16:34:11,15,1,16.0,,,,2,,1.0,Cycle,S
IND,5555,32021,60182,18/08/2024,16:34:23,15,1,24.0,,,,2,,1.0,Cycle,S
IND,5555,32021,60182,18/08/2024,16:36:22,15,1,27.0,,,,2,,1.0,Cycle,S
IND,5555,32021,60182,18/08/2024,16:36:56,15,2,9.0,,,,2,,1.0,Cycle,S
IND,5555,32021,60182,18/08/2024,16:36:57,15,2,12.0,,,,2,,1.0,Cycle,S
IND,5555,32021,60182,18/08/2024,16:36:57,15,3,11.0,,,,2,,1.0,Cycle,S
IND,5555,32021,60182,18/08/2024,16:37:41,15,1,78.0,,,,2,,1.0,Cycle,S
IND,5555,32021,60182,18/08/2024,16:38:27,15,1,24.0,,,,2,,1.0,Cycle,S
IND,5555,32021,60182,18/08/2024,16:39:26,15,1,26.0,,,,2,,1.0,Cycle,S
IND,5555,32021,60182,18/08/2024,16:41:41,15,3,23.0,,,,2,,1.0,Cycle,S
IND,5555,32021,60182,18/08/2024,16:41:59,15,2,18.0,,,,2,,1.0,Cycle,S
IND,5555,32021,60182,18/08/2024,16:41:59,15,3,16.0,,,,2,,1.0,Cycle,S
IND,5555,32021,60182,18/08/2024,16:42:00,15,2,17.0,,,,2,,1.0,Cycle,S
IND,5555,32021,60182,18/08/2024,16:42:00,15,3,15.0,,,,2,,1.0,Cycle,S
IND,5555,32021,60182,18/08/2024,16:42:05,15,3,19.0,,,,2,,1.0,Cycle,S
IND,5555,32021,60182,18/08/2024,16:42:05,15,3,18.0,,,,2,,1.0,Cycle,S
IND,5555,32021,60182,18/08/2024,16:42:34,15,2,19.0,,,,2,,1.0,Cycle,S
IND,5555,32021,60182,18/08/2024,16:42:34,15,3,17.0,,,,2,,1.0,Cycle,S
IND,5555,32021,60182,18/08/2024,16:42:35,15,1,59.0,,,,2,,1.0,Cycle,S
IND,5555,32021,60182,18/08/2024,16:42:41,15,2,10.0,,,,2,,1.0,Cycle,S
IND,5555,32021,60182,18/08/2024,16:42:41,15,3,9.0,,,,2,,1.0,Cycle,S
IND,5555,32021,60182,18/08/2024,16:42:43,15,2,19.0,,,,2,,1.0,Cycle,S
IND,5555,32021,60182,18/08/2024,16:42:43,15,3,16.0,,,,2,,1.0,Cycle,S
IND,5555,32021,60182,18/08/2024,16:42:44,15,3,19.0,,,,2,,1.0,Cycle,S
IND,5555,32021,60182,18/08/2024,16:42:48,15,3,19.0,,,,2,,1.0,Cycle,S
IND,5555,32021,60182,18/08/2024,16:43:14,15,2,16.0,,,,2,,1.0,Cycle,S
IND,5555,32021,60182,18/08/2024,16:43:14,15,3,14.0,,,,2,,1.0,Cycle,S
IND,5555,32021,60182,18/08/2024,16:43:14,15,2,14.0,,,,2,,1.0,Cycle,S
IND,5555,32021,60182,18/08/2024,16:43:14,15,3,12.0,,,,2,,1.0,Cycle,S
IND,5555,32021,60182,18/08/2024,16:48:21,15,1,26.0,,,,2,,1.0,Cycle,S
IND,5555,32021,60182,18/08/2024,16:49:42,15,3,19.0,,,,2,,1.0,Cycle,S
IND,5555,32021,60182,18/08/2024,16:49:46,15,2,15.0,,,,2,,1.0,Cycle,S
IND,5555,32021,60182,18/08/2024,16:49:46,15,3,12.0,,,,2,,1.0,Cycle,S
IND,5555,32021,60182,18/08/2024,16:49:47,15,2,9.0,,,,2,,1.0,Cycle,S
IND,5555,32021,60182,18/08/2024,16:49:50,15,2,14.0,,,,2,,1.0,Cycle,S
IND,5555,32021,60182,18/08/2024,16:49:50,15,3,12.0,,,,2,,1.0,Cycle,S
IND,5555,32021,60182,18/08/2024,16:49:51,15,2,17.0,,,,2,,1.0,Cycle,S
IND,5555,32021,60182,18/08/2024,16:49:51,15,3,14.0,,,,2,,1.0,Cycle,S
IND,5555,32021,60182,18/08/2024,16:49:56,15,3,18.0,,,,2,,1.0,Cycle,S
IND,5555,32021,60182,18/08/2024,16:49:56,15,3,19.0,,,,2,,1.0,Cycle,S
IND,5555,32021,60182,18/08/2024,16:52:11,15,1,74.0,,,,2,,1.0,Cycle,S
IND,5555,32021,60182,18/08/2024,16:54:28,15,2,17.0,,,,2,,1.0,Cycle,S
IND,5555,32021,60182,18/08/2024,16:54:28,15,3,14.0,,,,2,,1.0,Cycle,S
IND,5555,32021,60182,18/08/2024,16:54:34,15,3,17.0,,,,2,,1.0,Cycle,S
IND,5555,32021,60182,18/08/2024,16:54:34,15,2,19.0,,,,2,,1.0,Cycle,S
IND,5555,32021,60182,18/08/2024,16:54:34,15,3,15.0,,,,2,,1.0,Cycle,S
IND,5555,32021,60182,18/08/2024,16:54:36,15,3,18.0,,,,2,,1.0,Cycle,S
IND,5555,32021,60182,18/08/2024,16:54:36,15,2,18.0,,,,2,,1.0,Cycle,S
IND,5555,32021,60182,18/08/2024,16:54:37,15,3,14.0,,,,2,,1.0,Cycle,S
IND,5555,32021,60182,18/08/2024,16:54:37,15,2,14.0,,,,2,,1.0,Cycle,S
IND,5555,32021,60182,18/08/2024,16:54:40,15,2,15.0,,,,2,,1.0,Cycle,S
IND,5555,32021,60182,18/08/2024,16:54:40,15,3,13.0,,,,2,,1.0,Cycle,S
IND,5555,32021,60182,18/08/2024,16:54:41,15,2,13.0,,,,2,,1.0,Cycle,S
IND,5555,32021,60182,18/08/2024,16:54:41,15,3,12.0,,,,2,,1.0,Cycle,S
IND,5555,32021,60182,18/08/2024,16:54:47,15,1,19.0,,,,2,,1.0,Cycle,S
IND,5555,32021,60182,18/08/2024,16:54:48,15,1,18.0,,,,2,,1.0,Cycle,S
IND,5555,32021,60182,18/08/2024,16:55:56,15,1,29.0,,,,2,,1.0,Cycle,S
IND,5555,32021,60182,18/08/2024,16:56:06,15,1,27.0,,,,2,,1.0,Cycle,S
IND,5555,32021,60182,18/08/2024,16:56:55,15,2,57.0,,,,2,,1.0,Cycle,S
IND,5555,32021,60182,18/08/2024,16:56:57,15,2,78.0,,,,2,,1.0,Cycle,S
IND,5555,32021,60182,18/08/2024,17:03:36,15,2,13.0,,,,2,,1.0,Cycle,S
IND,5555,32021,60182,18/08/2024,17:03:36,15,3,12.0,,,,2,,1.0,Cycle,S
IND,5555,32021,60182,18/08/2024,17:03:37,15,2,10.0,,,,2,,1.0,Cycle,S
IND,5555,32021,60182,18/08/2024,17:03:37,15,3,9.0,,,,2,,1.0,Cycle,S
IND,5555,32021,60182,18/08/2024,17:04:49,15,1,24.0,,,,2,,1.0,Cycle,S
IND,5555,32021,60182,18/08/2024,17:04:55,15,3,17.0,,,,2,,1.0,Cycle,S
IND,5555,32021,60182,18/08/2024,17:04:57,15,3,16.0,,,,2,,1.0,Cycle,S
IND,5555,32021,60182,18/08/2024,17:04:58,15,2,18.0,,,,2,,1.0,Cycle,S
IND,5555,32021,60182,18/08/2024,17:04:58,15,3,15.0,,,,2,,1.0,Cycle,S
IND,5555,32021,60182,18/08/2024,17:05:39,15,2,31.0,,,,2,,1.0,Cycle,S
IND,5555,32021,60182,18/08/2024,17:05:40,15,3,19.0,,,,2,,1.0,Cycle,S
IND,5555,32021,60182,18/08/2024,17:05:41,15,3,19.0,,,,2,,1.0,Cycle,S
IND,5555,32021,60182,18/08/2024,17:06:37,15,2,43.0,,,,2,,1.0,Cycle,S
IND,5555,32021,60182,18/08/2024,17:08:34,15,3,19.0,,,,2,,1.0,Cycle,S
IND,5555,32021,60182,18/08/2024,17:10:56,15,1,54.0,,,,2,,1.0,Cycle,S
IND,5555,32021,60182,18/08/2024,17:12:42,15,3,19.0,,,,2,,1.0,Cycle,S
IND,5555,32021,60182,18/08/2024,17:12:43,15,2,18.0,,,,2,,1.0,Cycle,S
IND,5555,32021,60182,18/08/2024,17:12:43,15,3,16.0,,,,2,,1.0,Cycle,S
IND,5555,32021,60182,18/08/2024,17:12:54,15,3,19.0,,,,2,,1.0,Cycle,S
IND,5555,32021,60182,18/08/2024,17:12:55,15,3,18.0,,,,2,,1.0,Cycle,S
IND,5555,32021,60182,18/08/2024,17:13:01,15,3,48.0,,,,2,,1.0,Cycle,S
IND,5555,32021,60182,18/08/2024,17:15:40,15,2,17.0,,,,2,,1.0,Cycle,S
IND,5555,32021,60182,18/08/2024,17:15:40,15,3,15.0,,,,2,,1.0,Cycle,S
IND,5555,32021,60182,18/08/2024,17:15:40,15,2,14.0,,,,2,,1.0,Cycle,S
IND,5555,32021,60182,18/08/2024,17:15:40,15,3,13.0,,,,2,,1.0,Cycle,S
IND,5555,32021,60182,18/08/2024,17:15:43,15,2,9.0,,,,2,,1.0,Cycle,S
IND,5555,32021,60182,18/08/2024,17:15:46,15,1,40.0,,,,2,,1.0,Cycle,S
IND,5555,32021,60182,18/08/2024,17:15:48,15,1,19.0,,,,2,,1.0,Cycle,S
IND,5555,32021,60182,18/08/2024,17:15:48,15,1,19.0,,,,2,,1.0,Cycle,S
IND,5555,32021,60182,18/08/2024,17:15:54,15,1,19.0,,,,2,,1.0,Cycle,S
IND,5555,32021,60182,18/08/2024,17:15:54,15,1,19.0,,,,2,,1.0,Cycle,S
IND,5555,32021,60182,18/08/2024,17:19:30,15,1,29.0,,,,2,,1.0,Cycle,S
IND,5555,32021,60182,18/08/2024,17:20:09,15,2,19.0,,,,2,,1.0,Cycle,S
IND,5555,32021,60182,18/08/2024,17:20:41,15,1,18.0,,,,2,,1.0,Cycle,S
IND,5555,32021,60182,18/08/2024,17:20:41,15,2,15.0,,,,2,,1.0,Cycle,S
IND,5555,32021,60182,18/08/2024,17:20:42,15,2,17.0,,,,2,,1.0,Cycle,S
IND,5555,32021,60182,18/08/2024,17:26:50,15,3,19.0,,,,2,,1.0,Cycle,S
IND,5555,32021,60182,18/08/2024,17:26:50,15,2,17.0,,,,2,,1.0,Cycle,S
IND,5555,32021,60182,18/08/2024,17:26:50,15,3,17.0,,,,2,,1.0,Cycle,S
IND,5555,32021,60182,18/08/2024,17:26:53,15,2,16.0,,,,2,,1.0,Cycle,S
IND,5555,32021,60182,18/08/2024,17:26:53,15,3,14.0,,,,2,,1.0,Cycle,S
IND,5555,32021,60182,18/08/2024,17:26:53,15,2,15.0,,,,2,,1.0,Cycle,S
IND,5555,32021,60182,18/08/2024,17:26:53,15,3,13.0,,,,2,,1.0,Cycle,S
IND,5555,32021,60182,18/08/2024,17:29:46,15,1,24.0,,,,2,,1.0,Cycle,S
IND,5555,32021,60182,18/08/2024,17:31:37,15,3,18.0,,,,2,,1.0,Cycle,S
IND,5555,32021,60182,18/08/2024,17:34:04,15,1,16.0,,,,2,,1.0,Cycle,S
IND,5555,32021,60182,18/08/2024,17:34:06,15,1,13.0,,,,2,,1.0,Cycle,S
IND,5555,32021,60182,18/08/2024,17:37:38,15,3,19.0,,,,2,,1.0,Cycle,S
IND,5555,32021,60182,18/08/2024,17:45:33,15,3,18.0,,,,2,,1.0,Cycle,S
IND,5555,32021,60182,18/08/2024,17:45:35,15,2,14.0,,,,2,,1.0,Cycle,S
IND,5555,32021,60182,18/08/2024,17:45:35,15,3,12.0,,,,2,,1.0,Cycle,S
IND,5555,32021,60182,18/08/2024,17:45:36,15,2,9.0,,,,2,,1.0,Cycle,S
IND,5555,32021,60182,18/08/2024,17:45:40,15,2,9.0,,,,2,,1.0,Cycle,S
IND,5555,32021,60182,18/08/2024,17:45:41,15,2,13.0,,,,2,,1.0,Cycle,S
IND,5555,32021,60182,18/08/2024,17:45:41,15,3,11.0,,,,2,,1.0,Cycle,S
IND,5555,32021,60182,18/08/2024,17:45:44,15,3,13.0,,,,2,,1.0,Cycle,S
IND,5555,32021,60182,18/08/2024,17:45:44,15,2,13.0,,,,2,,1.0,Cycle,S
IND,5555,32021,60182,18/08/2024,17:45:44,15,3,16.0,,,,2,,1.0,Cycle,S
IND,5555,32021,60182,18/08/2024,17:45:44,15,2,15.0,,,,2,,1.0,Cycle,S
IND,5555,32021,60182,18/08/2024,17:45:46,15,3,17.0,,,,2,,1.0,Cycle,S
IND,5555,32021,60182,18/08/2024,17:45:47,15,3,19.0,,,,2,,1.0,Cycle,S
IND,5555,32021,60182,18/08/2024,17:56:58,15,1,23.0,,,,2,,1.0,Cycle,S
IND,5555,32021,60182,18/08/2024,17:57:28,15,2,59.0,,,,2,,1.0,Cycle,S
IND,5555,32021,60182,18/08/2024,17:59:50,15,3,18.0,,,,2,,1.0,Cycle,S
IND,5555,32021,60182,18/08/2024,17:59:51,15,2,17.0,,,,2,,1.0,Cycle,S
IND,5555,32021,60182,18/08/2024,17:59:51,15,3,15.0,,,,2,,1.0,Cycle,S
IND,5555,32021,60182,18/08/2024,18:00:44,15,2,13.0,,,,2,,1.0,Cycle,S
IND,5555,32021,60182,18/08/2024,18:00:44,15,3,12.0,,,,2,,1.0,Cycle,S
IND,5555,32021,60182,18/08/2024,18:00:48,15,2,11.0,,,,2,,1.0,Cycle,S
IND,5555,32021,60182,18/08/2024,18:00:48,15,3,10.0,,,,2,,1.0,Cycle,S
IND,5555,32021,60182,18/08/2024,18:00:49,15,2,13.0,,,,2,,1.0,Cycle,S
IND,5555,32021,60182,18/08/2024,18:00:49,15,3,13.0,,,,2,,1.0,Cycle,S
IND,5555,32021,60182,18/08/2024,18:15:42,15,1,18.0,,,,2,,1.0,Cycle,S
IND,5555,32021,60182,18/08/2024,18:17:35,15,3,19.0,,,,2,,1.0,Cycle,S
IND,5555,32021,60182,18/08/2024,18:17:38,15,3,17.0,,,,2,,1.0,Cycle,S
IND,5555,32021,60182,18/08/2024,18:17:39,15,3,18.0,,,,2,,1.0,Cycle,S
IND,5555,32021,60182,18/08/2024,18:17:40,15,2,17.0,,,,2,,1.0,Cycle,S
IND,5555,32021,60182,18/08/2024,18:17:40,15,3,15.0,,,,2,,1.0,Cycle,S
IND,5555,32021,60182,18/08/2024,18:17:40,15,3,18.0,,,,2,,1.0,Cycle,S
IND,5555,32021,60182,18/08/2024,18:18:42,15,2,18.0,,,,2,,1.0,Cycle,S
IND,5555,32021,60182,18/08/2024,18:18:44,15,1,16.0,,,,2,,1.0,Cycle,S
IND,5555,32021,60182,18/08/2024,18:18:44,15,2,12.0,,,,2,,1.0,Cycle,S
IND,5555,32021,60182,18/08/2024,18:18:45,15,1,11.0,,,,2,,1.0,Cycle,S
IND,5555,32021,60182,18/08/2024,18:20:49,15,2,50.0,,,,2,,1.0,Cycle,S
IND,5555,32021,60182,18/08/2024,18:22:34,15,2,19.0,,,,2,,1.0,Cycle,S
IND,5555,32021,60182,18/08/2024,18:22:35,15,2,17.0,,,,2,,1.0,Cycle,S
IND,5555,32021,60182,18/08/2024,18:22:41,15,2,11.0,,,,2,,1.0,Cycle,S
IND,5555,32021,60182,18/08/2024,18:22:42,15,2,10.0,,,,2,,1.0,Cycle,S
IND,5555,32021,60182,18/08/2024,18:22:42,15,1,10.0,,,,2,,1.0,Cycle,S
IND,5555,32021,60182,18/08/2024,18:25:54,15,3,19.0,,,,2,,1.0,Cycle,S
IND,5555,32021,60182,18/08/2024,18:25:55,15,3,19.0,,,,2,,1.0,Cycle,S
IND,5555,32021,60182,18/08/2024,18:30:33,15,1,90.0,,,,2,,1.0,Cycle,S
IND,5555,32021,60182,18/08/2024,18:47:59,15,2,43.0,,,,2,,1.0,Cycle,S
IND,5555,32021,60182,18/08/2024,18:50:46,15,1,22.0,,,,2,,1.0,Cycle,S
IND,5555,32021,60182,18/08/2024,18:57:27,15,2,50.0,,,,2,,1.0,Cycle,S
IND,5555,32021,60182,18/08/2024,19:02:39,15,3,19.0,,,,2,,1.0,Cycle,S
IND,5555,32021,60182,18/08/2024,19:02:40,15,3,18.0,,,,2,,1.0,Cycle,S
IND,5555,32021,60182,18/08/2024,19:16:05,15,2,52.0,,,,2,,1.0,Cycle,S
IND,5555,32021,60182,18/08/2024,19:19:16,15,2,19.0,,,,2,,1.0,Cycle,S
IND,5555,32021,60182,18/08/2024,19:19:17,15,3,19.0,,,,2,,1.0,Cycle,S
IND,5555,32021,60182,18/08/2024,19:19:17,15,2,19.0,,,,2,,1.0,Cycle,S
IND,5555,32021,60182,18/08/2024,19:19:20,15,1,72.0,,,,2,,1.0,Cycle,S
IND,5555,32021,60182,18/08/2024,19:25:10,15,1,74.0,,,,2,,1.0,Cycle,S
IND,5555,32021,60182,18/08/2024,19:26:59,15,2,66.0,,,,2,,1.0,Cycle,S
IND,5555,32021,60182,18/08/2024,20:06:20,15,1,90.0,,,,2,,1.0,Cycle,S
IND,5555,32021,60182,18/08/2024,20:15:41,15,2,78.0,,,,2,,1.0,Cycle,S
IND,5555,32021,60182,18/08/2024,20:21:00,15,2,19.0,,,,2,,1.0,Cycle,S
IND,5555,32021,60182,18/08/2024,20:21:00,15,1,18.0,,,,2,,1.0,Cycle,S
IND,5555,32021,60182,18/08/2024,20:34:56,15,1,31.0,,,,2,,1.0,Cycle,S
IND,5555,32021,60182,18/08/2024,20:40:00,15,1,29.0,,,,2,,1.0,Cycle,S
IND,5555,32021,60182,18/08/2024,20:40:01,15,3,30.0,,,,2,,1.0,Cycle,S
