DATA_TYPE,TIS_DATA_REQUEST,SITE_XN_ROUTE,LOC_LEG,DATE,TIME,CLASS,LANE,SPEED,WHEELBASE,HEADWAY,GAP,AXLE,AXLE_GROUPING,RHO,VEHICLE,DIRECTION
IND,5555,32021,60182,22/01/2023,00:13:22,15,1,20.0,,,,2,,1.0,Cycle,S
IND,5555,32021,60182,22/01/2023,01:44:22,15,2,13.0,,,,2,,1.0,Cycle,S
IND,5555,32021,60182,22/01/2023,01:44:22,15,2,13.0,,,,2,,1.0,Cycle,S
IND,5555,32021,60182,22/01/2023,05:10:07,15,1,11.0,,,,2,,1.0,Cycle,S
IND,5555,32021,60182,22/01/2023,05:10:07,15,2,11.0,,,,2,,1.0,Cycle,S
IND,5555,32021,60182,22/01/2023,05:10:08,15,1,14.0,,,,2,,1.0,Cycle,S
IND,5555,32021,60182,22/01/2023,05:10:08,15,2,13.0,,,,2,,1.0,Cycle,S
IND,5555,32021,60182,22/01/2023,05:11:56,15,3,29.0,,,,2,,1.0,Cycle,S
IND,5555,32021,60182,22/01/2023,05:29:15,15,1,31.0,,,,2,,1.0,Cycle,S
IND,5555,32021,60182,22/01/2023,05:29:16,15,1,34.0,,,,2,,1.0,Cycle,S
IND,5555,32021,60182,22/01/2023,05:33:45,15,1,26.0,,,,2,,1.0,Cycle,S
IND,5555,32021,60182,22/01/2023,05:36:13,15,1,25.0,,,,2,,1.0,Cycle,S
IND,5555,32021,60182,22/01/2023,05:41:19,15,1,26.0,,,,2,,1.0,Cycle,S
IND,5555,32021,60182,22/01/2023,05:43:07,15,1,26.0,,,,2,,1.0,Cycle,S
IND,5555,32021,60182,22/01/2023,05:47:56,15,1,24.0,,,,2,,1.0,Cycle,S
IND,5555,32021,60182,22/01/2023,05:56:28,15,1,27.0,,,,2,,1.0,Cycle,S
IND,5555,32021,60182,22/01/2023,06:02:47,15,1,28.0,,,,2,,1.0,Cycle,S
IND,5555,32021,60182,22/01/2023,06:05:13,15,1,26.0,,,,2,,1.0,Cycle,S
IND,5555,32021,60182,22/01/2023,06:05:14,15,1,29.0,,,,2,,1.0,Cycle,S
IND,5555,32021,60182,22/01/2023,06:05:14,15,1,29.0,,,,2,,1.0,Cycle,S
IND,5555,32021,60182,22/01/2023,06:07:25,15,1,34.0,,,,2,,1.0,Cycle,S
IND,5555,32021,60182,22/01/2023,06:07:29,15,1,19.0,,,,2,,1.0,Cycle,S
IND,5555,32021,60182,22/01/2023,06:07:51,15,1,17.0,,,,2,,1.0,Cycle,S
IND,5555,32021,60182,22/01/2023,06:08:00,15,1,28.0,,,,2,,1.0,Cycle,S
IND,5555,32021,60182,22/01/2023,06:08:00,15,2,32.0,,,,2,,1.0,Cycle,S
IND,5555,32021,60182,22/01/2023,06:08:24,15,2,25.0,,,,2,,1.0,Cycle,S
IND,5555,32021,60182,22/01/2023,06:08:24,15,1,23.0,,,,2,,1.0,Cycle,S
IND,5555,32021,60182,22/01/2023,06:08:24,15,1,23.0,,,,2,,1.0,Cycle,S
IND,5555,32021,60182,22/01/2023,06:10:35,15,1,30.0,,,,2,,1.0,Cycle,S
IND,5555,32021,60182,22/01/2023,06:11:04,15,1,27.0,,,,2,,1.0,Cycle,S
IND,5555,32021,60182,22/01/2023,06:11:21,15,1,25.0,,,,2,,1.0,Cycle,S
IND,5555,32021,60182,22/01/2023,06:12:08,15,2,34.0,,,,2,,1.0,Cycle,S
IND,5555,32021,60182,22/01/2023,06:13:45,15,2,29.0,,,,2,,1.0,Cycle,S
IND,5555,32021,60182,22/01/2023,06:13:45,15,1,29.0,,,,2,,1.0,Cycle,S
IND,5555,32021,60182,22/01/2023,06:13:45,15,1,28.0,,,,2,,1.0,Cycle,S
IND,5555,32021,60182,22/01/2023,06:13:45,15,2,30.0,,,,2,,1.0,Cycle,S
IND,5555,32021,60182,22/01/2023,06:13:46,15,1,29.0,,,,2,,1.0,Cycle,S
IND,5555,32021,60182,22/01/2023,06:13:46,15,1,29.0,,,,2,,1.0,Cycle,S
IND,5555,32021,60182,22/01/2023,06:17:18,15,1,24.0,,,,2,,1.0,Cycle,S
IND,5555,32021,60182,22/01/2023,06:18:14,15,1,27.0,,,,2,,1.0,Cycle,S
IND,5555,32021,60182,22/01/2023,06:19:15,15,2,26.0,,,,2,,1.0,Cycle,S
IND,5555,32021,60182,22/01/2023,06:21:14,15,1,27.0,,,,2,,1.0,Cycle,S
IND,5555,32021,60182,22/01/2023,06:21:29,15,1,20.0,,,,2,,1.0,Cycle,S
IND,5555,32021,60182,22/01/2023,06:22:14,15,1,29.0,,,,2,,1.0,Cycle,S
IND,5555,32021,60182,22/01/2023,06:23:29,15,1,29.0,,,,2,,1.0,Cycle,S
IND,5555,32021,60182,22/01/2023,06:23:29,15,2,30.0,,,,2,,1.0,Cycle,S
IND,5555,32021,60182,22/01/2023,06:23:56,15,1,25.0,,,,2,,1.0,Cycle,S
IND,5555,32021,60182,22/01/2023,06:24:27,15,1,22.0,,,,2,,1.0,Cycle,S
IND,5555,32021,60182,22/01/2023,06:28:22,15,1,29.0,,,,2,,1.0,Cycle,S
IND,5555,32021,60182,22/01/2023,06:29:34,15,1,30.0,,,,2,,1.0,Cycle,S
IND,5555,32021,60182,22/01/2023,06:29:39,15,1,26.0,,,,2,,1.0,Cycle,S
IND,5555,32021,60182,22/01/2023,06:30:08,15,1,27.0,,,,2,,1.0,Cycle,S
IND,5555,32021,60182,22/01/2023,06:31:05,15,1,25.0,,,,2,,1.0,Cycle,S
IND,5555,32021,60182,22/01/2023,06:31:17,15,1,23.0,,,,2,,1.0,Cycle,S
IND,5555,32021,60182,22/01/2023,06:33:44,15,1,22.0,,,,2,,1.0,Cycle,S
IND,5555,32021,60182,22/01/2023,06:34:24,15,1,24.0,,,,2,,1.0,Cycle,S
IND,5555,32021,60182,22/01/2023,06:35:47,15,1,31.0,,,,2,,1.0,Cycle,S
IND,5555,32021,60182,22/01/2023,06:37:09,15,1,27.0,,,,2,,1.0,Cycle,S
IND,5555,32021,60182,22/01/2023,06:38:00,15,1,27.0,,,,2,,1.0,Cycle,S
IND,5555,32021,60182,22/01/2023,06:39:00,15,1,27.0,,,,2,,1.0,Cycle,S
IND,5555,32021,60182,22/01/2023,06:39:09,15,1,27.0,,,,2,,1.0,Cycle,S
IND,5555,32021,60182,22/01/2023,06:39:09,15,1,27.0,,,,2,,1.0,Cycle,S
IND,5555,32021,60182,22/01/2023,06:39:14,15,1,27.0,,,,2,,1.0,Cycle,S
IND,5555,32021,60182,22/01/2023,06:40:58,15,1,24.0,,,,2,,1.0,Cycle,S
IND,5555,32021,60182,22/01/2023,06:41:04,15,1,26.0,,,,2,,1.0,Cycle,S
IND,5555,32021,60182,22/01/2023,06:41:32,15,1,25.0,,,,2,,1.0,Cycle,S
IND,5555,32021,60182,22/01/2023,06:41:32,15,1,25.0,,,,2,,1.0,Cycle,S
IND,5555,32021,60182,22/01/2023,06:42:08,15,1,23.0,,,,2,,1.0,Cycle,S
IND,5555,32021,60182,22/01/2023,06:42:32,15,1,30.0,,,,2,,1.0,Cycle,S
IND,5555,32021,60182,22/01/2023,06:42:32,15,1,29.0,,,,2,,1.0,Cycle,S
IND,5555,32021,60182,22/01/2023,06:43:50,15,3,31.0,,,,2,,1.0,Cycle,S
IND,5555,32021,60182,22/01/2023,06:43:51,15,1,31.0,,,,2,,1.0,Cycle,S
IND,5555,32021,60182,22/01/2023,06:44:13,15,2,33.0,,,,2,,1.0,Cycle,S
IND,5555,32021,60182,22/01/2023,06:44:52,15,1,33.0,,,,2,,1.0,Cycle,S
IND,5555,32021,60182,22/01/2023,06:44:52,15,1,33.0,,,,2,,1.0,Cycle,S
IND,5555,32021,60182,22/01/2023,06:44:52,15,1,32.0,,,,2,,1.0,Cycle,S
IND,5555,32021,60182,22/01/2023,06:44:58,15,1,27.0,,,,2,,1.0,Cycle,S
IND,5555,32021,60182,22/01/2023,06:44:58,15,1,27.0,,,,2,,1.0,Cycle,S
IND,5555,32021,60182,22/01/2023,06:44:59,15,1,27.0,,,,2,,1.0,Cycle,S
IND,5555,32021,60182,22/01/2023,06:44:59,15,1,26.0,,,,2,,1.0,Cycle,S
IND,5555,32021,60182,22/01/2023,06:45:00,15,1,26.0,,,,2,,1.0,Cycle,S
IND,5555,32021,60182,22/01/2023,06:45:22,15,1,31.0,,,,2,,1.0,Cycle,S
IND,5555,32021,60182,22/01/2023,06:46:46,15,1,27.0,,,,2,,1.0,Cycle,S
IND,5555,32021,60182,22/01/2023,06:47:23,15,1,16.0,,,,2,,1.0,Cycle,S
IND,5555,32021,60182,22/01/2023,06:47:25,15,1,18.0,,,,2,,1.0,Cycle,S
IND,5555,32021,60182,22/01/2023,06:47:27,15,3,22.0,,,,2,,1.0,Cycle,S
IND,5555,32021,60182,22/01/2023,06:47:47,15,1,29.0,,,,2,,1.0,Cycle,S
IND,5555,32021,60182,22/01/2023,06:47:48,15,1,28.0,,,,2,,1.0,Cycle,S
IND,5555,32021,60182,22/01/2023,06:48:57,15,1,22.0,,,,2,,1.0,Cycle,S
IND,5555,32021,60182,22/01/2023,06:49:21,15,1,26.0,,,,2,,1.0,Cycle,S
IND,5555,32021,60182,22/01/2023,06:50:10,15,1,31.0,,,,2,,1.0,Cycle,S
IND,5555,32021,60182,22/01/2023,06:50:53,15,1,30.0,,,,2,,1.0,Cycle,S
IND,5555,32021,60182,22/01/2023,06:51:01,15,1,26.0,,,,2,,1.0,Cycle,S
IND,5555,32021,60182,22/01/2023,06:51:48,15,1,20.0,,,,2,,1.0,Cycle,S
IND,5555,32021,60182,22/01/2023,06:52:01,15,2,34.0,,,,2,,1.0,Cycle,S
IND,5555,32021,60182,22/01/2023,06:52:01,15,3,33.0,,,,2,,1.0,Cycle,S
IND,5555,32021,60182,22/01/2023,06:52:02,15,2,32.0,,,,2,,1.0,Cycle,S
IND,5555,32021,60182,22/01/2023,06:52:02,15,1,29.0,,,,2,,1.0,Cycle,S
IND,5555,32021,60182,22/01/2023,06:52:27,15,2,38.0,,,,2,,1.0,Cycle,S
IND,5555,32021,60182,22/01/2023,06:53:36,15,1,32.0,,,,2,,1.0,Cycle,S
IND,5555,32021,60182,22/01/2023,06:53:41,15,1,29.0,,,,2,,1.0,Cycle,S
IND,5555,32021,60182,22/01/2023,06:53:47,15,1,28.0,,,,2,,1.0,Cycle,S
IND,5555,32021,60182,22/01/2023,06:54:20,15,1,34.0,,,,2,,1.0,Cycle,S
IND,5555,32021,60182,22/01/2023,06:54:34,15,1,29.0,,,,2,,1.0,Cycle,S
IND,5555,32021,60182,22/01/2023,06:54:41,15,1,31.0,,,,2,,1.0,Cycle,S
IND,5555,32021,60182,22/01/2023,06:54:41,15,1,30.0,,,,2,,1.0,Cycle,S
IND,5555,32021,60182,22/01/2023,06:54:42,15,2,29.0,,,,2,,1.0,Cycle,S
IND,5555,32021,60182,22/01/2023,06:56:12,15,1,30.0,,,,2,,1.0,Cycle,S
IND,5555,32021,60182,22/01/2023,06:56:40,15,1,30.0,,,,2,,1.0,Cycle,S
IND,5555,32021,60182,22/01/2023,06:57:11,15,1,24.0,,,,2,,1.0,Cycle,S
IND,5555,32021,60182,22/01/2023,06:57:17,15,1,30.0,,,,2,,1.0,Cycle,S
IND,5555,32021,60182,22/01/2023,06:57:18,15,1,31.0,,,,2,,1.0,Cycle,S
IND,5555,32021,60182,22/01/2023,06:57:18,15,1,30.0,,,,2,,1.0,Cycle,S
IND,5555,32021,60182,22/01/2023,06:57:47,15,1,22.0,,,,2,,1.0,Cycle,S
IND,5555,32021,60182,22/01/2023,06:57:48,15,1,20.0,,,,2,,1.0,Cycle,S
IND,5555,32021,60182,22/01/2023,06:58:14,15,1,27.0,,,,2,,1.0,Cycle,S
IND,5555,32021,60182,22/01/2023,06:58:42,15,1,29.0,,,,2,,1.0,Cycle,S
IND,5555,32021,60182,22/01/2023,06:59:36,15,1,22.0,,,,2,,1.0,Cycle,S
IND,5555,32021,60182,22/01/2023,06:59:42,15,1,29.0,,,,2,,1.0,Cycle,S
IND,5555,32021,60182,22/01/2023,06:59:44,15,1,32.0,,,,2,,1.0,Cycle,S
IND,5555,32021,60182,22/01/2023,06:59:45,15,1,33.0,,,,2,,1.0,Cycle,S
IND,5555,32021,60182,22/01/2023,06:59:49,15,1,29.0,,,,2,,1.0,Cycle,S
IND,5555,32021,60182,22/01/2023,07:00:29,15,1,30.0,,,,2,,1.0,Cycle,S
IND,5555,32021,60182,22/01/2023,07:00:29,15,1,30.0,,,,2,,1.0,Cycle,S
IND,5555,32021,60182,22/01/2023,07:00:29,15,1,30.0,,,,2,,1.0,Cycle,S
IND,5555,32021,60182,22/01/2023,07:00:32,15,1,29.0,,,,2,,1.0,Cycle,S
IND,5555,32021,60182,22/01/2023,07:00:32,15,1,29.0,,,,2,,1.0,Cycle,S
IND,5555,32021,60182,22/01/2023,07:02:08,15,2,29.0,,,,2,,1.0,Cycle,S
IND,5555,32021,60182,22/01/2023,07:02:12,15,1,29.0,,,,2,,1.0,Cycle,S
IND,5555,32021,60182,22/01/2023,07:02:15,15,1,28.0,,,,2,,1.0,Cycle,S
IND,5555,32021,60182,22/01/2023,07:02:44,15,1,32.0,,,,2,,1.0,Cycle,S
IND,5555,32021,60182,22/01/2023,07:02:44,15,1,30.0,,,,2,,1.0,Cycle,S
IND,5555,32021,60182,22/01/2023,07:02:45,15,1,30.0,,,,2,,1.0,Cycle,S
IND,5555,32021,60182,22/01/2023,07:02:45,15,1,30.0,,,,2,,1.0,Cycle,S
IND,5555,32021,60182,22/01/2023,07:02:46,15,1,30.0,,,,2,,1.0,Cycle,S
IND,5555,32021,60182,22/01/2023,07:02:46,15,1,28.0,,,,2,,1.0,Cycle,S
IND,5555,32021,60182,22/01/2023,07:03:20,15,1,27.0,,,,2,,1.0,Cycle,S
IND,5555,32021,60182,22/01/2023,07:03:43,15,1,34.0,,,,2,,1.0,Cycle,S
IND,5555,32021,60182,22/01/2023,07:03:43,15,1,32.0,,,,2,,1.0,Cycle,S
IND,5555,32021,60182,22/01/2023,07:03:43,15,1,33.0,,,,2,,1.0,Cycle,S
IND,5555,32021,60182,22/01/2023,07:03:44,15,1,30.0,,,,2,,1.0,Cycle,S
IND,5555,32021,60182,22/01/2023,07:04:27,15,1,23.0,,,,2,,1.0,Cycle,S
IND,5555,32021,60182,22/01/2023,07:04:27,15,1,23.0,,,,2,,1.0,Cycle,S
IND,5555,32021,60182,22/01/2023,07:05:03,15,1,31.0,,,,2,,1.0,Cycle,S
IND,5555,32021,60182,22/01/2023,07:05:03,15,1,32.0,,,,2,,1.0,Cycle,S
IND,5555,32021,60182,22/01/2023,07:05:06,15,1,31.0,,,,2,,1.0,Cycle,S
IND,5555,32021,60182,22/01/2023,07:05:21,15,1,28.0,,,,2,,1.0,Cycle,S
IND,5555,32021,60182,22/01/2023,07:05:34,15,1,24.0,,,,2,,1.0,Cycle,S
IND,5555,32021,60182,22/01/2023,07:05:53,15,1,24.0,,,,2,,1.0,Cycle,S
IND,5555,32021,60182,22/01/2023,07:05:53,15,1,24.0,,,,2,,1.0,Cycle,S
IND,5555,32021,60182,22/01/2023,07:06:45,15,1,31.0,,,,2,,1.0,Cycle,S
IND,5555,32021,60182,22/01/2023,07:06:50,15,1,23.0,,,,2,,1.0,Cycle,S
IND,5555,32021,60182,22/01/2023,07:06:52,15,1,26.0,,,,2,,1.0,Cycle,S
IND,5555,32021,60182,22/01/2023,07:08:29,15,1,38.0,,,,2,,1.0,Cycle,S
IND,5555,32021,60182,22/01/2023,07:08:59,15,1,29.0,,,,2,,1.0,Cycle,S
IND,5555,32021,60182,22/01/2023,07:09:00,15,1,29.0,,,,2,,1.0,Cycle,S
IND,5555,32021,60182,22/01/2023,07:09:01,15,1,28.0,,,,2,,1.0,Cycle,S
IND,5555,32021,60182,22/01/2023,07:09:09,15,1,30.0,,,,2,,1.0,Cycle,S
IND,5555,32021,60182,22/01/2023,07:09:13,15,1,30.0,,,,2,,1.0,Cycle,S
IND,5555,32021,60182,22/01/2023,07:10:03,15,1,31.0,,,,2,,1.0,Cycle,S
IND,5555,32021,60182,22/01/2023,07:10:30,15,1,29.0,,,,2,,1.0,Cycle,S
IND,5555,32021,60182,22/01/2023,07:10:33,15,1,29.0,,,,2,,1.0,Cycle,S
IND,5555,32021,60182,22/01/2023,07:10:57,15,1,29.0,,,,2,,1.0,Cycle,S
IND,5555,32021,60182,22/01/2023,07:10:59,15,1,30.0,,,,2,,1.0,Cycle,S
IND,5555,32021,60182,22/01/2023,07:11:13,15,1,22.0,,,,2,,1.0,Cycle,S
IND,5555,32021,60182,22/01/2023,07:11:28,15,1,26.0,,,,2,,1.0,Cycle,S
IND,5555,32021,60182,22/01/2023,07:11:45,15,1,26.0,,,,2,,1.0,Cycle,S
IND,5555,32021,60182,22/01/2023,07:11:50,15,1,11.0,,,,2,,1.0,Cycle,S
IND,5555,32021,60182,22/01/2023,07:12:05,15,1,28.0,,,,2,,1.0,Cycle,S
IND,5555,32021,60182,22/01/2023,07:12:06,15,1,28.0,,,,2,,1.0,Cycle,S
IND,5555,32021,60182,22/01/2023,07:12:07,15,1,26.0,,,,2,,1.0,Cycle,S
IND,5555,32021,60182,22/01/2023,07:12:21,15,1,29.0,,,,2,,1.0,Cycle,S
IND,5555,32021,60182,22/01/2023,07:12:46,15,1,29.0,,,,2,,1.0,Cycle,S
IND,5555,32021,60182,22/01/2023,07:12:54,15,1,23.0,,,,2,,1.0,Cycle,S
IND,5555,32021,60182,22/01/2023,07:12:55,15,1,31.0,,,,2,,1.0,Cycle,S
IND,5555,32021,60182,22/01/2023,07:13:08,15,1,34.0,,,,2,,1.0,Cycle,S
IND,5555,32021,60182,22/01/2023,07:13:09,15,1,31.0,,,,2,,1.0,Cycle,S
IND,5555,32021,60182,22/01/2023,07:13:09,15,1,31.0,,,,2,,1.0,Cycle,S
IND,5555,32021,60182,22/01/2023,07:13:09,15,1,32.0,,,,2,,1.0,Cycle,S
IND,5555,32021,60182,22/01/2023,07:13:15,15,1,26.0,,,,2,,1.0,Cycle,S
IND,5555,32021,60182,22/01/2023,07:13:35,15,1,27.0,,,,2,,1.0,Cycle,S
IND,5555,32021,60182,22/01/2023,07:13:37,15,1,27.0,,,,2,,1.0,Cycle,S
IND,5555,32021,60182,22/01/2023,07:13:43,15,1,28.0,,,,2,,1.0,Cycle,S
IND,5555,32021,60182,22/01/2023,07:14:02,15,1,31.0,,,,2,,1.0,Cycle,S
IND,5555,32021,60182,22/01/2023,07:14:03,15,1,29.0,,,,2,,1.0,Cycle,S
IND,5555,32021,60182,22/01/2023,07:14:10,15,1,34.0,,,,2,,1.0,Cycle,S
IND,5555,32021,60182,22/01/2023,07:14:10,15,1,32.0,,,,2,,1.0,Cycle,S
IND,5555,32021,60182,22/01/2023,07:14:11,15,1,33.0,,,,2,,1.0,Cycle,S
IND,5555,32021,60182,22/01/2023,07:14:22,15,1,25.0,,,,2,,1.0,Cycle,S
IND,5555,32021,60182,22/01/2023,07:14:22,15,1,24.0,,,,2,,1.0,Cycle,S
IND,5555,32021,60182,22/01/2023,07:14:38,15,1,29.0,,,,2,,1.0,Cycle,S
IND,5555,32021,60182,22/01/2023,07:15:09,15,1,20.0,,,,2,,1.0,Cycle,S
IND,5555,32021,60182,22/01/2023,07:15:10,15,2,30.0,,,,2,,1.0,Cycle,S
IND,5555,32021,60182,22/01/2023,07:15:10,15,1,29.0,,,,2,,1.0,Cycle,S
IND,5555,32021,60182,22/01/2023,07:15:55,15,1,23.0,,,,2,,1.0,Cycle,S
IND,5555,32021,60182,22/01/2023,07:17:08,15,1,23.0,,,,2,,1.0,Cycle,S
IND,5555,32021,60182,22/01/2023,07:17:35,15,1,30.0,,,,2,,1.0,Cycle,S
IND,5555,32021,60182,22/01/2023,07:18:37,15,1,33.0,,,,2,,1.0,Cycle,S
IND,5555,32021,60182,22/01/2023,07:18:45,15,1,27.0,,,,2,,1.0,Cycle,S
IND,5555,32021,60182,22/01/2023,07:19:14,15,2,30.0,,,,2,,1.0,Cycle,S
IND,5555,32021,60182,22/01/2023,07:19:14,15,1,29.0,,,,2,,1.0,Cycle,S
IND,5555,32021,60182,22/01/2023,07:19:14,15,1,29.0,,,,2,,1.0,Cycle,S
IND,5555,32021,60182,22/01/2023,07:19:14,15,2,32.0,,,,2,,1.0,Cycle,S
IND,5555,32021,60182,22/01/2023,07:19:15,15,1,29.0,,,,2,,1.0,Cycle,S
IND,5555,32021,60182,22/01/2023,07:19:18,15,1,17.0,,,,2,,1.0,Cycle,S
IND,5555,32021,60182,22/01/2023,07:19:18,15,1,17.0,,,,2,,1.0,Cycle,S
IND,5555,32021,60182,22/01/2023,07:19:18,15,1,21.0,,,,2,,1.0,Cycle,S
IND,5555,32021,60182,22/01/2023,07:19:18,15,2,21.0,,,,2,,1.0,Cycle,S
IND,5555,32021,60182,22/01/2023,07:19:21,15,2,28.0,,,,2,,1.0,Cycle,S
IND,5555,32021,60182,22/01/2023,07:19:39,15,1,25.0,,,,2,,1.0,Cycle,S
IND,5555,32021,60182,22/01/2023,07:19:46,15,1,32.0,,,,2,,1.0,Cycle,S
IND,5555,32021,60182,22/01/2023,07:19:53,15,1,24.0,,,,2,,1.0,Cycle,S
IND,5555,32021,60182,22/01/2023,07:19:57,15,1,24.0,,,,2,,1.0,Cycle,S
IND,5555,32021,60182,22/01/2023,07:20:04,15,1,32.0,,,,2,,1.0,Cycle,S
IND,5555,32021,60182,22/01/2023,07:20:32,15,1,27.0,,,,2,,1.0,Cycle,S
IND,5555,32021,60182,22/01/2023,07:20:36,15,1,33.0,,,,2,,1.0,Cycle,S
IND,5555,32021,60182,22/01/2023,07:20:36,15,1,31.0,,,,2,,1.0,Cycle,S
IND,5555,32021,60182,22/01/2023,07:20:36,15,1,33.0,,,,2,,1.0,Cycle,S
IND,5555,32021,60182,22/01/2023,07:20:36,15,1,32.0,,,,2,,1.0,Cycle,S
IND,5555,32021,60182,22/01/2023,07:20:37,15,1,32.0,,,,2,,1.0,Cycle,S
IND,5555,32021,60182,22/01/2023,07:21:21,15,1,27.0,,,,2,,1.0,Cycle,S
IND,5555,32021,60182,22/01/2023,07:21:24,15,1,29.0,,,,2,,1.0,Cycle,S
IND,5555,32021,60182,22/01/2023,07:21:24,15,1,29.0,,,,2,,1.0,Cycle,S
IND,5555,32021,60182,22/01/2023,07:21:24,15,1,29.0,,,,2,,1.0,Cycle,S
IND,5555,32021,60182,22/01/2023,07:21:25,15,1,27.0,,,,2,,1.0,Cycle,S
IND,5555,32021,60182,22/01/2023,07:21:26,15,3,27.0,,,,2,,1.0,Cycle,S
IND,5555,32021,60182,22/01/2023,07:21:43,15,1,25.0,,,,2,,1.0,Cycle,S
IND,5555,32021,60182,22/01/2023,07:21:44,15,1,25.0,,,,2,,1.0,Cycle,S
IND,5555,32021,60182,22/01/2023,07:22:29,15,1,27.0,,,,2,,1.0,Cycle,S
IND,5555,32021,60182,22/01/2023,07:22:56,15,1,32.0,,,,2,,1.0,Cycle,S
IND,5555,32021,60182,22/01/2023,07:23:03,15,2,31.0,,,,2,,1.0,Cycle,S
IND,5555,32021,60182,22/01/2023,07:23:03,15,2,30.0,,,,2,,1.0,Cycle,S
IND,5555,32021,60182,22/01/2023,07:23:04,15,2,31.0,,,,2,,1.0,Cycle,S
IND,5555,32021,60182,22/01/2023,07:23:05,15,1,22.0,,,,2,,1.0,Cycle,S
IND,5555,32021,60182,22/01/2023,07:23:07,15,1,25.0,,,,2,,1.0,Cycle,S
IND,5555,32021,60182,22/01/2023,07:23:22,15,1,24.0,,,,2,,1.0,Cycle,S
IND,5555,32021,60182,22/01/2023,07:23:30,15,1,22.0,,,,2,,1.0,Cycle,S
IND,5555,32021,60182,22/01/2023,07:23:53,15,1,20.0,,,,2,,1.0,Cycle,S
IND,5555,32021,60182,22/01/2023,07:25:28,15,1,26.0,,,,2,,1.0,Cycle,S
IND,5555,32021,60182,22/01/2023,07:25:28,15,1,26.0,,,,2,,1.0,Cycle,S
IND,5555,32021,60182,22/01/2023,07:25:54,15,1,31.0,,,,2,,1.0,Cycle,S
IND,5555,32021,60182,22/01/2023,07:26:25,15,1,33.0,,,,2,,1.0,Cycle,S
IND,5555,32021,60182,22/01/2023,07:26:26,15,1,34.0,,,,2,,1.0,Cycle,S
IND,5555,32021,60182,22/01/2023,07:26:27,15,1,27.0,,,,2,,1.0,Cycle,S
IND,5555,32021,60182,22/01/2023,07:26:27,15,2,37.0,,,,2,,1.0,Cycle,S
IND,5555,32021,60182,22/01/2023,07:26:27,15,1,30.0,,,,2,,1.0,Cycle,S
IND,5555,32021,60182,22/01/2023,07:27:15,15,3,14.0,,,,2,,1.0,Cycle,S
IND,5555,32021,60182,22/01/2023,07:27:15,15,2,15.0,,,,2,,1.0,Cycle,S
IND,5555,32021,60182,22/01/2023,07:27:16,15,3,11.0,,,,2,,1.0,Cycle,S
IND,5555,32021,60182,22/01/2023,07:27:16,15,2,11.0,,,,2,,1.0,Cycle,S
IND,5555,32021,60182,22/01/2023,07:27:16,15,1,22.0,,,,2,,1.0,Cycle,S
IND,5555,32021,60182,22/01/2023,07:28:23,15,1,25.0,,,,2,,1.0,Cycle,S
IND,5555,32021,60182,22/01/2023,07:28:33,15,1,19.0,,,,2,,1.0,Cycle,S
IND,5555,32021,60182,22/01/2023,07:28:39,15,1,23.0,,,,2,,1.0,Cycle,S
IND,5555,32021,60182,22/01/2023,07:28:47,15,1,26.0,,,,2,,1.0,Cycle,S
IND,5555,32021,60182,22/01/2023,07:28:52,15,1,29.0,,,,2,,1.0,Cycle,S
IND,5555,32021,60182,22/01/2023,07:29:00,15,1,25.0,,,,2,,1.0,Cycle,S
IND,5555,32021,60182,22/01/2023,07:29:05,15,1,25.0,,,,2,,1.0,Cycle,S
IND,5555,32021,60182,22/01/2023,07:29:17,15,1,24.0,,,,2,,1.0,Cycle,S
IND,5555,32021,60182,22/01/2023,07:29:35,15,1,26.0,,,,2,,1.0,Cycle,S
IND,5555,32021,60182,22/01/2023,07:29:42,15,1,24.0,,,,2,,1.0,Cycle,S
IND,5555,32021,60182,22/01/2023,07:30:19,15,1,22.0,,,,2,,1.0,Cycle,S
IND,5555,32021,60182,22/01/2023,07:30:24,15,1,29.0,,,,2,,1.0,Cycle,S
IND,5555,32021,60182,22/01/2023,07:30:24,15,2,36.0,,,,2,,1.0,Cycle,S
IND,5555,32021,60182,22/01/2023,07:30:24,15,1,33.0,,,,2,,1.0,Cycle,S
IND,5555,32021,60182,22/01/2023,07:30:25,15,2,32.0,,,,2,,1.0,Cycle,S
IND,5555,32021,60182,22/01/2023,07:30:25,15,1,31.0,,,,2,,1.0,Cycle,S
IND,5555,32021,60182,22/01/2023,07:30:26,15,1,31.0,,,,2,,1.0,Cycle,S
IND,5555,32021,60182,22/01/2023,07:30:26,15,2,34.0,,,,2,,1.0,Cycle,S
IND,5555,32021,60182,22/01/2023,07:30:26,15,1,29.0,,,,2,,1.0,Cycle,S
IND,5555,32021,60182,22/01/2023,07:30:30,15,2,36.0,,,,2,,1.0,Cycle,S
IND,5555,32021,60182,22/01/2023,07:30:31,15,1,24.0,,,,2,,1.0,Cycle,S
IND,5555,32021,60182,22/01/2023,07:30:36,15,1,29.0,,,,2,,1.0,Cycle,S
IND,5555,32021,60182,22/01/2023,07:30:37,15,1,28.0,,,,2,,1.0,Cycle,S
IND,5555,32021,60182,22/01/2023,07:30:54,15,1,17.0,,,,2,,1.0,Cycle,S
IND,5555,32021,60182,22/01/2023,07:32:10,15,1,21.0,,,,2,,1.0,Cycle,S
IND,5555,32021,60182,22/01/2023,07:32:23,15,1,29.0,,,,2,,1.0,Cycle,S
IND,5555,32021,60182,22/01/2023,07:32:26,15,1,27.0,,,,2,,1.0,Cycle,S
IND,5555,32021,60182,22/01/2023,07:32:27,15,1,29.0,,,,2,,1.0,Cycle,S
IND,5555,32021,60182,22/01/2023,07:32:27,15,1,28.0,,,,2,,1.0,Cycle,S
IND,5555,32021,60182,22/01/2023,07:32:28,15,1,29.0,,,,2,,1.0,Cycle,S
IND,5555,32021,60182,22/01/2023,07:32:28,15,1,28.0,,,,2,,1.0,Cycle,S
IND,5555,32021,60182,22/01/2023,07:32:31,15,3,31.0,,,,2,,1.0,Cycle,S
IND,5555,32021,60182,22/01/2023,07:32:32,15,2,28.0,,,,2,,1.0,Cycle,S
IND,5555,32021,60182,22/01/2023,07:32:32,15,1,29.0,,,,2,,1.0,Cycle,S
IND,5555,32021,60182,22/01/2023,07:32:33,15,1,27.0,,,,2,,1.0,Cycle,S
IND,5555,32021,60182,22/01/2023,07:32:33,15,1,24.0,,,,2,,1.0,Cycle,S
IND,5555,32021,60182,22/01/2023,07:32:42,15,2,21.0,,,,2,,1.0,Cycle,S
IND,5555,32021,60182,22/01/2023,07:32:43,15,1,19.0,,,,2,,1.0,Cycle,S
IND,5555,32021,60182,22/01/2023,07:32:43,15,3,22.0,,,,2,,1.0,Cycle,S
IND,5555,32021,60182,22/01/2023,07:32:44,15,3,20.0,,,,2,,1.0,Cycle,S
IND,5555,32021,60182,22/01/2023,07:33:01,15,1,16.0,,,,2,,1.0,Cycle,S
IND,5555,32021,60182,22/01/2023,07:33:02,15,1,17.0,,,,2,,1.0,Cycle,S
IND,5555,32021,60182,22/01/2023,07:33:16,15,1,20.0,,,,2,,1.0,Cycle,S
IND,5555,32021,60182,22/01/2023,07:33:17,15,1,19.0,,,,2,,1.0,Cycle,S
IND,5555,32021,60182,22/01/2023,07:33:56,15,1,25.0,,,,2,,1.0,Cycle,S
IND,5555,32021,60182,22/01/2023,07:34:06,15,3,24.0,,,,2,,1.0,Cycle,S
IND,5555,32021,60182,22/01/2023,07:34:16,15,1,20.0,,,,2,,1.0,Cycle,S
IND,5555,32021,60182,22/01/2023,07:34:18,15,1,23.0,,,,2,,1.0,Cycle,S
IND,5555,32021,60182,22/01/2023,07:34:19,15,1,34.0,,,,2,,1.0,Cycle,S
IND,5555,32021,60182,22/01/2023,07:34:20,15,1,34.0,,,,2,,1.0,Cycle,S
IND,5555,32021,60182,22/01/2023,07:34:20,15,1,34.0,,,,2,,1.0,Cycle,S
IND,5555,32021,60182,22/01/2023,07:34:22,15,2,34.0,,,,2,,1.0,Cycle,S
IND,5555,32021,60182,22/01/2023,07:34:24,15,3,26.0,,,,2,,1.0,Cycle,S
IND,5555,32021,60182,22/01/2023,07:34:28,15,1,27.0,,,,2,,1.0,Cycle,S
IND,5555,32021,60182,22/01/2023,07:34:41,15,3,28.0,,,,2,,1.0,Cycle,S
IND,5555,32021,60182,22/01/2023,07:34:57,15,1,22.0,,,,2,,1.0,Cycle,S
IND,5555,32021,60182,22/01/2023,07:35:02,15,1,24.0,,,,2,,1.0,Cycle,S
IND,5555,32021,60182,22/01/2023,07:35:27,15,1,19.0,,,,2,,1.0,Cycle,S
IND,5555,32021,60182,22/01/2023,07:35:58,15,1,29.0,,,,2,,1.0,Cycle,S
IND,5555,32021,60182,22/01/2023,07:36:04,15,2,29.0,,,,2,,1.0,Cycle,S
IND,5555,32021,60182,22/01/2023,07:36:09,15,1,13.0,,,,2,,1.0,Cycle,S
IND,5555,32021,60182,22/01/2023,07:36:30,15,1,28.0,,,,2,,1.0,Cycle,S
IND,5555,32021,60182,22/01/2023,07:36:33,15,1,24.0,,,,2,,1.0,Cycle,S
IND,5555,32021,60182,22/01/2023,07:36:35,15,2,34.0,,,,2,,1.0,Cycle,S
IND,5555,32021,60182,22/01/2023,07:36:35,15,2,37.0,,,,2,,1.0,Cycle,S
IND,5555,32021,60182,22/01/2023,07:36:36,15,2,36.0,,,,2,,1.0,Cycle,S
IND,5555,32021,60182,22/01/2023,07:36:36,15,3,34.0,,,,2,,1.0,Cycle,S
IND,5555,32021,60182,22/01/2023,07:36:36,15,2,32.0,,,,2,,1.0,Cycle,S
IND,5555,32021,60182,22/01/2023,07:36:36,15,2,32.0,,,,2,,1.0,Cycle,S
IND,5555,32021,60182,22/01/2023,07:36:37,15,2,30.0,,,,2,,1.0,Cycle,S
IND,5555,32021,60182,22/01/2023,07:36:38,15,1,29.0,,,,2,,1.0,Cycle,S
IND,5555,32021,60182,22/01/2023,07:36:55,15,1,24.0,,,,2,,1.0,Cycle,S
IND,5555,32021,60182,22/01/2023,07:37:57,15,1,33.0,,,,2,,1.0,Cycle,S
IND,5555,32021,60182,22/01/2023,07:37:58,15,1,31.0,,,,2,,1.0,Cycle,S
IND,5555,32021,60182,22/01/2023,07:38:18,15,1,26.0,,,,2,,1.0,Cycle,S
IND,5555,32021,60182,22/01/2023,07:38:22,15,1,22.0,,,,2,,1.0,Cycle,S
IND,5555,32021,60182,22/01/2023,07:38:22,15,1,22.0,,,,2,,1.0,Cycle,S
IND,5555,32021,60182,22/01/2023,07:38:37,15,1,24.0,,,,2,,1.0,Cycle,S
IND,5555,32021,60182,22/01/2023,07:39:00,15,1,25.0,,,,2,,1.0,Cycle,S
IND,5555,32021,60182,22/01/2023,07:39:05,15,1,25.0,,,,2,,1.0,Cycle,S
IND,5555,32021,60182,22/01/2023,07:39:05,15,1,25.0,,,,2,,1.0,Cycle,S
IND,5555,32021,60182,22/01/2023,07:39:33,15,1,17.0,,,,2,,1.0,Cycle,S
IND,5555,32021,60182,22/01/2023,07:39:33,15,1,17.0,,,,2,,1.0,Cycle,S
IND,5555,32021,60182,22/01/2023,07:40:04,15,1,28.0,,,,2,,1.0,Cycle,S
IND,5555,32021,60182,22/01/2023,07:40:24,15,1,32.0,,,,2,,1.0,Cycle,S
IND,5555,32021,60182,22/01/2023,07:40:43,15,1,29.0,,,,2,,1.0,Cycle,S
IND,5555,32021,60182,22/01/2023,07:41:00,15,1,24.0,,,,2,,1.0,Cycle,S
IND,5555,32021,60182,22/01/2023,07:41:06,15,1,34.0,,,,2,,1.0,Cycle,S
IND,5555,32021,60182,22/01/2023,07:41:13,15,1,27.0,,,,2,,1.0,Cycle,S
IND,5555,32021,60182,22/01/2023,07:41:17,15,1,24.0,,,,2,,1.0,Cycle,S
IND,5555,32021,60182,22/01/2023,07:41:24,15,1,26.0,,,,2,,1.0,Cycle,S
IND,5555,32021,60182,22/01/2023,07:41:28,15,1,30.0,,,,2,,1.0,Cycle,S
IND,5555,32021,60182,22/01/2023,07:42:08,15,1,20.0,,,,2,,1.0,Cycle,S
IND,5555,32021,60182,22/01/2023,07:42:09,15,1,19.0,,,,2,,1.0,Cycle,S
IND,5555,32021,60182,22/01/2023,07:42:11,15,1,18.0,,,,2,,1.0,Cycle,S
IND,5555,32021,60182,22/01/2023,07:42:18,15,1,31.0,,,,2,,1.0,Cycle,S
IND,5555,32021,60182,22/01/2023,07:42:34,15,1,31.0,,,,2,,1.0,Cycle,S
IND,5555,32021,60182,22/01/2023,07:42:35,15,1,31.0,,,,2,,1.0,Cycle,S
IND,5555,32021,60182,22/01/2023,07:42:35,15,2,32.0,,,,2,,1.0,Cycle,S
IND,5555,32021,60182,22/01/2023,07:42:36,15,2,32.0,,,,2,,1.0,Cycle,S
IND,5555,32021,60182,22/01/2023,07:42:36,15,2,32.0,,,,2,,1.0,Cycle,S
IND,5555,32021,60182,22/01/2023,07:42:36,15,1,30.0,,,,2,,1.0,Cycle,S
IND,5555,32021,60182,22/01/2023,07:42:36,15,2,31.0,,,,2,,1.0,Cycle,S
IND,5555,32021,60182,22/01/2023,07:42:36,15,1,29.0,,,,2,,1.0,Cycle,S
IND,5555,32021,60182,22/01/2023,07:42:37,15,1,30.0,,,,2,,1.0,Cycle,S
IND,5555,32021,60182,22/01/2023,07:42:37,15,2,30.0,,,,2,,1.0,Cycle,S
IND,5555,32021,60182,22/01/2023,07:42:37,15,1,31.0,,,,2,,1.0,Cycle,S
IND,5555,32021,60182,22/01/2023,07:42:37,15,1,29.0,,,,2,,1.0,Cycle,S
IND,5555,32021,60182,22/01/2023,07:42:37,15,2,30.0,,,,2,,1.0,Cycle,S
IND,5555,32021,60182,22/01/2023,07:42:38,15,2,28.0,,,,2,,1.0,Cycle,S
IND,5555,32021,60182,22/01/2023,07:42:38,15,1,29.0,,,,2,,1.0,Cycle,S
IND,5555,32021,60182,22/01/2023,07:42:38,15,1,27.0,,,,2,,1.0,Cycle,S
IND,5555,32021,60182,22/01/2023,07:42:38,15,1,29.0,,,,2,,1.0,Cycle,S
IND,5555,32021,60182,22/01/2023,07:42:39,15,1,27.0,,,,2,,1.0,Cycle,S
IND,5555,32021,60182,22/01/2023,07:42:39,15,1,27.0,,,,2,,1.0,Cycle,S
IND,5555,32021,60182,22/01/2023,07:42:40,15,1,29.0,,,,2,,1.0,Cycle,S
IND,5555,32021,60182,22/01/2023,07:42:40,15,1,29.0,,,,2,,1.0,Cycle,S
IND,5555,32021,60182,22/01/2023,07:42:41,15,1,29.0,,,,2,,1.0,Cycle,S
IND,5555,32021,60182,22/01/2023,07:42:51,15,1,28.0,,,,2,,1.0,Cycle,S
IND,5555,32021,60182,22/01/2023,07:42:51,15,1,27.0,,,,2,,1.0,Cycle,S
IND,5555,32021,60182,22/01/2023,07:42:52,15,2,29.0,,,,2,,1.0,Cycle,S
IND,5555,32021,60182,22/01/2023,07:42:55,15,1,22.0,,,,2,,1.0,Cycle,S
IND,5555,32021,60182,22/01/2023,07:43:01,15,1,27.0,,,,2,,1.0,Cycle,S
IND,5555,32021,60182,22/01/2023,07:43:01,15,1,27.0,,,,2,,1.0,Cycle,S
IND,5555,32021,60182,22/01/2023,07:43:03,15,1,25.0,,,,2,,1.0,Cycle,S
IND,5555,32021,60182,22/01/2023,07:43:04,15,1,22.0,,,,2,,1.0,Cycle,S
IND,5555,32021,60182,22/01/2023,07:43:16,15,1,19.0,,,,2,,1.0,Cycle,S
IND,5555,32021,60182,22/01/2023,07:43:17,15,1,18.0,,,,2,,1.0,Cycle,S
IND,5555,32021,60182,22/01/2023,07:43:21,15,1,29.0,,,,2,,1.0,Cycle,S
IND,5555,32021,60182,22/01/2023,07:43:21,15,1,29.0,,,,2,,1.0,Cycle,S
IND,5555,32021,60182,22/01/2023,07:43:26,15,3,24.0,,,,2,,1.0,Cycle,S
IND,5555,32021,60182,22/01/2023,07:44:07,15,1,24.0,,,,2,,1.0,Cycle,S
IND,5555,32021,60182,22/01/2023,07:44:28,15,1,15.0,,,,2,,1.0,Cycle,S
IND,5555,32021,60182,22/01/2023,07:44:37,15,1,26.0,,,,2,,1.0,Cycle,S
IND,5555,32021,60182,22/01/2023,07:44:52,15,1,26.0,,,,2,,1.0,Cycle,S
IND,5555,32021,60182,22/01/2023,07:44:58,15,3,31.0,,,,2,,1.0,Cycle,S
IND,5555,32021,60182,22/01/2023,07:44:59,15,1,30.0,,,,2,,1.0,Cycle,S
IND,5555,32021,60182,22/01/2023,07:44:59,15,1,28.0,,,,2,,1.0,Cycle,S
IND,5555,32021,60182,22/01/2023,07:45:16,15,1,27.0,,,,2,,1.0,Cycle,S
IND,5555,32021,60182,22/01/2023,07:45:24,15,1,26.0,,,,2,,1.0,Cycle,S
IND,5555,32021,60182,22/01/2023,07:45:24,15,1,26.0,,,,2,,1.0,Cycle,S
IND,5555,32021,60182,22/01/2023,07:45:25,15,1,25.0,,,,2,,1.0,Cycle,S
IND,5555,32021,60182,22/01/2023,07:45:26,15,2,27.0,,,,2,,1.0,Cycle,S
IND,5555,32021,60182,22/01/2023,07:45:37,15,1,25.0,,,,2,,1.0,Cycle,S
IND,5555,32021,60182,22/01/2023,07:45:41,15,1,26.0,,,,2,,1.0,Cycle,S
IND,5555,32021,60182,22/01/2023,07:45:59,15,1,23.0,,,,2,,1.0,Cycle,S
IND,5555,32021,60182,22/01/2023,07:46:25,15,1,27.0,,,,2,,1.0,Cycle,S
IND,5555,32021,60182,22/01/2023,07:46:32,15,1,27.0,,,,2,,1.0,Cycle,S
IND,5555,32021,60182,22/01/2023,07:46:33,15,1,27.0,,,,2,,1.0,Cycle,S
IND,5555,32021,60182,22/01/2023,07:46:33,15,1,27.0,,,,2,,1.0,Cycle,S
IND,5555,32021,60182,22/01/2023,07:46:34,15,1,28.0,,,,2,,1.0,Cycle,S
IND,5555,32021,60182,22/01/2023,07:46:34,15,1,28.0,,,,2,,1.0,Cycle,S
IND,5555,32021,60182,22/01/2023,07:46:34,15,1,26.0,,,,2,,1.0,Cycle,S
IND,5555,32021,60182,22/01/2023,07:46:35,15,1,24.0,,,,2,,1.0,Cycle,S
IND,5555,32021,60182,22/01/2023,07:47:48,15,1,31.0,,,,2,,1.0,Cycle,S
IND,5555,32021,60182,22/01/2023,07:47:49,15,1,32.0,,,,2,,1.0,Cycle,S
IND,5555,32021,60182,22/01/2023,07:47:49,15,1,30.0,,,,2,,1.0,Cycle,S
IND,5555,32021,60182,22/01/2023,07:47:49,15,1,29.0,,,,2,,1.0,Cycle,S
IND,5555,32021,60182,22/01/2023,07:47:50,15,1,30.0,,,,2,,1.0,Cycle,S
IND,5555,32021,60182,22/01/2023,07:47:50,15,1,31.0,,,,2,,1.0,Cycle,S
IND,5555,32021,60182,22/01/2023,07:47:51,15,1,32.0,,,,2,,1.0,Cycle,S
IND,5555,32021,60182,22/01/2023,07:47:51,15,2,32.0,,,,2,,1.0,Cycle,S
IND,5555,32021,60182,22/01/2023,07:47:52,15,1,24.0,,,,2,,1.0,Cycle,S
IND,5555,32021,60182,22/01/2023,07:47:52,15,2,33.0,,,,2,,1.0,Cycle,S
IND,5555,32021,60182,22/01/2023,07:47:52,15,3,25.0,,,,2,,1.0,Cycle,S
IND,5555,32021,60182,22/01/2023,07:47:53,15,2,32.0,,,,2,,1.0,Cycle,S
IND,5555,32021,60182,22/01/2023,07:47:53,15,3,25.0,,,,2,,1.0,Cycle,S
IND,5555,32021,60182,22/01/2023,07:47:53,15,1,20.0,,,,2,,1.0,Cycle,S
IND,5555,32021,60182,22/01/2023,07:47:53,15,3,25.0,,,,2,,1.0,Cycle,S
IND,5555,32021,60182,22/01/2023,07:47:54,15,1,29.0,,,,2,,1.0,Cycle,S
IND,5555,32021,60182,22/01/2023,07:47:54,15,3,25.0,,,,2,,1.0,Cycle,S
IND,5555,32021,60182,22/01/2023,07:47:58,15,1,29.0,,,,2,,1.0,Cycle,S
IND,5555,32021,60182,22/01/2023,07:48:11,15,1,23.0,,,,2,,1.0,Cycle,S
IND,5555,32021,60182,22/01/2023,07:48:14,15,1,26.0,,,,2,,1.0,Cycle,S
IND,5555,32021,60182,22/01/2023,07:48:43,15,1,27.0,,,,2,,1.0,Cycle,S
IND,5555,32021,60182,22/01/2023,07:48:43,15,1,26.0,,,,2,,1.0,Cycle,S
IND,5555,32021,60182,22/01/2023,07:48:46,15,1,32.0,,,,2,,1.0,Cycle,S
IND,5555,32021,60182,22/01/2023,07:49:21,15,1,30.0,,,,2,,1.0,Cycle,S
IND,5555,32021,60182,22/01/2023,07:49:21,15,1,32.0,,,,2,,1.0,Cycle,S
IND,5555,32021,60182,22/01/2023,07:49:22,15,1,30.0,,,,2,,1.0,Cycle,S
IND,5555,32021,60182,22/01/2023,07:49:22,15,1,29.0,,,,2,,1.0,Cycle,S
IND,5555,32021,60182,22/01/2023,07:49:23,15,2,29.0,,,,2,,1.0,Cycle,S
IND,5555,32021,60182,22/01/2023,07:49:24,15,2,29.0,,,,2,,1.0,Cycle,S
IND,5555,32021,60182,22/01/2023,07:49:25,15,1,31.0,,,,2,,1.0,Cycle,S
IND,5555,32021,60182,22/01/2023,07:49:25,15,1,20.0,,,,2,,1.0,Cycle,S
IND,5555,32021,60182,22/01/2023,07:49:32,15,2,45.0,,,,2,,1.0,Cycle,S
IND,5555,32021,60182,22/01/2023,07:49:33,15,1,23.0,,,,2,,1.0,Cycle,S
IND,5555,32021,60182,22/01/2023,07:49:34,15,1,23.0,,,,2,,1.0,Cycle,S
IND,5555,32021,60182,22/01/2023,07:49:35,15,1,22.0,,,,2,,1.0,Cycle,S
IND,5555,32021,60182,22/01/2023,07:49:36,15,1,30.0,,,,2,,1.0,Cycle,S
IND,5555,32021,60182,22/01/2023,07:49:52,15,1,23.0,,,,2,,1.0,Cycle,S
IND,5555,32021,60182,22/01/2023,07:50:06,15,1,29.0,,,,2,,1.0,Cycle,S
IND,5555,32021,60182,22/01/2023,07:50:07,15,1,25.0,,,,2,,1.0,Cycle,S
IND,5555,32021,60182,22/01/2023,07:50:16,15,1,29.0,,,,2,,1.0,Cycle,S
IND,5555,32021,60182,22/01/2023,07:50:17,15,1,27.0,,,,2,,1.0,Cycle,S
IND,5555,32021,60182,22/01/2023,07:50:18,15,1,25.0,,,,2,,1.0,Cycle,S
IND,5555,32021,60182,22/01/2023,07:50:18,15,1,26.0,,,,2,,1.0,Cycle,S
IND,5555,32021,60182,22/01/2023,07:50:19,15,1,25.0,,,,2,,1.0,Cycle,S
IND,5555,32021,60182,22/01/2023,07:50:19,15,2,25.0,,,,2,,1.0,Cycle,S
IND,5555,32021,60182,22/01/2023,07:50:53,15,1,21.0,,,,2,,1.0,Cycle,S
IND,5555,32021,60182,22/01/2023,07:50:53,15,2,22.0,,,,2,,1.0,Cycle,S
IND,5555,32021,60182,22/01/2023,07:50:54,15,1,21.0,,,,2,,1.0,Cycle,S
IND,5555,32021,60182,22/01/2023,07:50:55,15,1,20.0,,,,2,,1.0,Cycle,S
IND,5555,32021,60182,22/01/2023,07:50:55,15,1,20.0,,,,2,,1.0,Cycle,S
IND,5555,32021,60182,22/01/2023,07:51:14,15,1,21.0,,,,2,,1.0,Cycle,S
IND,5555,32021,60182,22/01/2023,07:51:17,15,1,19.0,,,,2,,1.0,Cycle,S
IND,5555,32021,60182,22/01/2023,07:51:55,15,1,27.0,,,,2,,1.0,Cycle,S
IND,5555,32021,60182,22/01/2023,07:51:56,15,1,27.0,,,,2,,1.0,Cycle,S
IND,5555,32021,60182,22/01/2023,07:52:06,15,1,30.0,,,,2,,1.0,Cycle,S
IND,5555,32021,60182,22/01/2023,07:52:18,15,1,27.0,,,,2,,1.0,Cycle,S
IND,5555,32021,60182,22/01/2023,07:52:24,15,1,22.0,,,,2,,1.0,Cycle,S
IND,5555,32021,60182,22/01/2023,07:52:24,15,1,19.0,,,,2,,1.0,Cycle,S
IND,5555,32021,60182,22/01/2023,07:52:33,15,1,21.0,,,,2,,1.0,Cycle,S
IND,5555,32021,60182,22/01/2023,07:52:40,15,1,24.0,,,,2,,1.0,Cycle,S
IND,5555,32021,60182,22/01/2023,07:52:48,15,1,32.0,,,,2,,1.0,Cycle,S
IND,5555,32021,60182,22/01/2023,07:52:48,15,3,32.0,,,,2,,1.0,Cycle,S
IND,5555,32021,60182,22/01/2023,07:52:49,15,1,32.0,,,,2,,1.0,Cycle,S
IND,5555,32021,60182,22/01/2023,07:52:49,15,1,33.0,,,,2,,1.0,Cycle,S
IND,5555,32021,60182,22/01/2023,07:53:00,15,2,28.0,,,,2,,1.0,Cycle,S
IND,5555,32021,60182,22/01/2023,07:53:24,15,1,22.0,,,,2,,1.0,Cycle,S
IND,5555,32021,60182,22/01/2023,07:53:30,15,1,27.0,,,,2,,1.0,Cycle,S
IND,5555,32021,60182,22/01/2023,07:53:37,15,1,30.0,,,,2,,1.0,Cycle,S
IND,5555,32021,60182,22/01/2023,07:53:37,15,1,33.0,,,,2,,1.0,Cycle,S
IND,5555,32021,60182,22/01/2023,07:53:40,15,1,28.0,,,,2,,1.0,Cycle,S
IND,5555,32021,60182,22/01/2023,07:53:41,15,1,30.0,,,,2,,1.0,Cycle,S
IND,5555,32021,60182,22/01/2023,07:53:44,15,1,37.0,,,,2,,1.0,Cycle,S
IND,5555,32021,60182,22/01/2023,07:53:45,15,1,36.0,,,,2,,1.0,Cycle,S
IND,5555,32021,60182,22/01/2023,07:53:45,15,1,36.0,,,,2,,1.0,Cycle,S
IND,5555,32021,60182,22/01/2023,07:53:57,15,1,25.0,,,,2,,1.0,Cycle,S
IND,5555,32021,60182,22/01/2023,07:53:58,15,1,25.0,,,,2,,1.0,Cycle,S
IND,5555,32021,60182,22/01/2023,07:53:59,15,1,27.0,,,,2,,1.0,Cycle,S
IND,5555,32021,60182,22/01/2023,07:54:12,15,1,26.0,,,,2,,1.0,Cycle,S
IND,5555,32021,60182,22/01/2023,07:54:58,15,1,28.0,,,,2,,1.0,Cycle,S
IND,5555,32021,60182,22/01/2023,07:54:59,15,1,27.0,,,,2,,1.0,Cycle,S
IND,5555,32021,60182,22/01/2023,07:55:02,15,1,23.0,,,,2,,1.0,Cycle,S
IND,5555,32021,60182,22/01/2023,07:55:02,15,1,24.0,,,,2,,1.0,Cycle,S
IND,5555,32021,60182,22/01/2023,07:56:05,15,1,22.0,,,,2,,1.0,Cycle,S
IND,5555,32021,60182,22/01/2023,07:56:12,15,1,21.0,,,,2,,1.0,Cycle,S
IND,5555,32021,60182,22/01/2023,07:56:12,15,1,20.0,,,,2,,1.0,Cycle,S
IND,5555,32021,60182,22/01/2023,07:56:20,15,1,31.0,,,,2,,1.0,Cycle,S
IND,5555,32021,60182,22/01/2023,07:56:23,15,1,20.0,,,,2,,1.0,Cycle,S
IND,5555,32021,60182,22/01/2023,07:56:58,15,1,22.0,,,,2,,1.0,Cycle,S
IND,5555,32021,60182,22/01/2023,07:57:21,15,1,27.0,,,,2,,1.0,Cycle,S
IND,5555,32021,60182,22/01/2023,07:57:47,15,3,29.0,,,,2,,1.0,Cycle,S
IND,5555,32021,60182,22/01/2023,07:57:47,15,3,30.0,,,,2,,1.0,Cycle,S
IND,5555,32021,60182,22/01/2023,07:57:47,15,1,29.0,,,,2,,1.0,Cycle,S
IND,5555,32021,60182,22/01/2023,07:57:47,15,1,28.0,,,,2,,1.0,Cycle,S
IND,5555,32021,60182,22/01/2023,07:57:48,15,1,28.0,,,,2,,1.0,Cycle,S
IND,5555,32021,60182,22/01/2023,07:57:51,15,1,25.0,,,,2,,1.0,Cycle,S
IND,5555,32021,60182,22/01/2023,07:57:51,15,1,25.0,,,,2,,1.0,Cycle,S
IND,5555,32021,60182,22/01/2023,07:57:58,15,1,24.0,,,,2,,1.0,Cycle,S
IND,5555,32021,60182,22/01/2023,07:58:12,15,2,25.0,,,,2,,1.0,Cycle,S
IND,5555,32021,60182,22/01/2023,07:58:28,15,1,20.0,,,,2,,1.0,Cycle,S
IND,5555,32021,60182,22/01/2023,07:58:28,15,1,20.0,,,,2,,1.0,Cycle,S
IND,5555,32021,60182,22/01/2023,07:58:31,15,1,29.0,,,,2,,1.0,Cycle,S
IND,5555,32021,60182,22/01/2023,07:58:51,15,1,27.0,,,,2,,1.0,Cycle,S
IND,5555,32021,60182,22/01/2023,07:58:51,15,1,27.0,,,,2,,1.0,Cycle,S
IND,5555,32021,60182,22/01/2023,07:58:52,15,1,28.0,,,,2,,1.0,Cycle,S
IND,5555,32021,60182,22/01/2023,07:59:42,15,3,19.0,,,,2,,1.0,Cycle,S
IND,5555,32021,60182,22/01/2023,07:59:42,15,3,19.0,,,,2,,1.0,Cycle,S
IND,5555,32021,60182,22/01/2023,08:00:21,15,1,23.0,,,,2,,1.0,Cycle,S
IND,5555,32021,60182,22/01/2023,08:00:45,15,1,28.0,,,,2,,1.0,Cycle,S
IND,5555,32021,60182,22/01/2023,08:00:45,15,1,27.0,,,,2,,1.0,Cycle,S
IND,5555,32021,60182,22/01/2023,08:00:51,15,1,31.0,,,,2,,1.0,Cycle,S
IND,5555,32021,60182,22/01/2023,08:00:51,15,1,31.0,,,,2,,1.0,Cycle,S
IND,5555,32021,60182,22/01/2023,08:00:52,15,1,31.0,,,,2,,1.0,Cycle,S
IND,5555,32021,60182,22/01/2023,08:01:22,15,1,25.0,,,,2,,1.0,Cycle,S
IND,5555,32021,60182,22/01/2023,08:01:38,15,1,17.0,,,,2,,1.0,Cycle,S
IND,5555,32021,60182,22/01/2023,08:01:38,15,1,17.0,,,,2,,1.0,Cycle,S
IND,5555,32021,60182,22/01/2023,08:01:56,15,1,14.0,,,,2,,1.0,Cycle,S
IND,5555,32021,60182,22/01/2023,08:02:04,15,1,23.0,,,,2,,1.0,Cycle,S
IND,5555,32021,60182,22/01/2023,08:02:09,15,1,27.0,,,,2,,1.0,Cycle,S
IND,5555,32021,60182,22/01/2023,08:02:31,15,3,27.0,,,,2,,1.0,Cycle,S
IND,5555,32021,60182,22/01/2023,08:02:38,15,1,26.0,,,,2,,1.0,Cycle,S
IND,5555,32021,60182,22/01/2023,08:02:38,15,1,24.0,,,,2,,1.0,Cycle,S
IND,5555,32021,60182,22/01/2023,08:03:12,15,1,22.0,,,,2,,1.0,Cycle,S
IND,5555,32021,60182,22/01/2023,08:03:13,15,1,21.0,,,,2,,1.0,Cycle,S
IND,5555,32021,60182,22/01/2023,08:03:20,15,1,26.0,,,,2,,1.0,Cycle,S
IND,5555,32021,60182,22/01/2023,08:03:21,15,1,25.0,,,,2,,1.0,Cycle,S
IND,5555,32021,60182,22/01/2023,08:03:21,15,1,24.0,,,,2,,1.0,Cycle,S
IND,5555,32021,60182,22/01/2023,08:03:22,15,1,26.0,,,,2,,1.0,Cycle,S
IND,5555,32021,60182,22/01/2023,08:03:22,15,1,26.0,,,,2,,1.0,Cycle,S
IND,5555,32021,60182,22/01/2023,08:04:10,15,1,25.0,,,,2,,1.0,Cycle,S
IND,5555,32021,60182,22/01/2023,08:04:11,15,1,26.0,,,,2,,1.0,Cycle,S
IND,5555,32021,60182,22/01/2023,08:04:27,15,1,21.0,,,,2,,1.0,Cycle,S
IND,5555,32021,60182,22/01/2023,08:04:28,15,1,26.0,,,,2,,1.0,Cycle,S
IND,5555,32021,60182,22/01/2023,08:04:31,15,3,25.0,,,,2,,1.0,Cycle,S
IND,5555,32021,60182,22/01/2023,08:04:39,15,1,32.0,,,,2,,1.0,Cycle,S
IND,5555,32021,60182,22/01/2023,08:04:39,15,1,34.0,,,,2,,1.0,Cycle,S
IND,5555,32021,60182,22/01/2023,08:04:40,15,1,32.0,,,,2,,1.0,Cycle,S
IND,5555,32021,60182,22/01/2023,08:04:40,15,1,33.0,,,,2,,1.0,Cycle,S
IND,5555,32021,60182,22/01/2023,08:05:40,15,1,26.0,,,,2,,1.0,Cycle,S
IND,5555,32021,60182,22/01/2023,08:05:42,15,1,24.0,,,,2,,1.0,Cycle,S
IND,5555,32021,60182,22/01/2023,08:05:43,15,1,24.0,,,,2,,1.0,Cycle,S
IND,5555,32021,60182,22/01/2023,08:05:49,15,1,31.0,,,,2,,1.0,Cycle,S
IND,5555,32021,60182,22/01/2023,08:06:11,15,1,27.0,,,,2,,1.0,Cycle,S
IND,5555,32021,60182,22/01/2023,08:06:11,15,1,26.0,,,,2,,1.0,Cycle,S
IND,5555,32021,60182,22/01/2023,08:06:13,15,1,23.0,,,,2,,1.0,Cycle,S
IND,5555,32021,60182,22/01/2023,08:06:13,15,1,23.0,,,,2,,1.0,Cycle,S
IND,5555,32021,60182,22/01/2023,08:06:24,15,1,30.0,,,,2,,1.0,Cycle,S
IND,5555,32021,60182,22/01/2023,08:06:26,15,1,24.0,,,,2,,1.0,Cycle,S
IND,5555,32021,60182,22/01/2023,08:06:30,15,1,28.0,,,,2,,1.0,Cycle,S
IND,5555,32021,60182,22/01/2023,08:07:08,15,1,19.0,,,,2,,1.0,Cycle,S
IND,5555,32021,60182,22/01/2023,08:07:11,15,1,22.0,,,,2,,1.0,Cycle,S
IND,5555,32021,60182,22/01/2023,08:07:24,15,3,28.0,,,,2,,1.0,Cycle,S
IND,5555,32021,60182,22/01/2023,08:07:36,15,1,12.0,,,,2,,1.0,Cycle,S
IND,5555,32021,60182,22/01/2023,08:08:43,15,1,23.0,,,,2,,1.0,Cycle,S
IND,5555,32021,60182,22/01/2023,08:08:43,15,2,25.0,,,,2,,1.0,Cycle,S
IND,5555,32021,60182,22/01/2023,08:08:44,15,3,23.0,,,,2,,1.0,Cycle,S
IND,5555,32021,60182,22/01/2023,08:08:45,15,1,24.0,,,,2,,1.0,Cycle,S
IND,5555,32021,60182,22/01/2023,08:09:10,15,1,17.0,,,,2,,1.0,Cycle,S
IND,5555,32021,60182,22/01/2023,08:09:20,15,1,27.0,,,,2,,1.0,Cycle,S
IND,5555,32021,60182,22/01/2023,08:09:20,15,1,29.0,,,,2,,1.0,Cycle,S
IND,5555,32021,60182,22/01/2023,08:09:35,15,1,30.0,,,,2,,1.0,Cycle,S
IND,5555,32021,60182,22/01/2023,08:09:35,15,1,29.0,,,,2,,1.0,Cycle,S
IND,5555,32021,60182,22/01/2023,08:09:36,15,2,29.0,,,,2,,1.0,Cycle,S
IND,5555,32021,60182,22/01/2023,08:09:36,15,1,30.0,,,,2,,1.0,Cycle,S
IND,5555,32021,60182,22/01/2023,08:09:38,15,1,32.0,,,,2,,1.0,Cycle,S
IND,5555,32021,60182,22/01/2023,08:10:08,15,1,22.0,,,,2,,1.0,Cycle,S
IND,5555,32021,60182,22/01/2023,08:10:12,15,3,18.0,,,,2,,1.0,Cycle,S
IND,5555,32021,60182,22/01/2023,08:10:22,15,1,19.0,,,,2,,1.0,Cycle,S
IND,5555,32021,60182,22/01/2023,08:10:24,15,1,20.0,,,,2,,1.0,Cycle,S
IND,5555,32021,60182,22/01/2023,08:10:24,15,1,22.0,,,,2,,1.0,Cycle,S
IND,5555,32021,60182,22/01/2023,08:10:42,15,1,21.0,,,,2,,1.0,Cycle,S
IND,5555,32021,60182,22/01/2023,08:10:59,15,1,27.0,,,,2,,1.0,Cycle,S
IND,5555,32021,60182,22/01/2023,08:11:21,15,1,22.0,,,,2,,1.0,Cycle,S
IND,5555,32021,60182,22/01/2023,08:11:30,15,1,26.0,,,,2,,1.0,Cycle,S
IND,5555,32021,60182,22/01/2023,08:11:42,15,1,27.0,,,,2,,1.0,Cycle,S
IND,5555,32021,60182,22/01/2023,08:11:42,15,1,27.0,,,,2,,1.0,Cycle,S
IND,5555,32021,60182,22/01/2023,08:11:43,15,1,27.0,,,,2,,1.0,Cycle,S
IND,5555,32021,60182,22/01/2023,08:11:54,15,1,31.0,,,,2,,1.0,Cycle,S
IND,5555,32021,60182,22/01/2023,08:11:54,15,2,30.0,,,,2,,1.0,Cycle,S
IND,5555,32021,60182,22/01/2023,08:11:54,15,1,29.0,,,,2,,1.0,Cycle,S
IND,5555,32021,60182,22/01/2023,08:11:54,15,2,30.0,,,,2,,1.0,Cycle,S
IND,5555,32021,60182,22/01/2023,08:11:55,15,2,30.0,,,,2,,1.0,Cycle,S
IND,5555,32021,60182,22/01/2023,08:11:55,15,1,29.0,,,,2,,1.0,Cycle,S
IND,5555,32021,60182,22/01/2023,08:11:55,15,1,29.0,,,,2,,1.0,Cycle,S
IND,5555,32021,60182,22/01/2023,08:11:55,15,1,29.0,,,,2,,1.0,Cycle,S
IND,5555,32021,60182,22/01/2023,08:11:55,15,2,29.0,,,,2,,1.0,Cycle,S
IND,5555,32021,60182,22/01/2023,08:11:56,15,1,28.0,,,,2,,1.0,Cycle,S
IND,5555,32021,60182,22/01/2023,08:11:56,15,1,25.0,,,,2,,1.0,Cycle,S
IND,5555,32021,60182,22/01/2023,08:11:57,15,1,25.0,,,,2,,1.0,Cycle,S
IND,5555,32021,60182,22/01/2023,08:11:57,15,1,23.0,,,,2,,1.0,Cycle,S
IND,5555,32021,60182,22/01/2023,08:11:57,15,2,25.0,,,,2,,1.0,Cycle,S
IND,5555,32021,60182,22/01/2023,08:11:58,15,1,23.0,,,,2,,1.0,Cycle,S
IND,5555,32021,60182,22/01/2023,08:11:58,15,1,25.0,,,,2,,1.0,Cycle,S
IND,5555,32021,60182,22/01/2023,08:11:58,15,2,26.0,,,,2,,1.0,Cycle,S
IND,5555,32021,60182,22/01/2023,08:11:59,15,2,25.0,,,,2,,1.0,Cycle,S
IND,5555,32021,60182,22/01/2023,08:11:59,15,2,27.0,,,,2,,1.0,Cycle,S
IND,5555,32021,60182,22/01/2023,08:12:58,15,1,29.0,,,,2,,1.0,Cycle,S
IND,5555,32021,60182,22/01/2023,08:13:05,15,1,26.0,,,,2,,1.0,Cycle,S
IND,5555,32021,60182,22/01/2023,08:13:32,15,1,29.0,,,,2,,1.0,Cycle,S
IND,5555,32021,60182,22/01/2023,08:13:39,15,1,29.0,,,,2,,1.0,Cycle,S
IND,5555,32021,60182,22/01/2023,08:13:39,15,1,30.0,,,,2,,1.0,Cycle,S
IND,5555,32021,60182,22/01/2023,08:13:58,15,1,22.0,,,,2,,1.0,Cycle,S
IND,5555,32021,60182,22/01/2023,08:14:06,15,1,22.0,,,,2,,1.0,Cycle,S
IND,5555,32021,60182,22/01/2023,08:14:07,15,1,22.0,,,,2,,1.0,Cycle,S
IND,5555,32021,60182,22/01/2023,08:14:08,15,3,22.0,,,,2,,1.0,Cycle,S
IND,5555,32021,60182,22/01/2023,08:14:10,15,1,21.0,,,,2,,1.0,Cycle,S
IND,5555,32021,60182,22/01/2023,08:14:18,15,1,23.0,,,,2,,1.0,Cycle,S
IND,5555,32021,60182,22/01/2023,08:14:37,15,1,23.0,,,,2,,1.0,Cycle,S
IND,5555,32021,60182,22/01/2023,08:14:37,15,2,23.0,,,,2,,1.0,Cycle,S
IND,5555,32021,60182,22/01/2023,08:15:07,15,1,18.0,,,,2,,1.0,Cycle,S
IND,5555,32021,60182,22/01/2023,08:15:11,15,1,14.0,,,,2,,1.0,Cycle,S
IND,5555,32021,60182,22/01/2023,08:15:13,15,1,12.0,,,,2,,1.0,Cycle,S
IND,5555,32021,60182,22/01/2023,08:15:21,15,1,31.0,,,,2,,1.0,Cycle,S
IND,5555,32021,60182,22/01/2023,08:15:24,15,1,28.0,,,,2,,1.0,Cycle,S
IND,5555,32021,60182,22/01/2023,08:15:28,15,1,20.0,,,,2,,1.0,Cycle,S
IND,5555,32021,60182,22/01/2023,08:15:43,15,1,20.0,,,,2,,1.0,Cycle,S
IND,5555,32021,60182,22/01/2023,08:15:44,15,1,20.0,,,,2,,1.0,Cycle,S
IND,5555,32021,60182,22/01/2023,08:15:50,15,1,24.0,,,,2,,1.0,Cycle,S
IND,5555,32021,60182,22/01/2023,08:16:08,15,1,20.0,,,,2,,1.0,Cycle,S
IND,5555,32021,60182,22/01/2023,08:16:09,15,1,22.0,,,,2,,1.0,Cycle,S
IND,5555,32021,60182,22/01/2023,08:16:09,15,1,22.0,,,,2,,1.0,Cycle,S
IND,5555,32021,60182,22/01/2023,08:16:10,15,1,22.0,,,,2,,1.0,Cycle,S
IND,5555,32021,60182,22/01/2023,08:16:10,15,1,26.0,,,,2,,1.0,Cycle,S
IND,5555,32021,60182,22/01/2023,08:16:11,15,1,22.0,,,,2,,1.0,Cycle,S
IND,5555,32021,60182,22/01/2023,08:16:12,15,1,24.0,,,,2,,1.0,Cycle,S
IND,5555,32021,60182,22/01/2023,08:16:13,15,1,22.0,,,,2,,1.0,Cycle,S
IND,5555,32021,60182,22/01/2023,08:16:17,15,1,36.0,,,,2,,1.0,Cycle,S
IND,5555,32021,60182,22/01/2023,08:16:34,15,1,21.0,,,,2,,1.0,Cycle,S
IND,5555,32021,60182,22/01/2023,08:16:34,15,1,21.0,,,,2,,1.0,Cycle,S
IND,5555,32021,60182,22/01/2023,08:16:36,15,1,25.0,,,,2,,1.0,Cycle,S
IND,5555,32021,60182,22/01/2023,08:16:40,15,1,21.0,,,,2,,1.0,Cycle,S
IND,5555,32021,60182,22/01/2023,08:16:47,15,1,23.0,,,,2,,1.0,Cycle,S
IND,5555,32021,60182,22/01/2023,08:17:31,15,1,25.0,,,,2,,1.0,Cycle,S
IND,5555,32021,60182,22/01/2023,08:17:32,15,1,24.0,,,,2,,1.0,Cycle,S
IND,5555,32021,60182,22/01/2023,08:17:43,15,3,27.0,,,,2,,1.0,Cycle,S
IND,5555,32021,60182,22/01/2023,08:17:44,15,1,30.0,,,,2,,1.0,Cycle,S
IND,5555,32021,60182,22/01/2023,08:17:44,15,2,25.0,,,,2,,1.0,Cycle,S
IND,5555,32021,60182,22/01/2023,08:18:10,15,2,74.0,,,,2,,1.0,Cycle,S
IND,5555,32021,60182,22/01/2023,08:18:51,15,2,29.0,,,,2,,1.0,Cycle,S
IND,5555,32021,60182,22/01/2023,08:18:52,15,1,25.0,,,,2,,1.0,Cycle,S
IND,5555,32021,60182,22/01/2023,08:18:52,15,1,25.0,,,,2,,1.0,Cycle,S
IND,5555,32021,60182,22/01/2023,08:18:52,15,1,25.0,,,,2,,1.0,Cycle,S
IND,5555,32021,60182,22/01/2023,08:18:53,15,1,25.0,,,,2,,1.0,Cycle,S
IND,5555,32021,60182,22/01/2023,08:18:53,15,1,25.0,,,,2,,1.0,Cycle,S
IND,5555,32021,60182,22/01/2023,08:18:54,15,1,25.0,,,,2,,1.0,Cycle,S
IND,5555,32021,60182,22/01/2023,08:18:54,15,1,24.0,,,,2,,1.0,Cycle,S
IND,5555,32021,60182,22/01/2023,08:18:55,15,1,17.0,,,,2,,1.0,Cycle,S
IND,5555,32021,60182,22/01/2023,08:18:57,15,3,26.0,,,,2,,1.0,Cycle,S
IND,5555,32021,60182,22/01/2023,08:18:58,15,3,26.0,,,,2,,1.0,Cycle,S
IND,5555,32021,60182,22/01/2023,08:18:59,15,1,26.0,,,,2,,1.0,Cycle,S
IND,5555,32021,60182,22/01/2023,08:19:28,15,1,17.0,,,,2,,1.0,Cycle,S
IND,5555,32021,60182,22/01/2023,08:19:28,15,1,16.0,,,,2,,1.0,Cycle,S
IND,5555,32021,60182,22/01/2023,08:19:29,15,1,16.0,,,,2,,1.0,Cycle,S
IND,5555,32021,60182,22/01/2023,08:20:00,15,1,24.0,,,,2,,1.0,Cycle,S
IND,5555,32021,60182,22/01/2023,08:20:24,15,1,25.0,,,,2,,1.0,Cycle,S
IND,5555,32021,60182,22/01/2023,08:20:53,15,2,25.0,,,,2,,1.0,Cycle,S
IND,5555,32021,60182,22/01/2023,08:20:54,15,1,28.0,,,,2,,1.0,Cycle,S
IND,5555,32021,60182,22/01/2023,08:20:54,15,2,25.0,,,,2,,1.0,Cycle,S
IND,5555,32021,60182,22/01/2023,08:20:54,15,3,24.0,,,,2,,1.0,Cycle,S
IND,5555,32021,60182,22/01/2023,08:20:54,15,1,28.0,,,,2,,1.0,Cycle,S
IND,5555,32021,60182,22/01/2023,08:21:20,15,1,18.0,,,,2,,1.0,Cycle,S
IND,5555,32021,60182,22/01/2023,08:21:20,15,1,18.0,,,,2,,1.0,Cycle,S
IND,5555,32021,60182,22/01/2023,08:21:20,15,1,18.0,,,,2,,1.0,Cycle,S
IND,5555,32021,60182,22/01/2023,08:21:33,15,1,20.0,,,,2,,1.0,Cycle,S
IND,5555,32021,60182,22/01/2023,08:21:41,15,1,28.0,,,,2,,1.0,Cycle,S
IND,5555,32021,60182,22/01/2023,08:21:41,15,1,28.0,,,,2,,1.0,Cycle,S
IND,5555,32021,60182,22/01/2023,08:21:51,15,1,29.0,,,,2,,1.0,Cycle,S
IND,5555,32021,60182,22/01/2023,08:21:51,15,1,24.0,,,,2,,1.0,Cycle,S
IND,5555,32021,60182,22/01/2023,08:21:52,15,1,23.0,,,,2,,1.0,Cycle,S
IND,5555,32021,60182,22/01/2023,08:21:52,15,1,21.0,,,,2,,1.0,Cycle,S
IND,5555,32021,60182,22/01/2023,08:22:11,15,1,29.0,,,,2,,1.0,Cycle,S
IND,5555,32021,60182,22/01/2023,08:22:12,15,1,29.0,,,,2,,1.0,Cycle,S
IND,5555,32021,60182,22/01/2023,08:22:15,15,1,21.0,,,,2,,1.0,Cycle,S
IND,5555,32021,60182,22/01/2023,08:22:15,15,1,20.0,,,,2,,1.0,Cycle,S
IND,5555,32021,60182,22/01/2023,08:22:26,15,1,27.0,,,,2,,1.0,Cycle,S
IND,5555,32021,60182,22/01/2023,08:22:31,15,1,26.0,,,,2,,1.0,Cycle,S
IND,5555,32021,60182,22/01/2023,08:22:31,15,1,26.0,,,,2,,1.0,Cycle,S
IND,5555,32021,60182,22/01/2023,08:22:31,15,1,26.0,,,,2,,1.0,Cycle,S
IND,5555,32021,60182,22/01/2023,08:22:47,15,2,36.0,,,,2,,1.0,Cycle,S
IND,5555,32021,60182,22/01/2023,08:22:48,15,2,36.0,,,,2,,1.0,Cycle,S
IND,5555,32021,60182,22/01/2023,08:22:48,15,2,34.0,,,,2,,1.0,Cycle,S
IND,5555,32021,60182,22/01/2023,08:22:48,15,1,33.0,,,,2,,1.0,Cycle,S
IND,5555,32021,60182,22/01/2023,08:22:48,15,2,36.0,,,,2,,1.0,Cycle,S
IND,5555,32021,60182,22/01/2023,08:22:48,15,2,34.0,,,,2,,1.0,Cycle,S
IND,5555,32021,60182,22/01/2023,08:22:49,15,2,34.0,,,,2,,1.0,Cycle,S
IND,5555,32021,60182,22/01/2023,08:22:49,15,2,34.0,,,,2,,1.0,Cycle,S
IND,5555,32021,60182,22/01/2023,08:22:49,15,1,34.0,,,,2,,1.0,Cycle,S
IND,5555,32021,60182,22/01/2023,08:22:50,15,2,34.0,,,,2,,1.0,Cycle,S
IND,5555,32021,60182,22/01/2023,08:23:03,15,1,28.0,,,,2,,1.0,Cycle,S
IND,5555,32021,60182,22/01/2023,08:23:10,15,1,24.0,,,,2,,1.0,Cycle,S
IND,5555,32021,60182,22/01/2023,08:23:20,15,1,26.0,,,,2,,1.0,Cycle,S
IND,5555,32021,60182,22/01/2023,08:23:25,15,1,34.0,,,,2,,1.0,Cycle,S
IND,5555,32021,60182,22/01/2023,08:23:26,15,1,34.0,,,,2,,1.0,Cycle,S
IND,5555,32021,60182,22/01/2023,08:23:29,15,1,27.0,,,,2,,1.0,Cycle,S
IND,5555,32021,60182,22/01/2023,08:23:34,15,1,33.0,,,,2,,1.0,Cycle,S
IND,5555,32021,60182,22/01/2023,08:23:35,15,1,34.0,,,,2,,1.0,Cycle,S
IND,5555,32021,60182,22/01/2023,08:23:39,15,1,24.0,,,,2,,1.0,Cycle,S
IND,5555,32021,60182,22/01/2023,08:23:41,15,1,25.0,,,,2,,1.0,Cycle,S
IND,5555,32021,60182,22/01/2023,08:24:14,15,1,14.0,,,,2,,1.0,Cycle,S
IND,5555,32021,60182,22/01/2023,08:24:15,15,1,14.0,,,,2,,1.0,Cycle,S
IND,5555,32021,60182,22/01/2023,08:24:17,15,1,18.0,,,,2,,1.0,Cycle,S
IND,5555,32021,60182,22/01/2023,08:24:17,15,1,18.0,,,,2,,1.0,Cycle,S
IND,5555,32021,60182,22/01/2023,08:24:29,15,1,19.0,,,,2,,1.0,Cycle,S
IND,5555,32021,60182,22/01/2023,08:24:36,15,1,26.0,,,,2,,1.0,Cycle,S
IND,5555,32021,60182,22/01/2023,08:24:59,15,1,27.0,,,,2,,1.0,Cycle,S
IND,5555,32021,60182,22/01/2023,08:25:01,15,1,36.0,,,,2,,1.0,Cycle,S
IND,5555,32021,60182,22/01/2023,08:25:12,15,1,23.0,,,,2,,1.0,Cycle,S
IND,5555,32021,60182,22/01/2023,08:25:15,15,1,29.0,,,,2,,1.0,Cycle,S
IND,5555,32021,60182,22/01/2023,08:25:59,15,1,27.0,,,,2,,1.0,Cycle,S
IND,5555,32021,60182,22/01/2023,08:25:59,15,1,27.0,,,,2,,1.0,Cycle,S
IND,5555,32021,60182,22/01/2023,08:25:59,15,1,26.0,,,,2,,1.0,Cycle,S
IND,5555,32021,60182,22/01/2023,08:26:00,15,1,25.0,,,,2,,1.0,Cycle,S
IND,5555,32021,60182,22/01/2023,08:26:00,15,1,23.0,,,,2,,1.0,Cycle,S
IND,5555,32021,60182,22/01/2023,08:26:02,15,2,26.0,,,,2,,1.0,Cycle,S
IND,5555,32021,60182,22/01/2023,08:26:03,15,1,19.0,,,,2,,1.0,Cycle,S
IND,5555,32021,60182,22/01/2023,08:26:16,15,1,23.0,,,,2,,1.0,Cycle,S
IND,5555,32021,60182,22/01/2023,08:26:21,15,1,24.0,,,,2,,1.0,Cycle,S
IND,5555,32021,60182,22/01/2023,08:26:22,15,1,33.0,,,,2,,1.0,Cycle,S
IND,5555,32021,60182,22/01/2023,08:27:00,15,1,24.0,,,,2,,1.0,Cycle,S
IND,5555,32021,60182,22/01/2023,08:27:20,15,1,28.0,,,,2,,1.0,Cycle,S
IND,5555,32021,60182,22/01/2023,08:27:23,15,1,22.0,,,,2,,1.0,Cycle,S
IND,5555,32021,60182,22/01/2023,08:27:30,15,1,27.0,,,,2,,1.0,Cycle,S
IND,5555,32021,60182,22/01/2023,08:28:11,15,1,18.0,,,,2,,1.0,Cycle,S
IND,5555,32021,60182,22/01/2023,08:28:11,15,1,18.0,,,,2,,1.0,Cycle,S
IND,5555,32021,60182,22/01/2023,08:28:13,15,1,19.0,,,,2,,1.0,Cycle,S
IND,5555,32021,60182,22/01/2023,08:28:13,15,1,19.0,,,,2,,1.0,Cycle,S
IND,5555,32021,60182,22/01/2023,08:28:13,15,1,19.0,,,,2,,1.0,Cycle,S
IND,5555,32021,60182,22/01/2023,08:28:13,15,1,19.0,,,,2,,1.0,Cycle,S
IND,5555,32021,60182,22/01/2023,08:28:15,15,1,20.0,,,,2,,1.0,Cycle,S
IND,5555,32021,60182,22/01/2023,08:28:15,15,1,21.0,,,,2,,1.0,Cycle,S
IND,5555,32021,60182,22/01/2023,08:28:26,15,1,21.0,,,,2,,1.0,Cycle,S
IND,5555,32021,60182,22/01/2023,08:28:35,15,1,27.0,,,,2,,1.0,Cycle,S
IND,5555,32021,60182,22/01/2023,08:28:37,15,1,26.0,,,,2,,1.0,Cycle,S
IND,5555,32021,60182,22/01/2023,08:28:44,15,1,28.0,,,,2,,1.0,Cycle,S
IND,5555,32021,60182,22/01/2023,08:28:44,15,1,29.0,,,,2,,1.0,Cycle,S
IND,5555,32021,60182,22/01/2023,08:29:01,15,1,24.0,,,,2,,1.0,Cycle,S
IND,5555,32021,60182,22/01/2023,08:29:05,15,1,25.0,,,,2,,1.0,Cycle,S
IND,5555,32021,60182,22/01/2023,08:29:16,15,1,25.0,,,,2,,1.0,Cycle,S
IND,5555,32021,60182,22/01/2023,08:30:07,15,1,29.0,,,,2,,1.0,Cycle,S
IND,5555,32021,60182,22/01/2023,08:30:07,15,1,30.0,,,,2,,1.0,Cycle,S
IND,5555,32021,60182,22/01/2023,08:30:07,15,1,20.0,,,,2,,1.0,Cycle,S
IND,5555,32021,60182,22/01/2023,08:30:12,15,1,20.0,,,,2,,1.0,Cycle,S
IND,5555,32021,60182,22/01/2023,08:30:12,15,1,19.0,,,,2,,1.0,Cycle,S
IND,5555,32021,60182,22/01/2023,08:30:13,15,1,26.0,,,,2,,1.0,Cycle,S
IND,5555,32021,60182,22/01/2023,08:30:29,15,1,25.0,,,,2,,1.0,Cycle,S
IND,5555,32021,60182,22/01/2023,08:30:40,15,1,33.0,,,,2,,1.0,Cycle,S
IND,5555,32021,60182,22/01/2023,08:30:42,15,1,21.0,,,,2,,1.0,Cycle,S
IND,5555,32021,60182,22/01/2023,08:31:08,15,1,18.0,,,,2,,1.0,Cycle,S
IND,5555,32021,60182,22/01/2023,08:31:11,15,1,19.0,,,,2,,1.0,Cycle,S
IND,5555,32021,60182,22/01/2023,08:31:15,15,1,32.0,,,,2,,1.0,Cycle,S
IND,5555,32021,60182,22/01/2023,08:31:22,15,3,25.0,,,,2,,1.0,Cycle,S
IND,5555,32021,60182,22/01/2023,08:31:24,15,1,29.0,,,,2,,1.0,Cycle,S
IND,5555,32021,60182,22/01/2023,08:31:24,15,2,30.0,,,,2,,1.0,Cycle,S
IND,5555,32021,60182,22/01/2023,08:31:25,15,1,30.0,,,,2,,1.0,Cycle,S
IND,5555,32021,60182,22/01/2023,08:31:28,15,1,31.0,,,,2,,1.0,Cycle,S
IND,5555,32021,60182,22/01/2023,08:31:28,15,2,32.0,,,,2,,1.0,Cycle,S
IND,5555,32021,60182,22/01/2023,08:31:28,15,1,31.0,,,,2,,1.0,Cycle,S
IND,5555,32021,60182,22/01/2023,08:31:34,15,2,34.0,,,,2,,1.0,Cycle,S
IND,5555,32021,60182,22/01/2023,08:31:35,15,1,33.0,,,,2,,1.0,Cycle,S
IND,5555,32021,60182,22/01/2023,08:31:37,15,1,32.0,,,,2,,1.0,Cycle,S
IND,5555,32021,60182,22/01/2023,08:31:37,15,3,32.0,,,,2,,1.0,Cycle,S
IND,5555,32021,60182,22/01/2023,08:31:38,15,1,25.0,,,,2,,1.0,Cycle,S
IND,5555,32021,60182,22/01/2023,08:31:38,15,2,27.0,,,,2,,1.0,Cycle,S
IND,5555,32021,60182,22/01/2023,08:31:40,15,3,28.0,,,,2,,1.0,Cycle,S
IND,5555,32021,60182,22/01/2023,08:31:52,15,1,24.0,,,,2,,1.0,Cycle,S
IND,5555,32021,60182,22/01/2023,08:31:53,15,1,25.0,,,,2,,1.0,Cycle,S
IND,5555,32021,60182,22/01/2023,08:32:06,15,1,26.0,,,,2,,1.0,Cycle,S
IND,5555,32021,60182,22/01/2023,08:32:06,15,1,24.0,,,,2,,1.0,Cycle,S
IND,5555,32021,60182,22/01/2023,08:32:42,15,1,30.0,,,,2,,1.0,Cycle,S
IND,5555,32021,60182,22/01/2023,08:32:42,15,1,30.0,,,,2,,1.0,Cycle,S
IND,5555,32021,60182,22/01/2023,08:32:43,15,1,14.0,,,,2,,1.0,Cycle,S
IND,5555,32021,60182,22/01/2023,08:32:43,15,1,14.0,,,,2,,1.0,Cycle,S
IND,5555,32021,60182,22/01/2023,08:32:43,15,1,14.0,,,,2,,1.0,Cycle,S
IND,5555,32021,60182,22/01/2023,08:32:43,15,1,14.0,,,,2,,1.0,Cycle,S
IND,5555,32021,60182,22/01/2023,08:32:48,15,1,32.0,,,,2,,1.0,Cycle,S
IND,5555,32021,60182,22/01/2023,08:33:16,15,1,20.0,,,,2,,1.0,Cycle,S
IND,5555,32021,60182,22/01/2023,08:33:17,15,1,19.0,,,,2,,1.0,Cycle,S
IND,5555,32021,60182,22/01/2023,08:34:12,15,1,14.0,,,,2,,1.0,Cycle,S
IND,5555,32021,60182,22/01/2023,08:34:14,15,3,11.0,,,,2,,1.0,Cycle,S
IND,5555,32021,60182,22/01/2023,08:34:14,15,2,10.0,,,,2,,1.0,Cycle,S
IND,5555,32021,60182,22/01/2023,08:34:15,15,3,9.0,,,,2,,1.0,Cycle,S
IND,5555,32021,60182,22/01/2023,08:34:15,15,2,9.0,,,,2,,1.0,Cycle,S
IND,5555,32021,60182,22/01/2023,08:34:22,15,1,24.0,,,,2,,1.0,Cycle,S
IND,5555,32021,60182,22/01/2023,08:34:36,15,1,22.0,,,,2,,1.0,Cycle,S
IND,5555,32021,60182,22/01/2023,08:34:38,15,1,18.0,,,,2,,1.0,Cycle,S
IND,5555,32021,60182,22/01/2023,08:34:40,15,3,19.0,,,,2,,1.0,Cycle,S
IND,5555,32021,60182,22/01/2023,08:34:40,15,3,18.0,,,,2,,1.0,Cycle,S
IND,5555,32021,60182,22/01/2023,08:34:59,15,1,31.0,,,,2,,1.0,Cycle,S
IND,5555,32021,60182,22/01/2023,08:34:59,15,1,30.0,,,,2,,1.0,Cycle,S
IND,5555,32021,60182,22/01/2023,08:35:04,15,1,30.0,,,,2,,1.0,Cycle,S
IND,5555,32021,60182,22/01/2023,08:35:05,15,1,28.0,,,,2,,1.0,Cycle,S
IND,5555,32021,60182,22/01/2023,08:35:08,15,1,31.0,,,,2,,1.0,Cycle,S
IND,5555,32021,60182,22/01/2023,08:35:14,15,1,26.0,,,,2,,1.0,Cycle,S
IND,5555,32021,60182,22/01/2023,08:35:18,15,1,26.0,,,,2,,1.0,Cycle,S
IND,5555,32021,60182,22/01/2023,08:35:18,15,2,28.0,,,,2,,1.0,Cycle,S
IND,5555,32021,60182,22/01/2023,08:35:26,15,1,24.0,,,,2,,1.0,Cycle,S
IND,5555,32021,60182,22/01/2023,08:35:27,15,1,20.0,,,,2,,1.0,Cycle,S
IND,5555,32021,60182,22/01/2023,08:35:28,15,1,20.0,,,,2,,1.0,Cycle,S
IND,5555,32021,60182,22/01/2023,08:35:42,15,1,26.0,,,,2,,1.0,Cycle,S
IND,5555,32021,60182,22/01/2023,08:35:42,15,1,24.0,,,,2,,1.0,Cycle,S
IND,5555,32021,60182,22/01/2023,08:35:42,15,1,23.0,,,,2,,1.0,Cycle,S
IND,5555,32021,60182,22/01/2023,08:35:43,15,1,25.0,,,,2,,1.0,Cycle,S
IND,5555,32021,60182,22/01/2023,08:36:27,15,1,25.0,,,,2,,1.0,Cycle,S
IND,5555,32021,60182,22/01/2023,08:36:27,15,1,25.0,,,,2,,1.0,Cycle,S
IND,5555,32021,60182,22/01/2023,08:36:29,15,1,25.0,,,,2,,1.0,Cycle,S
IND,5555,32021,60182,22/01/2023,08:37:10,15,1,29.0,,,,2,,1.0,Cycle,S
IND,5555,32021,60182,22/01/2023,08:37:13,15,1,28.0,,,,2,,1.0,Cycle,S
IND,5555,32021,60182,22/01/2023,08:37:17,15,1,27.0,,,,2,,1.0,Cycle,S
IND,5555,32021,60182,22/01/2023,08:37:18,15,1,25.0,,,,2,,1.0,Cycle,S
IND,5555,32021,60182,22/01/2023,08:38:25,15,1,23.0,,,,2,,1.0,Cycle,S
IND,5555,32021,60182,22/01/2023,08:38:25,15,1,23.0,,,,2,,1.0,Cycle,S
IND,5555,32021,60182,22/01/2023,08:38:26,15,1,26.0,,,,2,,1.0,Cycle,S
IND,5555,32021,60182,22/01/2023,08:38:26,15,1,25.0,,,,2,,1.0,Cycle,S
IND,5555,32021,60182,22/01/2023,08:38:27,15,1,24.0,,,,2,,1.0,Cycle,S
IND,5555,32021,60182,22/01/2023,08:38:29,15,1,24.0,,,,2,,1.0,Cycle,S
IND,5555,32021,60182,22/01/2023,08:38:32,15,1,26.0,,,,2,,1.0,Cycle,S
IND,5555,32021,60182,22/01/2023,08:38:33,15,1,25.0,,,,2,,1.0,Cycle,S
IND,5555,32021,60182,22/01/2023,08:38:51,15,1,18.0,,,,2,,1.0,Cycle,S
IND,5555,32021,60182,22/01/2023,08:38:52,15,1,17.0,,,,2,,1.0,Cycle,S
IND,5555,32021,60182,22/01/2023,08:39:02,15,1,21.0,,,,2,,1.0,Cycle,S
IND,5555,32021,60182,22/01/2023,08:39:10,15,1,29.0,,,,2,,1.0,Cycle,S
IND,5555,32021,60182,22/01/2023,08:39:36,15,1,28.0,,,,2,,1.0,Cycle,S
IND,5555,32021,60182,22/01/2023,08:39:36,15,1,27.0,,,,2,,1.0,Cycle,S
IND,5555,32021,60182,22/01/2023,08:39:44,15,1,31.0,,,,2,,1.0,Cycle,S
IND,5555,32021,60182,22/01/2023,08:39:44,15,2,34.0,,,,2,,1.0,Cycle,S
IND,5555,32021,60182,22/01/2023,08:39:45,15,1,30.0,,,,2,,1.0,Cycle,S
IND,5555,32021,60182,22/01/2023,08:39:45,15,2,33.0,,,,2,,1.0,Cycle,S
IND,5555,32021,60182,22/01/2023,08:39:45,15,2,32.0,,,,2,,1.0,Cycle,S
IND,5555,32021,60182,22/01/2023,08:39:45,15,1,19.0,,,,2,,1.0,Cycle,S
IND,5555,32021,60182,22/01/2023,08:40:06,15,1,20.0,,,,2,,1.0,Cycle,S
IND,5555,32021,60182,22/01/2023,08:40:19,15,1,25.0,,,,2,,1.0,Cycle,S
IND,5555,32021,60182,22/01/2023,08:40:20,15,1,25.0,,,,2,,1.0,Cycle,S
IND,5555,32021,60182,22/01/2023,08:40:24,15,1,23.0,,,,2,,1.0,Cycle,S
IND,5555,32021,60182,22/01/2023,08:40:29,15,1,25.0,,,,2,,1.0,Cycle,S
IND,5555,32021,60182,22/01/2023,08:40:40,15,1,27.0,,,,2,,1.0,Cycle,S
IND,5555,32021,60182,22/01/2023,08:40:42,15,1,17.0,,,,2,,1.0,Cycle,S
IND,5555,32021,60182,22/01/2023,08:40:49,15,1,27.0,,,,2,,1.0,Cycle,S
IND,5555,32021,60182,22/01/2023,08:41:14,15,1,22.0,,,,2,,1.0,Cycle,S
IND,5555,32021,60182,22/01/2023,08:41:17,15,1,17.0,,,,2,,1.0,Cycle,S
IND,5555,32021,60182,22/01/2023,08:41:19,15,1,17.0,,,,2,,1.0,Cycle,S
IND,5555,32021,60182,22/01/2023,08:41:21,15,1,19.0,,,,2,,1.0,Cycle,S
IND,5555,32021,60182,22/01/2023,08:41:57,15,1,16.0,,,,2,,1.0,Cycle,S
IND,5555,32021,60182,22/01/2023,08:42:22,15,1,29.0,,,,2,,1.0,Cycle,S
IND,5555,32021,60182,22/01/2023,08:42:42,15,3,25.0,,,,2,,1.0,Cycle,S
IND,5555,32021,60182,22/01/2023,08:42:44,15,3,25.0,,,,2,,1.0,Cycle,S
IND,5555,32021,60182,22/01/2023,08:42:44,15,1,26.0,,,,2,,1.0,Cycle,S
IND,5555,32021,60182,22/01/2023,08:42:44,15,3,23.0,,,,2,,1.0,Cycle,S
IND,5555,32021,60182,22/01/2023,08:42:46,15,1,25.0,,,,2,,1.0,Cycle,S
IND,5555,32021,60182,22/01/2023,08:42:47,15,1,24.0,,,,2,,1.0,Cycle,S
IND,5555,32021,60182,22/01/2023,08:43:22,15,1,27.0,,,,2,,1.0,Cycle,S
IND,5555,32021,60182,22/01/2023,08:43:23,15,1,26.0,,,,2,,1.0,Cycle,S
IND,5555,32021,60182,22/01/2023,08:43:24,15,1,27.0,,,,2,,1.0,Cycle,S
IND,5555,32021,60182,22/01/2023,08:43:42,15,1,25.0,,,,2,,1.0,Cycle,S
IND,5555,32021,60182,22/01/2023,08:43:46,15,1,19.0,,,,2,,1.0,Cycle,S
IND,5555,32021,60182,22/01/2023,08:43:47,15,1,19.0,,,,2,,1.0,Cycle,S
IND,5555,32021,60182,22/01/2023,08:43:47,15,3,16.0,,,,2,,1.0,Cycle,S
IND,5555,32021,60182,22/01/2023,08:43:47,15,2,16.0,,,,2,,1.0,Cycle,S
IND,5555,32021,60182,22/01/2023,08:43:48,15,2,15.0,,,,2,,1.0,Cycle,S
IND,5555,32021,60182,22/01/2023,08:43:48,15,3,15.0,,,,2,,1.0,Cycle,S
IND,5555,32021,60182,22/01/2023,08:43:49,15,1,25.0,,,,2,,1.0,Cycle,S
IND,5555,32021,60182,22/01/2023,08:43:55,15,1,28.0,,,,2,,1.0,Cycle,S
IND,5555,32021,60182,22/01/2023,08:43:55,15,1,28.0,,,,2,,1.0,Cycle,S
IND,5555,32021,60182,22/01/2023,08:44:05,15,1,23.0,,,,2,,1.0,Cycle,S
IND,5555,32021,60182,22/01/2023,08:44:13,15,1,24.0,,,,2,,1.0,Cycle,S
IND,5555,32021,60182,22/01/2023,08:44:32,15,1,22.0,,,,2,,1.0,Cycle,S
IND,5555,32021,60182,22/01/2023,08:44:46,15,1,17.0,,,,2,,1.0,Cycle,S
IND,5555,32021,60182,22/01/2023,08:44:59,15,2,22.0,,,,2,,1.0,Cycle,S
IND,5555,32021,60182,22/01/2023,08:45:15,15,1,22.0,,,,2,,1.0,Cycle,S
IND,5555,32021,60182,22/01/2023,08:45:24,15,1,26.0,,,,2,,1.0,Cycle,S
IND,5555,32021,60182,22/01/2023,08:45:24,15,1,22.0,,,,2,,1.0,Cycle,S
IND,5555,32021,60182,22/01/2023,08:45:25,15,1,25.0,,,,2,,1.0,Cycle,S
IND,5555,32021,60182,22/01/2023,08:45:25,15,1,22.0,,,,2,,1.0,Cycle,S
IND,5555,32021,60182,22/01/2023,08:45:44,15,1,23.0,,,,2,,1.0,Cycle,S
IND,5555,32021,60182,22/01/2023,08:45:53,15,1,31.0,,,,2,,1.0,Cycle,S
IND,5555,32021,60182,22/01/2023,08:45:54,15,1,29.0,,,,2,,1.0,Cycle,S
IND,5555,32021,60182,22/01/2023,08:45:54,15,1,21.0,,,,2,,1.0,Cycle,S
IND,5555,32021,60182,22/01/2023,08:45:56,15,3,15.0,,,,2,,1.0,Cycle,S
IND,5555,32021,60182,22/01/2023,08:45:56,15,2,15.0,,,,2,,1.0,Cycle,S
IND,5555,32021,60182,22/01/2023,08:45:56,15,3,15.0,,,,2,,1.0,Cycle,S
IND,5555,32021,60182,22/01/2023,08:45:56,15,2,15.0,,,,2,,1.0,Cycle,S
IND,5555,32021,60182,22/01/2023,08:45:58,15,3,15.0,,,,2,,1.0,Cycle,S
IND,5555,32021,60182,22/01/2023,08:45:58,15,2,15.0,,,,2,,1.0,Cycle,S
IND,5555,32021,60182,22/01/2023,08:45:58,15,3,15.0,,,,2,,1.0,Cycle,S
IND,5555,32021,60182,22/01/2023,08:45:58,15,2,15.0,,,,2,,1.0,Cycle,S
IND,5555,32021,60182,22/01/2023,08:46:13,15,1,23.0,,,,2,,1.0,Cycle,S
IND,5555,32021,60182,22/01/2023,08:46:14,15,1,22.0,,,,2,,1.0,Cycle,S
IND,5555,32021,60182,22/01/2023,08:46:15,15,1,20.0,,,,2,,1.0,Cycle,S
IND,5555,32021,60182,22/01/2023,08:46:25,15,1,21.0,,,,2,,1.0,Cycle,S
IND,5555,32021,60182,22/01/2023,08:46:44,15,1,29.0,,,,2,,1.0,Cycle,S
IND,5555,32021,60182,22/01/2023,08:46:44,15,1,27.0,,,,2,,1.0,Cycle,S
IND,5555,32021,60182,22/01/2023,08:46:52,15,1,22.0,,,,2,,1.0,Cycle,S
IND,5555,32021,60182,22/01/2023,08:46:52,15,1,22.0,,,,2,,1.0,Cycle,S
IND,5555,32021,60182,22/01/2023,08:46:54,15,1,22.0,,,,2,,1.0,Cycle,S
IND,5555,32021,60182,22/01/2023,08:47:15,15,1,21.0,,,,2,,1.0,Cycle,S
IND,5555,32021,60182,22/01/2023,08:47:15,15,1,19.0,,,,2,,1.0,Cycle,S
IND,5555,32021,60182,22/01/2023,08:48:13,15,1,30.0,,,,2,,1.0,Cycle,S
IND,5555,32021,60182,22/01/2023,08:48:19,15,1,18.0,,,,2,,1.0,Cycle,S
IND,5555,32021,60182,22/01/2023,08:48:20,15,1,19.0,,,,2,,1.0,Cycle,S
IND,5555,32021,60182,22/01/2023,08:48:20,15,1,20.0,,,,2,,1.0,Cycle,S
IND,5555,32021,60182,22/01/2023,08:48:43,15,1,27.0,,,,2,,1.0,Cycle,S
IND,5555,32021,60182,22/01/2023,08:48:43,15,3,31.0,,,,2,,1.0,Cycle,S
IND,5555,32021,60182,22/01/2023,08:48:44,15,1,25.0,,,,2,,1.0,Cycle,S
IND,5555,32021,60182,22/01/2023,08:48:44,15,3,29.0,,,,2,,1.0,Cycle,S
IND,5555,32021,60182,22/01/2023,08:48:44,15,1,25.0,,,,2,,1.0,Cycle,S
IND,5555,32021,60182,22/01/2023,08:48:45,15,3,29.0,,,,2,,1.0,Cycle,S
IND,5555,32021,60182,22/01/2023,08:48:45,15,2,26.0,,,,2,,1.0,Cycle,S
IND,5555,32021,60182,22/01/2023,08:48:46,15,1,25.0,,,,2,,1.0,Cycle,S
IND,5555,32021,60182,22/01/2023,08:48:46,15,3,27.0,,,,2,,1.0,Cycle,S
IND,5555,32021,60182,22/01/2023,08:49:07,15,1,18.0,,,,2,,1.0,Cycle,S
IND,5555,32021,60182,22/01/2023,08:49:11,15,1,16.0,,,,2,,1.0,Cycle,S
IND,5555,32021,60182,22/01/2023,08:49:45,15,3,28.0,,,,2,,1.0,Cycle,S
IND,5555,32021,60182,22/01/2023,08:49:46,15,1,23.0,,,,2,,1.0,Cycle,S
IND,5555,32021,60182,22/01/2023,08:49:47,15,1,23.0,,,,2,,1.0,Cycle,S
IND,5555,32021,60182,22/01/2023,08:49:54,15,2,20.0,,,,2,,1.0,Cycle,S
IND,5555,32021,60182,22/01/2023,08:50:20,15,1,27.0,,,,2,,1.0,Cycle,S
IND,5555,32021,60182,22/01/2023,08:50:25,15,1,13.0,,,,2,,1.0,Cycle,S
IND,5555,32021,60182,22/01/2023,08:50:26,15,1,19.0,,,,2,,1.0,Cycle,S
IND,5555,32021,60182,22/01/2023,08:50:36,15,1,15.0,,,,2,,1.0,Cycle,S
IND,5555,32021,60182,22/01/2023,08:51:31,15,1,25.0,,,,2,,1.0,Cycle,S
IND,5555,32021,60182,22/01/2023,08:51:31,15,1,20.0,,,,2,,1.0,Cycle,S
IND,5555,32021,60182,22/01/2023,08:51:32,15,1,21.0,,,,2,,1.0,Cycle,S
IND,5555,32021,60182,22/01/2023,08:51:32,15,1,21.0,,,,2,,1.0,Cycle,S
IND,5555,32021,60182,22/01/2023,08:51:48,15,1,25.0,,,,2,,1.0,Cycle,S
IND,5555,32021,60182,22/01/2023,08:52:12,15,1,22.0,,,,2,,1.0,Cycle,S
IND,5555,32021,60182,22/01/2023,08:52:26,15,1,25.0,,,,2,,1.0,Cycle,S
IND,5555,32021,60182,22/01/2023,08:52:26,15,3,26.0,,,,2,,1.0,Cycle,S
IND,5555,32021,60182,22/01/2023,08:52:41,15,1,15.0,,,,2,,1.0,Cycle,S
IND,5555,32021,60182,22/01/2023,08:53:07,15,1,19.0,,,,2,,1.0,Cycle,S
IND,5555,32021,60182,22/01/2023,08:53:08,15,1,20.0,,,,2,,1.0,Cycle,S
IND,5555,32021,60182,22/01/2023,08:53:14,15,1,29.0,,,,2,,1.0,Cycle,S
IND,5555,32021,60182,22/01/2023,08:53:15,15,2,19.0,,,,2,,1.0,Cycle,S
IND,5555,32021,60182,22/01/2023,08:53:16,15,3,25.0,,,,2,,1.0,Cycle,S
IND,5555,32021,60182,22/01/2023,08:53:17,15,2,24.0,,,,2,,1.0,Cycle,S
IND,5555,32021,60182,22/01/2023,08:53:20,15,1,22.0,,,,2,,1.0,Cycle,S
IND,5555,32021,60182,22/01/2023,08:53:50,15,1,24.0,,,,2,,1.0,Cycle,S
IND,5555,32021,60182,22/01/2023,08:53:51,15,1,23.0,,,,2,,1.0,Cycle,S
IND,5555,32021,60182,22/01/2023,08:54:34,15,1,24.0,,,,2,,1.0,Cycle,S
IND,5555,32021,60182,22/01/2023,08:54:39,15,1,25.0,,,,2,,1.0,Cycle,S
IND,5555,32021,60182,22/01/2023,08:54:39,15,1,25.0,,,,2,,1.0,Cycle,S
IND,5555,32021,60182,22/01/2023,08:54:42,15,1,22.0,,,,2,,1.0,Cycle,S
IND,5555,32021,60182,22/01/2023,08:54:42,15,1,21.0,,,,2,,1.0,Cycle,S
IND,5555,32021,60182,22/01/2023,08:55:07,15,2,27.0,,,,2,,1.0,Cycle,S
IND,5555,32021,60182,22/01/2023,08:55:07,15,1,27.0,,,,2,,1.0,Cycle,S
IND,5555,32021,60182,22/01/2023,08:55:08,15,1,27.0,,,,2,,1.0,Cycle,S
IND,5555,32021,60182,22/01/2023,08:55:08,15,2,26.0,,,,2,,1.0,Cycle,S
IND,5555,32021,60182,22/01/2023,08:55:08,15,1,17.0,,,,2,,1.0,Cycle,S
IND,5555,32021,60182,22/01/2023,08:55:08,15,2,27.0,,,,2,,1.0,Cycle,S
IND,5555,32021,60182,22/01/2023,08:55:08,15,1,25.0,,,,2,,1.0,Cycle,S
IND,5555,32021,60182,22/01/2023,08:55:09,15,3,27.0,,,,2,,1.0,Cycle,S
IND,5555,32021,60182,22/01/2023,08:55:09,15,1,15.0,,,,2,,1.0,Cycle,S
IND,5555,32021,60182,22/01/2023,08:55:12,15,2,17.0,,,,2,,1.0,Cycle,S
IND,5555,32021,60182,22/01/2023,08:55:12,15,1,15.0,,,,2,,1.0,Cycle,S
IND,5555,32021,60182,22/01/2023,08:55:12,15,1,14.0,,,,2,,1.0,Cycle,S
IND,5555,32021,60182,22/01/2023,08:55:13,15,2,15.0,,,,2,,1.0,Cycle,S
IND,5555,32021,60182,22/01/2023,08:55:14,15,1,24.0,,,,2,,1.0,Cycle,S
IND,5555,32021,60182,22/01/2023,08:55:16,15,1,18.0,,,,2,,1.0,Cycle,S
IND,5555,32021,60182,22/01/2023,08:55:20,15,1,23.0,,,,2,,1.0,Cycle,S
IND,5555,32021,60182,22/01/2023,08:55:21,15,1,24.0,,,,2,,1.0,Cycle,S
IND,5555,32021,60182,22/01/2023,08:55:51,15,1,22.0,,,,2,,1.0,Cycle,S
IND,5555,32021,60182,22/01/2023,08:55:54,15,1,28.0,,,,2,,1.0,Cycle,S
IND,5555,32021,60182,22/01/2023,08:55:55,15,1,27.0,,,,2,,1.0,Cycle,S
IND,5555,32021,60182,22/01/2023,08:56:05,15,1,24.0,,,,2,,1.0,Cycle,S
IND,5555,32021,60182,22/01/2023,08:56:07,15,1,25.0,,,,2,,1.0,Cycle,S
IND,5555,32021,60182,22/01/2023,08:56:20,15,1,19.0,,,,2,,1.0,Cycle,S
IND,5555,32021,60182,22/01/2023,08:56:27,15,1,24.0,,,,2,,1.0,Cycle,S
IND,5555,32021,60182,22/01/2023,08:56:35,15,1,23.0,,,,2,,1.0,Cycle,S
IND,5555,32021,60182,22/01/2023,08:56:48,15,1,21.0,,,,2,,1.0,Cycle,S
IND,5555,32021,60182,22/01/2023,08:57:10,15,1,20.0,,,,2,,1.0,Cycle,S
IND,5555,32021,60182,22/01/2023,08:57:11,15,1,19.0,,,,2,,1.0,Cycle,S
IND,5555,32021,60182,22/01/2023,08:57:14,15,1,14.0,,,,2,,1.0,Cycle,S
IND,5555,32021,60182,22/01/2023,08:57:47,15,1,26.0,,,,2,,1.0,Cycle,S
IND,5555,32021,60182,22/01/2023,08:57:56,15,2,29.0,,,,2,,1.0,Cycle,S
IND,5555,32021,60182,22/01/2023,08:57:56,15,1,28.0,,,,2,,1.0,Cycle,S
IND,5555,32021,60182,22/01/2023,08:57:58,15,2,25.0,,,,2,,1.0,Cycle,S
IND,5555,32021,60182,22/01/2023,08:57:58,15,1,22.0,,,,2,,1.0,Cycle,S
IND,5555,32021,60182,22/01/2023,08:57:58,15,1,22.0,,,,2,,1.0,Cycle,S
IND,5555,32021,60182,22/01/2023,08:57:58,15,2,26.0,,,,2,,1.0,Cycle,S
IND,5555,32021,60182,22/01/2023,08:57:58,15,1,23.0,,,,2,,1.0,Cycle,S
IND,5555,32021,60182,22/01/2023,08:57:58,15,2,24.0,,,,2,,1.0,Cycle,S
IND,5555,32021,60182,22/01/2023,08:58:02,15,1,28.0,,,,2,,1.0,Cycle,S
IND,5555,32021,60182,22/01/2023,08:58:03,15,1,27.0,,,,2,,1.0,Cycle,S
IND,5555,32021,60182,22/01/2023,08:58:03,15,1,27.0,,,,2,,1.0,Cycle,S
IND,5555,32021,60182,22/01/2023,08:58:06,15,1,21.0,,,,2,,1.0,Cycle,S
IND,5555,32021,60182,22/01/2023,08:58:18,15,1,27.0,,,,2,,1.0,Cycle,S
IND,5555,32021,60182,22/01/2023,08:58:20,15,2,28.0,,,,2,,1.0,Cycle,S
IND,5555,32021,60182,22/01/2023,08:58:32,15,1,25.0,,,,2,,1.0,Cycle,S
IND,5555,32021,60182,22/01/2023,08:58:33,15,1,25.0,,,,2,,1.0,Cycle,S
IND,5555,32021,60182,22/01/2023,08:58:33,15,1,24.0,,,,2,,1.0,Cycle,S
IND,5555,32021,60182,22/01/2023,08:58:54,15,1,11.0,,,,2,,1.0,Cycle,S
IND,5555,32021,60182,22/01/2023,08:59:14,15,1,17.0,,,,2,,1.0,Cycle,S
IND,5555,32021,60182,22/01/2023,08:59:20,15,1,25.0,,,,2,,1.0,Cycle,S
IND,5555,32021,60182,22/01/2023,08:59:22,15,3,22.0,,,,2,,1.0,Cycle,S
IND,5555,32021,60182,22/01/2023,08:59:23,15,1,22.0,,,,2,,1.0,Cycle,S
IND,5555,32021,60182,22/01/2023,08:59:23,15,1,22.0,,,,2,,1.0,Cycle,S
IND,5555,32021,60182,22/01/2023,08:59:39,15,1,24.0,,,,2,,1.0,Cycle,S
IND,5555,32021,60182,22/01/2023,08:59:39,15,1,24.0,,,,2,,1.0,Cycle,S
IND,5555,32021,60182,22/01/2023,08:59:39,15,1,25.0,,,,2,,1.0,Cycle,S
IND,5555,32021,60182,22/01/2023,08:59:39,15,1,25.0,,,,2,,1.0,Cycle,S
IND,5555,32021,60182,22/01/2023,08:59:40,15,1,23.0,,,,2,,1.0,Cycle,S
IND,5555,32021,60182,22/01/2023,08:59:40,15,1,22.0,,,,2,,1.0,Cycle,S
IND,5555,32021,60182,22/01/2023,08:59:43,15,3,23.0,,,,2,,1.0,Cycle,S
IND,5555,32021,60182,22/01/2023,08:59:43,15,1,28.0,,,,2,,1.0,Cycle,S
IND,5555,32021,60182,22/01/2023,08:59:44,15,3,21.0,,,,2,,1.0,Cycle,S
IND,5555,32021,60182,22/01/2023,08:59:45,15,3,20.0,,,,2,,1.0,Cycle,S
IND,5555,32021,60182,22/01/2023,09:00:33,15,1,18.0,,,,2,,1.0,Cycle,S
IND,5555,32021,60182,22/01/2023,09:00:33,15,1,18.0,,,,2,,1.0,Cycle,S
IND,5555,32021,60182,22/01/2023,09:01:00,15,1,26.0,,,,2,,1.0,Cycle,S
IND,5555,32021,60182,22/01/2023,09:01:15,15,1,26.0,,,,2,,1.0,Cycle,S
IND,5555,32021,60182,22/01/2023,09:01:15,15,1,24.0,,,,2,,1.0,Cycle,S
IND,5555,32021,60182,22/01/2023,09:01:17,15,1,24.0,,,,2,,1.0,Cycle,S
IND,5555,32021,60182,22/01/2023,09:01:48,15,1,28.0,,,,2,,1.0,Cycle,S
IND,5555,32021,60182,22/01/2023,09:01:49,15,2,28.0,,,,2,,1.0,Cycle,S
IND,5555,32021,60182,22/01/2023,09:01:55,15,1,28.0,,,,2,,1.0,Cycle,S
IND,5555,32021,60182,22/01/2023,09:02:03,15,1,21.0,,,,2,,1.0,Cycle,S
IND,5555,32021,60182,22/01/2023,09:03:06,15,1,22.0,,,,2,,1.0,Cycle,S
IND,5555,32021,60182,22/01/2023,09:03:07,15,1,23.0,,,,2,,1.0,Cycle,S
IND,5555,32021,60182,22/01/2023,09:03:08,15,2,24.0,,,,2,,1.0,Cycle,S
IND,5555,32021,60182,22/01/2023,09:03:08,15,1,21.0,,,,2,,1.0,Cycle,S
IND,5555,32021,60182,22/01/2023,09:03:11,15,1,26.0,,,,2,,1.0,Cycle,S
IND,5555,32021,60182,22/01/2023,09:03:11,15,1,26.0,,,,2,,1.0,Cycle,S
IND,5555,32021,60182,22/01/2023,09:03:13,15,1,27.0,,,,2,,1.0,Cycle,S
IND,5555,32021,60182,22/01/2023,09:03:30,15,1,24.0,,,,2,,1.0,Cycle,S
IND,5555,32021,60182,22/01/2023,09:03:31,15,1,23.0,,,,2,,1.0,Cycle,S
IND,5555,32021,60182,22/01/2023,09:03:56,15,1,23.0,,,,2,,1.0,Cycle,S
IND,5555,32021,60182,22/01/2023,09:03:56,15,1,23.0,,,,2,,1.0,Cycle,S
IND,5555,32021,60182,22/01/2023,09:03:57,15,1,24.0,,,,2,,1.0,Cycle,S
IND,5555,32021,60182,22/01/2023,09:04:26,15,1,19.0,,,,2,,1.0,Cycle,S
IND,5555,32021,60182,22/01/2023,09:05:00,15,1,27.0,,,,2,,1.0,Cycle,S
IND,5555,32021,60182,22/01/2023,09:05:01,15,1,27.0,,,,2,,1.0,Cycle,S
IND,5555,32021,60182,22/01/2023,09:05:01,15,1,31.0,,,,2,,1.0,Cycle,S
IND,5555,32021,60182,22/01/2023,09:05:02,15,1,29.0,,,,2,,1.0,Cycle,S
IND,5555,32021,60182,22/01/2023,09:05:02,15,1,30.0,,,,2,,1.0,Cycle,S
IND,5555,32021,60182,22/01/2023,09:05:12,15,1,19.0,,,,2,,1.0,Cycle,S
IND,5555,32021,60182,22/01/2023,09:05:14,15,1,17.0,,,,2,,1.0,Cycle,S
IND,5555,32021,60182,22/01/2023,09:05:16,15,3,26.0,,,,2,,1.0,Cycle,S
IND,5555,32021,60182,22/01/2023,09:05:17,15,3,26.0,,,,2,,1.0,Cycle,S
IND,5555,32021,60182,22/01/2023,09:05:18,15,1,22.0,,,,2,,1.0,Cycle,S
IND,5555,32021,60182,22/01/2023,09:05:19,15,1,21.0,,,,2,,1.0,Cycle,S
IND,5555,32021,60182,22/01/2023,09:05:19,15,3,26.0,,,,2,,1.0,Cycle,S
IND,5555,32021,60182,22/01/2023,09:05:19,15,2,24.0,,,,2,,1.0,Cycle,S
IND,5555,32021,60182,22/01/2023,09:05:19,15,3,23.0,,,,2,,1.0,Cycle,S
IND,5555,32021,60182,22/01/2023,09:05:20,15,2,22.0,,,,2,,1.0,Cycle,S
IND,5555,32021,60182,22/01/2023,09:05:20,15,2,23.0,,,,2,,1.0,Cycle,S
IND,5555,32021,60182,22/01/2023,09:05:20,15,1,22.0,,,,2,,1.0,Cycle,S
IND,5555,32021,60182,22/01/2023,09:05:21,15,1,22.0,,,,2,,1.0,Cycle,S
IND,5555,32021,60182,22/01/2023,09:05:22,15,1,22.0,,,,2,,1.0,Cycle,S
IND,5555,32021,60182,22/01/2023,09:05:47,15,1,23.0,,,,2,,1.0,Cycle,S
IND,5555,32021,60182,22/01/2023,09:06:02,15,1,12.0,,,,2,,1.0,Cycle,S
IND,5555,32021,60182,22/01/2023,09:06:10,15,1,19.0,,,,2,,1.0,Cycle,S
IND,5555,32021,60182,22/01/2023,09:06:10,15,1,19.0,,,,2,,1.0,Cycle,S
IND,5555,32021,60182,22/01/2023,09:06:12,15,1,21.0,,,,2,,1.0,Cycle,S
IND,5555,32021,60182,22/01/2023,09:06:13,15,1,17.0,,,,2,,1.0,Cycle,S
IND,5555,32021,60182,22/01/2023,09:06:22,15,1,18.0,,,,2,,1.0,Cycle,S
IND,5555,32021,60182,22/01/2023,09:06:22,15,1,18.0,,,,2,,1.0,Cycle,S
IND,5555,32021,60182,22/01/2023,09:06:22,15,1,18.0,,,,2,,1.0,Cycle,S
IND,5555,32021,60182,22/01/2023,09:06:22,15,1,18.0,,,,2,,1.0,Cycle,S
IND,5555,32021,60182,22/01/2023,09:06:27,15,1,19.0,,,,2,,1.0,Cycle,S
IND,5555,32021,60182,22/01/2023,09:06:28,15,1,18.0,,,,2,,1.0,Cycle,S
IND,5555,32021,60182,22/01/2023,09:06:29,15,1,31.0,,,,2,,1.0,Cycle,S
IND,5555,32021,60182,22/01/2023,09:07:28,15,2,19.0,,,,2,,1.0,Cycle,S
IND,5555,32021,60182,22/01/2023,09:07:29,15,1,27.0,,,,2,,1.0,Cycle,S
IND,5555,32021,60182,22/01/2023,09:07:30,15,1,25.0,,,,2,,1.0,Cycle,S
IND,5555,32021,60182,22/01/2023,09:07:30,15,3,29.0,,,,2,,1.0,Cycle,S
IND,5555,32021,60182,22/01/2023,09:07:30,15,1,19.0,,,,2,,1.0,Cycle,S
IND,5555,32021,60182,22/01/2023,09:07:31,15,2,19.0,,,,2,,1.0,Cycle,S
IND,5555,32021,60182,22/01/2023,09:07:31,15,2,25.0,,,,2,,1.0,Cycle,S
IND,5555,32021,60182,22/01/2023,09:07:42,15,1,28.0,,,,2,,1.0,Cycle,S
IND,5555,32021,60182,22/01/2023,09:07:49,15,1,21.0,,,,2,,1.0,Cycle,S
IND,5555,32021,60182,22/01/2023,09:08:19,15,1,24.0,,,,2,,1.0,Cycle,S
IND,5555,32021,60182,22/01/2023,09:08:53,15,1,19.0,,,,2,,1.0,Cycle,S
IND,5555,32021,60182,22/01/2023,09:08:54,15,1,19.0,,,,2,,1.0,Cycle,S
IND,5555,32021,60182,22/01/2023,09:09:17,15,1,23.0,,,,2,,1.0,Cycle,S
IND,5555,32021,60182,22/01/2023,09:09:48,15,3,25.0,,,,2,,1.0,Cycle,S
IND,5555,32021,60182,22/01/2023,09:09:50,15,1,30.0,,,,2,,1.0,Cycle,S
IND,5555,32021,60182,22/01/2023,09:09:51,15,1,30.0,,,,2,,1.0,Cycle,S
IND,5555,32021,60182,22/01/2023,09:09:51,15,3,27.0,,,,2,,1.0,Cycle,S
IND,5555,32021,60182,22/01/2023,09:09:51,15,2,25.0,,,,2,,1.0,Cycle,S
IND,5555,32021,60182,22/01/2023,09:10:31,15,1,26.0,,,,2,,1.0,Cycle,S
IND,5555,32021,60182,22/01/2023,09:10:31,15,1,24.0,,,,2,,1.0,Cycle,S
IND,5555,32021,60182,22/01/2023,09:10:32,15,1,24.0,,,,2,,1.0,Cycle,S
IND,5555,32021,60182,22/01/2023,09:10:35,15,1,26.0,,,,2,,1.0,Cycle,S
IND,5555,32021,60182,22/01/2023,09:11:07,15,1,17.0,,,,2,,1.0,Cycle,S
IND,5555,32021,60182,22/01/2023,09:11:07,15,1,17.0,,,,2,,1.0,Cycle,S
IND,5555,32021,60182,22/01/2023,09:11:07,15,1,17.0,,,,2,,1.0,Cycle,S
IND,5555,32021,60182,22/01/2023,09:11:07,15,1,17.0,,,,2,,1.0,Cycle,S
IND,5555,32021,60182,22/01/2023,09:11:09,15,1,19.0,,,,2,,1.0,Cycle,S
IND,5555,32021,60182,22/01/2023,09:11:10,15,1,20.0,,,,2,,1.0,Cycle,S
IND,5555,32021,60182,22/01/2023,09:12:16,15,3,27.0,,,,2,,1.0,Cycle,S
IND,5555,32021,60182,22/01/2023,09:12:17,15,1,24.0,,,,2,,1.0,Cycle,S
IND,5555,32021,60182,22/01/2023,09:12:23,15,1,20.0,,,,2,,1.0,Cycle,S
IND,5555,32021,60182,22/01/2023,09:12:30,15,1,26.0,,,,2,,1.0,Cycle,S
IND,5555,32021,60182,22/01/2023,09:12:40,15,1,26.0,,,,2,,1.0,Cycle,S
IND,5555,32021,60182,22/01/2023,09:13:11,15,1,20.0,,,,2,,1.0,Cycle,S
IND,5555,32021,60182,22/01/2023,09:13:40,15,3,34.0,,,,2,,1.0,Cycle,S
IND,5555,32021,60182,22/01/2023,09:13:40,15,3,34.0,,,,2,,1.0,Cycle,S
IND,5555,32021,60182,22/01/2023,09:13:41,15,3,34.0,,,,2,,1.0,Cycle,S
IND,5555,32021,60182,22/01/2023,09:13:41,15,1,32.0,,,,2,,1.0,Cycle,S
IND,5555,32021,60182,22/01/2023,09:13:42,15,1,27.0,,,,2,,1.0,Cycle,S
IND,5555,32021,60182,22/01/2023,09:13:43,15,2,27.0,,,,2,,1.0,Cycle,S
IND,5555,32021,60182,22/01/2023,09:13:48,15,1,19.0,,,,2,,1.0,Cycle,S
IND,5555,32021,60182,22/01/2023,09:13:48,15,1,19.0,,,,2,,1.0,Cycle,S
IND,5555,32021,60182,22/01/2023,09:15:23,15,1,20.0,,,,2,,1.0,Cycle,S
IND,5555,32021,60182,22/01/2023,09:15:35,15,1,18.0,,,,2,,1.0,Cycle,S
IND,5555,32021,60182,22/01/2023,09:15:35,15,1,18.0,,,,2,,1.0,Cycle,S
IND,5555,32021,60182,22/01/2023,09:15:49,15,2,34.0,,,,2,,1.0,Cycle,S
IND,5555,32021,60182,22/01/2023,09:16:14,15,2,29.0,,,,2,,1.0,Cycle,S
IND,5555,32021,60182,22/01/2023,09:16:15,15,1,23.0,,,,2,,1.0,Cycle,S
IND,5555,32021,60182,22/01/2023,09:16:16,15,1,24.0,,,,2,,1.0,Cycle,S
IND,5555,32021,60182,22/01/2023,09:16:16,15,1,22.0,,,,2,,1.0,Cycle,S
IND,5555,32021,60182,22/01/2023,09:16:17,15,1,13.0,,,,2,,1.0,Cycle,S
IND,5555,32021,60182,22/01/2023,09:16:18,15,1,14.0,,,,2,,1.0,Cycle,S
IND,5555,32021,60182,22/01/2023,09:16:41,15,1,21.0,,,,2,,1.0,Cycle,S
IND,5555,32021,60182,22/01/2023,09:16:41,15,1,18.0,,,,2,,1.0,Cycle,S
IND,5555,32021,60182,22/01/2023,09:16:43,15,1,26.0,,,,2,,1.0,Cycle,S
IND,5555,32021,60182,22/01/2023,09:17:17,15,1,21.0,,,,2,,1.0,Cycle,S
IND,5555,32021,60182,22/01/2023,09:17:19,15,2,19.0,,,,2,,1.0,Cycle,S
IND,5555,32021,60182,22/01/2023,09:17:20,15,2,15.0,,,,2,,1.0,Cycle,S
IND,5555,32021,60182,22/01/2023,09:17:20,15,3,14.0,,,,2,,1.0,Cycle,S
IND,5555,32021,60182,22/01/2023,09:17:21,15,2,11.0,,,,2,,1.0,Cycle,S
IND,5555,32021,60182,22/01/2023,09:17:21,15,3,11.0,,,,2,,1.0,Cycle,S
IND,5555,32021,60182,22/01/2023,09:17:24,15,1,18.0,,,,2,,1.0,Cycle,S
IND,5555,32021,60182,22/01/2023,09:17:26,15,2,13.0,,,,2,,1.0,Cycle,S
IND,5555,32021,60182,22/01/2023,09:17:26,15,1,11.0,,,,2,,1.0,Cycle,S
IND,5555,32021,60182,22/01/2023,09:17:27,15,2,19.0,,,,2,,1.0,Cycle,S
IND,5555,32021,60182,22/01/2023,09:17:27,15,1,14.0,,,,2,,1.0,Cycle,S
IND,5555,32021,60182,22/01/2023,09:17:59,15,1,14.0,,,,2,,1.0,Cycle,S
IND,5555,32021,60182,22/01/2023,09:18:15,15,3,27.0,,,,2,,1.0,Cycle,S
IND,5555,32021,60182,22/01/2023,09:19:19,15,1,20.0,,,,2,,1.0,Cycle,S
IND,5555,32021,60182,22/01/2023,09:19:21,15,1,29.0,,,,2,,1.0,Cycle,S
IND,5555,32021,60182,22/01/2023,09:19:23,15,1,30.0,,,,2,,1.0,Cycle,S
IND,5555,32021,60182,22/01/2023,09:19:24,15,1,29.0,,,,2,,1.0,Cycle,S
IND,5555,32021,60182,22/01/2023,09:19:24,15,1,31.0,,,,2,,1.0,Cycle,S
IND,5555,32021,60182,22/01/2023,09:19:28,15,1,26.0,,,,2,,1.0,Cycle,S
IND,5555,32021,60182,22/01/2023,09:19:44,15,1,32.0,,,,2,,1.0,Cycle,S
IND,5555,32021,60182,22/01/2023,09:19:44,15,1,33.0,,,,2,,1.0,Cycle,S
IND,5555,32021,60182,22/01/2023,09:20:09,15,1,25.0,,,,2,,1.0,Cycle,S
IND,5555,32021,60182,22/01/2023,09:20:10,15,1,27.0,,,,2,,1.0,Cycle,S
IND,5555,32021,60182,22/01/2023,09:20:14,15,1,23.0,,,,2,,1.0,Cycle,S
IND,5555,32021,60182,22/01/2023,09:20:15,15,1,18.0,,,,2,,1.0,Cycle,S
IND,5555,32021,60182,22/01/2023,09:20:16,15,1,17.0,,,,2,,1.0,Cycle,S
IND,5555,32021,60182,22/01/2023,09:20:41,15,1,22.0,,,,2,,1.0,Cycle,S
IND,5555,32021,60182,22/01/2023,09:20:54,15,3,16.0,,,,2,,1.0,Cycle,S
IND,5555,32021,60182,22/01/2023,09:20:55,15,2,15.0,,,,2,,1.0,Cycle,S
IND,5555,32021,60182,22/01/2023,09:20:55,15,3,13.0,,,,2,,1.0,Cycle,S
IND,5555,32021,60182,22/01/2023,09:20:57,15,2,12.0,,,,2,,1.0,Cycle,S
IND,5555,32021,60182,22/01/2023,09:20:57,15,3,11.0,,,,2,,1.0,Cycle,S
IND,5555,32021,60182,22/01/2023,09:20:58,15,2,13.0,,,,2,,1.0,Cycle,S
IND,5555,32021,60182,22/01/2023,09:20:58,15,3,12.0,,,,2,,1.0,Cycle,S
IND,5555,32021,60182,22/01/2023,09:21:47,15,1,29.0,,,,2,,1.0,Cycle,S
IND,5555,32021,60182,22/01/2023,09:22:37,15,1,31.0,,,,2,,1.0,Cycle,S
IND,5555,32021,60182,22/01/2023,09:22:38,15,1,31.0,,,,2,,1.0,Cycle,S
IND,5555,32021,60182,22/01/2023,09:22:39,15,3,28.0,,,,2,,1.0,Cycle,S
IND,5555,32021,60182,22/01/2023,09:22:39,15,1,29.0,,,,2,,1.0,Cycle,S
IND,5555,32021,60182,22/01/2023,09:22:39,15,1,29.0,,,,2,,1.0,Cycle,S
IND,5555,32021,60182,22/01/2023,09:22:40,15,1,32.0,,,,2,,1.0,Cycle,S
IND,5555,32021,60182,22/01/2023,09:22:57,15,3,31.0,,,,2,,1.0,Cycle,S
IND,5555,32021,60182,22/01/2023,09:22:58,15,2,29.0,,,,2,,1.0,Cycle,S
IND,5555,32021,60182,22/01/2023,09:23:40,15,1,22.0,,,,2,,1.0,Cycle,S
IND,5555,32021,60182,22/01/2023,09:23:59,15,1,23.0,,,,2,,1.0,Cycle,S
IND,5555,32021,60182,22/01/2023,09:24:00,15,1,23.0,,,,2,,1.0,Cycle,S
IND,5555,32021,60182,22/01/2023,09:24:42,15,2,18.0,,,,2,,1.0,Cycle,S
IND,5555,32021,60182,22/01/2023,09:24:42,15,3,17.0,,,,2,,1.0,Cycle,S
IND,5555,32021,60182,22/01/2023,09:24:43,15,2,14.0,,,,2,,1.0,Cycle,S
IND,5555,32021,60182,22/01/2023,09:24:43,15,3,13.0,,,,2,,1.0,Cycle,S
IND,5555,32021,60182,22/01/2023,09:25:11,15,1,14.0,,,,2,,1.0,Cycle,S
IND,5555,32021,60182,22/01/2023,09:25:24,15,1,18.0,,,,2,,1.0,Cycle,S
IND,5555,32021,60182,22/01/2023,09:25:57,15,1,25.0,,,,2,,1.0,Cycle,S
IND,5555,32021,60182,22/01/2023,09:25:57,15,1,25.0,,,,2,,1.0,Cycle,S
IND,5555,32021,60182,22/01/2023,09:25:58,15,1,23.0,,,,2,,1.0,Cycle,S
IND,5555,32021,60182,22/01/2023,09:25:58,15,1,25.0,,,,2,,1.0,Cycle,S
IND,5555,32021,60182,22/01/2023,09:25:59,15,1,27.0,,,,2,,1.0,Cycle,S
IND,5555,32021,60182,22/01/2023,09:25:59,15,1,27.0,,,,2,,1.0,Cycle,S
IND,5555,32021,60182,22/01/2023,09:26:13,15,1,24.0,,,,2,,1.0,Cycle,S
IND,5555,32021,60182,22/01/2023,09:26:19,15,1,21.0,,,,2,,1.0,Cycle,S
IND,5555,32021,60182,22/01/2023,09:26:29,15,1,21.0,,,,2,,1.0,Cycle,S
IND,5555,32021,60182,22/01/2023,09:26:57,15,1,21.0,,,,2,,1.0,Cycle,S
IND,5555,32021,60182,22/01/2023,09:27:00,15,2,22.0,,,,2,,1.0,Cycle,S
IND,5555,32021,60182,22/01/2023,09:27:42,15,1,23.0,,,,2,,1.0,Cycle,S
IND,5555,32021,60182,22/01/2023,09:27:42,15,1,25.0,,,,2,,1.0,Cycle,S
IND,5555,32021,60182,22/01/2023,09:28:26,15,1,20.0,,,,2,,1.0,Cycle,S
IND,5555,32021,60182,22/01/2023,09:28:27,15,1,19.0,,,,2,,1.0,Cycle,S
IND,5555,32021,60182,22/01/2023,09:28:30,15,1,17.0,,,,2,,1.0,Cycle,S
IND,5555,32021,60182,22/01/2023,09:28:33,15,1,19.0,,,,2,,1.0,Cycle,S
IND,5555,32021,60182,22/01/2023,09:28:35,15,1,18.0,,,,2,,1.0,Cycle,S
IND,5555,32021,60182,22/01/2023,09:28:35,15,1,17.0,,,,2,,1.0,Cycle,S
IND,5555,32021,60182,22/01/2023,09:28:36,15,1,20.0,,,,2,,1.0,Cycle,S
IND,5555,32021,60182,22/01/2023,09:29:52,15,1,26.0,,,,2,,1.0,Cycle,S
IND,5555,32021,60182,22/01/2023,09:29:53,15,1,25.0,,,,2,,1.0,Cycle,S
IND,5555,32021,60182,22/01/2023,09:30:10,15,1,24.0,,,,2,,1.0,Cycle,S
IND,5555,32021,60182,22/01/2023,09:30:14,15,1,20.0,,,,2,,1.0,Cycle,S
IND,5555,32021,60182,22/01/2023,09:30:14,15,1,19.0,,,,2,,1.0,Cycle,S
IND,5555,32021,60182,22/01/2023,09:30:16,15,1,21.0,,,,2,,1.0,Cycle,S
IND,5555,32021,60182,22/01/2023,09:31:31,15,2,25.0,,,,2,,1.0,Cycle,S
IND,5555,32021,60182,22/01/2023,09:31:32,15,1,18.0,,,,2,,1.0,Cycle,S
IND,5555,32021,60182,22/01/2023,09:31:38,15,1,25.0,,,,2,,1.0,Cycle,S
IND,5555,32021,60182,22/01/2023,09:32:23,15,1,25.0,,,,2,,1.0,Cycle,S
IND,5555,32021,60182,22/01/2023,09:32:30,15,1,33.0,,,,2,,1.0,Cycle,S
IND,5555,32021,60182,22/01/2023,09:33:20,15,1,28.0,,,,2,,1.0,Cycle,S
IND,5555,32021,60182,22/01/2023,09:33:22,15,1,20.0,,,,2,,1.0,Cycle,S
IND,5555,32021,60182,22/01/2023,09:33:37,15,1,28.0,,,,2,,1.0,Cycle,S
IND,5555,32021,60182,22/01/2023,09:33:38,15,1,24.0,,,,2,,1.0,Cycle,S
IND,5555,32021,60182,22/01/2023,09:33:39,15,1,27.0,,,,2,,1.0,Cycle,S
IND,5555,32021,60182,22/01/2023,09:33:42,15,1,23.0,,,,2,,1.0,Cycle,S
IND,5555,32021,60182,22/01/2023,09:33:42,15,1,22.0,,,,2,,1.0,Cycle,S
IND,5555,32021,60182,22/01/2023,09:33:43,15,1,19.0,,,,2,,1.0,Cycle,S
IND,5555,32021,60182,22/01/2023,09:33:59,15,1,29.0,,,,2,,1.0,Cycle,S
IND,5555,32021,60182,22/01/2023,09:33:59,15,1,28.0,,,,2,,1.0,Cycle,S
IND,5555,32021,60182,22/01/2023,09:34:00,15,1,27.0,,,,2,,1.0,Cycle,S
IND,5555,32021,60182,22/01/2023,09:34:01,15,3,19.0,,,,2,,1.0,Cycle,S
IND,5555,32021,60182,22/01/2023,09:34:01,15,2,19.0,,,,2,,1.0,Cycle,S
IND,5555,32021,60182,22/01/2023,09:34:08,15,1,22.0,,,,2,,1.0,Cycle,S
IND,5555,32021,60182,22/01/2023,09:34:09,15,1,19.0,,,,2,,1.0,Cycle,S
IND,5555,32021,60182,22/01/2023,09:34:10,15,1,18.0,,,,2,,1.0,Cycle,S
IND,5555,32021,60182,22/01/2023,09:34:24,15,1,23.0,,,,2,,1.0,Cycle,S
IND,5555,32021,60182,22/01/2023,09:35:48,15,1,30.0,,,,2,,1.0,Cycle,S
IND,5555,32021,60182,22/01/2023,09:36:14,15,1,30.0,,,,2,,1.0,Cycle,S
IND,5555,32021,60182,22/01/2023,09:36:48,15,1,23.0,,,,2,,1.0,Cycle,S
IND,5555,32021,60182,22/01/2023,09:37:15,15,1,23.0,,,,2,,1.0,Cycle,S
IND,5555,32021,60182,22/01/2023,09:37:18,15,3,23.0,,,,2,,1.0,Cycle,S
IND,5555,32021,60182,22/01/2023,09:37:21,15,1,29.0,,,,2,,1.0,Cycle,S
IND,5555,32021,60182,22/01/2023,09:37:21,15,1,27.0,,,,2,,1.0,Cycle,S
IND,5555,32021,60182,22/01/2023,09:37:22,15,1,27.0,,,,2,,1.0,Cycle,S
IND,5555,32021,60182,22/01/2023,09:37:24,15,1,20.0,,,,2,,1.0,Cycle,S
IND,5555,32021,60182,22/01/2023,09:37:36,15,1,16.0,,,,2,,1.0,Cycle,S
IND,5555,32021,60182,22/01/2023,09:38:04,15,1,17.0,,,,2,,1.0,Cycle,S
IND,5555,32021,60182,22/01/2023,09:38:05,15,1,16.0,,,,2,,1.0,Cycle,S
IND,5555,32021,60182,22/01/2023,09:38:25,15,1,18.0,,,,2,,1.0,Cycle,S
IND,5555,32021,60182,22/01/2023,09:38:29,15,1,19.0,,,,2,,1.0,Cycle,S
IND,5555,32021,60182,22/01/2023,09:38:33,15,1,19.0,,,,2,,1.0,Cycle,S
IND,5555,32021,60182,22/01/2023,09:38:33,15,1,17.0,,,,2,,1.0,Cycle,S
IND,5555,32021,60182,22/01/2023,09:38:52,15,1,18.0,,,,2,,1.0,Cycle,S
IND,5555,32021,60182,22/01/2023,09:39:08,15,1,24.0,,,,2,,1.0,Cycle,S
IND,5555,32021,60182,22/01/2023,09:39:19,15,1,20.0,,,,2,,1.0,Cycle,S
IND,5555,32021,60182,22/01/2023,09:39:23,15,1,23.0,,,,2,,1.0,Cycle,S
IND,5555,32021,60182,22/01/2023,09:39:25,15,3,10.0,,,,2,,1.0,Cycle,S
IND,5555,32021,60182,22/01/2023,09:39:25,15,2,10.0,,,,2,,1.0,Cycle,S
IND,5555,32021,60182,22/01/2023,09:39:26,15,3,13.0,,,,2,,1.0,Cycle,S
IND,5555,32021,60182,22/01/2023,09:39:26,15,2,13.0,,,,2,,1.0,Cycle,S
IND,5555,32021,60182,22/01/2023,09:39:28,15,1,26.0,,,,2,,1.0,Cycle,S
IND,5555,32021,60182,22/01/2023,09:39:34,15,1,20.0,,,,2,,1.0,Cycle,S
IND,5555,32021,60182,22/01/2023,09:39:34,15,1,20.0,,,,2,,1.0,Cycle,S
IND,5555,32021,60182,22/01/2023,09:40:34,15,1,23.0,,,,2,,1.0,Cycle,S
IND,5555,32021,60182,22/01/2023,09:40:49,15,1,22.0,,,,2,,1.0,Cycle,S
IND,5555,32021,60182,22/01/2023,09:41:13,15,3,24.0,,,,2,,1.0,Cycle,S
IND,5555,32021,60182,22/01/2023,09:41:33,15,1,30.0,,,,2,,1.0,Cycle,S
IND,5555,32021,60182,22/01/2023,09:41:34,15,1,25.0,,,,2,,1.0,Cycle,S
IND,5555,32021,60182,22/01/2023,09:41:35,15,2,27.0,,,,2,,1.0,Cycle,S
IND,5555,32021,60182,22/01/2023,09:41:35,15,1,24.0,,,,2,,1.0,Cycle,S
IND,5555,32021,60182,22/01/2023,09:41:35,15,2,26.0,,,,2,,1.0,Cycle,S
IND,5555,32021,60182,22/01/2023,09:41:36,15,1,26.0,,,,2,,1.0,Cycle,S
IND,5555,32021,60182,22/01/2023,09:41:36,15,2,25.0,,,,2,,1.0,Cycle,S
IND,5555,32021,60182,22/01/2023,09:41:36,15,1,26.0,,,,2,,1.0,Cycle,S
IND,5555,32021,60182,22/01/2023,09:41:37,15,1,25.0,,,,2,,1.0,Cycle,S
IND,5555,32021,60182,22/01/2023,09:41:37,15,1,24.0,,,,2,,1.0,Cycle,S
IND,5555,32021,60182,22/01/2023,09:41:49,15,1,9.0,,,,2,,1.0,Cycle,S
IND,5555,32021,60182,22/01/2023,09:42:11,15,1,25.0,,,,2,,1.0,Cycle,S
IND,5555,32021,60182,22/01/2023,09:42:21,15,1,30.0,,,,2,,1.0,Cycle,S
IND,5555,32021,60182,22/01/2023,09:42:21,15,1,27.0,,,,2,,1.0,Cycle,S
IND,5555,32021,60182,22/01/2023,09:42:35,15,1,19.0,,,,2,,1.0,Cycle,S
IND,5555,32021,60182,22/01/2023,09:42:36,15,1,18.0,,,,2,,1.0,Cycle,S
IND,5555,32021,60182,22/01/2023,09:42:59,15,1,16.0,,,,2,,1.0,Cycle,S
IND,5555,32021,60182,22/01/2023,09:43:49,15,1,26.0,,,,2,,1.0,Cycle,S
IND,5555,32021,60182,22/01/2023,09:44:26,15,1,26.0,,,,2,,1.0,Cycle,S
IND,5555,32021,60182,22/01/2023,09:44:55,15,1,29.0,,,,2,,1.0,Cycle,S
IND,5555,32021,60182,22/01/2023,09:44:55,15,1,29.0,,,,2,,1.0,Cycle,S
IND,5555,32021,60182,22/01/2023,09:45:37,15,1,24.0,,,,2,,1.0,Cycle,S
IND,5555,32021,60182,22/01/2023,09:45:46,15,1,23.0,,,,2,,1.0,Cycle,S
IND,5555,32021,60182,22/01/2023,09:45:46,15,1,24.0,,,,2,,1.0,Cycle,S
IND,5555,32021,60182,22/01/2023,09:45:47,15,1,23.0,,,,2,,1.0,Cycle,S
IND,5555,32021,60182,22/01/2023,09:45:50,15,1,23.0,,,,2,,1.0,Cycle,S
IND,5555,32021,60182,22/01/2023,09:46:02,15,1,13.0,,,,2,,1.0,Cycle,S
IND,5555,32021,60182,22/01/2023,09:46:13,15,1,27.0,,,,2,,1.0,Cycle,S
IND,5555,32021,60182,22/01/2023,09:46:13,15,1,27.0,,,,2,,1.0,Cycle,S
IND,5555,32021,60182,22/01/2023,09:46:45,15,1,21.0,,,,2,,1.0,Cycle,S
IND,5555,32021,60182,22/01/2023,09:47:20,15,2,19.0,,,,2,,1.0,Cycle,S
IND,5555,32021,60182,22/01/2023,09:47:22,15,1,20.0,,,,2,,1.0,Cycle,S
IND,5555,32021,60182,22/01/2023,09:47:23,15,1,19.0,,,,2,,1.0,Cycle,S
IND,5555,32021,60182,22/01/2023,09:47:24,15,1,19.0,,,,2,,1.0,Cycle,S
IND,5555,32021,60182,22/01/2023,09:47:52,15,1,15.0,,,,2,,1.0,Cycle,S
IND,5555,32021,60182,22/01/2023,09:47:56,15,1,26.0,,,,2,,1.0,Cycle,S
IND,5555,32021,60182,22/01/2023,09:48:28,15,1,29.0,,,,2,,1.0,Cycle,S
IND,5555,32021,60182,22/01/2023,09:48:29,15,1,28.0,,,,2,,1.0,Cycle,S
IND,5555,32021,60182,22/01/2023,09:48:57,15,1,20.0,,,,2,,1.0,Cycle,S
IND,5555,32021,60182,22/01/2023,09:48:59,15,1,19.0,,,,2,,1.0,Cycle,S
IND,5555,32021,60182,22/01/2023,09:48:59,15,1,19.0,,,,2,,1.0,Cycle,S
IND,5555,32021,60182,22/01/2023,09:49:17,15,1,20.0,,,,2,,1.0,Cycle,S
IND,5555,32021,60182,22/01/2023,09:49:19,15,1,18.0,,,,2,,1.0,Cycle,S
IND,5555,32021,60182,22/01/2023,09:49:24,15,1,12.0,,,,2,,1.0,Cycle,S
IND,5555,32021,60182,22/01/2023,09:49:33,15,1,25.0,,,,2,,1.0,Cycle,S
IND,5555,32021,60182,22/01/2023,09:49:34,15,1,24.0,,,,2,,1.0,Cycle,S
IND,5555,32021,60182,22/01/2023,09:49:34,15,1,26.0,,,,2,,1.0,Cycle,S
IND,5555,32021,60182,22/01/2023,09:49:35,15,1,25.0,,,,2,,1.0,Cycle,S
IND,5555,32021,60182,22/01/2023,09:49:46,15,1,20.0,,,,2,,1.0,Cycle,S
IND,5555,32021,60182,22/01/2023,09:49:46,15,1,20.0,,,,2,,1.0,Cycle,S
IND,5555,32021,60182,22/01/2023,09:50:46,15,2,31.0,,,,2,,1.0,Cycle,S
IND,5555,32021,60182,22/01/2023,09:51:18,15,1,14.0,,,,2,,1.0,Cycle,S
IND,5555,32021,60182,22/01/2023,09:51:25,15,1,20.0,,,,2,,1.0,Cycle,S
IND,5555,32021,60182,22/01/2023,09:51:26,15,1,20.0,,,,2,,1.0,Cycle,S
IND,5555,32021,60182,22/01/2023,09:51:28,15,3,18.0,,,,2,,1.0,Cycle,S
IND,5555,32021,60182,22/01/2023,09:51:28,15,1,19.0,,,,2,,1.0,Cycle,S
IND,5555,32021,60182,22/01/2023,09:51:28,15,3,9.0,,,,2,,1.0,Cycle,S
IND,5555,32021,60182,22/01/2023,09:51:41,15,1,19.0,,,,2,,1.0,Cycle,S
IND,5555,32021,60182,22/01/2023,09:52:12,15,1,20.0,,,,2,,1.0,Cycle,S
IND,5555,32021,60182,22/01/2023,09:52:13,15,1,20.0,,,,2,,1.0,Cycle,S
IND,5555,32021,60182,22/01/2023,09:52:34,15,1,33.0,,,,2,,1.0,Cycle,S
IND,5555,32021,60182,22/01/2023,09:52:34,15,1,32.0,,,,2,,1.0,Cycle,S
IND,5555,32021,60182,22/01/2023,09:52:35,15,1,33.0,,,,2,,1.0,Cycle,S
IND,5555,32021,60182,22/01/2023,09:52:35,15,2,34.0,,,,2,,1.0,Cycle,S
IND,5555,32021,60182,22/01/2023,09:52:36,15,1,30.0,,,,2,,1.0,Cycle,S
IND,5555,32021,60182,22/01/2023,09:52:36,15,2,32.0,,,,2,,1.0,Cycle,S
IND,5555,32021,60182,22/01/2023,09:52:36,15,1,32.0,,,,2,,1.0,Cycle,S
IND,5555,32021,60182,22/01/2023,09:52:37,15,1,32.0,,,,2,,1.0,Cycle,S
IND,5555,32021,60182,22/01/2023,09:52:39,15,1,33.0,,,,2,,1.0,Cycle,S
IND,5555,32021,60182,22/01/2023,09:52:56,15,1,17.0,,,,2,,1.0,Cycle,S
IND,5555,32021,60182,22/01/2023,09:52:57,15,1,18.0,,,,2,,1.0,Cycle,S
IND,5555,32021,60182,22/01/2023,09:53:19,15,1,23.0,,,,2,,1.0,Cycle,S
IND,5555,32021,60182,22/01/2023,09:53:29,15,1,24.0,,,,2,,1.0,Cycle,S
IND,5555,32021,60182,22/01/2023,09:54:34,15,1,25.0,,,,2,,1.0,Cycle,S
IND,5555,32021,60182,22/01/2023,09:54:35,15,1,24.0,,,,2,,1.0,Cycle,S
IND,5555,32021,60182,22/01/2023,09:54:50,15,1,22.0,,,,2,,1.0,Cycle,S
IND,5555,32021,60182,22/01/2023,09:54:51,15,1,23.0,,,,2,,1.0,Cycle,S
IND,5555,32021,60182,22/01/2023,09:55:09,15,1,23.0,,,,2,,1.0,Cycle,S
IND,5555,32021,60182,22/01/2023,09:55:13,15,2,29.0,,,,2,,1.0,Cycle,S
IND,5555,32021,60182,22/01/2023,09:55:14,15,1,23.0,,,,2,,1.0,Cycle,S
IND,5555,32021,60182,22/01/2023,09:56:19,15,3,19.0,,,,2,,1.0,Cycle,S
IND,5555,32021,60182,22/01/2023,09:56:23,15,1,22.0,,,,2,,1.0,Cycle,S
IND,5555,32021,60182,22/01/2023,09:56:24,15,3,17.0,,,,2,,1.0,Cycle,S
IND,5555,32021,60182,22/01/2023,09:56:25,15,3,17.0,,,,2,,1.0,Cycle,S
IND,5555,32021,60182,22/01/2023,09:56:31,15,1,30.0,,,,2,,1.0,Cycle,S
IND,5555,32021,60182,22/01/2023,09:56:31,15,1,29.0,,,,2,,1.0,Cycle,S
IND,5555,32021,60182,22/01/2023,09:56:31,15,1,29.0,,,,2,,1.0,Cycle,S
IND,5555,32021,60182,22/01/2023,09:56:32,15,1,29.0,,,,2,,1.0,Cycle,S
IND,5555,32021,60182,22/01/2023,09:56:39,15,1,19.0,,,,2,,1.0,Cycle,S
IND,5555,32021,60182,22/01/2023,09:56:39,15,1,19.0,,,,2,,1.0,Cycle,S
IND,5555,32021,60182,22/01/2023,09:56:39,15,1,19.0,,,,2,,1.0,Cycle,S
IND,5555,32021,60182,22/01/2023,09:57:09,15,1,18.0,,,,2,,1.0,Cycle,S
IND,5555,32021,60182,22/01/2023,09:57:10,15,1,20.0,,,,2,,1.0,Cycle,S
IND,5555,32021,60182,22/01/2023,09:57:53,15,1,22.0,,,,2,,1.0,Cycle,S
IND,5555,32021,60182,22/01/2023,09:57:57,15,1,27.0,,,,2,,1.0,Cycle,S
IND,5555,32021,60182,22/01/2023,09:58:27,15,1,25.0,,,,2,,1.0,Cycle,S
IND,5555,32021,60182,22/01/2023,09:58:27,15,1,16.0,,,,2,,1.0,Cycle,S
IND,5555,32021,60182,22/01/2023,09:58:28,15,1,17.0,,,,2,,1.0,Cycle,S
IND,5555,32021,60182,22/01/2023,09:58:31,15,2,15.0,,,,2,,1.0,Cycle,S
IND,5555,32021,60182,22/01/2023,09:58:31,15,3,14.0,,,,2,,1.0,Cycle,S
IND,5555,32021,60182,22/01/2023,09:58:32,15,2,12.0,,,,2,,1.0,Cycle,S
IND,5555,32021,60182,22/01/2023,09:58:32,15,3,11.0,,,,2,,1.0,Cycle,S
IND,5555,32021,60182,22/01/2023,09:58:35,15,2,12.0,,,,2,,1.0,Cycle,S
IND,5555,32021,60182,22/01/2023,09:58:35,15,3,11.0,,,,2,,1.0,Cycle,S
IND,5555,32021,60182,22/01/2023,09:58:35,15,2,11.0,,,,2,,1.0,Cycle,S
IND,5555,32021,60182,22/01/2023,09:58:36,15,3,10.0,,,,2,,1.0,Cycle,S
IND,5555,32021,60182,22/01/2023,09:58:38,15,3,19.0,,,,2,,1.0,Cycle,S
IND,5555,32021,60182,22/01/2023,09:58:39,15,3,17.0,,,,2,,1.0,Cycle,S
IND,5555,32021,60182,22/01/2023,09:58:55,15,1,25.0,,,,2,,1.0,Cycle,S
IND,5555,32021,60182,22/01/2023,09:58:56,15,1,24.0,,,,2,,1.0,Cycle,S
IND,5555,32021,60182,22/01/2023,09:58:57,15,1,24.0,,,,2,,1.0,Cycle,S
IND,5555,32021,60182,22/01/2023,09:59:00,15,1,24.0,,,,2,,1.0,Cycle,S
IND,5555,32021,60182,22/01/2023,09:59:00,15,1,22.0,,,,2,,1.0,Cycle,S
IND,5555,32021,60182,22/01/2023,09:59:12,15,1,27.0,,,,2,,1.0,Cycle,S
IND,5555,32021,60182,22/01/2023,09:59:29,15,1,21.0,,,,2,,1.0,Cycle,S
IND,5555,32021,60182,22/01/2023,09:59:42,15,1,34.0,,,,2,,1.0,Cycle,S
IND,5555,32021,60182,22/01/2023,09:59:43,15,3,19.0,,,,2,,1.0,Cycle,S
IND,5555,32021,60182,22/01/2023,09:59:47,15,1,30.0,,,,2,,1.0,Cycle,S
IND,5555,32021,60182,22/01/2023,10:00:35,15,1,26.0,,,,2,,1.0,Cycle,S
IND,5555,32021,60182,22/01/2023,10:02:12,15,1,18.0,,,,2,,1.0,Cycle,S
IND,5555,32021,60182,22/01/2023,10:02:21,15,1,21.0,,,,2,,1.0,Cycle,S
IND,5555,32021,60182,22/01/2023,10:02:23,15,1,21.0,,,,2,,1.0,Cycle,S
IND,5555,32021,60182,22/01/2023,10:03:12,15,1,23.0,,,,2,,1.0,Cycle,S
IND,5555,32021,60182,22/01/2023,10:03:12,15,1,23.0,,,,2,,1.0,Cycle,S
IND,5555,32021,60182,22/01/2023,10:03:15,15,1,18.0,,,,2,,1.0,Cycle,S
IND,5555,32021,60182,22/01/2023,10:03:34,15,1,23.0,,,,2,,1.0,Cycle,S
IND,5555,32021,60182,22/01/2023,10:03:34,15,1,23.0,,,,2,,1.0,Cycle,S
IND,5555,32021,60182,22/01/2023,10:03:35,15,1,23.0,,,,2,,1.0,Cycle,S
IND,5555,32021,60182,22/01/2023,10:03:35,15,1,25.0,,,,2,,1.0,Cycle,S
IND,5555,32021,60182,22/01/2023,10:03:37,15,1,28.0,,,,2,,1.0,Cycle,S
IND,5555,32021,60182,22/01/2023,10:03:39,15,1,25.0,,,,2,,1.0,Cycle,S
IND,5555,32021,60182,22/01/2023,10:03:39,15,1,25.0,,,,2,,1.0,Cycle,S
IND,5555,32021,60182,22/01/2023,10:04:25,15,1,30.0,,,,2,,1.0,Cycle,S
IND,5555,32021,60182,22/01/2023,10:04:28,15,1,34.0,,,,2,,1.0,Cycle,S
IND,5555,32021,60182,22/01/2023,10:04:40,15,1,22.0,,,,2,,1.0,Cycle,S
IND,5555,32021,60182,22/01/2023,10:04:40,15,1,22.0,,,,2,,1.0,Cycle,S
IND,5555,32021,60182,22/01/2023,10:05:10,15,1,25.0,,,,2,,1.0,Cycle,S
IND,5555,32021,60182,22/01/2023,10:05:11,15,1,28.0,,,,2,,1.0,Cycle,S
IND,5555,32021,60182,22/01/2023,10:05:11,15,1,28.0,,,,2,,1.0,Cycle,S
IND,5555,32021,60182,22/01/2023,10:05:12,15,3,29.0,,,,2,,1.0,Cycle,S
IND,5555,32021,60182,22/01/2023,10:05:15,15,2,18.0,,,,2,,1.0,Cycle,S
IND,5555,32021,60182,22/01/2023,10:05:35,15,1,17.0,,,,2,,1.0,Cycle,S
IND,5555,32021,60182,22/01/2023,10:05:35,15,1,17.0,,,,2,,1.0,Cycle,S
IND,5555,32021,60182,22/01/2023,10:06:10,15,1,17.0,,,,2,,1.0,Cycle,S
IND,5555,32021,60182,22/01/2023,10:06:11,15,1,17.0,,,,2,,1.0,Cycle,S
IND,5555,32021,60182,22/01/2023,10:06:45,15,1,25.0,,,,2,,1.0,Cycle,S
IND,5555,32021,60182,22/01/2023,10:06:45,15,1,25.0,,,,2,,1.0,Cycle,S
IND,5555,32021,60182,22/01/2023,10:07:09,15,1,19.0,,,,2,,1.0,Cycle,S
IND,5555,32021,60182,22/01/2023,10:07:28,15,1,12.0,,,,2,,1.0,Cycle,S
IND,5555,32021,60182,22/01/2023,10:08:18,15,1,24.0,,,,2,,1.0,Cycle,S
IND,5555,32021,60182,22/01/2023,10:08:42,15,1,22.0,,,,2,,1.0,Cycle,S
IND,5555,32021,60182,22/01/2023,10:08:43,15,1,22.0,,,,2,,1.0,Cycle,S
IND,5555,32021,60182,22/01/2023,10:08:55,15,1,22.0,,,,2,,1.0,Cycle,S
IND,5555,32021,60182,22/01/2023,10:09:31,15,1,25.0,,,,2,,1.0,Cycle,S
IND,5555,32021,60182,22/01/2023,10:09:31,15,1,24.0,,,,2,,1.0,Cycle,S
IND,5555,32021,60182,22/01/2023,10:09:42,15,1,30.0,,,,2,,1.0,Cycle,S
IND,5555,32021,60182,22/01/2023,10:09:42,15,1,28.0,,,,2,,1.0,Cycle,S
IND,5555,32021,60182,22/01/2023,10:09:43,15,1,27.0,,,,2,,1.0,Cycle,S
IND,5555,32021,60182,22/01/2023,10:09:43,15,1,24.0,,,,2,,1.0,Cycle,S
IND,5555,32021,60182,22/01/2023,10:09:44,15,1,24.0,,,,2,,1.0,Cycle,S
IND,5555,32021,60182,22/01/2023,10:09:44,15,1,23.0,,,,2,,1.0,Cycle,S
IND,5555,32021,60182,22/01/2023,10:10:33,15,1,14.0,,,,2,,1.0,Cycle,S
IND,5555,32021,60182,22/01/2023,10:10:58,15,1,25.0,,,,2,,1.0,Cycle,S
IND,5555,32021,60182,22/01/2023,10:11:00,15,3,22.0,,,,2,,1.0,Cycle,S
IND,5555,32021,60182,22/01/2023,10:11:00,15,1,23.0,,,,2,,1.0,Cycle,S
IND,5555,32021,60182,22/01/2023,10:11:01,15,1,22.0,,,,2,,1.0,Cycle,S
IND,5555,32021,60182,22/01/2023,10:11:23,15,1,21.0,,,,2,,1.0,Cycle,S
IND,5555,32021,60182,22/01/2023,10:11:28,15,1,18.0,,,,2,,1.0,Cycle,S
IND,5555,32021,60182,22/01/2023,10:11:29,15,1,22.0,,,,2,,1.0,Cycle,S
IND,5555,32021,60182,22/01/2023,10:11:41,15,1,20.0,,,,2,,1.0,Cycle,S
IND,5555,32021,60182,22/01/2023,10:11:42,15,1,20.0,,,,2,,1.0,Cycle,S
IND,5555,32021,60182,22/01/2023,10:12:35,15,1,21.0,,,,2,,1.0,Cycle,S
IND,5555,32021,60182,22/01/2023,10:12:39,15,1,22.0,,,,2,,1.0,Cycle,S
IND,5555,32021,60182,22/01/2023,10:12:49,15,1,23.0,,,,2,,1.0,Cycle,S
IND,5555,32021,60182,22/01/2023,10:12:55,15,1,25.0,,,,2,,1.0,Cycle,S
IND,5555,32021,60182,22/01/2023,10:12:59,15,1,19.0,,,,2,,1.0,Cycle,S
IND,5555,32021,60182,22/01/2023,10:13:25,15,1,25.0,,,,2,,1.0,Cycle,S
IND,5555,32021,60182,22/01/2023,10:13:28,15,1,27.0,,,,2,,1.0,Cycle,S
IND,5555,32021,60182,22/01/2023,10:14:08,15,1,23.0,,,,2,,1.0,Cycle,S
IND,5555,32021,60182,22/01/2023,10:14:10,15,1,14.0,,,,2,,1.0,Cycle,S
IND,5555,32021,60182,22/01/2023,10:14:11,15,1,18.0,,,,2,,1.0,Cycle,S
IND,5555,32021,60182,22/01/2023,10:14:13,15,1,19.0,,,,2,,1.0,Cycle,S
IND,5555,32021,60182,22/01/2023,10:14:19,15,1,18.0,,,,2,,1.0,Cycle,S
IND,5555,32021,60182,22/01/2023,10:14:19,15,2,18.0,,,,2,,1.0,Cycle,S
IND,5555,32021,60182,22/01/2023,10:14:19,15,1,18.0,,,,2,,1.0,Cycle,S
IND,5555,32021,60182,22/01/2023,10:14:24,15,1,24.0,,,,2,,1.0,Cycle,S
IND,5555,32021,60182,22/01/2023,10:14:33,15,1,20.0,,,,2,,1.0,Cycle,S
IND,5555,32021,60182,22/01/2023,10:14:34,15,1,18.0,,,,2,,1.0,Cycle,S
IND,5555,32021,60182,22/01/2023,10:14:35,15,2,19.0,,,,2,,1.0,Cycle,S
IND,5555,32021,60182,22/01/2023,10:14:40,15,1,20.0,,,,2,,1.0,Cycle,S
IND,5555,32021,60182,22/01/2023,10:14:41,15,1,18.0,,,,2,,1.0,Cycle,S
IND,5555,32021,60182,22/01/2023,10:14:47,15,1,21.0,,,,2,,1.0,Cycle,S
IND,5555,32021,60182,22/01/2023,10:14:47,15,1,21.0,,,,2,,1.0,Cycle,S
IND,5555,32021,60182,22/01/2023,10:15:17,15,1,19.0,,,,2,,1.0,Cycle,S
IND,5555,32021,60182,22/01/2023,10:15:18,15,1,22.0,,,,2,,1.0,Cycle,S
IND,5555,32021,60182,22/01/2023,10:15:21,15,1,23.0,,,,2,,1.0,Cycle,S
IND,5555,32021,60182,22/01/2023,10:15:44,15,1,38.0,,,,2,,1.0,Cycle,S
IND,5555,32021,60182,22/01/2023,10:15:47,15,3,19.0,,,,2,,1.0,Cycle,S
IND,5555,32021,60182,22/01/2023,10:15:50,15,3,18.0,,,,2,,1.0,Cycle,S
IND,5555,32021,60182,22/01/2023,10:15:50,15,2,18.0,,,,2,,1.0,Cycle,S
IND,5555,32021,60182,22/01/2023,10:15:50,15,3,16.0,,,,2,,1.0,Cycle,S
IND,5555,32021,60182,22/01/2023,10:15:54,15,2,16.0,,,,2,,1.0,Cycle,S
IND,5555,32021,60182,22/01/2023,10:15:54,15,3,14.0,,,,2,,1.0,Cycle,S
IND,5555,32021,60182,22/01/2023,10:15:55,15,2,16.0,,,,2,,1.0,Cycle,S
IND,5555,32021,60182,22/01/2023,10:15:55,15,3,14.0,,,,2,,1.0,Cycle,S
IND,5555,32021,60182,22/01/2023,10:16:07,15,1,17.0,,,,2,,1.0,Cycle,S
IND,5555,32021,60182,22/01/2023,10:17:30,15,1,22.0,,,,2,,1.0,Cycle,S
IND,5555,32021,60182,22/01/2023,10:17:47,15,1,23.0,,,,2,,1.0,Cycle,S
IND,5555,32021,60182,22/01/2023,10:18:08,15,1,20.0,,,,2,,1.0,Cycle,S
IND,5555,32021,60182,22/01/2023,10:18:09,15,1,16.0,,,,2,,1.0,Cycle,S
IND,5555,32021,60182,22/01/2023,10:18:11,15,1,19.0,,,,2,,1.0,Cycle,S
IND,5555,32021,60182,22/01/2023,10:18:11,15,1,16.0,,,,2,,1.0,Cycle,S
IND,5555,32021,60182,22/01/2023,10:18:12,15,1,21.0,,,,2,,1.0,Cycle,S
IND,5555,32021,60182,22/01/2023,10:18:13,15,1,15.0,,,,2,,1.0,Cycle,S
IND,5555,32021,60182,22/01/2023,10:18:15,15,3,19.0,,,,2,,1.0,Cycle,S
IND,5555,32021,60182,22/01/2023,10:19:05,15,1,25.0,,,,2,,1.0,Cycle,S
IND,5555,32021,60182,22/01/2023,10:19:17,15,1,18.0,,,,2,,1.0,Cycle,S
IND,5555,32021,60182,22/01/2023,10:19:22,15,1,19.0,,,,2,,1.0,Cycle,S
IND,5555,32021,60182,22/01/2023,10:19:25,15,1,16.0,,,,2,,1.0,Cycle,S
IND,5555,32021,60182,22/01/2023,10:19:26,15,1,15.0,,,,2,,1.0,Cycle,S
IND,5555,32021,60182,22/01/2023,10:19:33,15,2,31.0,,,,2,,1.0,Cycle,S
IND,5555,32021,60182,22/01/2023,10:19:33,15,1,16.0,,,,2,,1.0,Cycle,S
IND,5555,32021,60182,22/01/2023,10:19:34,15,1,16.0,,,,2,,1.0,Cycle,S
IND,5555,32021,60182,22/01/2023,10:19:38,15,1,23.0,,,,2,,1.0,Cycle,S
IND,5555,32021,60182,22/01/2023,10:19:42,15,1,19.0,,,,2,,1.0,Cycle,S
IND,5555,32021,60182,22/01/2023,10:19:50,15,2,18.0,,,,2,,1.0,Cycle,S
IND,5555,32021,60182,22/01/2023,10:19:50,15,3,16.0,,,,2,,1.0,Cycle,S
IND,5555,32021,60182,22/01/2023,10:19:51,15,2,13.0,,,,2,,1.0,Cycle,S
IND,5555,32021,60182,22/01/2023,10:19:51,15,3,12.0,,,,2,,1.0,Cycle,S
IND,5555,32021,60182,22/01/2023,10:20:00,15,1,22.0,,,,2,,1.0,Cycle,S
IND,5555,32021,60182,22/01/2023,10:20:19,15,1,20.0,,,,2,,1.0,Cycle,S
IND,5555,32021,60182,22/01/2023,10:20:19,15,1,19.0,,,,2,,1.0,Cycle,S
IND,5555,32021,60182,22/01/2023,10:20:20,15,1,19.0,,,,2,,1.0,Cycle,S
IND,5555,32021,60182,22/01/2023,10:20:44,15,1,25.0,,,,2,,1.0,Cycle,S
IND,5555,32021,60182,22/01/2023,10:20:44,15,1,26.0,,,,2,,1.0,Cycle,S
IND,5555,32021,60182,22/01/2023,10:20:46,15,1,26.0,,,,2,,1.0,Cycle,S
IND,5555,32021,60182,22/01/2023,10:20:46,15,1,26.0,,,,2,,1.0,Cycle,S
IND,5555,32021,60182,22/01/2023,10:21:29,15,1,23.0,,,,2,,1.0,Cycle,S
IND,5555,32021,60182,22/01/2023,10:21:42,15,1,19.0,,,,2,,1.0,Cycle,S
IND,5555,32021,60182,22/01/2023,10:21:48,15,1,26.0,,,,2,,1.0,Cycle,S
IND,5555,32021,60182,22/01/2023,10:23:45,15,1,18.0,,,,2,,1.0,Cycle,S
IND,5555,32021,60182,22/01/2023,10:24:10,15,1,16.0,,,,2,,1.0,Cycle,S
IND,5555,32021,60182,22/01/2023,10:24:21,15,1,22.0,,,,2,,1.0,Cycle,S
IND,5555,32021,60182,22/01/2023,10:24:32,15,1,14.0,,,,2,,1.0,Cycle,S
IND,5555,32021,60182,22/01/2023,10:24:43,15,1,22.0,,,,2,,1.0,Cycle,S
IND,5555,32021,60182,22/01/2023,10:26:17,15,1,17.0,,,,2,,1.0,Cycle,S
IND,5555,32021,60182,22/01/2023,10:26:18,15,2,27.0,,,,2,,1.0,Cycle,S
IND,5555,32021,60182,22/01/2023,10:26:40,15,1,16.0,,,,2,,1.0,Cycle,S
IND,5555,32021,60182,22/01/2023,10:26:41,15,1,15.0,,,,2,,1.0,Cycle,S
IND,5555,32021,60182,22/01/2023,10:26:44,15,1,18.0,,,,2,,1.0,Cycle,S
IND,5555,32021,60182,22/01/2023,10:26:47,15,1,22.0,,,,2,,1.0,Cycle,S
IND,5555,32021,60182,22/01/2023,10:27:17,15,1,25.0,,,,2,,1.0,Cycle,S
IND,5555,32021,60182,22/01/2023,10:28:43,15,1,23.0,,,,2,,1.0,Cycle,S
IND,5555,32021,60182,22/01/2023,10:29:30,15,1,25.0,,,,2,,1.0,Cycle,S
IND,5555,32021,60182,22/01/2023,10:29:41,15,1,25.0,,,,2,,1.0,Cycle,S
IND,5555,32021,60182,22/01/2023,10:30:22,15,1,23.0,,,,2,,1.0,Cycle,S
IND,5555,32021,60182,22/01/2023,10:31:23,15,1,19.0,,,,2,,1.0,Cycle,S
IND,5555,32021,60182,22/01/2023,10:31:26,15,1,18.0,,,,2,,1.0,Cycle,S
IND,5555,32021,60182,22/01/2023,10:31:33,15,1,19.0,,,,2,,1.0,Cycle,S
IND,5555,32021,60182,22/01/2023,10:31:33,15,2,18.0,,,,2,,1.0,Cycle,S
IND,5555,32021,60182,22/01/2023,10:31:34,15,1,18.0,,,,2,,1.0,Cycle,S
IND,5555,32021,60182,22/01/2023,10:31:37,15,2,19.0,,,,2,,1.0,Cycle,S
IND,5555,32021,60182,22/01/2023,10:31:37,15,1,18.0,,,,2,,1.0,Cycle,S
IND,5555,32021,60182,22/01/2023,10:31:37,15,2,19.0,,,,2,,1.0,Cycle,S
IND,5555,32021,60182,22/01/2023,10:31:37,15,1,18.0,,,,2,,1.0,Cycle,S
IND,5555,32021,60182,22/01/2023,10:31:42,15,1,21.0,,,,2,,1.0,Cycle,S
IND,5555,32021,60182,22/01/2023,10:31:45,15,1,16.0,,,,2,,1.0,Cycle,S
IND,5555,32021,60182,22/01/2023,10:32:18,15,1,18.0,,,,2,,1.0,Cycle,S
IND,5555,32021,60182,22/01/2023,10:32:19,15,1,18.0,,,,2,,1.0,Cycle,S
IND,5555,32021,60182,22/01/2023,10:32:19,15,1,18.0,,,,2,,1.0,Cycle,S
IND,5555,32021,60182,22/01/2023,10:32:37,15,1,23.0,,,,2,,1.0,Cycle,S
IND,5555,32021,60182,22/01/2023,10:32:45,15,1,24.0,,,,2,,1.0,Cycle,S
IND,5555,32021,60182,22/01/2023,10:33:18,15,1,27.0,,,,2,,1.0,Cycle,S
IND,5555,32021,60182,22/01/2023,10:33:43,15,1,21.0,,,,2,,1.0,Cycle,S
IND,5555,32021,60182,22/01/2023,10:33:49,15,1,26.0,,,,2,,1.0,Cycle,S
IND,5555,32021,60182,22/01/2023,10:33:58,15,3,19.0,,,,2,,1.0,Cycle,S
IND,5555,32021,60182,22/01/2023,10:33:59,15,2,19.0,,,,2,,1.0,Cycle,S
IND,5555,32021,60182,22/01/2023,10:33:59,15,3,17.0,,,,2,,1.0,Cycle,S
IND,5555,32021,60182,22/01/2023,10:34:05,15,3,18.0,,,,2,,1.0,Cycle,S
IND,5555,32021,60182,22/01/2023,10:34:05,15,2,19.0,,,,2,,1.0,Cycle,S
IND,5555,32021,60182,22/01/2023,10:34:06,15,3,18.0,,,,2,,1.0,Cycle,S
IND,5555,32021,60182,22/01/2023,10:34:06,15,2,18.0,,,,2,,1.0,Cycle,S
IND,5555,32021,60182,22/01/2023,10:34:28,15,1,24.0,,,,2,,1.0,Cycle,S
IND,5555,32021,60182,22/01/2023,10:34:34,15,1,29.0,,,,2,,1.0,Cycle,S
IND,5555,32021,60182,22/01/2023,10:34:38,15,2,18.0,,,,2,,1.0,Cycle,S
IND,5555,32021,60182,22/01/2023,10:34:40,15,1,21.0,,,,2,,1.0,Cycle,S
IND,5555,32021,60182,22/01/2023,10:34:40,15,2,17.0,,,,2,,1.0,Cycle,S
IND,5555,32021,60182,22/01/2023,10:34:40,15,3,15.0,,,,2,,1.0,Cycle,S
IND,5555,32021,60182,22/01/2023,10:34:41,15,2,16.0,,,,2,,1.0,Cycle,S
IND,5555,32021,60182,22/01/2023,10:34:41,15,3,14.0,,,,2,,1.0,Cycle,S
IND,5555,32021,60182,22/01/2023,10:34:44,15,2,10.0,,,,2,,1.0,Cycle,S
IND,5555,32021,60182,22/01/2023,10:34:44,15,3,9.0,,,,2,,1.0,Cycle,S
IND,5555,32021,60182,22/01/2023,10:35:05,15,1,18.0,,,,2,,1.0,Cycle,S
IND,5555,32021,60182,22/01/2023,10:35:06,15,1,18.0,,,,2,,1.0,Cycle,S
IND,5555,32021,60182,22/01/2023,10:35:13,15,1,19.0,,,,2,,1.0,Cycle,S
IND,5555,32021,60182,22/01/2023,10:35:22,15,1,13.0,,,,2,,1.0,Cycle,S
IND,5555,32021,60182,22/01/2023,10:35:24,15,1,13.0,,,,2,,1.0,Cycle,S
IND,5555,32021,60182,22/01/2023,10:35:47,15,1,22.0,,,,2,,1.0,Cycle,S
IND,5555,32021,60182,22/01/2023,10:35:47,15,1,22.0,,,,2,,1.0,Cycle,S
IND,5555,32021,60182,22/01/2023,10:36:44,15,1,23.0,,,,2,,1.0,Cycle,S
IND,5555,32021,60182,22/01/2023,10:36:44,15,1,23.0,,,,2,,1.0,Cycle,S
IND,5555,32021,60182,22/01/2023,10:37:12,15,1,23.0,,,,2,,1.0,Cycle,S
IND,5555,32021,60182,22/01/2023,10:38:45,15,3,18.0,,,,2,,1.0,Cycle,S
IND,5555,32021,60182,22/01/2023,10:38:48,15,2,15.0,,,,2,,1.0,Cycle,S
IND,5555,32021,60182,22/01/2023,10:38:48,15,3,14.0,,,,2,,1.0,Cycle,S
IND,5555,32021,60182,22/01/2023,10:38:48,15,3,14.0,,,,2,,1.0,Cycle,S
IND,5555,32021,60182,22/01/2023,10:38:49,15,2,15.0,,,,2,,1.0,Cycle,S
IND,5555,32021,60182,22/01/2023,10:39:43,15,1,20.0,,,,2,,1.0,Cycle,S
IND,5555,32021,60182,22/01/2023,10:40:32,15,1,18.0,,,,2,,1.0,Cycle,S
IND,5555,32021,60182,22/01/2023,10:40:36,15,1,32.0,,,,2,,1.0,Cycle,S
IND,5555,32021,60182,22/01/2023,10:40:36,15,1,32.0,,,,2,,1.0,Cycle,S
IND,5555,32021,60182,22/01/2023,10:40:37,15,1,32.0,,,,2,,1.0,Cycle,S
IND,5555,32021,60182,22/01/2023,10:40:38,15,1,33.0,,,,2,,1.0,Cycle,S
IND,5555,32021,60182,22/01/2023,10:40:48,15,3,16.0,,,,2,,1.0,Cycle,S
IND,5555,32021,60182,22/01/2023,10:40:50,15,2,13.0,,,,2,,1.0,Cycle,S
IND,5555,32021,60182,22/01/2023,10:40:51,15,3,11.0,,,,2,,1.0,Cycle,S
IND,5555,32021,60182,22/01/2023,10:40:58,15,2,11.0,,,,2,,1.0,Cycle,S
IND,5555,32021,60182,22/01/2023,10:40:58,15,3,10.0,,,,2,,1.0,Cycle,S
IND,5555,32021,60182,22/01/2023,10:41:36,15,1,18.0,,,,2,,1.0,Cycle,S
IND,5555,32021,60182,22/01/2023,10:41:37,15,1,18.0,,,,2,,1.0,Cycle,S
IND,5555,32021,60182,22/01/2023,10:41:39,15,1,17.0,,,,2,,1.0,Cycle,S
IND,5555,32021,60182,22/01/2023,10:42:26,15,1,25.0,,,,2,,1.0,Cycle,S
IND,5555,32021,60182,22/01/2023,10:43:41,15,1,21.0,,,,2,,1.0,Cycle,S
IND,5555,32021,60182,22/01/2023,10:43:56,15,3,19.0,,,,2,,1.0,Cycle,S
IND,5555,32021,60182,22/01/2023,10:43:57,15,3,16.0,,,,2,,1.0,Cycle,S
IND,5555,32021,60182,22/01/2023,10:44:01,15,3,19.0,,,,2,,1.0,Cycle,S
IND,5555,32021,60182,22/01/2023,10:44:02,15,3,18.0,,,,2,,1.0,Cycle,S
IND,5555,32021,60182,22/01/2023,10:44:05,15,1,18.0,,,,2,,1.0,Cycle,S
IND,5555,32021,60182,22/01/2023,10:44:27,15,1,25.0,,,,2,,1.0,Cycle,S
IND,5555,32021,60182,22/01/2023,10:45:08,15,2,28.0,,,,2,,1.0,Cycle,S
IND,5555,32021,60182,22/01/2023,10:47:23,15,3,18.0,,,,2,,1.0,Cycle,S
IND,5555,32021,60182,22/01/2023,10:47:24,15,3,18.0,,,,2,,1.0,Cycle,S
IND,5555,32021,60182,22/01/2023,10:47:26,15,3,19.0,,,,2,,1.0,Cycle,S
IND,5555,32021,60182,22/01/2023,10:47:28,15,3,19.0,,,,2,,1.0,Cycle,S
IND,5555,32021,60182,22/01/2023,10:47:29,15,3,19.0,,,,2,,1.0,Cycle,S
IND,5555,32021,60182,22/01/2023,10:47:30,15,3,19.0,,,,2,,1.0,Cycle,S
IND,5555,32021,60182,22/01/2023,10:47:31,15,3,19.0,,,,2,,1.0,Cycle,S
IND,5555,32021,60182,22/01/2023,10:47:39,15,1,11.0,,,,2,,1.0,Cycle,S
IND,5555,32021,60182,22/01/2023,10:47:55,15,1,25.0,,,,2,,1.0,Cycle,S
IND,5555,32021,60182,22/01/2023,10:48:04,15,1,25.0,,,,2,,1.0,Cycle,S
IND,5555,32021,60182,22/01/2023,10:48:42,15,1,28.0,,,,2,,1.0,Cycle,S
IND,5555,32021,60182,22/01/2023,10:49:19,15,1,17.0,,,,2,,1.0,Cycle,S
IND,5555,32021,60182,22/01/2023,10:49:19,15,1,17.0,,,,2,,1.0,Cycle,S
IND,5555,32021,60182,22/01/2023,10:49:19,15,1,15.0,,,,2,,1.0,Cycle,S
IND,5555,32021,60182,22/01/2023,10:49:22,15,3,19.0,,,,2,,1.0,Cycle,S
IND,5555,32021,60182,22/01/2023,10:49:41,15,1,26.0,,,,2,,1.0,Cycle,S
IND,5555,32021,60182,22/01/2023,10:50:51,15,1,21.0,,,,2,,1.0,Cycle,S
IND,5555,32021,60182,22/01/2023,10:50:52,15,1,19.0,,,,2,,1.0,Cycle,S
IND,5555,32021,60182,22/01/2023,10:51:00,15,1,27.0,,,,2,,1.0,Cycle,S
IND,5555,32021,60182,22/01/2023,10:51:01,15,1,28.0,,,,2,,1.0,Cycle,S
IND,5555,32021,60182,22/01/2023,10:51:03,15,1,29.0,,,,2,,1.0,Cycle,S
IND,5555,32021,60182,22/01/2023,10:51:04,15,1,31.0,,,,2,,1.0,Cycle,S
IND,5555,32021,60182,22/01/2023,10:52:23,15,1,20.0,,,,2,,1.0,Cycle,S
IND,5555,32021,60182,22/01/2023,10:52:24,15,1,18.0,,,,2,,1.0,Cycle,S
IND,5555,32021,60182,22/01/2023,10:52:34,15,1,18.0,,,,2,,1.0,Cycle,S
IND,5555,32021,60182,22/01/2023,10:52:41,15,1,23.0,,,,2,,1.0,Cycle,S
IND,5555,32021,60182,22/01/2023,10:54:12,15,1,24.0,,,,2,,1.0,Cycle,S
IND,5555,32021,60182,22/01/2023,10:54:16,15,3,24.0,,,,2,,1.0,Cycle,S
IND,5555,32021,60182,22/01/2023,10:54:16,15,2,25.0,,,,2,,1.0,Cycle,S
IND,5555,32021,60182,22/01/2023,10:54:20,15,2,19.0,,,,2,,1.0,Cycle,S
IND,5555,32021,60182,22/01/2023,10:54:20,15,3,18.0,,,,2,,1.0,Cycle,S
IND,5555,32021,60182,22/01/2023,10:54:20,15,2,18.0,,,,2,,1.0,Cycle,S
IND,5555,32021,60182,22/01/2023,10:54:20,15,3,17.0,,,,2,,1.0,Cycle,S
IND,5555,32021,60182,22/01/2023,10:54:30,15,1,16.0,,,,2,,1.0,Cycle,S
IND,5555,32021,60182,22/01/2023,10:54:36,15,1,21.0,,,,2,,1.0,Cycle,S
IND,5555,32021,60182,22/01/2023,10:54:38,15,1,23.0,,,,2,,1.0,Cycle,S
IND,5555,32021,60182,22/01/2023,10:55:07,15,1,21.0,,,,2,,1.0,Cycle,S
IND,5555,32021,60182,22/01/2023,10:55:15,15,3,18.0,,,,2,,1.0,Cycle,S
IND,5555,32021,60182,22/01/2023,10:55:16,15,2,17.0,,,,2,,1.0,Cycle,S
IND,5555,32021,60182,22/01/2023,10:55:16,15,3,15.0,,,,2,,1.0,Cycle,S
IND,5555,32021,60182,22/01/2023,10:55:18,15,2,18.0,,,,2,,1.0,Cycle,S
IND,5555,32021,60182,22/01/2023,10:55:18,15,3,16.0,,,,2,,1.0,Cycle,S
IND,5555,32021,60182,22/01/2023,10:55:19,15,2,14.0,,,,2,,1.0,Cycle,S
IND,5555,32021,60182,22/01/2023,10:55:19,15,3,13.0,,,,2,,1.0,Cycle,S
IND,5555,32021,60182,22/01/2023,10:55:27,15,1,25.0,,,,2,,1.0,Cycle,S
IND,5555,32021,60182,22/01/2023,10:55:28,15,1,23.0,,,,2,,1.0,Cycle,S
IND,5555,32021,60182,22/01/2023,10:55:28,15,3,18.0,,,,2,,1.0,Cycle,S
IND,5555,32021,60182,22/01/2023,10:55:28,15,2,19.0,,,,2,,1.0,Cycle,S
IND,5555,32021,60182,22/01/2023,10:55:28,15,3,18.0,,,,2,,1.0,Cycle,S
IND,5555,32021,60182,22/01/2023,10:55:43,15,1,25.0,,,,2,,1.0,Cycle,S
IND,5555,32021,60182,22/01/2023,10:56:12,15,1,18.0,,,,2,,1.0,Cycle,S
IND,5555,32021,60182,22/01/2023,10:57:00,15,1,23.0,,,,2,,1.0,Cycle,S
IND,5555,32021,60182,22/01/2023,10:57:00,15,1,22.0,,,,2,,1.0,Cycle,S
IND,5555,32021,60182,22/01/2023,10:57:01,15,1,22.0,,,,2,,1.0,Cycle,S
IND,5555,32021,60182,22/01/2023,10:57:07,15,1,26.0,,,,2,,1.0,Cycle,S
IND,5555,32021,60182,22/01/2023,10:57:41,15,1,24.0,,,,2,,1.0,Cycle,S
IND,5555,32021,60182,22/01/2023,10:58:36,15,1,21.0,,,,2,,1.0,Cycle,S
IND,5555,32021,60182,22/01/2023,10:58:38,15,1,22.0,,,,2,,1.0,Cycle,S
IND,5555,32021,60182,22/01/2023,10:58:39,15,1,22.0,,,,2,,1.0,Cycle,S
IND,5555,32021,60182,22/01/2023,10:59:07,15,1,22.0,,,,2,,1.0,Cycle,S
IND,5555,32021,60182,22/01/2023,10:59:39,15,1,26.0,,,,2,,1.0,Cycle,S
IND,5555,32021,60182,22/01/2023,10:59:56,15,1,25.0,,,,2,,1.0,Cycle,S
IND,5555,32021,60182,22/01/2023,10:59:56,15,2,25.0,,,,2,,1.0,Cycle,S
IND,5555,32021,60182,22/01/2023,11:00:34,15,3,18.0,,,,2,,1.0,Cycle,S
IND,5555,32021,60182,22/01/2023,11:00:34,15,2,18.0,,,,2,,1.0,Cycle,S
IND,5555,32021,60182,22/01/2023,11:00:34,15,3,17.0,,,,2,,1.0,Cycle,S
IND,5555,32021,60182,22/01/2023,11:00:36,15,2,11.0,,,,2,,1.0,Cycle,S
IND,5555,32021,60182,22/01/2023,11:00:36,15,3,10.0,,,,2,,1.0,Cycle,S
IND,5555,32021,60182,22/01/2023,11:00:42,15,1,29.0,,,,2,,1.0,Cycle,S
IND,5555,32021,60182,22/01/2023,11:00:46,15,1,22.0,,,,2,,1.0,Cycle,S
IND,5555,32021,60182,22/01/2023,11:00:46,15,1,22.0,,,,2,,1.0,Cycle,S
IND,5555,32021,60182,22/01/2023,11:00:51,15,1,27.0,,,,2,,1.0,Cycle,S
IND,5555,32021,60182,22/01/2023,11:01:24,15,1,26.0,,,,2,,1.0,Cycle,S
IND,5555,32021,60182,22/01/2023,11:02:16,15,1,23.0,,,,2,,1.0,Cycle,S
IND,5555,32021,60182,22/01/2023,11:02:46,15,1,29.0,,,,2,,1.0,Cycle,S
IND,5555,32021,60182,22/01/2023,11:03:13,15,1,13.0,,,,2,,1.0,Cycle,S
IND,5555,32021,60182,22/01/2023,11:03:14,15,2,19.0,,,,2,,1.0,Cycle,S
IND,5555,32021,60182,22/01/2023,11:03:14,15,3,17.0,,,,2,,1.0,Cycle,S
IND,5555,32021,60182,22/01/2023,11:03:15,15,2,19.0,,,,2,,1.0,Cycle,S
IND,5555,32021,60182,22/01/2023,11:03:15,15,3,16.0,,,,2,,1.0,Cycle,S
IND,5555,32021,60182,22/01/2023,11:03:18,15,2,17.0,,,,2,,1.0,Cycle,S
IND,5555,32021,60182,22/01/2023,11:03:18,15,1,15.0,,,,2,,1.0,Cycle,S
IND,5555,32021,60182,22/01/2023,11:03:19,15,1,17.0,,,,2,,1.0,Cycle,S
IND,5555,32021,60182,22/01/2023,11:03:51,15,1,27.0,,,,2,,1.0,Cycle,S
IND,5555,32021,60182,22/01/2023,11:04:01,15,2,19.0,,,,2,,1.0,Cycle,S
IND,5555,32021,60182,22/01/2023,11:04:01,15,3,17.0,,,,2,,1.0,Cycle,S
IND,5555,32021,60182,22/01/2023,11:04:01,15,2,16.0,,,,2,,1.0,Cycle,S
IND,5555,32021,60182,22/01/2023,11:04:01,15,3,15.0,,,,2,,1.0,Cycle,S
IND,5555,32021,60182,22/01/2023,11:04:07,15,2,19.0,,,,2,,1.0,Cycle,S
IND,5555,32021,60182,22/01/2023,11:04:07,15,3,17.0,,,,2,,1.0,Cycle,S
IND,5555,32021,60182,22/01/2023,11:04:08,15,2,18.0,,,,2,,1.0,Cycle,S
IND,5555,32021,60182,22/01/2023,11:04:08,15,3,16.0,,,,2,,1.0,Cycle,S
IND,5555,32021,60182,22/01/2023,11:05:24,15,1,20.0,,,,2,,1.0,Cycle,S
IND,5555,32021,60182,22/01/2023,11:05:24,15,3,10.0,,,,2,,1.0,Cycle,S
IND,5555,32021,60182,22/01/2023,11:05:25,15,2,9.0,,,,2,,1.0,Cycle,S
IND,5555,32021,60182,22/01/2023,11:05:25,15,3,10.0,,,,2,,1.0,Cycle,S
IND,5555,32021,60182,22/01/2023,11:05:25,15,2,10.0,,,,2,,1.0,Cycle,S
IND,5555,32021,60182,22/01/2023,11:05:44,15,1,29.0,,,,2,,1.0,Cycle,S
IND,5555,32021,60182,22/01/2023,11:05:45,15,1,29.0,,,,2,,1.0,Cycle,S
IND,5555,32021,60182,22/01/2023,11:05:45,15,1,26.0,,,,2,,1.0,Cycle,S
IND,5555,32021,60182,22/01/2023,11:05:45,15,1,27.0,,,,2,,1.0,Cycle,S
IND,5555,32021,60182,22/01/2023,11:05:46,15,1,26.0,,,,2,,1.0,Cycle,S
IND,5555,32021,60182,22/01/2023,11:06:36,15,1,26.0,,,,2,,1.0,Cycle,S
IND,5555,32021,60182,22/01/2023,11:07:42,15,2,19.0,,,,2,,1.0,Cycle,S
IND,5555,32021,60182,22/01/2023,11:07:43,15,1,19.0,,,,2,,1.0,Cycle,S
IND,5555,32021,60182,22/01/2023,11:07:57,15,1,29.0,,,,2,,1.0,Cycle,S
IND,5555,32021,60182,22/01/2023,11:08:05,15,1,25.0,,,,2,,1.0,Cycle,S
IND,5555,32021,60182,22/01/2023,11:08:15,15,1,28.0,,,,2,,1.0,Cycle,S
IND,5555,32021,60182,22/01/2023,11:09:16,15,1,18.0,,,,2,,1.0,Cycle,S
IND,5555,32021,60182,22/01/2023,11:09:17,15,1,18.0,,,,2,,1.0,Cycle,S
IND,5555,32021,60182,22/01/2023,11:10:10,15,1,17.0,,,,2,,1.0,Cycle,S
IND,5555,32021,60182,22/01/2023,11:10:12,15,1,19.0,,,,2,,1.0,Cycle,S
IND,5555,32021,60182,22/01/2023,11:10:14,15,2,19.0,,,,2,,1.0,Cycle,S
IND,5555,32021,60182,22/01/2023,11:10:14,15,1,18.0,,,,2,,1.0,Cycle,S
IND,5555,32021,60182,22/01/2023,11:10:14,15,2,18.0,,,,2,,1.0,Cycle,S
IND,5555,32021,60182,22/01/2023,11:10:14,15,1,18.0,,,,2,,1.0,Cycle,S
IND,5555,32021,60182,22/01/2023,11:10:43,15,1,29.0,,,,2,,1.0,Cycle,S
IND,5555,32021,60182,22/01/2023,11:11:20,15,1,21.0,,,,2,,1.0,Cycle,S
IND,5555,32021,60182,22/01/2023,11:11:36,15,1,24.0,,,,2,,1.0,Cycle,S
IND,5555,32021,60182,22/01/2023,11:12:36,15,2,12.0,,,,2,,1.0,Cycle,S
IND,5555,32021,60182,22/01/2023,11:12:36,15,3,12.0,,,,2,,1.0,Cycle,S
IND,5555,32021,60182,22/01/2023,11:12:37,15,2,12.0,,,,2,,1.0,Cycle,S
IND,5555,32021,60182,22/01/2023,11:12:37,15,3,11.0,,,,2,,1.0,Cycle,S
IND,5555,32021,60182,22/01/2023,11:12:40,15,2,10.0,,,,2,,1.0,Cycle,S
IND,5555,32021,60182,22/01/2023,11:12:40,15,3,9.0,,,,2,,1.0,Cycle,S
IND,5555,32021,60182,22/01/2023,11:12:42,15,3,15.0,,,,2,,1.0,Cycle,S
IND,5555,32021,60182,22/01/2023,11:12:42,15,2,15.0,,,,2,,1.0,Cycle,S
IND,5555,32021,60182,22/01/2023,11:12:43,15,3,18.0,,,,2,,1.0,Cycle,S
IND,5555,32021,60182,22/01/2023,11:12:43,15,2,17.0,,,,2,,1.0,Cycle,S
IND,5555,32021,60182,22/01/2023,11:13:07,15,1,17.0,,,,2,,1.0,Cycle,S
IND,5555,32021,60182,22/01/2023,11:13:15,15,3,19.0,,,,2,,1.0,Cycle,S
IND,5555,32021,60182,22/01/2023,11:13:21,15,1,26.0,,,,2,,1.0,Cycle,S
IND,5555,32021,60182,22/01/2023,11:13:22,15,1,28.0,,,,2,,1.0,Cycle,S
IND,5555,32021,60182,22/01/2023,11:13:45,15,1,26.0,,,,2,,1.0,Cycle,S
IND,5555,32021,60182,22/01/2023,11:13:50,15,1,26.0,,,,2,,1.0,Cycle,S
IND,5555,32021,60182,22/01/2023,11:13:53,15,1,25.0,,,,2,,1.0,Cycle,S
IND,5555,32021,60182,22/01/2023,11:14:28,15,1,23.0,,,,2,,1.0,Cycle,S
IND,5555,32021,60182,22/01/2023,11:14:47,15,3,18.0,,,,2,,1.0,Cycle,S
IND,5555,32021,60182,22/01/2023,11:14:48,15,3,16.0,,,,2,,1.0,Cycle,S
IND,5555,32021,60182,22/01/2023,11:14:48,15,2,17.0,,,,2,,1.0,Cycle,S
IND,5555,32021,60182,22/01/2023,11:14:57,15,2,13.0,,,,2,,1.0,Cycle,S
IND,5555,32021,60182,22/01/2023,11:14:57,15,3,11.0,,,,2,,1.0,Cycle,S
IND,5555,32021,60182,22/01/2023,11:14:57,15,2,13.0,,,,2,,1.0,Cycle,S
IND,5555,32021,60182,22/01/2023,11:14:57,15,3,12.0,,,,2,,1.0,Cycle,S
IND,5555,32021,60182,22/01/2023,11:14:59,15,3,10.0,,,,2,,1.0,Cycle,S
IND,5555,32021,60182,22/01/2023,11:15:19,15,2,19.0,,,,2,,1.0,Cycle,S
IND,5555,32021,60182,22/01/2023,11:15:19,15,3,18.0,,,,2,,1.0,Cycle,S
IND,5555,32021,60182,22/01/2023,11:15:19,15,2,19.0,,,,2,,1.0,Cycle,S
IND,5555,32021,60182,22/01/2023,11:15:19,15,3,17.0,,,,2,,1.0,Cycle,S
IND,5555,32021,60182,22/01/2023,11:15:24,15,1,19.0,,,,2,,1.0,Cycle,S
IND,5555,32021,60182,22/01/2023,11:15:40,15,1,20.0,,,,2,,1.0,Cycle,S
IND,5555,32021,60182,22/01/2023,11:15:41,15,1,19.0,,,,2,,1.0,Cycle,S
IND,5555,32021,60182,22/01/2023,11:16:24,15,1,27.0,,,,2,,1.0,Cycle,S
IND,5555,32021,60182,22/01/2023,11:16:32,15,1,25.0,,,,2,,1.0,Cycle,S
IND,5555,32021,60182,22/01/2023,11:17:25,15,2,26.0,,,,2,,1.0,Cycle,S
IND,5555,32021,60182,22/01/2023,11:17:25,15,1,27.0,,,,2,,1.0,Cycle,S
IND,5555,32021,60182,22/01/2023,11:17:28,15,3,24.0,,,,2,,1.0,Cycle,S
IND,5555,32021,60182,22/01/2023,11:17:44,15,1,21.0,,,,2,,1.0,Cycle,S
IND,5555,32021,60182,22/01/2023,11:17:50,15,2,19.0,,,,2,,1.0,Cycle,S
IND,5555,32021,60182,22/01/2023,11:17:50,15,1,19.0,,,,2,,1.0,Cycle,S
IND,5555,32021,60182,22/01/2023,11:17:50,15,2,19.0,,,,2,,1.0,Cycle,S
IND,5555,32021,60182,22/01/2023,11:17:50,15,1,19.0,,,,2,,1.0,Cycle,S
IND,5555,32021,60182,22/01/2023,11:20:33,15,2,18.0,,,,2,,1.0,Cycle,S
IND,5555,32021,60182,22/01/2023,11:20:33,15,3,17.0,,,,2,,1.0,Cycle,S
IND,5555,32021,60182,22/01/2023,11:20:34,15,2,17.0,,,,2,,1.0,Cycle,S
IND,5555,32021,60182,22/01/2023,11:20:34,15,3,16.0,,,,2,,1.0,Cycle,S
IND,5555,32021,60182,22/01/2023,11:20:42,15,1,25.0,,,,2,,1.0,Cycle,S
IND,5555,32021,60182,22/01/2023,11:20:46,15,1,22.0,,,,2,,1.0,Cycle,S
IND,5555,32021,60182,22/01/2023,11:20:51,15,1,27.0,,,,2,,1.0,Cycle,S
IND,5555,32021,60182,22/01/2023,11:21:19,15,1,21.0,,,,2,,1.0,Cycle,S
IND,5555,32021,60182,22/01/2023,11:21:20,15,1,25.0,,,,2,,1.0,Cycle,S
IND,5555,32021,60182,22/01/2023,11:21:21,15,3,19.0,,,,2,,1.0,Cycle,S
IND,5555,32021,60182,22/01/2023,11:21:21,15,3,18.0,,,,2,,1.0,Cycle,S
IND,5555,32021,60182,22/01/2023,11:21:28,15,1,24.0,,,,2,,1.0,Cycle,S
IND,5555,32021,60182,22/01/2023,11:21:28,15,1,22.0,,,,2,,1.0,Cycle,S
IND,5555,32021,60182,22/01/2023,11:21:29,15,1,23.0,,,,2,,1.0,Cycle,S
IND,5555,32021,60182,22/01/2023,11:21:29,15,1,22.0,,,,2,,1.0,Cycle,S
IND,5555,32021,60182,22/01/2023,11:22:53,15,2,19.0,,,,2,,1.0,Cycle,S
IND,5555,32021,60182,22/01/2023,11:22:53,15,3,16.0,,,,2,,1.0,Cycle,S
IND,5555,32021,60182,22/01/2023,11:22:53,15,2,18.0,,,,2,,1.0,Cycle,S
IND,5555,32021,60182,22/01/2023,11:22:53,15,3,16.0,,,,2,,1.0,Cycle,S
IND,5555,32021,60182,22/01/2023,11:22:55,15,2,18.0,,,,2,,1.0,Cycle,S
IND,5555,32021,60182,22/01/2023,11:22:55,15,3,17.0,,,,2,,1.0,Cycle,S
IND,5555,32021,60182,22/01/2023,11:22:56,15,2,19.0,,,,2,,1.0,Cycle,S
IND,5555,32021,60182,22/01/2023,11:22:56,15,3,17.0,,,,2,,1.0,Cycle,S
IND,5555,32021,60182,22/01/2023,11:23:11,15,3,19.0,,,,2,,1.0,Cycle,S
IND,5555,32021,60182,22/01/2023,11:23:12,15,2,18.0,,,,2,,1.0,Cycle,S
IND,5555,32021,60182,22/01/2023,11:23:12,15,3,15.0,,,,2,,1.0,Cycle,S
IND,5555,32021,60182,22/01/2023,11:24:16,15,1,16.0,,,,2,,1.0,Cycle,S
IND,5555,32021,60182,22/01/2023,11:24:17,15,1,15.0,,,,2,,1.0,Cycle,S
IND,5555,32021,60182,22/01/2023,11:25:26,15,1,31.0,,,,2,,1.0,Cycle,S
IND,5555,32021,60182,22/01/2023,11:28:40,15,1,17.0,,,,2,,1.0,Cycle,S
IND,5555,32021,60182,22/01/2023,11:29:15,15,1,26.0,,,,2,,1.0,Cycle,S
IND,5555,32021,60182,22/01/2023,11:29:44,15,1,19.0,,,,2,,1.0,Cycle,S
IND,5555,32021,60182,22/01/2023,11:30:07,15,3,31.0,,,,2,,1.0,Cycle,S
IND,5555,32021,60182,22/01/2023,11:30:10,15,1,16.0,,,,2,,1.0,Cycle,S
IND,5555,32021,60182,22/01/2023,11:30:20,15,3,18.0,,,,2,,1.0,Cycle,S
IND,5555,32021,60182,22/01/2023,11:30:25,15,2,15.0,,,,2,,1.0,Cycle,S
IND,5555,32021,60182,22/01/2023,11:30:25,15,3,14.0,,,,2,,1.0,Cycle,S
IND,5555,32021,60182,22/01/2023,11:30:26,15,2,15.0,,,,2,,1.0,Cycle,S
IND,5555,32021,60182,22/01/2023,11:30:26,15,3,13.0,,,,2,,1.0,Cycle,S
IND,5555,32021,60182,22/01/2023,11:30:28,15,2,18.0,,,,2,,1.0,Cycle,S
IND,5555,32021,60182,22/01/2023,11:30:28,15,3,17.0,,,,2,,1.0,Cycle,S
IND,5555,32021,60182,22/01/2023,11:30:28,15,2,18.0,,,,2,,1.0,Cycle,S
IND,5555,32021,60182,22/01/2023,11:30:28,15,3,16.0,,,,2,,1.0,Cycle,S
IND,5555,32021,60182,22/01/2023,11:30:36,15,1,21.0,,,,2,,1.0,Cycle,S
IND,5555,32021,60182,22/01/2023,11:30:42,15,2,15.0,,,,2,,1.0,Cycle,S
IND,5555,32021,60182,22/01/2023,11:30:47,15,3,16.0,,,,2,,1.0,Cycle,S
IND,5555,32021,60182,22/01/2023,11:30:47,15,2,17.0,,,,2,,1.0,Cycle,S
IND,5555,32021,60182,22/01/2023,11:30:47,15,3,17.0,,,,2,,1.0,Cycle,S
IND,5555,32021,60182,22/01/2023,11:30:47,15,2,17.0,,,,2,,1.0,Cycle,S
IND,5555,32021,60182,22/01/2023,11:31:12,15,1,32.0,,,,2,,1.0,Cycle,S
IND,5555,32021,60182,22/01/2023,11:31:48,15,1,21.0,,,,2,,1.0,Cycle,S
IND,5555,32021,60182,22/01/2023,11:32:27,15,1,24.0,,,,2,,1.0,Cycle,S
IND,5555,32021,60182,22/01/2023,11:32:28,15,1,25.0,,,,2,,1.0,Cycle,S
IND,5555,32021,60182,22/01/2023,11:33:48,15,1,38.0,,,,2,,1.0,Cycle,S
IND,5555,32021,60182,22/01/2023,11:34:13,15,1,24.0,,,,2,,1.0,Cycle,S
IND,5555,32021,60182,22/01/2023,11:36:10,15,1,27.0,,,,2,,1.0,Cycle,S
IND,5555,32021,60182,22/01/2023,11:36:10,15,1,27.0,,,,2,,1.0,Cycle,S
IND,5555,32021,60182,22/01/2023,11:36:10,15,1,26.0,,,,2,,1.0,Cycle,S
IND,5555,32021,60182,22/01/2023,11:36:33,15,1,13.0,,,,2,,1.0,Cycle,S
IND,5555,32021,60182,22/01/2023,11:37:39,15,1,27.0,,,,2,,1.0,Cycle,S
IND,5555,32021,60182,22/01/2023,11:37:39,15,1,27.0,,,,2,,1.0,Cycle,S
IND,5555,32021,60182,22/01/2023,11:38:59,15,1,19.0,,,,2,,1.0,Cycle,S
IND,5555,32021,60182,22/01/2023,11:39:00,15,2,18.0,,,,2,,1.0,Cycle,S
IND,5555,32021,60182,22/01/2023,11:39:00,15,1,12.0,,,,2,,1.0,Cycle,S
IND,5555,32021,60182,22/01/2023,11:39:00,15,1,12.0,,,,2,,1.0,Cycle,S
IND,5555,32021,60182,22/01/2023,11:39:04,15,2,14.0,,,,2,,1.0,Cycle,S
IND,5555,32021,60182,22/01/2023,11:39:04,15,1,13.0,,,,2,,1.0,Cycle,S
IND,5555,32021,60182,22/01/2023,11:39:04,15,2,13.0,,,,2,,1.0,Cycle,S
IND,5555,32021,60182,22/01/2023,11:39:04,15,1,13.0,,,,2,,1.0,Cycle,S
IND,5555,32021,60182,22/01/2023,11:39:06,15,1,17.0,,,,2,,1.0,Cycle,S
IND,5555,32021,60182,22/01/2023,11:40:28,15,3,17.0,,,,2,,1.0,Cycle,S
IND,5555,32021,60182,22/01/2023,11:41:07,15,1,27.0,,,,2,,1.0,Cycle,S
IND,5555,32021,60182,22/01/2023,11:41:41,15,1,21.0,,,,2,,1.0,Cycle,S
IND,5555,32021,60182,22/01/2023,11:41:43,15,2,15.0,,,,2,,1.0,Cycle,S
IND,5555,32021,60182,22/01/2023,11:41:43,15,1,16.0,,,,2,,1.0,Cycle,S
IND,5555,32021,60182,22/01/2023,11:41:43,15,2,19.0,,,,2,,1.0,Cycle,S
IND,5555,32021,60182,22/01/2023,11:41:43,15,1,19.0,,,,2,,1.0,Cycle,S
IND,5555,32021,60182,22/01/2023,11:41:48,15,1,19.0,,,,2,,1.0,Cycle,S
IND,5555,32021,60182,22/01/2023,11:41:49,15,2,18.0,,,,2,,1.0,Cycle,S
IND,5555,32021,60182,22/01/2023,11:41:49,15,1,18.0,,,,2,,1.0,Cycle,S
IND,5555,32021,60182,22/01/2023,11:42:14,15,1,23.0,,,,2,,1.0,Cycle,S
IND,5555,32021,60182,22/01/2023,11:42:28,15,1,31.0,,,,2,,1.0,Cycle,S
IND,5555,32021,60182,22/01/2023,11:42:37,15,1,30.0,,,,2,,1.0,Cycle,S
IND,5555,32021,60182,22/01/2023,11:42:37,15,1,30.0,,,,2,,1.0,Cycle,S
IND,5555,32021,60182,22/01/2023,11:43:00,15,1,30.0,,,,2,,1.0,Cycle,S
IND,5555,32021,60182,22/01/2023,11:43:17,15,1,15.0,,,,2,,1.0,Cycle,S
IND,5555,32021,60182,22/01/2023,11:43:17,15,1,15.0,,,,2,,1.0,Cycle,S
IND,5555,32021,60182,22/01/2023,11:44:09,15,1,19.0,,,,2,,1.0,Cycle,S
IND,5555,32021,60182,22/01/2023,11:44:10,15,1,19.0,,,,2,,1.0,Cycle,S
IND,5555,32021,60182,22/01/2023,11:44:28,15,3,18.0,,,,2,,1.0,Cycle,S
IND,5555,32021,60182,22/01/2023,11:44:28,15,3,17.0,,,,2,,1.0,Cycle,S
IND,5555,32021,60182,22/01/2023,11:45:12,15,1,22.0,,,,2,,1.0,Cycle,S
IND,5555,32021,60182,22/01/2023,11:45:13,15,1,21.0,,,,2,,1.0,Cycle,S
IND,5555,32021,60182,22/01/2023,11:45:57,15,1,26.0,,,,2,,1.0,Cycle,S
IND,5555,32021,60182,22/01/2023,11:46:12,15,3,19.0,,,,2,,1.0,Cycle,S
IND,5555,32021,60182,22/01/2023,11:46:12,15,1,19.0,,,,2,,1.0,Cycle,S
IND,5555,32021,60182,22/01/2023,11:46:51,15,1,30.0,,,,2,,1.0,Cycle,S
IND,5555,32021,60182,22/01/2023,11:47:11,15,1,22.0,,,,2,,1.0,Cycle,S
IND,5555,32021,60182,22/01/2023,11:47:33,15,1,27.0,,,,2,,1.0,Cycle,S
IND,5555,32021,60182,22/01/2023,11:48:30,15,2,18.0,,,,2,,1.0,Cycle,S
IND,5555,32021,60182,22/01/2023,11:50:29,15,1,21.0,,,,2,,1.0,Cycle,S
IND,5555,32021,60182,22/01/2023,11:50:38,15,1,21.0,,,,2,,1.0,Cycle,S
IND,5555,32021,60182,22/01/2023,11:50:40,15,3,19.0,,,,2,,1.0,Cycle,S
IND,5555,32021,60182,22/01/2023,11:50:41,15,2,17.0,,,,2,,1.0,Cycle,S
IND,5555,32021,60182,22/01/2023,11:50:41,15,3,14.0,,,,2,,1.0,Cycle,S
IND,5555,32021,60182,22/01/2023,11:50:44,15,2,12.0,,,,2,,1.0,Cycle,S
IND,5555,32021,60182,22/01/2023,11:50:44,15,3,11.0,,,,2,,1.0,Cycle,S
IND,5555,32021,60182,22/01/2023,11:50:49,15,3,19.0,,,,2,,1.0,Cycle,S
IND,5555,32021,60182,22/01/2023,11:50:50,15,3,18.0,,,,2,,1.0,Cycle,S
IND,5555,32021,60182,22/01/2023,11:51:49,15,1,17.0,,,,2,,1.0,Cycle,S
IND,5555,32021,60182,22/01/2023,11:51:51,15,2,18.0,,,,2,,1.0,Cycle,S
IND,5555,32021,60182,22/01/2023,11:51:51,15,1,17.0,,,,2,,1.0,Cycle,S
IND,5555,32021,60182,22/01/2023,11:51:52,15,1,16.0,,,,2,,1.0,Cycle,S
IND,5555,32021,60182,22/01/2023,11:53:04,15,1,26.0,,,,2,,1.0,Cycle,S
IND,5555,32021,60182,22/01/2023,11:53:09,15,1,25.0,,,,2,,1.0,Cycle,S
IND,5555,32021,60182,22/01/2023,11:54:45,15,2,15.0,,,,2,,1.0,Cycle,S
IND,5555,32021,60182,22/01/2023,11:54:46,15,2,10.0,,,,2,,1.0,Cycle,S
IND,5555,32021,60182,22/01/2023,11:54:53,15,2,19.0,,,,2,,1.0,Cycle,S
IND,5555,32021,60182,22/01/2023,11:54:55,15,1,26.0,,,,2,,1.0,Cycle,S
IND,5555,32021,60182,22/01/2023,11:55:18,15,1,21.0,,,,2,,1.0,Cycle,S
IND,5555,32021,60182,22/01/2023,11:56:41,15,1,26.0,,,,2,,1.0,Cycle,S
IND,5555,32021,60182,22/01/2023,11:56:54,15,1,23.0,,,,2,,1.0,Cycle,S
IND,5555,32021,60182,22/01/2023,11:57:47,15,1,25.0,,,,2,,1.0,Cycle,S
IND,5555,32021,60182,22/01/2023,11:58:31,15,1,16.0,,,,2,,1.0,Cycle,S
IND,5555,32021,60182,22/01/2023,11:58:32,15,1,18.0,,,,2,,1.0,Cycle,S
IND,5555,32021,60182,22/01/2023,12:00:03,15,1,24.0,,,,2,,1.0,Cycle,S
IND,5555,32021,60182,22/01/2023,12:00:06,15,2,25.0,,,,2,,1.0,Cycle,S
IND,5555,32021,60182,22/01/2023,12:00:10,15,2,18.0,,,,2,,1.0,Cycle,S
IND,5555,32021,60182,22/01/2023,12:00:10,15,3,15.0,,,,2,,1.0,Cycle,S
IND,5555,32021,60182,22/01/2023,12:00:11,15,2,12.0,,,,2,,1.0,Cycle,S
IND,5555,32021,60182,22/01/2023,12:00:11,15,3,10.0,,,,2,,1.0,Cycle,S
IND,5555,32021,60182,22/01/2023,12:00:13,15,2,14.0,,,,2,,1.0,Cycle,S
IND,5555,32021,60182,22/01/2023,12:00:14,15,1,13.0,,,,2,,1.0,Cycle,S
IND,5555,32021,60182,22/01/2023,12:00:14,15,2,14.0,,,,2,,1.0,Cycle,S
IND,5555,32021,60182,22/01/2023,12:00:14,15,1,14.0,,,,2,,1.0,Cycle,S
IND,5555,32021,60182,22/01/2023,12:00:16,15,2,19.0,,,,2,,1.0,Cycle,S
IND,5555,32021,60182,22/01/2023,12:00:16,15,3,18.0,,,,2,,1.0,Cycle,S
IND,5555,32021,60182,22/01/2023,12:00:16,15,3,19.0,,,,2,,1.0,Cycle,S
IND,5555,32021,60182,22/01/2023,12:00:49,15,1,25.0,,,,2,,1.0,Cycle,S
IND,5555,32021,60182,22/01/2023,12:01:37,15,1,28.0,,,,2,,1.0,Cycle,S
IND,5555,32021,60182,22/01/2023,12:02:34,15,1,36.0,,,,2,,1.0,Cycle,S
IND,5555,32021,60182,22/01/2023,12:02:47,15,1,19.0,,,,2,,1.0,Cycle,S
IND,5555,32021,60182,22/01/2023,12:04:34,15,3,27.0,,,,2,,1.0,Cycle,S
IND,5555,32021,60182,22/01/2023,12:04:54,15,3,18.0,,,,2,,1.0,Cycle,S
IND,5555,32021,60182,22/01/2023,12:04:54,15,2,18.0,,,,2,,1.0,Cycle,S
IND,5555,32021,60182,22/01/2023,12:04:54,15,3,16.0,,,,2,,1.0,Cycle,S
IND,5555,32021,60182,22/01/2023,12:04:57,15,2,15.0,,,,2,,1.0,Cycle,S
IND,5555,32021,60182,22/01/2023,12:04:58,15,2,15.0,,,,2,,1.0,Cycle,S
IND,5555,32021,60182,22/01/2023,12:04:58,15,3,12.0,,,,2,,1.0,Cycle,S
IND,5555,32021,60182,22/01/2023,12:05:01,15,2,14.0,,,,2,,1.0,Cycle,S
IND,5555,32021,60182,22/01/2023,12:05:01,15,3,13.0,,,,2,,1.0,Cycle,S
IND,5555,32021,60182,22/01/2023,12:05:01,15,2,14.0,,,,2,,1.0,Cycle,S
IND,5555,32021,60182,22/01/2023,12:05:01,15,3,13.0,,,,2,,1.0,Cycle,S
IND,5555,32021,60182,22/01/2023,12:05:04,15,3,10.0,,,,2,,1.0,Cycle,S
IND,5555,32021,60182,22/01/2023,12:05:04,15,2,11.0,,,,2,,1.0,Cycle,S
IND,5555,32021,60182,22/01/2023,12:05:31,15,2,19.0,,,,2,,1.0,Cycle,S
IND,5555,32021,60182,22/01/2023,12:05:31,15,3,18.0,,,,2,,1.0,Cycle,S
IND,5555,32021,60182,22/01/2023,12:05:36,15,2,15.0,,,,2,,1.0,Cycle,S
IND,5555,32021,60182,22/01/2023,12:05:36,15,3,13.0,,,,2,,1.0,Cycle,S
IND,5555,32021,60182,22/01/2023,12:05:37,15,2,14.0,,,,2,,1.0,Cycle,S
IND,5555,32021,60182,22/01/2023,12:05:37,15,3,12.0,,,,2,,1.0,Cycle,S
IND,5555,32021,60182,22/01/2023,12:05:51,15,1,13.0,,,,2,,1.0,Cycle,S
IND,5555,32021,60182,22/01/2023,12:05:51,15,3,9.0,,,,2,,1.0,Cycle,S
IND,5555,32021,60182,22/01/2023,12:05:52,15,1,16.0,,,,2,,1.0,Cycle,S
IND,5555,32021,60182,22/01/2023,12:07:35,15,3,18.0,,,,2,,1.0,Cycle,S
IND,5555,32021,60182,22/01/2023,12:07:35,15,3,18.0,,,,2,,1.0,Cycle,S
IND,5555,32021,60182,22/01/2023,12:07:37,15,2,19.0,,,,2,,1.0,Cycle,S
IND,5555,32021,60182,22/01/2023,12:07:37,15,3,16.0,,,,2,,1.0,Cycle,S
IND,5555,32021,60182,22/01/2023,12:07:37,15,2,17.0,,,,2,,1.0,Cycle,S
IND,5555,32021,60182,22/01/2023,12:07:37,15,3,15.0,,,,2,,1.0,Cycle,S
IND,5555,32021,60182,22/01/2023,12:07:38,15,1,23.0,,,,2,,1.0,Cycle,S
IND,5555,32021,60182,22/01/2023,12:07:43,15,2,17.0,,,,2,,1.0,Cycle,S
IND,5555,32021,60182,22/01/2023,12:07:43,15,2,17.0,,,,2,,1.0,Cycle,S
IND,5555,32021,60182,22/01/2023,12:07:46,15,1,14.0,,,,2,,1.0,Cycle,S
IND,5555,32021,60182,22/01/2023,12:07:47,15,1,9.0,,,,2,,1.0,Cycle,S
IND,5555,32021,60182,22/01/2023,12:07:56,15,2,19.0,,,,2,,1.0,Cycle,S
IND,5555,32021,60182,22/01/2023,12:07:56,15,3,15.0,,,,2,,1.0,Cycle,S
IND,5555,32021,60182,22/01/2023,12:07:57,15,2,15.0,,,,2,,1.0,Cycle,S
IND,5555,32021,60182,22/01/2023,12:07:57,15,3,13.0,,,,2,,1.0,Cycle,S
IND,5555,32021,60182,22/01/2023,12:08:02,15,1,11.0,,,,2,,1.0,Cycle,S
IND,5555,32021,60182,22/01/2023,12:08:05,15,2,12.0,,,,2,,1.0,Cycle,S
IND,5555,32021,60182,22/01/2023,12:08:05,15,3,12.0,,,,2,,1.0,Cycle,S
IND,5555,32021,60182,22/01/2023,12:08:10,15,2,11.0,,,,2,,1.0,Cycle,S
IND,5555,32021,60182,22/01/2023,12:08:10,15,3,11.0,,,,2,,1.0,Cycle,S
IND,5555,32021,60182,22/01/2023,12:08:10,15,2,11.0,,,,2,,1.0,Cycle,S
IND,5555,32021,60182,22/01/2023,12:08:10,15,3,10.0,,,,2,,1.0,Cycle,S
IND,5555,32021,60182,22/01/2023,12:08:13,15,3,16.0,,,,2,,1.0,Cycle,S
IND,5555,32021,60182,22/01/2023,12:08:14,15,3,17.0,,,,2,,1.0,Cycle,S
IND,5555,32021,60182,22/01/2023,12:08:16,15,2,16.0,,,,2,,1.0,Cycle,S
IND,5555,32021,60182,22/01/2023,12:08:16,15,3,14.0,,,,2,,1.0,Cycle,S
IND,5555,32021,60182,22/01/2023,12:08:16,15,2,18.0,,,,2,,1.0,Cycle,S
IND,5555,32021,60182,22/01/2023,12:08:16,15,3,16.0,,,,2,,1.0,Cycle,S
IND,5555,32021,60182,22/01/2023,12:08:19,15,3,19.0,,,,2,,1.0,Cycle,S
IND,5555,32021,60182,22/01/2023,12:08:20,15,2,19.0,,,,2,,1.0,Cycle,S
IND,5555,32021,60182,22/01/2023,12:08:20,15,3,17.0,,,,2,,1.0,Cycle,S
IND,5555,32021,60182,22/01/2023,12:08:22,15,3,17.0,,,,2,,1.0,Cycle,S
IND,5555,32021,60182,22/01/2023,12:08:22,15,2,16.0,,,,2,,1.0,Cycle,S
IND,5555,32021,60182,22/01/2023,12:08:23,15,2,14.0,,,,2,,1.0,Cycle,S
IND,5555,32021,60182,22/01/2023,12:08:23,15,3,13.0,,,,2,,1.0,Cycle,S
IND,5555,32021,60182,22/01/2023,12:08:33,15,2,10.0,,,,2,,1.0,Cycle,S
IND,5555,32021,60182,22/01/2023,12:08:33,15,3,9.0,,,,2,,1.0,Cycle,S
IND,5555,32021,60182,22/01/2023,12:08:37,15,2,17.0,,,,2,,1.0,Cycle,S
IND,5555,32021,60182,22/01/2023,12:08:37,15,3,14.0,,,,2,,1.0,Cycle,S
IND,5555,32021,60182,22/01/2023,12:08:38,15,2,17.0,,,,2,,1.0,Cycle,S
IND,5555,32021,60182,22/01/2023,12:08:38,15,3,15.0,,,,2,,1.0,Cycle,S
IND,5555,32021,60182,22/01/2023,12:08:42,15,2,19.0,,,,2,,1.0,Cycle,S
IND,5555,32021,60182,22/01/2023,12:09:34,15,1,30.0,,,,2,,1.0,Cycle,S
IND,5555,32021,60182,22/01/2023,12:09:36,15,3,16.0,,,,2,,1.0,Cycle,S
IND,5555,32021,60182,22/01/2023,12:09:44,15,1,24.0,,,,2,,1.0,Cycle,S
IND,5555,32021,60182,22/01/2023,12:10:29,15,1,30.0,,,,2,,1.0,Cycle,S
IND,5555,32021,60182,22/01/2023,12:10:30,15,1,28.0,,,,2,,1.0,Cycle,S
IND,5555,32021,60182,22/01/2023,12:11:33,15,1,29.0,,,,2,,1.0,Cycle,S
IND,5555,32021,60182,22/01/2023,12:11:35,15,3,18.0,,,,2,,1.0,Cycle,S
IND,5555,32021,60182,22/01/2023,12:12:00,15,1,26.0,,,,2,,1.0,Cycle,S
IND,5555,32021,60182,22/01/2023,12:13:19,15,1,18.0,,,,2,,1.0,Cycle,S
IND,5555,32021,60182,22/01/2023,12:13:29,15,1,19.0,,,,2,,1.0,Cycle,S
IND,5555,32021,60182,22/01/2023,12:13:30,15,3,19.0,,,,2,,1.0,Cycle,S
IND,5555,32021,60182,22/01/2023,12:13:37,15,3,18.0,,,,2,,1.0,Cycle,S
IND,5555,32021,60182,22/01/2023,12:13:38,15,2,19.0,,,,2,,1.0,Cycle,S
IND,5555,32021,60182,22/01/2023,12:13:38,15,3,16.0,,,,2,,1.0,Cycle,S
IND,5555,32021,60182,22/01/2023,12:14:26,15,1,22.0,,,,2,,1.0,Cycle,S
IND,5555,32021,60182,22/01/2023,12:14:36,15,1,29.0,,,,2,,1.0,Cycle,S
IND,5555,32021,60182,22/01/2023,12:15:04,15,1,34.0,,,,2,,1.0,Cycle,S
IND,5555,32021,60182,22/01/2023,12:15:38,15,1,24.0,,,,2,,1.0,Cycle,S
IND,5555,32021,60182,22/01/2023,12:15:47,15,1,25.0,,,,2,,1.0,Cycle,S
IND,5555,32021,60182,22/01/2023,12:16:07,15,1,26.0,,,,2,,1.0,Cycle,S
IND,5555,32021,60182,22/01/2023,12:16:07,15,1,23.0,,,,2,,1.0,Cycle,S
IND,5555,32021,60182,22/01/2023,12:16:40,15,1,28.0,,,,2,,1.0,Cycle,S
IND,5555,32021,60182,22/01/2023,12:18:27,15,3,19.0,,,,2,,1.0,Cycle,S
IND,5555,32021,60182,22/01/2023,12:19:18,15,1,18.0,,,,2,,1.0,Cycle,S
IND,5555,32021,60182,22/01/2023,12:20:43,15,3,19.0,,,,2,,1.0,Cycle,S
IND,5555,32021,60182,22/01/2023,12:21:12,15,1,20.0,,,,2,,1.0,Cycle,S
IND,5555,32021,60182,22/01/2023,12:21:19,15,2,19.0,,,,2,,1.0,Cycle,S
IND,5555,32021,60182,22/01/2023,12:21:38,15,3,19.0,,,,2,,1.0,Cycle,S
IND,5555,32021,60182,22/01/2023,12:22:19,15,1,12.0,,,,2,,1.0,Cycle,S
IND,5555,32021,60182,22/01/2023,12:22:21,15,1,14.0,,,,2,,1.0,Cycle,S
IND,5555,32021,60182,22/01/2023,12:23:39,15,3,18.0,,,,2,,1.0,Cycle,S
IND,5555,32021,60182,22/01/2023,12:24:20,15,1,12.0,,,,2,,1.0,Cycle,S
IND,5555,32021,60182,22/01/2023,12:25:14,15,1,25.0,,,,2,,1.0,Cycle,S
IND,5555,32021,60182,22/01/2023,12:27:45,15,3,19.0,,,,2,,1.0,Cycle,S
IND,5555,32021,60182,22/01/2023,12:27:49,15,3,19.0,,,,2,,1.0,Cycle,S
IND,5555,32021,60182,22/01/2023,12:27:49,15,2,18.0,,,,2,,1.0,Cycle,S
IND,5555,32021,60182,22/01/2023,12:27:49,15,3,19.0,,,,2,,1.0,Cycle,S
IND,5555,32021,60182,22/01/2023,12:27:49,15,2,17.0,,,,2,,1.0,Cycle,S
IND,5555,32021,60182,22/01/2023,12:28:03,15,3,24.0,,,,2,,1.0,Cycle,S
IND,5555,32021,60182,22/01/2023,12:28:59,15,1,24.0,,,,2,,1.0,Cycle,S
IND,5555,32021,60182,22/01/2023,12:30:14,15,1,24.0,,,,2,,1.0,Cycle,S
IND,5555,32021,60182,22/01/2023,12:30:14,15,1,24.0,,,,2,,1.0,Cycle,S
IND,5555,32021,60182,22/01/2023,12:33:26,15,1,24.0,,,,2,,1.0,Cycle,S
IND,5555,32021,60182,22/01/2023,12:33:27,15,1,25.0,,,,2,,1.0,Cycle,S
IND,5555,32021,60182,22/01/2023,12:33:56,15,3,17.0,,,,2,,1.0,Cycle,S
IND,5555,32021,60182,22/01/2023,12:34:23,15,1,26.0,,,,2,,1.0,Cycle,S
IND,5555,32021,60182,22/01/2023,12:34:44,15,1,18.0,,,,2,,1.0,Cycle,S
IND,5555,32021,60182,22/01/2023,12:34:45,15,1,17.0,,,,2,,1.0,Cycle,S
IND,5555,32021,60182,22/01/2023,12:34:49,15,1,25.0,,,,2,,1.0,Cycle,S
IND,5555,32021,60182,22/01/2023,12:35:32,15,1,34.0,,,,2,,1.0,Cycle,S
IND,5555,32021,60182,22/01/2023,12:36:38,15,1,18.0,,,,2,,1.0,Cycle,S
IND,5555,32021,60182,22/01/2023,12:36:40,15,1,19.0,,,,2,,1.0,Cycle,S
IND,5555,32021,60182,22/01/2023,12:36:43,15,1,16.0,,,,2,,1.0,Cycle,S
IND,5555,32021,60182,22/01/2023,12:36:43,15,2,36.0,,,,2,,1.0,Cycle,S
IND,5555,32021,60182,22/01/2023,12:36:43,15,2,17.0,,,,2,,1.0,Cycle,S
IND,5555,32021,60182,22/01/2023,12:36:43,15,1,15.0,,,,2,,1.0,Cycle,S
IND,5555,32021,60182,22/01/2023,12:36:54,15,3,19.0,,,,2,,1.0,Cycle,S
IND,5555,32021,60182,22/01/2023,12:36:55,15,3,18.0,,,,2,,1.0,Cycle,S
IND,5555,32021,60182,22/01/2023,12:36:57,15,3,19.0,,,,2,,1.0,Cycle,S
IND,5555,32021,60182,22/01/2023,12:36:57,15,3,18.0,,,,2,,1.0,Cycle,S
IND,5555,32021,60182,22/01/2023,12:37:10,15,3,19.0,,,,2,,1.0,Cycle,S
IND,5555,32021,60182,22/01/2023,12:37:10,15,2,18.0,,,,2,,1.0,Cycle,S
IND,5555,32021,60182,22/01/2023,12:37:10,15,3,17.0,,,,2,,1.0,Cycle,S
IND,5555,32021,60182,22/01/2023,12:37:13,15,2,19.0,,,,2,,1.0,Cycle,S
IND,5555,32021,60182,22/01/2023,12:37:13,15,3,18.0,,,,2,,1.0,Cycle,S
IND,5555,32021,60182,22/01/2023,12:37:16,15,3,13.0,,,,2,,1.0,Cycle,S
IND,5555,32021,60182,22/01/2023,12:37:16,15,2,14.0,,,,2,,1.0,Cycle,S
IND,5555,32021,60182,22/01/2023,12:37:17,15,3,10.0,,,,2,,1.0,Cycle,S
IND,5555,32021,60182,22/01/2023,12:37:17,15,2,11.0,,,,2,,1.0,Cycle,S
IND,5555,32021,60182,22/01/2023,12:37:26,15,2,12.0,,,,2,,1.0,Cycle,S
IND,5555,32021,60182,22/01/2023,12:37:26,15,3,9.0,,,,2,,1.0,Cycle,S
IND,5555,32021,60182,22/01/2023,12:37:29,15,2,15.0,,,,2,,1.0,Cycle,S
IND,5555,32021,60182,22/01/2023,12:37:29,15,3,14.0,,,,2,,1.0,Cycle,S
IND,5555,32021,60182,22/01/2023,12:37:29,15,2,14.0,,,,2,,1.0,Cycle,S
IND,5555,32021,60182,22/01/2023,12:37:29,15,3,13.0,,,,2,,1.0,Cycle,S
IND,5555,32021,60182,22/01/2023,12:37:32,15,2,11.0,,,,2,,1.0,Cycle,S
IND,5555,32021,60182,22/01/2023,12:37:32,15,3,11.0,,,,2,,1.0,Cycle,S
IND,5555,32021,60182,22/01/2023,12:37:33,15,2,9.0,,,,2,,1.0,Cycle,S
IND,5555,32021,60182,22/01/2023,12:37:36,15,1,24.0,,,,2,,1.0,Cycle,S
IND,5555,32021,60182,22/01/2023,12:37:38,15,2,14.0,,,,2,,1.0,Cycle,S
IND,5555,32021,60182,22/01/2023,12:37:38,15,3,13.0,,,,2,,1.0,Cycle,S
IND,5555,32021,60182,22/01/2023,12:37:39,15,2,15.0,,,,2,,1.0,Cycle,S
IND,5555,32021,60182,22/01/2023,12:37:39,15,3,13.0,,,,2,,1.0,Cycle,S
IND,5555,32021,60182,22/01/2023,12:39:54,15,3,19.0,,,,2,,1.0,Cycle,S
IND,5555,32021,60182,22/01/2023,12:39:54,15,2,17.0,,,,2,,1.0,Cycle,S
IND,5555,32021,60182,22/01/2023,12:39:54,15,3,16.0,,,,2,,1.0,Cycle,S
IND,5555,32021,60182,22/01/2023,12:39:57,15,2,14.0,,,,2,,1.0,Cycle,S
IND,5555,32021,60182,22/01/2023,12:39:57,15,3,13.0,,,,2,,1.0,Cycle,S
IND,5555,32021,60182,22/01/2023,12:39:58,15,2,13.0,,,,2,,1.0,Cycle,S
IND,5555,32021,60182,22/01/2023,12:39:58,15,3,12.0,,,,2,,1.0,Cycle,S
IND,5555,32021,60182,22/01/2023,12:39:59,15,1,18.0,,,,2,,1.0,Cycle,S
IND,5555,32021,60182,22/01/2023,12:39:59,15,2,18.0,,,,2,,1.0,Cycle,S
IND,5555,32021,60182,22/01/2023,12:40:00,15,2,19.0,,,,2,,1.0,Cycle,S
IND,5555,32021,60182,22/01/2023,12:40:06,15,2,18.0,,,,2,,1.0,Cycle,S
IND,5555,32021,60182,22/01/2023,12:40:06,15,3,16.0,,,,2,,1.0,Cycle,S
IND,5555,32021,60182,22/01/2023,12:40:17,15,1,19.0,,,,2,,1.0,Cycle,S
IND,5555,32021,60182,22/01/2023,12:40:17,15,1,19.0,,,,2,,1.0,Cycle,S
IND,5555,32021,60182,22/01/2023,12:40:21,15,1,29.0,,,,2,,1.0,Cycle,S
IND,5555,32021,60182,22/01/2023,12:40:21,15,3,17.0,,,,2,,1.0,Cycle,S
IND,5555,32021,60182,22/01/2023,12:44:07,15,1,22.0,,,,2,,1.0,Cycle,S
IND,5555,32021,60182,22/01/2023,12:44:29,15,1,19.0,,,,2,,1.0,Cycle,S
IND,5555,32021,60182,22/01/2023,12:44:30,15,1,18.0,,,,2,,1.0,Cycle,S
IND,5555,32021,60182,22/01/2023,12:44:30,15,1,18.0,,,,2,,1.0,Cycle,S
IND,5555,32021,60182,22/01/2023,12:45:11,15,1,15.0,,,,2,,1.0,Cycle,S
IND,5555,32021,60182,22/01/2023,12:45:11,15,1,16.0,,,,2,,1.0,Cycle,S
IND,5555,32021,60182,22/01/2023,12:45:12,15,1,16.0,,,,2,,1.0,Cycle,S
IND,5555,32021,60182,22/01/2023,12:45:13,15,1,17.0,,,,2,,1.0,Cycle,S
IND,5555,32021,60182,22/01/2023,12:47:35,15,1,20.0,,,,2,,1.0,Cycle,S
IND,5555,32021,60182,22/01/2023,12:48:07,15,1,19.0,,,,2,,1.0,Cycle,S
IND,5555,32021,60182,22/01/2023,12:48:52,15,1,28.0,,,,2,,1.0,Cycle,S
IND,5555,32021,60182,22/01/2023,12:49:12,15,1,25.0,,,,2,,1.0,Cycle,S
IND,5555,32021,60182,22/01/2023,12:49:30,15,3,19.0,,,,2,,1.0,Cycle,S
IND,5555,32021,60182,22/01/2023,12:49:32,15,2,16.0,,,,2,,1.0,Cycle,S
IND,5555,32021,60182,22/01/2023,12:49:32,15,3,14.0,,,,2,,1.0,Cycle,S
IND,5555,32021,60182,22/01/2023,12:49:33,15,2,15.0,,,,2,,1.0,Cycle,S
IND,5555,32021,60182,22/01/2023,12:49:33,15,3,12.0,,,,2,,1.0,Cycle,S
IND,5555,32021,60182,22/01/2023,12:49:34,15,2,16.0,,,,2,,1.0,Cycle,S
IND,5555,32021,60182,22/01/2023,12:49:34,15,3,15.0,,,,2,,1.0,Cycle,S
IND,5555,32021,60182,22/01/2023,12:49:35,15,2,15.0,,,,2,,1.0,Cycle,S
IND,5555,32021,60182,22/01/2023,12:49:35,15,3,14.0,,,,2,,1.0,Cycle,S
IND,5555,32021,60182,22/01/2023,12:49:38,15,2,18.0,,,,2,,1.0,Cycle,S
IND,5555,32021,60182,22/01/2023,12:49:38,15,3,16.0,,,,2,,1.0,Cycle,S
IND,5555,32021,60182,22/01/2023,12:49:38,15,2,18.0,,,,2,,1.0,Cycle,S
IND,5555,32021,60182,22/01/2023,12:49:38,15,3,16.0,,,,2,,1.0,Cycle,S
IND,5555,32021,60182,22/01/2023,12:49:42,15,2,18.0,,,,2,,1.0,Cycle,S
IND,5555,32021,60182,22/01/2023,12:49:42,15,3,15.0,,,,2,,1.0,Cycle,S
IND,5555,32021,60182,22/01/2023,12:49:43,15,2,15.0,,,,2,,1.0,Cycle,S
IND,5555,32021,60182,22/01/2023,12:49:43,15,3,12.0,,,,2,,1.0,Cycle,S
IND,5555,32021,60182,22/01/2023,12:49:46,15,2,15.0,,,,2,,1.0,Cycle,S
IND,5555,32021,60182,22/01/2023,12:49:46,15,3,14.0,,,,2,,1.0,Cycle,S
IND,5555,32021,60182,22/01/2023,12:49:47,15,2,14.0,,,,2,,1.0,Cycle,S
IND,5555,32021,60182,22/01/2023,12:49:47,15,3,13.0,,,,2,,1.0,Cycle,S
IND,5555,32021,60182,22/01/2023,12:49:49,15,2,16.0,,,,2,,1.0,Cycle,S
IND,5555,32021,60182,22/01/2023,12:49:49,15,3,13.0,,,,2,,1.0,Cycle,S
IND,5555,32021,60182,22/01/2023,12:49:50,15,2,15.0,,,,2,,1.0,Cycle,S
IND,5555,32021,60182,22/01/2023,12:49:50,15,3,11.0,,,,2,,1.0,Cycle,S
IND,5555,32021,60182,22/01/2023,12:49:52,15,2,19.0,,,,2,,1.0,Cycle,S
IND,5555,32021,60182,22/01/2023,12:49:52,15,3,16.0,,,,2,,1.0,Cycle,S
IND,5555,32021,60182,22/01/2023,12:49:52,15,2,18.0,,,,2,,1.0,Cycle,S
IND,5555,32021,60182,22/01/2023,12:49:52,15,3,16.0,,,,2,,1.0,Cycle,S
IND,5555,32021,60182,22/01/2023,12:49:54,15,2,19.0,,,,2,,1.0,Cycle,S
IND,5555,32021,60182,22/01/2023,12:49:54,15,3,18.0,,,,2,,1.0,Cycle,S
IND,5555,32021,60182,22/01/2023,12:49:55,15,2,19.0,,,,2,,1.0,Cycle,S
IND,5555,32021,60182,22/01/2023,12:49:55,15,3,18.0,,,,2,,1.0,Cycle,S
IND,5555,32021,60182,22/01/2023,12:49:57,15,2,19.0,,,,2,,1.0,Cycle,S
IND,5555,32021,60182,22/01/2023,12:49:57,15,3,16.0,,,,2,,1.0,Cycle,S
IND,5555,32021,60182,22/01/2023,12:49:58,15,2,19.0,,,,2,,1.0,Cycle,S
IND,5555,32021,60182,22/01/2023,12:49:58,15,3,17.0,,,,2,,1.0,Cycle,S
IND,5555,32021,60182,22/01/2023,12:50:01,15,2,18.0,,,,2,,1.0,Cycle,S
IND,5555,32021,60182,22/01/2023,12:50:01,15,3,17.0,,,,2,,1.0,Cycle,S
IND,5555,32021,60182,22/01/2023,12:50:28,15,1,19.0,,,,2,,1.0,Cycle,S
IND,5555,32021,60182,22/01/2023,12:50:34,15,3,19.0,,,,2,,1.0,Cycle,S
IND,5555,32021,60182,22/01/2023,12:50:39,15,3,19.0,,,,2,,1.0,Cycle,S
IND,5555,32021,60182,22/01/2023,12:50:40,15,3,19.0,,,,2,,1.0,Cycle,S
IND,5555,32021,60182,22/01/2023,12:50:42,15,3,19.0,,,,2,,1.0,Cycle,S
IND,5555,32021,60182,22/01/2023,12:51:05,15,2,17.0,,,,2,,1.0,Cycle,S
IND,5555,32021,60182,22/01/2023,12:51:06,15,3,16.0,,,,2,,1.0,Cycle,S
IND,5555,32021,60182,22/01/2023,12:51:06,15,2,17.0,,,,2,,1.0,Cycle,S
IND,5555,32021,60182,22/01/2023,12:51:07,15,2,16.0,,,,2,,1.0,Cycle,S
IND,5555,32021,60182,22/01/2023,12:51:07,15,3,15.0,,,,2,,1.0,Cycle,S
IND,5555,32021,60182,22/01/2023,12:51:08,15,2,18.0,,,,2,,1.0,Cycle,S
IND,5555,32021,60182,22/01/2023,12:51:08,15,3,14.0,,,,2,,1.0,Cycle,S
IND,5555,32021,60182,22/01/2023,12:51:30,15,1,18.0,,,,2,,1.0,Cycle,S
IND,5555,32021,60182,22/01/2023,12:51:40,15,2,18.0,,,,2,,1.0,Cycle,S
IND,5555,32021,60182,22/01/2023,12:51:40,15,3,15.0,,,,2,,1.0,Cycle,S
IND,5555,32021,60182,22/01/2023,12:51:41,15,2,15.0,,,,2,,1.0,Cycle,S
IND,5555,32021,60182,22/01/2023,12:51:42,15,3,11.0,,,,2,,1.0,Cycle,S
IND,5555,32021,60182,22/01/2023,12:51:55,15,3,11.0,,,,2,,1.0,Cycle,S
IND,5555,32021,60182,22/01/2023,12:51:55,15,2,11.0,,,,2,,1.0,Cycle,S
IND,5555,32021,60182,22/01/2023,12:51:56,15,2,14.0,,,,2,,1.0,Cycle,S
IND,5555,32021,60182,22/01/2023,12:51:56,15,3,13.0,,,,2,,1.0,Cycle,S
IND,5555,32021,60182,22/01/2023,12:51:58,15,2,18.0,,,,2,,1.0,Cycle,S
IND,5555,32021,60182,22/01/2023,12:51:58,15,3,16.0,,,,2,,1.0,Cycle,S
IND,5555,32021,60182,22/01/2023,12:51:59,15,2,18.0,,,,2,,1.0,Cycle,S
IND,5555,32021,60182,22/01/2023,12:51:59,15,3,15.0,,,,2,,1.0,Cycle,S
IND,5555,32021,60182,22/01/2023,12:52:01,15,3,19.0,,,,2,,1.0,Cycle,S
IND,5555,32021,60182,22/01/2023,12:52:05,15,2,18.0,,,,2,,1.0,Cycle,S
IND,5555,32021,60182,22/01/2023,12:52:05,15,3,16.0,,,,2,,1.0,Cycle,S
IND,5555,32021,60182,22/01/2023,12:52:05,15,2,15.0,,,,2,,1.0,Cycle,S
IND,5555,32021,60182,22/01/2023,12:52:05,15,3,13.0,,,,2,,1.0,Cycle,S
IND,5555,32021,60182,22/01/2023,12:52:08,15,1,19.0,,,,2,,1.0,Cycle,S
IND,5555,32021,60182,22/01/2023,12:52:11,15,2,10.0,,,,2,,1.0,Cycle,S
IND,5555,32021,60182,22/01/2023,12:52:11,15,3,9.0,,,,2,,1.0,Cycle,S
IND,5555,32021,60182,22/01/2023,12:54:44,15,1,26.0,,,,2,,1.0,Cycle,S
IND,5555,32021,60182,22/01/2023,12:54:47,15,1,29.0,,,,2,,1.0,Cycle,S
IND,5555,32021,60182,22/01/2023,12:55:04,15,1,23.0,,,,2,,1.0,Cycle,S
IND,5555,32021,60182,22/01/2023,12:56:34,15,3,19.0,,,,2,,1.0,Cycle,S
IND,5555,32021,60182,22/01/2023,12:56:37,15,1,19.0,,,,2,,1.0,Cycle,S
IND,5555,32021,60182,22/01/2023,12:57:26,15,1,19.0,,,,2,,1.0,Cycle,S
IND,5555,32021,60182,22/01/2023,12:57:26,15,1,19.0,,,,2,,1.0,Cycle,S
IND,5555,32021,60182,22/01/2023,12:58:00,15,1,26.0,,,,2,,1.0,Cycle,S
IND,5555,32021,60182,22/01/2023,12:58:01,15,1,31.0,,,,2,,1.0,Cycle,S
IND,5555,32021,60182,22/01/2023,13:00:30,15,3,19.0,,,,2,,1.0,Cycle,S
IND,5555,32021,60182,22/01/2023,13:00:30,15,2,19.0,,,,2,,1.0,Cycle,S
IND,5555,32021,60182,22/01/2023,13:01:36,15,2,21.0,,,,2,,1.0,Cycle,S
IND,5555,32021,60182,22/01/2023,13:02:37,15,3,19.0,,,,2,,1.0,Cycle,S
IND,5555,32021,60182,22/01/2023,13:02:38,15,3,22.0,,,,2,,1.0,Cycle,S
IND,5555,32021,60182,22/01/2023,13:02:38,15,2,20.0,,,,2,,1.0,Cycle,S
IND,5555,32021,60182,22/01/2023,13:02:41,15,3,18.0,,,,2,,1.0,Cycle,S
IND,5555,32021,60182,22/01/2023,13:02:42,15,3,17.0,,,,2,,1.0,Cycle,S
IND,5555,32021,60182,22/01/2023,13:02:44,15,3,9.0,,,,2,,1.0,Cycle,S
IND,5555,32021,60182,22/01/2023,13:02:44,15,2,10.0,,,,2,,1.0,Cycle,S
IND,5555,32021,60182,22/01/2023,13:02:52,15,2,11.0,,,,2,,1.0,Cycle,S
IND,5555,32021,60182,22/01/2023,13:02:52,15,3,11.0,,,,2,,1.0,Cycle,S
IND,5555,32021,60182,22/01/2023,13:02:52,15,2,14.0,,,,2,,1.0,Cycle,S
IND,5555,32021,60182,22/01/2023,13:02:52,15,3,13.0,,,,2,,1.0,Cycle,S
IND,5555,32021,60182,22/01/2023,13:02:54,15,1,23.0,,,,2,,1.0,Cycle,S
IND,5555,32021,60182,22/01/2023,13:02:55,15,2,10.0,,,,2,,1.0,Cycle,S
IND,5555,32021,60182,22/01/2023,13:02:55,15,3,10.0,,,,2,,1.0,Cycle,S
IND,5555,32021,60182,22/01/2023,13:03:28,15,2,9.0,,,,2,,1.0,Cycle,S
IND,5555,32021,60182,22/01/2023,13:03:29,15,2,10.0,,,,2,,1.0,Cycle,S
IND,5555,32021,60182,22/01/2023,13:03:32,15,2,10.0,,,,2,,1.0,Cycle,S
IND,5555,32021,60182,22/01/2023,13:03:32,15,3,9.0,,,,2,,1.0,Cycle,S
IND,5555,32021,60182,22/01/2023,13:03:37,15,2,13.0,,,,2,,1.0,Cycle,S
IND,5555,32021,60182,22/01/2023,13:03:38,15,3,11.0,,,,2,,1.0,Cycle,S
IND,5555,32021,60182,22/01/2023,13:03:38,15,2,15.0,,,,2,,1.0,Cycle,S
IND,5555,32021,60182,22/01/2023,13:03:38,15,3,13.0,,,,2,,1.0,Cycle,S
IND,5555,32021,60182,22/01/2023,13:03:40,15,3,11.0,,,,2,,1.0,Cycle,S
IND,5555,32021,60182,22/01/2023,13:03:41,15,3,16.0,,,,2,,1.0,Cycle,S
IND,5555,32021,60182,22/01/2023,13:03:42,15,3,19.0,,,,2,,1.0,Cycle,S
IND,5555,32021,60182,22/01/2023,13:03:43,15,2,19.0,,,,2,,1.0,Cycle,S
IND,5555,32021,60182,22/01/2023,13:03:43,15,3,18.0,,,,2,,1.0,Cycle,S
IND,5555,32021,60182,22/01/2023,13:03:59,15,3,19.0,,,,2,,1.0,Cycle,S
IND,5555,32021,60182,22/01/2023,13:04:03,15,2,19.0,,,,2,,1.0,Cycle,S
IND,5555,32021,60182,22/01/2023,13:04:23,15,1,19.0,,,,2,,1.0,Cycle,S
IND,5555,32021,60182,22/01/2023,13:04:23,15,2,18.0,,,,2,,1.0,Cycle,S
IND,5555,32021,60182,22/01/2023,13:04:24,15,1,17.0,,,,2,,1.0,Cycle,S
IND,5555,32021,60182,22/01/2023,13:04:25,15,3,17.0,,,,2,,1.0,Cycle,S
IND,5555,32021,60182,22/01/2023,13:04:25,15,2,17.0,,,,2,,1.0,Cycle,S
IND,5555,32021,60182,22/01/2023,13:04:26,15,3,16.0,,,,2,,1.0,Cycle,S
IND,5555,32021,60182,22/01/2023,13:04:26,15,2,16.0,,,,2,,1.0,Cycle,S
IND,5555,32021,60182,22/01/2023,13:04:29,15,2,15.0,,,,2,,1.0,Cycle,S
IND,5555,32021,60182,22/01/2023,13:04:29,15,3,14.0,,,,2,,1.0,Cycle,S
IND,5555,32021,60182,22/01/2023,13:04:30,15,2,13.0,,,,2,,1.0,Cycle,S
IND,5555,32021,60182,22/01/2023,13:04:30,15,3,12.0,,,,2,,1.0,Cycle,S
IND,5555,32021,60182,22/01/2023,13:04:33,15,2,15.0,,,,2,,1.0,Cycle,S
IND,5555,32021,60182,22/01/2023,13:04:33,15,3,13.0,,,,2,,1.0,Cycle,S
IND,5555,32021,60182,22/01/2023,13:04:33,15,2,13.0,,,,2,,1.0,Cycle,S
IND,5555,32021,60182,22/01/2023,13:04:33,15,3,12.0,,,,2,,1.0,Cycle,S
IND,5555,32021,60182,22/01/2023,13:05:46,15,3,19.0,,,,2,,1.0,Cycle,S
IND,5555,32021,60182,22/01/2023,13:05:55,15,3,19.0,,,,2,,1.0,Cycle,S
IND,5555,32021,60182,22/01/2023,13:10:13,15,1,21.0,,,,2,,1.0,Cycle,S
IND,5555,32021,60182,22/01/2023,13:10:13,15,1,19.0,,,,2,,1.0,Cycle,S
IND,5555,32021,60182,22/01/2023,13:10:15,15,1,22.0,,,,2,,1.0,Cycle,S
IND,5555,32021,60182,22/01/2023,13:14:44,15,3,18.0,,,,2,,1.0,Cycle,S
IND,5555,32021,60182,22/01/2023,13:14:44,15,2,18.0,,,,2,,1.0,Cycle,S
IND,5555,32021,60182,22/01/2023,13:14:45,15,2,15.0,,,,2,,1.0,Cycle,S
IND,5555,32021,60182,22/01/2023,13:14:45,15,3,14.0,,,,2,,1.0,Cycle,S
IND,5555,32021,60182,22/01/2023,13:14:47,15,2,15.0,,,,2,,1.0,Cycle,S
IND,5555,32021,60182,22/01/2023,13:14:47,15,3,15.0,,,,2,,1.0,Cycle,S
IND,5555,32021,60182,22/01/2023,13:14:48,15,2,14.0,,,,2,,1.0,Cycle,S
IND,5555,32021,60182,22/01/2023,13:14:48,15,3,13.0,,,,2,,1.0,Cycle,S
IND,5555,32021,60182,22/01/2023,13:15:46,15,3,19.0,,,,2,,1.0,Cycle,S
IND,5555,32021,60182,22/01/2023,13:16:43,15,1,20.0,,,,2,,1.0,Cycle,S
IND,5555,32021,60182,22/01/2023,13:17:39,15,3,18.0,,,,2,,1.0,Cycle,S
IND,5555,32021,60182,22/01/2023,13:17:39,15,2,18.0,,,,2,,1.0,Cycle,S
IND,5555,32021,60182,22/01/2023,13:17:39,15,3,16.0,,,,2,,1.0,Cycle,S
IND,5555,32021,60182,22/01/2023,13:17:39,15,2,16.0,,,,2,,1.0,Cycle,S
IND,5555,32021,60182,22/01/2023,13:18:46,15,3,17.0,,,,2,,1.0,Cycle,S
IND,5555,32021,60182,22/01/2023,13:18:46,15,2,18.0,,,,2,,1.0,Cycle,S
IND,5555,32021,60182,22/01/2023,13:18:48,15,2,16.0,,,,2,,1.0,Cycle,S
IND,5555,32021,60182,22/01/2023,13:18:48,15,2,16.0,,,,2,,1.0,Cycle,S
IND,5555,32021,60182,22/01/2023,13:18:52,15,3,19.0,,,,2,,1.0,Cycle,S
IND,5555,32021,60182,22/01/2023,13:19:58,15,1,24.0,,,,2,,1.0,Cycle,S
IND,5555,32021,60182,22/01/2023,13:25:36,15,2,18.0,,,,2,,1.0,Cycle,S
IND,5555,32021,60182,22/01/2023,13:25:36,15,1,19.0,,,,2,,1.0,Cycle,S
IND,5555,32021,60182,22/01/2023,13:25:37,15,1,16.0,,,,2,,1.0,Cycle,S
IND,5555,32021,60182,22/01/2023,13:25:52,15,2,14.0,,,,2,,1.0,Cycle,S
IND,5555,32021,60182,22/01/2023,13:25:52,15,3,12.0,,,,2,,1.0,Cycle,S
IND,5555,32021,60182,22/01/2023,13:26:00,15,1,27.0,,,,2,,1.0,Cycle,S
IND,5555,32021,60182,22/01/2023,13:26:00,15,1,27.0,,,,2,,1.0,Cycle,S
IND,5555,32021,60182,22/01/2023,13:26:01,15,1,25.0,,,,2,,1.0,Cycle,S
IND,5555,32021,60182,22/01/2023,13:26:04,15,1,26.0,,,,2,,1.0,Cycle,S
IND,5555,32021,60182,22/01/2023,13:26:06,15,3,10.0,,,,2,,1.0,Cycle,S
IND,5555,32021,60182,22/01/2023,13:26:06,15,2,10.0,,,,2,,1.0,Cycle,S
IND,5555,32021,60182,22/01/2023,13:26:07,15,3,11.0,,,,2,,1.0,Cycle,S
IND,5555,32021,60182,22/01/2023,13:26:07,15,2,12.0,,,,2,,1.0,Cycle,S
IND,5555,32021,60182,22/01/2023,13:26:09,15,2,18.0,,,,2,,1.0,Cycle,S
IND,5555,32021,60182,22/01/2023,13:26:09,15,3,16.0,,,,2,,1.0,Cycle,S
IND,5555,32021,60182,22/01/2023,13:26:10,15,2,17.0,,,,2,,1.0,Cycle,S
IND,5555,32021,60182,22/01/2023,13:26:10,15,3,13.0,,,,2,,1.0,Cycle,S
IND,5555,32021,60182,22/01/2023,13:26:11,15,2,15.0,,,,2,,1.0,Cycle,S
IND,5555,32021,60182,22/01/2023,13:26:11,15,3,13.0,,,,2,,1.0,Cycle,S
IND,5555,32021,60182,22/01/2023,13:26:12,15,2,15.0,,,,2,,1.0,Cycle,S
IND,5555,32021,60182,22/01/2023,13:26:12,15,3,11.0,,,,2,,1.0,Cycle,S
IND,5555,32021,60182,22/01/2023,13:26:17,15,2,17.0,,,,2,,1.0,Cycle,S
IND,5555,32021,60182,22/01/2023,13:26:20,15,2,10.0,,,,2,,1.0,Cycle,S
IND,5555,32021,60182,22/01/2023,13:26:20,15,3,9.0,,,,2,,1.0,Cycle,S
IND,5555,32021,60182,22/01/2023,13:26:30,15,2,15.0,,,,2,,1.0,Cycle,S
IND,5555,32021,60182,22/01/2023,13:26:30,15,3,14.0,,,,2,,1.0,Cycle,S
IND,5555,32021,60182,22/01/2023,13:26:30,15,2,19.0,,,,2,,1.0,Cycle,S
IND,5555,32021,60182,22/01/2023,13:26:30,15,3,17.0,,,,2,,1.0,Cycle,S
IND,5555,32021,60182,22/01/2023,13:26:36,15,3,18.0,,,,2,,1.0,Cycle,S
IND,5555,32021,60182,22/01/2023,13:26:36,15,3,18.0,,,,2,,1.0,Cycle,S
IND,5555,32021,60182,22/01/2023,13:27:34,15,1,25.0,,,,2,,1.0,Cycle,S
IND,5555,32021,60182,22/01/2023,13:27:53,15,2,19.0,,,,2,,1.0,Cycle,S
IND,5555,32021,60182,22/01/2023,13:27:53,15,3,17.0,,,,2,,1.0,Cycle,S
IND,5555,32021,60182,22/01/2023,13:27:54,15,2,18.0,,,,2,,1.0,Cycle,S
IND,5555,32021,60182,22/01/2023,13:27:54,15,3,16.0,,,,2,,1.0,Cycle,S
IND,5555,32021,60182,22/01/2023,13:27:56,15,2,19.0,,,,2,,1.0,Cycle,S
IND,5555,32021,60182,22/01/2023,13:27:56,15,2,19.0,,,,2,,1.0,Cycle,S
IND,5555,32021,60182,22/01/2023,13:28:08,15,2,18.0,,,,2,,1.0,Cycle,S
IND,5555,32021,60182,22/01/2023,13:29:56,15,2,66.0,,,,2,,1.0,Cycle,S
IND,5555,32021,60182,22/01/2023,13:33:51,15,1,35.0,,,,2,,1.0,Cycle,S
IND,5555,32021,60182,22/01/2023,13:34:46,15,1,27.0,,,,2,,1.0,Cycle,S
IND,5555,32021,60182,22/01/2023,13:42:12,15,1,28.0,,,,2,,1.0,Cycle,S
IND,5555,32021,60182,22/01/2023,13:42:20,15,1,27.0,,,,2,,1.0,Cycle,S
IND,5555,32021,60182,22/01/2023,13:42:27,15,2,78.0,,,,2,,1.0,Cycle,S
IND,5555,32021,60182,22/01/2023,13:43:59,15,3,18.0,,,,2,,1.0,Cycle,S
IND,5555,32021,60182,22/01/2023,13:44:03,15,3,15.0,,,,2,,1.0,Cycle,S
IND,5555,32021,60182,22/01/2023,13:44:04,15,3,17.0,,,,2,,1.0,Cycle,S
IND,5555,32021,60182,22/01/2023,13:44:04,15,2,17.0,,,,2,,1.0,Cycle,S
IND,5555,32021,60182,22/01/2023,13:44:05,15,3,17.0,,,,2,,1.0,Cycle,S
IND,5555,32021,60182,22/01/2023,13:44:05,15,2,17.0,,,,2,,1.0,Cycle,S
IND,5555,32021,60182,22/01/2023,13:44:18,15,3,19.0,,,,2,,1.0,Cycle,S
IND,5555,32021,60182,22/01/2023,13:44:18,15,2,19.0,,,,2,,1.0,Cycle,S
IND,5555,32021,60182,22/01/2023,13:44:19,15,2,19.0,,,,2,,1.0,Cycle,S
IND,5555,32021,60182,22/01/2023,13:44:19,15,3,17.0,,,,2,,1.0,Cycle,S
IND,5555,32021,60182,22/01/2023,13:44:27,15,3,17.0,,,,2,,1.0,Cycle,S
IND,5555,32021,60182,22/01/2023,13:44:30,15,3,19.0,,,,2,,1.0,Cycle,S
IND,5555,32021,60182,22/01/2023,13:44:31,15,2,19.0,,,,2,,1.0,Cycle,S
IND,5555,32021,60182,22/01/2023,13:44:31,15,2,18.0,,,,2,,1.0,Cycle,S
IND,5555,32021,60182,22/01/2023,13:45:27,15,1,19.0,,,,2,,1.0,Cycle,S
IND,5555,32021,60182,22/01/2023,13:46:13,15,1,25.0,,,,2,,1.0,Cycle,S
IND,5555,32021,60182,22/01/2023,13:46:48,15,1,18.0,,,,2,,1.0,Cycle,S
IND,5555,32021,60182,22/01/2023,13:46:48,15,2,12.0,,,,2,,1.0,Cycle,S
IND,5555,32021,60182,22/01/2023,13:46:48,15,2,12.0,,,,2,,1.0,Cycle,S
IND,5555,32021,60182,22/01/2023,13:48:00,15,1,31.0,,,,2,,1.0,Cycle,S
IND,5555,32021,60182,22/01/2023,13:49:05,15,2,18.0,,,,2,,1.0,Cycle,S
IND,5555,32021,60182,22/01/2023,13:50:37,15,2,18.0,,,,2,,1.0,Cycle,S
IND,5555,32021,60182,22/01/2023,13:50:37,15,3,16.0,,,,2,,1.0,Cycle,S
IND,5555,32021,60182,22/01/2023,13:50:38,15,2,16.0,,,,2,,1.0,Cycle,S
IND,5555,32021,60182,22/01/2023,13:50:38,15,3,16.0,,,,2,,1.0,Cycle,S
IND,5555,32021,60182,22/01/2023,13:50:39,15,2,13.0,,,,2,,1.0,Cycle,S
IND,5555,32021,60182,22/01/2023,13:50:39,15,3,11.0,,,,2,,1.0,Cycle,S
IND,5555,32021,60182,22/01/2023,13:50:46,15,2,14.0,,,,2,,1.0,Cycle,S
IND,5555,32021,60182,22/01/2023,13:50:46,15,3,13.0,,,,2,,1.0,Cycle,S
IND,5555,32021,60182,22/01/2023,13:50:49,15,3,17.0,,,,2,,1.0,Cycle,S
IND,5555,32021,60182,22/01/2023,13:50:49,15,2,17.0,,,,2,,1.0,Cycle,S
IND,5555,32021,60182,22/01/2023,13:50:49,15,3,19.0,,,,2,,1.0,Cycle,S
IND,5555,32021,60182,22/01/2023,13:52:05,15,1,25.0,,,,2,,1.0,Cycle,S
IND,5555,32021,60182,22/01/2023,13:52:06,15,3,19.0,,,,2,,1.0,Cycle,S
IND,5555,32021,60182,22/01/2023,13:52:34,15,1,16.0,,,,2,,1.0,Cycle,S
IND,5555,32021,60182,22/01/2023,13:53:17,15,2,18.0,,,,2,,1.0,Cycle,S
IND,5555,32021,60182,22/01/2023,13:53:17,15,3,17.0,,,,2,,1.0,Cycle,S
IND,5555,32021,60182,22/01/2023,13:53:20,15,2,15.0,,,,2,,1.0,Cycle,S
IND,5555,32021,60182,22/01/2023,13:53:20,15,3,13.0,,,,2,,1.0,Cycle,S
IND,5555,32021,60182,22/01/2023,13:53:21,15,2,12.0,,,,2,,1.0,Cycle,S
IND,5555,32021,60182,22/01/2023,13:53:21,15,3,10.0,,,,2,,1.0,Cycle,S
IND,5555,32021,60182,22/01/2023,13:53:23,15,2,14.0,,,,2,,1.0,Cycle,S
IND,5555,32021,60182,22/01/2023,13:53:23,15,1,14.0,,,,2,,1.0,Cycle,S
IND,5555,32021,60182,22/01/2023,13:53:24,15,2,17.0,,,,2,,1.0,Cycle,S
IND,5555,32021,60182,22/01/2023,13:53:24,15,1,16.0,,,,2,,1.0,Cycle,S
IND,5555,32021,60182,22/01/2023,13:53:25,15,2,16.0,,,,2,,1.0,Cycle,S
IND,5555,32021,60182,22/01/2023,13:53:25,15,3,15.0,,,,2,,1.0,Cycle,S
IND,5555,32021,60182,22/01/2023,13:53:26,15,2,17.0,,,,2,,1.0,Cycle,S
IND,5555,32021,60182,22/01/2023,13:53:26,15,3,15.0,,,,2,,1.0,Cycle,S
IND,5555,32021,60182,22/01/2023,13:53:57,15,3,18.0,,,,2,,1.0,Cycle,S
IND,5555,32021,60182,22/01/2023,13:54:03,15,3,19.0,,,,2,,1.0,Cycle,S
IND,5555,32021,60182,22/01/2023,13:54:03,15,2,19.0,,,,2,,1.0,Cycle,S
IND,5555,32021,60182,22/01/2023,13:54:03,15,3,17.0,,,,2,,1.0,Cycle,S
IND,5555,32021,60182,22/01/2023,13:54:09,15,2,16.0,,,,2,,1.0,Cycle,S
IND,5555,32021,60182,22/01/2023,13:54:09,15,3,15.0,,,,2,,1.0,Cycle,S
IND,5555,32021,60182,22/01/2023,13:54:09,15,2,13.0,,,,2,,1.0,Cycle,S
IND,5555,32021,60182,22/01/2023,13:54:09,15,3,10.0,,,,2,,1.0,Cycle,S
IND,5555,32021,60182,22/01/2023,13:54:24,15,1,10.0,,,,2,,1.0,Cycle,S
IND,5555,32021,60182,22/01/2023,13:54:26,15,1,9.0,,,,2,,1.0,Cycle,S
IND,5555,32021,60182,22/01/2023,13:54:28,15,2,18.0,,,,2,,1.0,Cycle,S
IND,5555,32021,60182,22/01/2023,13:54:28,15,3,17.0,,,,2,,1.0,Cycle,S
IND,5555,32021,60182,22/01/2023,13:54:29,15,2,18.0,,,,2,,1.0,Cycle,S
IND,5555,32021,60182,22/01/2023,13:54:29,15,3,15.0,,,,2,,1.0,Cycle,S
IND,5555,32021,60182,22/01/2023,13:54:31,15,3,19.0,,,,2,,1.0,Cycle,S
IND,5555,32021,60182,22/01/2023,13:54:31,15,3,18.0,,,,2,,1.0,Cycle,S
IND,5555,32021,60182,22/01/2023,13:54:33,15,3,17.0,,,,2,,1.0,Cycle,S
IND,5555,32021,60182,22/01/2023,13:54:36,15,3,19.0,,,,2,,1.0,Cycle,S
IND,5555,32021,60182,22/01/2023,13:54:36,15,3,18.0,,,,2,,1.0,Cycle,S
IND,5555,32021,60182,22/01/2023,13:54:36,15,2,19.0,,,,2,,1.0,Cycle,S
IND,5555,32021,60182,22/01/2023,13:54:46,15,2,18.0,,,,2,,1.0,Cycle,S
IND,5555,32021,60182,22/01/2023,13:54:46,15,3,18.0,,,,2,,1.0,Cycle,S
IND,5555,32021,60182,22/01/2023,13:54:48,15,1,20.0,,,,2,,1.0,Cycle,S
IND,5555,32021,60182,22/01/2023,13:55:03,15,2,54.0,,,,2,,1.0,Cycle,S
IND,5555,32021,60182,22/01/2023,13:55:18,15,3,17.0,,,,2,,1.0,Cycle,S
IND,5555,32021,60182,22/01/2023,13:57:38,15,2,19.0,,,,2,,1.0,Cycle,S
IND,5555,32021,60182,22/01/2023,13:57:38,15,2,18.0,,,,2,,1.0,Cycle,S
IND,5555,32021,60182,22/01/2023,13:57:39,15,3,19.0,,,,2,,1.0,Cycle,S
IND,5555,32021,60182,22/01/2023,13:57:41,15,3,18.0,,,,2,,1.0,Cycle,S
IND,5555,32021,60182,22/01/2023,13:57:41,15,2,19.0,,,,2,,1.0,Cycle,S
IND,5555,32021,60182,22/01/2023,13:57:41,15,2,18.0,,,,2,,1.0,Cycle,S
IND,5555,32021,60182,22/01/2023,13:57:54,15,3,29.0,,,,2,,1.0,Cycle,S
IND,5555,32021,60182,22/01/2023,13:59:02,15,1,23.0,,,,2,,1.0,Cycle,S
IND,5555,32021,60182,22/01/2023,13:59:05,15,3,19.0,,,,2,,1.0,Cycle,S
IND,5555,32021,60182,22/01/2023,13:59:51,15,2,14.0,,,,2,,1.0,Cycle,S
IND,5555,32021,60182,22/01/2023,14:03:28,15,2,17.0,,,,2,,1.0,Cycle,S
IND,5555,32021,60182,22/01/2023,14:03:28,15,3,15.0,,,,2,,1.0,Cycle,S
IND,5555,32021,60182,22/01/2023,14:03:28,15,2,14.0,,,,2,,1.0,Cycle,S
IND,5555,32021,60182,22/01/2023,14:03:28,15,3,12.0,,,,2,,1.0,Cycle,S
IND,5555,32021,60182,22/01/2023,14:05:30,15,2,48.0,,,,2,,1.0,Cycle,S
IND,5555,32021,60182,22/01/2023,14:05:31,15,2,19.0,,,,2,,1.0,Cycle,S
IND,5555,32021,60182,22/01/2023,14:05:39,15,1,21.0,,,,2,,1.0,Cycle,S
IND,5555,32021,60182,22/01/2023,14:06:06,15,2,18.0,,,,2,,1.0,Cycle,S
IND,5555,32021,60182,22/01/2023,14:06:07,15,3,16.0,,,,2,,1.0,Cycle,S
IND,5555,32021,60182,22/01/2023,14:06:09,15,3,16.0,,,,2,,1.0,Cycle,S
IND,5555,32021,60182,22/01/2023,14:06:09,15,2,17.0,,,,2,,1.0,Cycle,S
IND,5555,32021,60182,22/01/2023,14:06:09,15,2,15.0,,,,2,,1.0,Cycle,S
IND,5555,32021,60182,22/01/2023,14:06:09,15,3,12.0,,,,2,,1.0,Cycle,S
IND,5555,32021,60182,22/01/2023,14:09:02,15,2,18.0,,,,2,,1.0,Cycle,S
IND,5555,32021,60182,22/01/2023,14:11:12,15,1,22.0,,,,2,,1.0,Cycle,S
IND,5555,32021,60182,22/01/2023,14:11:16,15,2,57.0,,,,2,,1.0,Cycle,S
IND,5555,32021,60182,22/01/2023,14:13:21,15,3,17.0,,,,2,,1.0,Cycle,S
IND,5555,32021,60182,22/01/2023,14:13:22,15,2,16.0,,,,2,,1.0,Cycle,S
IND,5555,32021,60182,22/01/2023,14:13:22,15,3,14.0,,,,2,,1.0,Cycle,S
IND,5555,32021,60182,22/01/2023,14:13:23,15,2,14.0,,,,2,,1.0,Cycle,S
IND,5555,32021,60182,22/01/2023,14:13:23,15,3,12.0,,,,2,,1.0,Cycle,S
IND,5555,32021,60182,22/01/2023,14:13:24,15,2,13.0,,,,2,,1.0,Cycle,S
IND,5555,32021,60182,22/01/2023,14:13:24,15,3,11.0,,,,2,,1.0,Cycle,S
IND,5555,32021,60182,22/01/2023,14:13:27,15,2,15.0,,,,2,,1.0,Cycle,S
IND,5555,32021,60182,22/01/2023,14:13:27,15,3,14.0,,,,2,,1.0,Cycle,S
IND,5555,32021,60182,22/01/2023,14:13:28,15,2,16.0,,,,2,,1.0,Cycle,S
IND,5555,32021,60182,22/01/2023,14:13:28,15,3,15.0,,,,2,,1.0,Cycle,S
IND,5555,32021,60182,22/01/2023,14:13:30,15,2,19.0,,,,2,,1.0,Cycle,S
IND,5555,32021,60182,22/01/2023,14:13:30,15,2,19.0,,,,2,,1.0,Cycle,S
IND,5555,32021,60182,22/01/2023,14:13:31,15,3,15.0,,,,2,,1.0,Cycle,S
IND,5555,32021,60182,22/01/2023,14:13:44,15,1,23.0,,,,2,,1.0,Cycle,S
IND,5555,32021,60182,22/01/2023,14:14:22,15,2,29.0,,,,2,,1.0,Cycle,S
IND,5555,32021,60182,22/01/2023,14:14:47,15,2,19.0,,,,2,,1.0,Cycle,S
IND,5555,32021,60182,22/01/2023,14:14:48,15,2,18.0,,,,2,,1.0,Cycle,S
IND,5555,32021,60182,22/01/2023,14:14:48,15,3,17.0,,,,2,,1.0,Cycle,S
IND,5555,32021,60182,22/01/2023,14:14:53,15,3,16.0,,,,2,,1.0,Cycle,S
IND,5555,32021,60182,22/01/2023,14:16:28,15,3,16.0,,,,2,,1.0,Cycle,S
IND,5555,32021,60182,22/01/2023,14:16:30,15,2,16.0,,,,2,,1.0,Cycle,S
IND,5555,32021,60182,22/01/2023,14:16:31,15,3,14.0,,,,2,,1.0,Cycle,S
IND,5555,32021,60182,22/01/2023,14:16:31,15,2,11.0,,,,2,,1.0,Cycle,S
IND,5555,32021,60182,22/01/2023,14:16:47,15,2,9.0,,,,2,,1.0,Cycle,S
IND,5555,32021,60182,22/01/2023,14:16:58,15,2,9.0,,,,2,,1.0,Cycle,S
IND,5555,32021,60182,22/01/2023,14:17:02,15,1,19.0,,,,2,,1.0,Cycle,S
IND,5555,32021,60182,22/01/2023,14:17:03,15,1,18.0,,,,2,,1.0,Cycle,S
IND,5555,32021,60182,22/01/2023,14:17:17,15,1,28.0,,,,2,,1.0,Cycle,S
IND,5555,32021,60182,22/01/2023,14:18:18,15,1,37.0,,,,2,,1.0,Cycle,S
IND,5555,32021,60182,22/01/2023,14:18:18,15,3,16.0,,,,2,,1.0,Cycle,S
IND,5555,32021,60182,22/01/2023,14:18:18,15,2,15.0,,,,2,,1.0,Cycle,S
IND,5555,32021,60182,22/01/2023,14:18:18,15,3,14.0,,,,2,,1.0,Cycle,S
IND,5555,32021,60182,22/01/2023,14:18:18,15,2,14.0,,,,2,,1.0,Cycle,S
IND,5555,32021,60182,22/01/2023,14:18:20,15,3,18.0,,,,2,,1.0,Cycle,S
IND,5555,32021,60182,22/01/2023,14:18:20,15,3,19.0,,,,2,,1.0,Cycle,S
IND,5555,32021,60182,22/01/2023,14:19:05,15,1,21.0,,,,2,,1.0,Cycle,S
IND,5555,32021,60182,22/01/2023,14:19:05,15,1,19.0,,,,2,,1.0,Cycle,S
IND,5555,32021,60182,22/01/2023,14:23:57,15,3,18.0,,,,2,,1.0,Cycle,S
IND,5555,32021,60182,22/01/2023,14:27:51,15,1,25.0,,,,2,,1.0,Cycle,S
IND,5555,32021,60182,22/01/2023,14:28:16,15,1,20.0,,,,2,,1.0,Cycle,S
IND,5555,32021,60182,22/01/2023,14:28:41,15,1,24.0,,,,2,,1.0,Cycle,S
IND,5555,32021,60182,22/01/2023,14:28:51,15,1,27.0,,,,2,,1.0,Cycle,S
IND,5555,32021,60182,22/01/2023,14:30:24,15,3,19.0,,,,2,,1.0,Cycle,S
IND,5555,32021,60182,22/01/2023,14:32:23,15,3,19.0,,,,2,,1.0,Cycle,S
IND,5555,32021,60182,22/01/2023,14:32:41,15,2,16.0,,,,2,,1.0,Cycle,S
IND,5555,32021,60182,22/01/2023,14:32:41,15,3,14.0,,,,2,,1.0,Cycle,S
IND,5555,32021,60182,22/01/2023,14:32:42,15,2,12.0,,,,2,,1.0,Cycle,S
IND,5555,32021,60182,22/01/2023,14:32:42,15,3,11.0,,,,2,,1.0,Cycle,S
IND,5555,32021,60182,22/01/2023,14:32:46,15,2,10.0,,,,2,,1.0,Cycle,S
IND,5555,32021,60182,22/01/2023,14:32:46,15,3,9.0,,,,2,,1.0,Cycle,S
IND,5555,32021,60182,22/01/2023,14:32:49,15,3,15.0,,,,2,,1.0,Cycle,S
IND,5555,32021,60182,22/01/2023,14:32:49,15,2,15.0,,,,2,,1.0,Cycle,S
IND,5555,32021,60182,22/01/2023,14:32:50,15,2,15.0,,,,2,,1.0,Cycle,S
IND,5555,32021,60182,22/01/2023,14:32:50,15,3,14.0,,,,2,,1.0,Cycle,S
IND,5555,32021,60182,22/01/2023,14:33:07,15,1,24.0,,,,2,,1.0,Cycle,S
IND,5555,32021,60182,22/01/2023,14:33:46,15,2,17.0,,,,2,,1.0,Cycle,S
IND,5555,32021,60182,22/01/2023,14:33:46,15,3,19.0,,,,2,,1.0,Cycle,S
IND,5555,32021,60182,22/01/2023,14:33:46,15,1,30.0,,,,2,,1.0,Cycle,S
IND,5555,32021,60182,22/01/2023,14:33:51,15,1,17.0,,,,2,,1.0,Cycle,S
IND,5555,32021,60182,22/01/2023,14:33:52,15,2,18.0,,,,2,,1.0,Cycle,S
IND,5555,32021,60182,22/01/2023,14:33:52,15,1,14.0,,,,2,,1.0,Cycle,S
IND,5555,32021,60182,22/01/2023,14:35:24,15,2,43.0,,,,2,,1.0,Cycle,S
IND,5555,32021,60182,22/01/2023,14:35:41,15,1,22.0,,,,2,,1.0,Cycle,S
IND,5555,32021,60182,22/01/2023,14:36:13,15,1,20.0,,,,2,,1.0,Cycle,S
IND,5555,32021,60182,22/01/2023,14:37:21,15,1,19.0,,,,2,,1.0,Cycle,S
IND,5555,32021,60182,22/01/2023,14:40:27,15,2,17.0,,,,2,,1.0,Cycle,S
IND,5555,32021,60182,22/01/2023,14:40:27,15,3,15.0,,,,2,,1.0,Cycle,S
IND,5555,32021,60182,22/01/2023,14:40:28,15,2,16.0,,,,2,,1.0,Cycle,S
IND,5555,32021,60182,22/01/2023,14:40:28,15,3,14.0,,,,2,,1.0,Cycle,S
IND,5555,32021,60182,22/01/2023,14:43:33,15,1,20.0,,,,2,,1.0,Cycle,S
IND,5555,32021,60182,22/01/2023,14:44:07,15,1,15.0,,,,2,,1.0,Cycle,S
IND,5555,32021,60182,22/01/2023,14:44:09,15,2,17.0,,,,2,,1.0,Cycle,S
IND,5555,32021,60182,22/01/2023,14:44:09,15,1,16.0,,,,2,,1.0,Cycle,S
IND,5555,32021,60182,22/01/2023,14:44:09,15,2,16.0,,,,2,,1.0,Cycle,S
IND,5555,32021,60182,22/01/2023,14:44:09,15,1,16.0,,,,2,,1.0,Cycle,S
IND,5555,32021,60182,22/01/2023,14:46:42,15,1,21.0,,,,2,,1.0,Cycle,S
IND,5555,32021,60182,22/01/2023,14:46:44,15,1,19.0,,,,2,,1.0,Cycle,S
IND,5555,32021,60182,22/01/2023,14:47:20,15,1,24.0,,,,2,,1.0,Cycle,S
IND,5555,32021,60182,22/01/2023,14:48:18,15,2,59.0,,,,2,,1.0,Cycle,S
IND,5555,32021,60182,22/01/2023,14:49:04,15,2,19.0,,,,2,,1.0,Cycle,S
IND,5555,32021,60182,22/01/2023,14:51:53,15,2,18.0,,,,2,,1.0,Cycle,S
IND,5555,32021,60182,22/01/2023,14:51:54,15,2,14.0,,,,2,,1.0,Cycle,S
IND,5555,32021,60182,22/01/2023,14:51:55,15,3,16.0,,,,2,,1.0,Cycle,S
IND,5555,32021,60182,22/01/2023,14:52:02,15,2,15.0,,,,2,,1.0,Cycle,S
IND,5555,32021,60182,22/01/2023,14:52:02,15,3,13.0,,,,2,,1.0,Cycle,S
IND,5555,32021,60182,22/01/2023,14:52:03,15,2,14.0,,,,2,,1.0,Cycle,S
IND,5555,32021,60182,22/01/2023,14:52:03,15,3,13.0,,,,2,,1.0,Cycle,S
IND,5555,32021,60182,22/01/2023,14:52:06,15,2,14.0,,,,2,,1.0,Cycle,S
IND,5555,32021,60182,22/01/2023,14:52:06,15,2,17.0,,,,2,,1.0,Cycle,S
IND,5555,32021,60182,22/01/2023,14:52:06,15,1,16.0,,,,2,,1.0,Cycle,S
IND,5555,32021,60182,22/01/2023,14:52:07,15,1,18.0,,,,2,,1.0,Cycle,S
IND,5555,32021,60182,22/01/2023,14:52:07,15,2,19.0,,,,2,,1.0,Cycle,S
IND,5555,32021,60182,22/01/2023,14:52:08,15,3,13.0,,,,2,,1.0,Cycle,S
IND,5555,32021,60182,22/01/2023,14:53:23,15,1,24.0,,,,2,,1.0,Cycle,S
IND,5555,32021,60182,22/01/2023,14:54:00,15,1,16.0,,,,2,,1.0,Cycle,S
IND,5555,32021,60182,22/01/2023,14:56:48,15,3,19.0,,,,2,,1.0,Cycle,S
IND,5555,32021,60182,22/01/2023,14:56:51,15,2,15.0,,,,2,,1.0,Cycle,S
IND,5555,32021,60182,22/01/2023,14:56:52,15,3,15.0,,,,2,,1.0,Cycle,S
IND,5555,32021,60182,22/01/2023,14:56:52,15,2,10.0,,,,2,,1.0,Cycle,S
IND,5555,32021,60182,22/01/2023,14:57:36,15,1,23.0,,,,2,,1.0,Cycle,S
IND,5555,32021,60182,22/01/2023,14:57:51,15,3,18.0,,,,2,,1.0,Cycle,S
IND,5555,32021,60182,22/01/2023,14:57:51,15,3,17.0,,,,2,,1.0,Cycle,S
IND,5555,32021,60182,22/01/2023,14:57:55,15,2,16.0,,,,2,,1.0,Cycle,S
IND,5555,32021,60182,22/01/2023,14:57:55,15,3,14.0,,,,2,,1.0,Cycle,S
IND,5555,32021,60182,22/01/2023,14:58:01,15,2,9.0,,,,2,,1.0,Cycle,S
IND,5555,32021,60182,22/01/2023,14:58:02,15,2,10.0,,,,2,,1.0,Cycle,S
IND,5555,32021,60182,22/01/2023,14:58:05,15,3,13.0,,,,2,,1.0,Cycle,S
IND,5555,32021,60182,22/01/2023,14:58:05,15,2,15.0,,,,2,,1.0,Cycle,S
IND,5555,32021,60182,22/01/2023,14:58:06,15,3,11.0,,,,2,,1.0,Cycle,S
IND,5555,32021,60182,22/01/2023,14:58:10,15,3,15.0,,,,2,,1.0,Cycle,S
IND,5555,32021,60182,22/01/2023,14:58:11,15,2,18.0,,,,2,,1.0,Cycle,S
IND,5555,32021,60182,22/01/2023,15:06:29,15,3,19.0,,,,2,,1.0,Cycle,S
IND,5555,32021,60182,22/01/2023,15:06:30,15,2,18.0,,,,2,,1.0,Cycle,S
IND,5555,32021,60182,22/01/2023,15:06:32,15,2,18.0,,,,2,,1.0,Cycle,S
IND,5555,32021,60182,22/01/2023,15:06:32,15,3,15.0,,,,2,,1.0,Cycle,S
IND,5555,32021,60182,22/01/2023,15:06:36,15,2,15.0,,,,2,,1.0,Cycle,S
IND,5555,32021,60182,22/01/2023,15:06:37,15,2,12.0,,,,2,,1.0,Cycle,S
IND,5555,32021,60182,22/01/2023,15:06:38,15,3,14.0,,,,2,,1.0,Cycle,S
IND,5555,32021,60182,22/01/2023,15:06:41,15,2,11.0,,,,2,,1.0,Cycle,S
IND,5555,32021,60182,22/01/2023,15:06:41,15,3,10.0,,,,2,,1.0,Cycle,S
IND,5555,32021,60182,22/01/2023,15:06:42,15,2,10.0,,,,2,,1.0,Cycle,S
IND,5555,32021,60182,22/01/2023,15:06:42,15,3,10.0,,,,2,,1.0,Cycle,S
IND,5555,32021,60182,22/01/2023,15:06:45,15,2,12.0,,,,2,,1.0,Cycle,S
IND,5555,32021,60182,22/01/2023,15:06:45,15,3,10.0,,,,2,,1.0,Cycle,S
IND,5555,32021,60182,22/01/2023,15:06:46,15,2,12.0,,,,2,,1.0,Cycle,S
IND,5555,32021,60182,22/01/2023,15:06:46,15,3,9.0,,,,2,,1.0,Cycle,S
IND,5555,32021,60182,22/01/2023,15:06:49,15,2,13.0,,,,2,,1.0,Cycle,S
IND,5555,32021,60182,22/01/2023,15:06:49,15,3,10.0,,,,2,,1.0,Cycle,S
IND,5555,32021,60182,22/01/2023,15:06:53,15,2,18.0,,,,2,,1.0,Cycle,S
IND,5555,32021,60182,22/01/2023,15:06:53,15,3,14.0,,,,2,,1.0,Cycle,S
IND,5555,32021,60182,22/01/2023,15:06:53,15,2,19.0,,,,2,,1.0,Cycle,S
IND,5555,32021,60182,22/01/2023,15:06:54,15,3,14.0,,,,2,,1.0,Cycle,S
IND,5555,32021,60182,22/01/2023,15:06:55,15,2,19.0,,,,2,,1.0,Cycle,S
IND,5555,32021,60182,22/01/2023,15:06:57,15,3,15.0,,,,2,,1.0,Cycle,S
IND,5555,32021,60182,22/01/2023,15:06:59,15,3,18.0,,,,2,,1.0,Cycle,S
IND,5555,32021,60182,22/01/2023,15:07:33,15,2,17.0,,,,2,,1.0,Cycle,S
IND,5555,32021,60182,22/01/2023,15:07:57,15,2,11.0,,,,2,,1.0,Cycle,S
IND,5555,32021,60182,22/01/2023,15:08:04,15,2,12.0,,,,2,,1.0,Cycle,S
IND,5555,32021,60182,22/01/2023,15:08:04,15,3,11.0,,,,2,,1.0,Cycle,S
IND,5555,32021,60182,22/01/2023,15:08:56,15,1,14.0,,,,2,,1.0,Cycle,S
IND,5555,32021,60182,22/01/2023,15:09:34,15,1,21.0,,,,2,,1.0,Cycle,S
IND,5555,32021,60182,22/01/2023,15:11:20,15,1,17.0,,,,2,,1.0,Cycle,S
IND,5555,32021,60182,22/01/2023,15:11:21,15,3,19.0,,,,2,,1.0,Cycle,S
IND,5555,32021,60182,22/01/2023,15:12:37,15,3,16.0,,,,2,,1.0,Cycle,S
IND,5555,32021,60182,22/01/2023,15:12:37,15,3,12.0,,,,2,,1.0,Cycle,S
IND,5555,32021,60182,22/01/2023,15:12:41,15,2,13.0,,,,2,,1.0,Cycle,S
IND,5555,32021,60182,22/01/2023,15:12:41,15,3,12.0,,,,2,,1.0,Cycle,S
IND,5555,32021,60182,22/01/2023,15:12:41,15,2,17.0,,,,2,,1.0,Cycle,S
IND,5555,32021,60182,22/01/2023,15:12:41,15,3,14.0,,,,2,,1.0,Cycle,S
IND,5555,32021,60182,22/01/2023,15:12:44,15,2,15.0,,,,2,,1.0,Cycle,S
IND,5555,32021,60182,22/01/2023,15:12:44,15,3,15.0,,,,2,,1.0,Cycle,S
IND,5555,32021,60182,22/01/2023,15:12:44,15,2,19.0,,,,2,,1.0,Cycle,S
IND,5555,32021,60182,22/01/2023,15:12:46,15,2,17.0,,,,2,,1.0,Cycle,S
IND,5555,32021,60182,22/01/2023,15:12:46,15,3,16.0,,,,2,,1.0,Cycle,S
IND,5555,32021,60182,22/01/2023,15:12:47,15,2,19.0,,,,2,,1.0,Cycle,S
IND,5555,32021,60182,22/01/2023,15:13:01,15,2,19.0,,,,2,,1.0,Cycle,S
IND,5555,32021,60182,22/01/2023,15:13:06,15,2,17.0,,,,2,,1.0,Cycle,S
IND,5555,32021,60182,22/01/2023,15:13:06,15,3,15.0,,,,2,,1.0,Cycle,S
IND,5555,32021,60182,22/01/2023,15:13:07,15,2,16.0,,,,2,,1.0,Cycle,S
IND,5555,32021,60182,22/01/2023,15:13:07,15,3,14.0,,,,2,,1.0,Cycle,S
IND,5555,32021,60182,22/01/2023,15:13:09,15,2,17.0,,,,2,,1.0,Cycle,S
IND,5555,32021,60182,22/01/2023,15:13:09,15,3,14.0,,,,2,,1.0,Cycle,S
IND,5555,32021,60182,22/01/2023,15:13:10,15,2,17.0,,,,2,,1.0,Cycle,S
IND,5555,32021,60182,22/01/2023,15:13:10,15,3,13.0,,,,2,,1.0,Cycle,S
IND,5555,32021,60182,22/01/2023,15:13:38,15,1,27.0,,,,2,,1.0,Cycle,S
IND,5555,32021,60182,22/01/2023,15:13:42,15,3,19.0,,,,2,,1.0,Cycle,S
IND,5555,32021,60182,22/01/2023,15:13:45,15,2,19.0,,,,2,,1.0,Cycle,S
IND,5555,32021,60182,22/01/2023,15:13:45,15,2,19.0,,,,2,,1.0,Cycle,S
IND,5555,32021,60182,22/01/2023,15:13:46,15,2,17.0,,,,2,,1.0,Cycle,S
IND,5555,32021,60182,22/01/2023,15:13:47,15,3,17.0,,,,2,,1.0,Cycle,S
IND,5555,32021,60182,22/01/2023,15:13:47,15,3,17.0,,,,2,,1.0,Cycle,S
IND,5555,32021,60182,22/01/2023,15:13:50,15,2,13.0,,,,2,,1.0,Cycle,S
IND,5555,32021,60182,22/01/2023,15:13:50,15,3,12.0,,,,2,,1.0,Cycle,S
IND,5555,32021,60182,22/01/2023,15:13:51,15,2,13.0,,,,2,,1.0,Cycle,S
IND,5555,32021,60182,22/01/2023,15:13:51,15,3,12.0,,,,2,,1.0,Cycle,S
IND,5555,32021,60182,22/01/2023,15:13:53,15,2,14.0,,,,2,,1.0,Cycle,S
IND,5555,32021,60182,22/01/2023,15:13:53,15,3,13.0,,,,2,,1.0,Cycle,S
IND,5555,32021,60182,22/01/2023,15:13:54,15,2,15.0,,,,2,,1.0,Cycle,S
IND,5555,32021,60182,22/01/2023,15:13:54,15,3,14.0,,,,2,,1.0,Cycle,S
IND,5555,32021,60182,22/01/2023,15:13:56,15,2,18.0,,,,2,,1.0,Cycle,S
IND,5555,32021,60182,22/01/2023,15:13:56,15,3,16.0,,,,2,,1.0,Cycle,S
IND,5555,32021,60182,22/01/2023,15:15:48,15,2,16.0,,,,2,,1.0,Cycle,S
IND,5555,32021,60182,22/01/2023,15:15:48,15,3,15.0,,,,2,,1.0,Cycle,S
IND,5555,32021,60182,22/01/2023,15:15:48,15,2,10.0,,,,2,,1.0,Cycle,S
IND,5555,32021,60182,22/01/2023,15:15:49,15,3,9.0,,,,2,,1.0,Cycle,S
IND,5555,32021,60182,22/01/2023,15:17:09,15,2,40.0,,,,2,,1.0,Cycle,S
IND,5555,32021,60182,22/01/2023,15:18:22,15,1,25.0,,,,2,,1.0,Cycle,S
IND,5555,32021,60182,22/01/2023,15:19:46,15,2,83.0,,,,2,,1.0,Cycle,S
IND,5555,32021,60182,22/01/2023,15:20:24,15,2,19.0,,,,2,,1.0,Cycle,S
IND,5555,32021,60182,22/01/2023,15:20:26,15,3,12.0,,,,2,,1.0,Cycle,S
IND,5555,32021,60182,22/01/2023,15:20:26,15,2,12.0,,,,2,,1.0,Cycle,S
IND,5555,32021,60182,22/01/2023,15:20:27,15,3,9.0,,,,2,,1.0,Cycle,S
IND,5555,32021,60182,22/01/2023,15:20:27,15,2,9.0,,,,2,,1.0,Cycle,S
IND,5555,32021,60182,22/01/2023,15:20:32,15,3,19.0,,,,2,,1.0,Cycle,S
IND,5555,32021,60182,22/01/2023,15:21:28,15,2,18.0,,,,2,,1.0,Cycle,S
IND,5555,32021,60182,22/01/2023,15:21:28,15,3,17.0,,,,2,,1.0,Cycle,S
IND,5555,32021,60182,22/01/2023,15:21:29,15,2,16.0,,,,2,,1.0,Cycle,S
IND,5555,32021,60182,22/01/2023,15:21:29,15,3,13.0,,,,2,,1.0,Cycle,S
IND,5555,32021,60182,22/01/2023,15:21:30,15,2,13.0,,,,2,,1.0,Cycle,S
IND,5555,32021,60182,22/01/2023,15:21:31,15,3,11.0,,,,2,,1.0,Cycle,S
IND,5555,32021,60182,22/01/2023,15:23:23,15,1,23.0,,,,2,,1.0,Cycle,S
IND,5555,32021,60182,22/01/2023,15:23:24,15,1,22.0,,,,2,,1.0,Cycle,S
IND,5555,32021,60182,22/01/2023,15:25:43,15,3,17.0,,,,2,,1.0,Cycle,S
IND,5555,32021,60182,22/01/2023,15:28:45,15,2,13.0,,,,2,,1.0,Cycle,S
IND,5555,32021,60182,22/01/2023,15:28:45,15,3,13.0,,,,2,,1.0,Cycle,S
IND,5555,32021,60182,22/01/2023,15:28:52,15,2,11.0,,,,2,,1.0,Cycle,S
IND,5555,32021,60182,22/01/2023,15:28:52,15,2,16.0,,,,2,,1.0,Cycle,S
IND,5555,32021,60182,22/01/2023,15:28:55,15,2,18.0,,,,2,,1.0,Cycle,S
IND,5555,32021,60182,22/01/2023,15:28:55,15,1,16.0,,,,2,,1.0,Cycle,S
IND,5555,32021,60182,22/01/2023,15:28:55,15,2,18.0,,,,2,,1.0,Cycle,S
IND,5555,32021,60182,22/01/2023,15:28:55,15,1,18.0,,,,2,,1.0,Cycle,S
IND,5555,32021,60182,22/01/2023,15:28:57,15,3,17.0,,,,2,,1.0,Cycle,S
IND,5555,32021,60182,22/01/2023,15:28:58,15,3,18.0,,,,2,,1.0,Cycle,S
IND,5555,32021,60182,22/01/2023,15:29:32,15,3,18.0,,,,2,,1.0,Cycle,S
IND,5555,32021,60182,22/01/2023,15:29:33,15,2,15.0,,,,2,,1.0,Cycle,S
IND,5555,32021,60182,22/01/2023,15:29:33,15,3,15.0,,,,2,,1.0,Cycle,S
IND,5555,32021,60182,22/01/2023,15:29:36,15,2,17.0,,,,2,,1.0,Cycle,S
IND,5555,32021,60182,22/01/2023,15:29:37,15,2,15.0,,,,2,,1.0,Cycle,S
IND,5555,32021,60182,22/01/2023,15:29:37,15,3,14.0,,,,2,,1.0,Cycle,S
IND,5555,32021,60182,22/01/2023,15:29:39,15,2,16.0,,,,2,,1.0,Cycle,S
IND,5555,32021,60182,22/01/2023,15:29:39,15,3,13.0,,,,2,,1.0,Cycle,S
IND,5555,32021,60182,22/01/2023,15:29:40,15,2,16.0,,,,2,,1.0,Cycle,S
IND,5555,32021,60182,22/01/2023,15:29:40,15,3,11.0,,,,2,,1.0,Cycle,S
IND,5555,32021,60182,22/01/2023,15:29:42,15,2,18.0,,,,2,,1.0,Cycle,S
IND,5555,32021,60182,22/01/2023,15:29:42,15,3,15.0,,,,2,,1.0,Cycle,S
IND,5555,32021,60182,22/01/2023,15:29:42,15,2,18.0,,,,2,,1.0,Cycle,S
IND,5555,32021,60182,22/01/2023,15:29:42,15,3,16.0,,,,2,,1.0,Cycle,S
IND,5555,32021,60182,22/01/2023,15:29:44,15,3,15.0,,,,2,,1.0,Cycle,S
IND,5555,32021,60182,22/01/2023,15:29:44,15,2,14.0,,,,2,,1.0,Cycle,S
IND,5555,32021,60182,22/01/2023,15:29:45,15,2,18.0,,,,2,,1.0,Cycle,S
IND,5555,32021,60182,22/01/2023,15:29:45,15,3,16.0,,,,2,,1.0,Cycle,S
IND,5555,32021,60182,22/01/2023,15:31:46,15,1,22.0,,,,2,,1.0,Cycle,S
IND,5555,32021,60182,22/01/2023,15:31:49,15,1,21.0,,,,2,,1.0,Cycle,S
IND,5555,32021,60182,22/01/2023,15:32:37,15,3,14.0,,,,2,,1.0,Cycle,S
IND,5555,32021,60182,22/01/2023,15:32:37,15,2,14.0,,,,2,,1.0,Cycle,S
IND,5555,32021,60182,22/01/2023,15:32:38,15,2,10.0,,,,2,,1.0,Cycle,S
IND,5555,32021,60182,22/01/2023,15:32:38,15,3,9.0,,,,2,,1.0,Cycle,S
IND,5555,32021,60182,22/01/2023,15:34:39,15,1,30.0,,,,2,,1.0,Cycle,S
IND,5555,32021,60182,22/01/2023,15:34:39,15,1,28.0,,,,2,,1.0,Cycle,S
IND,5555,32021,60182,22/01/2023,15:35:39,15,2,19.0,,,,2,,1.0,Cycle,S
IND,5555,32021,60182,22/01/2023,15:35:39,15,2,16.0,,,,2,,1.0,Cycle,S
IND,5555,32021,60182,22/01/2023,15:35:52,15,2,38.0,,,,2,,1.0,Cycle,S
IND,5555,32021,60182,22/01/2023,15:35:58,15,1,22.0,,,,2,,1.0,Cycle,S
IND,5555,32021,60182,22/01/2023,15:36:48,15,2,19.0,,,,2,,1.0,Cycle,S
IND,5555,32021,60182,22/01/2023,15:36:48,15,3,18.0,,,,2,,1.0,Cycle,S
IND,5555,32021,60182,22/01/2023,15:36:49,15,2,18.0,,,,2,,1.0,Cycle,S
IND,5555,32021,60182,22/01/2023,15:36:49,15,3,17.0,,,,2,,1.0,Cycle,S
IND,5555,32021,60182,22/01/2023,15:39:45,15,3,19.0,,,,2,,1.0,Cycle,S
IND,5555,32021,60182,22/01/2023,15:39:49,15,2,19.0,,,,2,,1.0,Cycle,S
IND,5555,32021,60182,22/01/2023,15:40:07,15,3,11.0,,,,2,,1.0,Cycle,S
IND,5555,32021,60182,22/01/2023,15:40:07,15,2,11.0,,,,2,,1.0,Cycle,S
IND,5555,32021,60182,22/01/2023,15:40:08,15,3,9.0,,,,2,,1.0,Cycle,S
IND,5555,32021,60182,22/01/2023,15:40:08,15,2,9.0,,,,2,,1.0,Cycle,S
IND,5555,32021,60182,22/01/2023,15:40:35,15,2,74.0,,,,2,,1.0,Cycle,S
IND,5555,32021,60182,22/01/2023,15:40:45,15,2,15.0,,,,2,,1.0,Cycle,S
IND,5555,32021,60182,22/01/2023,15:40:45,15,3,14.0,,,,2,,1.0,Cycle,S
IND,5555,32021,60182,22/01/2023,15:40:46,15,2,16.0,,,,2,,1.0,Cycle,S
IND,5555,32021,60182,22/01/2023,15:40:49,15,3,15.0,,,,2,,1.0,Cycle,S
IND,5555,32021,60182,22/01/2023,15:40:49,15,2,16.0,,,,2,,1.0,Cycle,S
IND,5555,32021,60182,22/01/2023,15:40:50,15,2,13.0,,,,2,,1.0,Cycle,S
IND,5555,32021,60182,22/01/2023,15:40:50,15,3,13.0,,,,2,,1.0,Cycle,S
IND,5555,32021,60182,22/01/2023,15:40:51,15,2,10.0,,,,2,,1.0,Cycle,S
IND,5555,32021,60182,22/01/2023,15:40:51,15,3,9.0,,,,2,,1.0,Cycle,S
IND,5555,32021,60182,22/01/2023,15:44:29,15,3,18.0,,,,2,,1.0,Cycle,S
IND,5555,32021,60182,22/01/2023,15:44:31,15,1,19.0,,,,2,,1.0,Cycle,S
IND,5555,32021,60182,22/01/2023,15:46:16,15,1,21.0,,,,2,,1.0,Cycle,S
IND,5555,32021,60182,22/01/2023,15:47:18,15,1,21.0,,,,2,,1.0,Cycle,S
IND,5555,32021,60182,22/01/2023,15:47:57,15,1,25.0,,,,2,,1.0,Cycle,S
IND,5555,32021,60182,22/01/2023,15:47:58,15,1,22.0,,,,2,,1.0,Cycle,S
IND,5555,32021,60182,22/01/2023,15:48:12,15,1,27.0,,,,2,,1.0,Cycle,S
IND,5555,32021,60182,22/01/2023,15:49:44,15,1,26.0,,,,2,,1.0,Cycle,S
IND,5555,32021,60182,22/01/2023,15:50:30,15,2,19.0,,,,2,,1.0,Cycle,S
IND,5555,32021,60182,22/01/2023,15:51:27,15,1,22.0,,,,2,,1.0,Cycle,S
IND,5555,32021,60182,22/01/2023,15:51:43,15,2,50.0,,,,2,,1.0,Cycle,S
IND,5555,32021,60182,22/01/2023,15:54:14,15,2,19.0,,,,2,,1.0,Cycle,S
IND,5555,32021,60182,22/01/2023,15:54:14,15,2,17.0,,,,2,,1.0,Cycle,S
IND,5555,32021,60182,22/01/2023,15:54:15,15,3,17.0,,,,2,,1.0,Cycle,S
IND,5555,32021,60182,22/01/2023,15:54:25,15,2,15.0,,,,2,,1.0,Cycle,S
IND,5555,32021,60182,22/01/2023,15:54:25,15,3,14.0,,,,2,,1.0,Cycle,S
IND,5555,32021,60182,22/01/2023,15:54:26,15,2,17.0,,,,2,,1.0,Cycle,S
IND,5555,32021,60182,22/01/2023,15:54:26,15,3,15.0,,,,2,,1.0,Cycle,S
IND,5555,32021,60182,22/01/2023,15:54:28,15,2,19.0,,,,2,,1.0,Cycle,S
IND,5555,32021,60182,22/01/2023,15:54:28,15,3,17.0,,,,2,,1.0,Cycle,S
IND,5555,32021,60182,22/01/2023,15:54:29,15,3,18.0,,,,2,,1.0,Cycle,S
IND,5555,32021,60182,22/01/2023,15:54:36,15,3,18.0,,,,2,,1.0,Cycle,S
IND,5555,32021,60182,22/01/2023,15:54:36,15,3,19.0,,,,2,,1.0,Cycle,S
IND,5555,32021,60182,22/01/2023,15:54:39,15,2,16.0,,,,2,,1.0,Cycle,S
IND,5555,32021,60182,22/01/2023,15:54:40,15,2,15.0,,,,2,,1.0,Cycle,S
IND,5555,32021,60182,22/01/2023,15:54:40,15,3,12.0,,,,2,,1.0,Cycle,S
IND,5555,32021,60182,22/01/2023,15:54:42,15,3,11.0,,,,2,,1.0,Cycle,S
IND,5555,32021,60182,22/01/2023,15:54:43,15,3,9.0,,,,2,,1.0,Cycle,S
IND,5555,32021,60182,22/01/2023,15:54:48,15,2,11.0,,,,2,,1.0,Cycle,S
IND,5555,32021,60182,22/01/2023,15:54:48,15,3,10.0,,,,2,,1.0,Cycle,S
IND,5555,32021,60182,22/01/2023,15:54:51,15,2,14.0,,,,2,,1.0,Cycle,S
IND,5555,32021,60182,22/01/2023,15:54:51,15,3,14.0,,,,2,,1.0,Cycle,S
IND,5555,32021,60182,22/01/2023,15:54:51,15,2,18.0,,,,2,,1.0,Cycle,S
IND,5555,32021,60182,22/01/2023,15:54:51,15,3,16.0,,,,2,,1.0,Cycle,S
IND,5555,32021,60182,22/01/2023,15:55:09,15,2,18.0,,,,2,,1.0,Cycle,S
IND,5555,32021,60182,22/01/2023,15:55:09,15,3,16.0,,,,2,,1.0,Cycle,S
IND,5555,32021,60182,22/01/2023,15:55:10,15,2,16.0,,,,2,,1.0,Cycle,S
IND,5555,32021,60182,22/01/2023,15:55:10,15,3,15.0,,,,2,,1.0,Cycle,S
IND,5555,32021,60182,22/01/2023,15:55:12,15,2,13.0,,,,2,,1.0,Cycle,S
IND,5555,32021,60182,22/01/2023,15:55:12,15,3,11.0,,,,2,,1.0,Cycle,S
IND,5555,32021,60182,22/01/2023,15:56:40,15,2,15.0,,,,2,,1.0,Cycle,S
IND,5555,32021,60182,22/01/2023,15:56:45,15,2,15.0,,,,2,,1.0,Cycle,S
IND,5555,32021,60182,22/01/2023,15:56:46,15,2,11.0,,,,2,,1.0,Cycle,S
IND,5555,32021,60182,22/01/2023,15:56:47,15,3,13.0,,,,2,,1.0,Cycle,S
IND,5555,32021,60182,22/01/2023,15:57:50,15,1,20.0,,,,2,,1.0,Cycle,S
IND,5555,32021,60182,22/01/2023,15:57:52,15,1,20.0,,,,2,,1.0,Cycle,S
IND,5555,32021,60182,22/01/2023,15:58:00,15,3,14.0,,,,2,,1.0,Cycle,S
IND,5555,32021,60182,22/01/2023,15:58:01,15,2,14.0,,,,2,,1.0,Cycle,S
IND,5555,32021,60182,22/01/2023,15:58:01,15,2,9.0,,,,2,,1.0,Cycle,S
IND,5555,32021,60182,22/01/2023,15:58:01,15,3,9.0,,,,2,,1.0,Cycle,S
IND,5555,32021,60182,22/01/2023,15:58:22,15,1,18.0,,,,2,,1.0,Cycle,S
IND,5555,32021,60182,22/01/2023,16:00:48,15,2,16.0,,,,2,,1.0,Cycle,S
IND,5555,32021,60182,22/01/2023,16:00:48,15,2,18.0,,,,2,,1.0,Cycle,S
IND,5555,32021,60182,22/01/2023,16:00:49,15,1,13.0,,,,2,,1.0,Cycle,S
IND,5555,32021,60182,22/01/2023,16:00:49,15,1,13.0,,,,2,,1.0,Cycle,S
IND,5555,32021,60182,22/01/2023,16:01:36,15,2,45.0,,,,2,,1.0,Cycle,S
IND,5555,32021,60182,22/01/2023,16:01:53,15,3,23.0,,,,2,,1.0,Cycle,S
IND,5555,32021,60182,22/01/2023,16:05:01,15,2,66.0,,,,2,,1.0,Cycle,S
IND,5555,32021,60182,22/01/2023,16:05:19,15,1,24.0,,,,2,,1.0,Cycle,S
IND,5555,32021,60182,22/01/2023,16:05:54,15,1,21.0,,,,2,,1.0,Cycle,S
IND,5555,32021,60182,22/01/2023,16:08:50,15,1,30.0,,,,2,,1.0,Cycle,S
IND,5555,32021,60182,22/01/2023,16:08:55,15,1,31.0,,,,2,,1.0,Cycle,S
IND,5555,32021,60182,22/01/2023,16:10:07,15,1,26.0,,,,2,,1.0,Cycle,S
IND,5555,32021,60182,22/01/2023,16:10:11,15,2,34.0,,,,2,,1.0,Cycle,S
IND,5555,32021,60182,22/01/2023,16:10:11,15,2,41.0,,,,2,,1.0,Cycle,S
IND,5555,32021,60182,22/01/2023,16:10:21,15,3,18.0,,,,2,,1.0,Cycle,S
IND,5555,32021,60182,22/01/2023,16:10:24,15,3,26.0,,,,2,,1.0,Cycle,S
IND,5555,32021,60182,22/01/2023,16:13:54,15,3,17.0,,,,2,,1.0,Cycle,S
IND,5555,32021,60182,22/01/2023,16:13:54,15,2,17.0,,,,2,,1.0,Cycle,S
IND,5555,32021,60182,22/01/2023,16:13:55,15,3,9.0,,,,2,,1.0,Cycle,S
IND,5555,32021,60182,22/01/2023,16:13:55,15,2,9.0,,,,2,,1.0,Cycle,S
IND,5555,32021,60182,22/01/2023,16:13:57,15,2,59.0,,,,2,,1.0,Cycle,S
IND,5555,32021,60182,22/01/2023,16:14:00,15,2,10.0,,,,2,,1.0,Cycle,S
IND,5555,32021,60182,22/01/2023,16:14:00,15,3,9.0,,,,2,,1.0,Cycle,S
IND,5555,32021,60182,22/01/2023,16:14:01,15,2,15.0,,,,2,,1.0,Cycle,S
IND,5555,32021,60182,22/01/2023,16:14:01,15,3,10.0,,,,2,,1.0,Cycle,S
IND,5555,32021,60182,22/01/2023,16:14:47,15,1,22.0,,,,2,,1.0,Cycle,S
IND,5555,32021,60182,22/01/2023,16:17:45,15,2,47.0,,,,2,,1.0,Cycle,S
IND,5555,32021,60182,22/01/2023,16:17:55,15,3,18.0,,,,2,,1.0,Cycle,S
IND,5555,32021,60182,22/01/2023,16:20:23,15,3,19.0,,,,2,,1.0,Cycle,S
IND,5555,32021,60182,22/01/2023,16:20:23,15,2,19.0,,,,2,,1.0,Cycle,S
IND,5555,32021,60182,22/01/2023,16:20:23,15,2,16.0,,,,2,,1.0,Cycle,S
IND,5555,32021,60182,22/01/2023,16:20:23,15,3,15.0,,,,2,,1.0,Cycle,S
IND,5555,32021,60182,22/01/2023,16:20:27,15,3,11.0,,,,2,,1.0,Cycle,S
IND,5555,32021,60182,22/01/2023,16:20:27,15,2,11.0,,,,2,,1.0,Cycle,S
IND,5555,32021,60182,22/01/2023,16:20:29,15,1,19.0,,,,2,,1.0,Cycle,S
IND,5555,32021,60182,22/01/2023,16:20:30,15,1,16.0,,,,2,,1.0,Cycle,S
IND,5555,32021,60182,22/01/2023,16:20:31,15,1,18.0,,,,2,,1.0,Cycle,S
IND,5555,32021,60182,22/01/2023,16:20:35,15,2,14.0,,,,2,,1.0,Cycle,S
IND,5555,32021,60182,22/01/2023,16:20:35,15,3,12.0,,,,2,,1.0,Cycle,S
IND,5555,32021,60182,22/01/2023,16:20:36,15,2,17.0,,,,2,,1.0,Cycle,S
IND,5555,32021,60182,22/01/2023,16:20:36,15,3,14.0,,,,2,,1.0,Cycle,S
IND,5555,32021,60182,22/01/2023,16:20:38,15,1,21.0,,,,2,,1.0,Cycle,S
IND,5555,32021,60182,22/01/2023,16:20:39,15,2,19.0,,,,2,,1.0,Cycle,S
IND,5555,32021,60182,22/01/2023,16:20:41,15,3,16.0,,,,2,,1.0,Cycle,S
IND,5555,32021,60182,22/01/2023,16:20:42,15,2,19.0,,,,2,,1.0,Cycle,S
IND,5555,32021,60182,22/01/2023,16:20:42,15,2,19.0,,,,2,,1.0,Cycle,S
IND,5555,32021,60182,22/01/2023,16:20:43,15,3,16.0,,,,2,,1.0,Cycle,S
IND,5555,32021,60182,22/01/2023,16:20:45,15,3,18.0,,,,2,,1.0,Cycle,S
IND,5555,32021,60182,22/01/2023,16:20:45,15,2,17.0,,,,2,,1.0,Cycle,S
IND,5555,32021,60182,22/01/2023,16:20:45,15,3,15.0,,,,2,,1.0,Cycle,S
IND,5555,32021,60182,22/01/2023,16:20:48,15,3,12.0,,,,2,,1.0,Cycle,S
IND,5555,32021,60182,22/01/2023,16:20:50,15,2,19.0,,,,2,,1.0,Cycle,S
IND,5555,32021,60182,22/01/2023,16:20:51,15,2,19.0,,,,2,,1.0,Cycle,S
IND,5555,32021,60182,22/01/2023,16:20:51,15,3,14.0,,,,2,,1.0,Cycle,S
IND,5555,32021,60182,22/01/2023,16:21:44,15,1,16.0,,,,2,,1.0,Cycle,S
IND,5555,32021,60182,22/01/2023,16:24:33,15,2,19.0,,,,2,,1.0,Cycle,S
IND,5555,32021,60182,22/01/2023,16:25:01,15,1,28.0,,,,2,,1.0,Cycle,S
IND,5555,32021,60182,22/01/2023,16:25:06,15,3,14.0,,,,2,,1.0,Cycle,S
IND,5555,32021,60182,22/01/2023,16:25:06,15,2,14.0,,,,2,,1.0,Cycle,S
IND,5555,32021,60182,22/01/2023,16:25:06,15,3,14.0,,,,2,,1.0,Cycle,S
IND,5555,32021,60182,22/01/2023,16:25:06,15,2,13.0,,,,2,,1.0,Cycle,S
IND,5555,32021,60182,22/01/2023,16:25:09,15,2,12.0,,,,2,,1.0,Cycle,S
IND,5555,32021,60182,22/01/2023,16:25:09,15,3,11.0,,,,2,,1.0,Cycle,S
IND,5555,32021,60182,22/01/2023,16:25:10,15,2,9.0,,,,2,,1.0,Cycle,S
IND,5555,32021,60182,22/01/2023,16:25:12,15,2,11.0,,,,2,,1.0,Cycle,S
IND,5555,32021,60182,22/01/2023,16:25:12,15,3,9.0,,,,2,,1.0,Cycle,S
IND,5555,32021,60182,22/01/2023,16:25:13,15,2,15.0,,,,2,,1.0,Cycle,S
IND,5555,32021,60182,22/01/2023,16:25:13,15,3,12.0,,,,2,,1.0,Cycle,S
IND,5555,32021,60182,22/01/2023,16:30:48,15,2,16.0,,,,2,,1.0,Cycle,S
IND,5555,32021,60182,22/01/2023,16:30:48,15,3,12.0,,,,2,,1.0,Cycle,S
IND,5555,32021,60182,22/01/2023,16:30:53,15,2,10.0,,,,2,,1.0,Cycle,S
IND,5555,32021,60182,22/01/2023,16:30:54,15,2,13.0,,,,2,,1.0,Cycle,S
IND,5555,32021,60182,22/01/2023,16:30:54,15,3,10.0,,,,2,,1.0,Cycle,S
IND,5555,32021,60182,22/01/2023,16:31:14,15,1,18.0,,,,2,,1.0,Cycle,S
IND,5555,32021,60182,22/01/2023,16:31:18,15,2,19.0,,,,2,,1.0,Cycle,S
IND,5555,32021,60182,22/01/2023,16:31:20,15,2,15.0,,,,2,,1.0,Cycle,S
IND,5555,32021,60182,22/01/2023,16:31:21,15,2,13.0,,,,2,,1.0,Cycle,S
IND,5555,32021,60182,22/01/2023,16:31:21,15,3,11.0,,,,2,,1.0,Cycle,S
IND,5555,32021,60182,22/01/2023,16:31:24,15,2,16.0,,,,2,,1.0,Cycle,S
IND,5555,32021,60182,22/01/2023,16:31:24,15,3,13.0,,,,2,,1.0,Cycle,S
IND,5555,32021,60182,22/01/2023,16:31:25,15,2,15.0,,,,2,,1.0,Cycle,S
IND,5555,32021,60182,22/01/2023,16:31:28,15,3,12.0,,,,2,,1.0,Cycle,S
IND,5555,32021,60182,22/01/2023,16:31:28,15,2,11.0,,,,2,,1.0,Cycle,S
IND,5555,32021,60182,22/01/2023,16:31:29,15,3,9.0,,,,2,,1.0,Cycle,S
IND,5555,32021,60182,22/01/2023,16:31:38,15,2,9.0,,,,2,,1.0,Cycle,S
IND,5555,32021,60182,22/01/2023,16:31:41,15,2,16.0,,,,2,,1.0,Cycle,S
IND,5555,32021,60182,22/01/2023,16:31:41,15,3,13.0,,,,2,,1.0,Cycle,S
IND,5555,32021,60182,22/01/2023,16:31:42,15,2,18.0,,,,2,,1.0,Cycle,S
IND,5555,32021,60182,22/01/2023,16:31:42,15,3,15.0,,,,2,,1.0,Cycle,S
IND,5555,32021,60182,22/01/2023,16:31:43,15,2,18.0,,,,2,,1.0,Cycle,S
IND,5555,32021,60182,22/01/2023,16:31:43,15,2,19.0,,,,2,,1.0,Cycle,S
IND,5555,32021,60182,22/01/2023,16:31:47,15,3,19.0,,,,2,,1.0,Cycle,S
IND,5555,32021,60182,22/01/2023,16:31:48,15,3,19.0,,,,2,,1.0,Cycle,S
IND,5555,32021,60182,22/01/2023,16:34:24,15,3,19.0,,,,2,,1.0,Cycle,S
IND,5555,32021,60182,22/01/2023,16:39:21,15,1,25.0,,,,2,,1.0,Cycle,S
IND,5555,32021,60182,22/01/2023,16:41:33,15,2,18.0,,,,2,,1.0,Cycle,S
IND,5555,32021,60182,22/01/2023,16:41:33,15,3,14.0,,,,2,,1.0,Cycle,S
IND,5555,32021,60182,22/01/2023,16:41:34,15,2,18.0,,,,2,,1.0,Cycle,S
IND,5555,32021,60182,22/01/2023,16:41:34,15,3,15.0,,,,2,,1.0,Cycle,S
IND,5555,32021,60182,22/01/2023,16:42:31,15,2,13.0,,,,2,,1.0,Cycle,S
IND,5555,32021,60182,22/01/2023,16:42:32,15,3,18.0,,,,2,,1.0,Cycle,S
IND,5555,32021,60182,22/01/2023,16:42:32,15,2,19.0,,,,2,,1.0,Cycle,S
IND,5555,32021,60182,22/01/2023,16:42:35,15,3,18.0,,,,2,,1.0,Cycle,S
IND,5555,32021,60182,22/01/2023,16:42:35,15,2,18.0,,,,2,,1.0,Cycle,S
IND,5555,32021,60182,22/01/2023,16:42:36,15,2,17.0,,,,2,,1.0,Cycle,S
IND,5555,32021,60182,22/01/2023,16:42:36,15,3,16.0,,,,2,,1.0,Cycle,S
IND,5555,32021,60182,22/01/2023,16:44:07,15,2,34.0,,,,2,,1.0,Cycle,S
IND,5555,32021,60182,22/01/2023,16:46:44,15,1,28.0,,,,2,,1.0,Cycle,S
IND,5555,32021,60182,22/01/2023,16:46:44,15,1,29.0,,,,2,,1.0,Cycle,S
IND,5555,32021,60182,22/01/2023,16:46:45,15,1,30.0,,,,2,,1.0,Cycle,S
IND,5555,32021,60182,22/01/2023,16:47:27,15,3,19.0,,,,2,,1.0,Cycle,S
IND,5555,32021,60182,22/01/2023,16:47:35,15,2,54.0,,,,2,,1.0,Cycle,S
IND,5555,32021,60182,22/01/2023,16:53:25,15,1,20.0,,,,2,,1.0,Cycle,S
IND,5555,32021,60182,22/01/2023,16:53:43,15,1,18.0,,,,2,,1.0,Cycle,S
IND,5555,32021,60182,22/01/2023,16:53:43,15,2,14.0,,,,2,,1.0,Cycle,S
IND,5555,32021,60182,22/01/2023,16:53:43,15,2,14.0,,,,2,,1.0,Cycle,S
IND,5555,32021,60182,22/01/2023,16:53:43,15,2,14.0,,,,2,,1.0,Cycle,S
IND,5555,32021,60182,22/01/2023,16:57:17,15,3,19.0,,,,2,,1.0,Cycle,S
IND,5555,32021,60182,22/01/2023,16:57:41,15,1,19.0,,,,2,,1.0,Cycle,S
IND,5555,32021,60182,22/01/2023,16:59:28,15,3,15.0,,,,2,,1.0,Cycle,S
IND,5555,32021,60182,22/01/2023,16:59:30,15,2,19.0,,,,2,,1.0,Cycle,S
IND,5555,32021,60182,22/01/2023,16:59:30,15,3,16.0,,,,2,,1.0,Cycle,S
IND,5555,32021,60182,22/01/2023,16:59:31,15,2,17.0,,,,2,,1.0,Cycle,S
IND,5555,32021,60182,22/01/2023,16:59:31,15,3,15.0,,,,2,,1.0,Cycle,S
IND,5555,32021,60182,22/01/2023,16:59:40,15,1,19.0,,,,2,,1.0,Cycle,S
IND,5555,32021,60182,22/01/2023,16:59:41,15,1,18.0,,,,2,,1.0,Cycle,S
IND,5555,32021,60182,22/01/2023,17:01:17,15,2,18.0,,,,2,,1.0,Cycle,S
IND,5555,32021,60182,22/01/2023,17:01:19,15,3,16.0,,,,2,,1.0,Cycle,S
IND,5555,32021,60182,22/01/2023,17:01:20,15,2,15.0,,,,2,,1.0,Cycle,S
IND,5555,32021,60182,22/01/2023,17:01:20,15,3,12.0,,,,2,,1.0,Cycle,S
IND,5555,32021,60182,22/01/2023,17:01:22,15,2,18.0,,,,2,,1.0,Cycle,S
IND,5555,32021,60182,22/01/2023,17:01:22,15,3,15.0,,,,2,,1.0,Cycle,S
IND,5555,32021,60182,22/01/2023,17:01:23,15,2,13.0,,,,2,,1.0,Cycle,S
IND,5555,32021,60182,22/01/2023,17:01:23,15,3,12.0,,,,2,,1.0,Cycle,S
IND,5555,32021,60182,22/01/2023,17:01:26,15,2,15.0,,,,2,,1.0,Cycle,S
IND,5555,32021,60182,22/01/2023,17:01:26,15,3,13.0,,,,2,,1.0,Cycle,S
IND,5555,32021,60182,22/01/2023,17:01:26,15,2,12.0,,,,2,,1.0,Cycle,S
IND,5555,32021,60182,22/01/2023,17:01:27,15,3,11.0,,,,2,,1.0,Cycle,S
IND,5555,32021,60182,22/01/2023,17:01:30,15,2,11.0,,,,2,,1.0,Cycle,S
IND,5555,32021,60182,22/01/2023,17:01:30,15,3,9.0,,,,2,,1.0,Cycle,S
IND,5555,32021,60182,22/01/2023,17:01:31,15,2,10.0,,,,2,,1.0,Cycle,S
IND,5555,32021,60182,22/01/2023,17:01:31,15,3,9.0,,,,2,,1.0,Cycle,S
IND,5555,32021,60182,22/01/2023,17:01:33,15,2,9.0,,,,2,,1.0,Cycle,S
IND,5555,32021,60182,22/01/2023,17:01:42,15,2,10.0,,,,2,,1.0,Cycle,S
IND,5555,32021,60182,22/01/2023,17:01:44,15,2,14.0,,,,2,,1.0,Cycle,S
IND,5555,32021,60182,22/01/2023,17:01:44,15,3,11.0,,,,2,,1.0,Cycle,S
IND,5555,32021,60182,22/01/2023,17:01:44,15,2,16.0,,,,2,,1.0,Cycle,S
IND,5555,32021,60182,22/01/2023,17:02:33,15,2,34.0,,,,2,,1.0,Cycle,S
IND,5555,32021,60182,22/01/2023,17:04:09,15,1,16.0,,,,2,,1.0,Cycle,S
IND,5555,32021,60182,22/01/2023,17:04:21,15,2,17.0,,,,2,,1.0,Cycle,S
IND,5555,32021,60182,22/01/2023,17:04:21,15,3,14.0,,,,2,,1.0,Cycle,S
IND,5555,32021,60182,22/01/2023,17:04:22,15,2,16.0,,,,2,,1.0,Cycle,S
IND,5555,32021,60182,22/01/2023,17:04:22,15,3,12.0,,,,2,,1.0,Cycle,S
IND,5555,32021,60182,22/01/2023,17:04:24,15,2,17.0,,,,2,,1.0,Cycle,S
IND,5555,32021,60182,22/01/2023,17:04:24,15,3,15.0,,,,2,,1.0,Cycle,S
IND,5555,32021,60182,22/01/2023,17:04:24,15,2,16.0,,,,2,,1.0,Cycle,S
IND,5555,32021,60182,22/01/2023,17:04:25,15,3,14.0,,,,2,,1.0,Cycle,S
IND,5555,32021,60182,22/01/2023,17:04:27,15,2,14.0,,,,2,,1.0,Cycle,S
IND,5555,32021,60182,22/01/2023,17:04:27,15,3,12.0,,,,2,,1.0,Cycle,S
IND,5555,32021,60182,22/01/2023,17:04:27,15,2,12.0,,,,2,,1.0,Cycle,S
IND,5555,32021,60182,22/01/2023,17:04:28,15,3,9.0,,,,2,,1.0,Cycle,S
IND,5555,32021,60182,22/01/2023,17:04:30,15,3,9.0,,,,2,,1.0,Cycle,S
IND,5555,32021,60182,22/01/2023,17:04:37,15,2,12.0,,,,2,,1.0,Cycle,S
IND,5555,32021,60182,22/01/2023,17:04:37,15,3,11.0,,,,2,,1.0,Cycle,S
IND,5555,32021,60182,22/01/2023,17:04:40,15,2,19.0,,,,2,,1.0,Cycle,S
IND,5555,32021,60182,22/01/2023,17:04:46,15,2,19.0,,,,2,,1.0,Cycle,S
IND,5555,32021,60182,22/01/2023,17:04:46,15,3,17.0,,,,2,,1.0,Cycle,S
IND,5555,32021,60182,22/01/2023,17:04:51,15,2,13.0,,,,2,,1.0,Cycle,S
IND,5555,32021,60182,22/01/2023,17:04:51,15,3,11.0,,,,2,,1.0,Cycle,S
IND,5555,32021,60182,22/01/2023,17:04:52,15,3,9.0,,,,2,,1.0,Cycle,S
IND,5555,32021,60182,22/01/2023,17:05:02,15,2,19.0,,,,2,,1.0,Cycle,S
IND,5555,32021,60182,22/01/2023,17:05:03,15,3,18.0,,,,2,,1.0,Cycle,S
IND,5555,32021,60182,22/01/2023,17:06:48,15,2,19.0,,,,2,,1.0,Cycle,S
IND,5555,32021,60182,22/01/2023,17:06:48,15,3,18.0,,,,2,,1.0,Cycle,S
IND,5555,32021,60182,22/01/2023,17:06:50,15,3,15.0,,,,2,,1.0,Cycle,S
IND,5555,32021,60182,22/01/2023,17:06:50,15,2,15.0,,,,2,,1.0,Cycle,S
IND,5555,32021,60182,22/01/2023,17:06:51,15,2,15.0,,,,2,,1.0,Cycle,S
IND,5555,32021,60182,22/01/2023,17:06:51,15,3,14.0,,,,2,,1.0,Cycle,S
IND,5555,32021,60182,22/01/2023,17:06:53,15,2,12.0,,,,2,,1.0,Cycle,S
IND,5555,32021,60182,22/01/2023,17:06:53,15,3,11.0,,,,2,,1.0,Cycle,S
IND,5555,32021,60182,22/01/2023,17:06:53,15,2,14.0,,,,2,,1.0,Cycle,S
IND,5555,32021,60182,22/01/2023,17:06:57,15,2,17.0,,,,2,,1.0,Cycle,S
IND,5555,32021,60182,22/01/2023,17:06:57,15,3,15.0,,,,2,,1.0,Cycle,S
IND,5555,32021,60182,22/01/2023,17:06:57,15,2,16.0,,,,2,,1.0,Cycle,S
IND,5555,32021,60182,22/01/2023,17:06:57,15,3,14.0,,,,2,,1.0,Cycle,S
IND,5555,32021,60182,22/01/2023,17:07:00,15,3,16.0,,,,2,,1.0,Cycle,S
IND,5555,32021,60182,22/01/2023,17:07:06,15,3,21.0,,,,2,,1.0,Cycle,S
IND,5555,32021,60182,22/01/2023,17:08:17,15,2,18.0,,,,2,,1.0,Cycle,S
IND,5555,32021,60182,22/01/2023,17:10:48,15,2,18.0,,,,2,,1.0,Cycle,S
IND,5555,32021,60182,22/01/2023,17:10:59,15,2,11.0,,,,2,,1.0,Cycle,S
IND,5555,32021,60182,22/01/2023,17:10:59,15,3,10.0,,,,2,,1.0,Cycle,S
IND,5555,32021,60182,22/01/2023,17:12:52,15,1,19.0,,,,2,,1.0,Cycle,S
IND,5555,32021,60182,22/01/2023,17:17:29,15,1,22.0,,,,2,,1.0,Cycle,S
IND,5555,32021,60182,22/01/2023,17:18:29,15,3,18.0,,,,2,,1.0,Cycle,S
IND,5555,32021,60182,22/01/2023,17:18:29,15,3,18.0,,,,2,,1.0,Cycle,S
IND,5555,32021,60182,22/01/2023,17:19:41,15,1,90.0,,,,2,,1.0,Cycle,S
IND,5555,32021,60182,22/01/2023,17:20:22,15,2,43.0,,,,2,,1.0,Cycle,S
IND,5555,32021,60182,22/01/2023,17:20:42,15,3,34.0,,,,2,,1.0,Cycle,S
IND,5555,32021,60182,22/01/2023,17:23:13,15,3,18.0,,,,2,,1.0,Cycle,S
IND,5555,32021,60182,22/01/2023,17:23:14,15,3,17.0,,,,2,,1.0,Cycle,S
IND,5555,32021,60182,22/01/2023,17:23:14,15,1,12.0,,,,2,,1.0,Cycle,S
IND,5555,32021,60182,22/01/2023,17:23:16,15,3,18.0,,,,2,,1.0,Cycle,S
IND,5555,32021,60182,22/01/2023,17:23:16,15,2,19.0,,,,2,,1.0,Cycle,S
IND,5555,32021,60182,22/01/2023,17:24:09,15,2,34.0,,,,2,,1.0,Cycle,S
IND,5555,32021,60182,22/01/2023,17:24:23,15,2,14.0,,,,2,,1.0,Cycle,S
IND,5555,32021,60182,22/01/2023,17:24:23,15,3,13.0,,,,2,,1.0,Cycle,S
IND,5555,32021,60182,22/01/2023,17:24:24,15,2,11.0,,,,2,,1.0,Cycle,S
IND,5555,32021,60182,22/01/2023,17:24:24,15,3,10.0,,,,2,,1.0,Cycle,S
IND,5555,32021,60182,22/01/2023,17:25:32,15,3,17.0,,,,2,,1.0,Cycle,S
IND,5555,32021,60182,22/01/2023,17:25:33,15,2,15.0,,,,2,,1.0,Cycle,S
IND,5555,32021,60182,22/01/2023,17:25:33,15,3,14.0,,,,2,,1.0,Cycle,S
IND,5555,32021,60182,22/01/2023,17:27:16,15,1,16.0,,,,2,,1.0,Cycle,S
IND,5555,32021,60182,22/01/2023,17:27:16,15,1,16.0,,,,2,,1.0,Cycle,S
IND,5555,32021,60182,22/01/2023,17:30:20,15,2,19.0,,,,2,,1.0,Cycle,S
IND,5555,32021,60182,22/01/2023,17:30:43,15,1,14.0,,,,2,,1.0,Cycle,S
IND,5555,32021,60182,22/01/2023,17:30:53,15,3,17.0,,,,2,,1.0,Cycle,S
IND,5555,32021,60182,22/01/2023,17:30:53,15,2,18.0,,,,2,,1.0,Cycle,S
IND,5555,32021,60182,22/01/2023,17:31:18,15,2,19.0,,,,2,,1.0,Cycle,S
IND,5555,32021,60182,22/01/2023,17:31:18,15,2,20.0,,,,2,,1.0,Cycle,S
IND,5555,32021,60182,22/01/2023,17:33:08,15,2,15.0,,,,2,,1.0,Cycle,S
IND,5555,32021,60182,22/01/2023,17:34:05,15,1,27.0,,,,2,,1.0,Cycle,S
IND,5555,32021,60182,22/01/2023,17:37:48,15,2,83.0,,,,2,,1.0,Cycle,S
IND,5555,32021,60182,22/01/2023,17:39:10,15,1,21.0,,,,2,,1.0,Cycle,S
IND,5555,32021,60182,22/01/2023,17:42:28,15,1,14.0,,,,2,,1.0,Cycle,S
IND,5555,32021,60182,22/01/2023,17:42:42,15,1,24.0,,,,2,,1.0,Cycle,S
IND,5555,32021,60182,22/01/2023,17:46:58,15,3,19.0,,,,2,,1.0,Cycle,S
IND,5555,32021,60182,22/01/2023,17:46:59,15,3,19.0,,,,2,,1.0,Cycle,S
IND,5555,32021,60182,22/01/2023,17:51:51,15,1,25.0,,,,2,,1.0,Cycle,S
IND,5555,32021,60182,22/01/2023,17:56:01,15,1,28.0,,,,2,,1.0,Cycle,S
IND,5555,32021,60182,22/01/2023,17:56:02,15,1,26.0,,,,2,,1.0,Cycle,S
IND,5555,32021,60182,22/01/2023,17:58:31,15,2,18.0,,,,2,,1.0,Cycle,S
IND,5555,32021,60182,22/01/2023,17:58:31,15,3,16.0,,,,2,,1.0,Cycle,S
IND,5555,32021,60182,22/01/2023,17:58:32,15,2,13.0,,,,2,,1.0,Cycle,S
IND,5555,32021,60182,22/01/2023,17:58:32,15,3,12.0,,,,2,,1.0,Cycle,S
IND,5555,32021,60182,22/01/2023,17:58:55,15,3,18.0,,,,2,,1.0,Cycle,S
IND,5555,32021,60182,22/01/2023,17:58:58,15,3,18.0,,,,2,,1.0,Cycle,S
IND,5555,32021,60182,22/01/2023,17:58:59,15,2,17.0,,,,2,,1.0,Cycle,S
IND,5555,32021,60182,22/01/2023,17:58:59,15,3,13.0,,,,2,,1.0,Cycle,S
IND,5555,32021,60182,22/01/2023,17:59:08,15,2,15.0,,,,2,,1.0,Cycle,S
IND,5555,32021,60182,22/01/2023,17:59:08,15,3,13.0,,,,2,,1.0,Cycle,S
IND,5555,32021,60182,22/01/2023,17:59:09,15,2,17.0,,,,2,,1.0,Cycle,S
IND,5555,32021,60182,22/01/2023,17:59:12,15,3,19.0,,,,2,,1.0,Cycle,S
IND,5555,32021,60182,22/01/2023,17:59:12,15,3,18.0,,,,2,,1.0,Cycle,S
IND,5555,32021,60182,22/01/2023,18:01:18,15,1,29.0,,,,2,,1.0,Cycle,S
IND,5555,32021,60182,22/01/2023,18:01:33,15,1,22.0,,,,2,,1.0,Cycle,S
IND,5555,32021,60182,22/01/2023,18:01:34,15,2,54.0,,,,2,,1.0,Cycle,S
IND,5555,32021,60182,22/01/2023,18:01:35,15,2,14.0,,,,2,,1.0,Cycle,S
IND,5555,32021,60182,22/01/2023,18:02:30,15,2,38.0,,,,2,,1.0,Cycle,S
IND,5555,32021,60182,22/01/2023,18:03:46,15,1,19.0,,,,2,,1.0,Cycle,S
IND,5555,32021,60182,22/01/2023,18:03:47,15,1,19.0,,,,2,,1.0,Cycle,S
IND,5555,32021,60182,22/01/2023,18:03:48,15,3,15.0,,,,2,,1.0,Cycle,S
IND,5555,32021,60182,22/01/2023,18:03:49,15,3,14.0,,,,2,,1.0,Cycle,S
IND,5555,32021,60182,22/01/2023,18:03:52,15,3,17.0,,,,2,,1.0,Cycle,S
IND,5555,32021,60182,22/01/2023,18:03:52,15,2,18.0,,,,2,,1.0,Cycle,S
IND,5555,32021,60182,22/01/2023,18:03:53,15,2,18.0,,,,2,,1.0,Cycle,S
IND,5555,32021,60182,22/01/2023,18:03:53,15,3,15.0,,,,2,,1.0,Cycle,S
IND,5555,32021,60182,22/01/2023,18:03:55,15,3,18.0,,,,2,,1.0,Cycle,S
IND,5555,32021,60182,22/01/2023,18:04:11,15,3,18.0,,,,2,,1.0,Cycle,S
IND,5555,32021,60182,22/01/2023,18:04:12,15,2,14.0,,,,2,,1.0,Cycle,S
IND,5555,32021,60182,22/01/2023,18:04:12,15,3,11.0,,,,2,,1.0,Cycle,S
IND,5555,32021,60182,22/01/2023,18:04:18,15,1,18.0,,,,2,,1.0,Cycle,S
IND,5555,32021,60182,22/01/2023,18:04:18,15,1,18.0,,,,2,,1.0,Cycle,S
IND,5555,32021,60182,22/01/2023,18:04:36,15,2,11.0,,,,2,,1.0,Cycle,S
IND,5555,32021,60182,22/01/2023,18:04:36,15,3,9.0,,,,2,,1.0,Cycle,S
IND,5555,32021,60182,22/01/2023,18:04:37,15,2,13.0,,,,2,,1.0,Cycle,S
IND,5555,32021,60182,22/01/2023,18:04:37,15,3,11.0,,,,2,,1.0,Cycle,S
IND,5555,32021,60182,22/01/2023,18:04:44,15,3,17.0,,,,2,,1.0,Cycle,S
IND,5555,32021,60182,22/01/2023,18:04:50,15,1,22.0,,,,2,,1.0,Cycle,S
IND,5555,32021,60182,22/01/2023,18:06:29,15,1,16.0,,,,2,,1.0,Cycle,S
IND,5555,32021,60182,22/01/2023,18:09:38,15,3,23.0,,,,2,,1.0,Cycle,S
IND,5555,32021,60182,22/01/2023,18:14:10,15,2,23.0,,,,2,,1.0,Cycle,S
IND,5555,32021,60182,22/01/2023,18:14:13,15,1,27.0,,,,2,,1.0,Cycle,S
IND,5555,32021,60182,22/01/2023,18:16:28,15,1,18.0,,,,2,,1.0,Cycle,S
IND,5555,32021,60182,22/01/2023,18:18:52,15,1,23.0,,,,2,,1.0,Cycle,S
IND,5555,32021,60182,22/01/2023,18:21:43,15,1,26.0,,,,2,,1.0,Cycle,S
IND,5555,32021,60182,22/01/2023,18:35:45,15,2,23.0,,,,2,,1.0,Cycle,S
IND,5555,32021,60182,22/01/2023,18:36:35,15,1,25.0,,,,2,,1.0,Cycle,S
IND,5555,32021,60182,22/01/2023,18:38:20,15,3,18.0,,,,2,,1.0,Cycle,S
IND,5555,32021,60182,22/01/2023,18:38:22,15,2,14.0,,,,2,,1.0,Cycle,S
IND,5555,32021,60182,22/01/2023,18:38:22,15,3,12.0,,,,2,,1.0,Cycle,S
IND,5555,32021,60182,22/01/2023,18:38:23,15,2,14.0,,,,2,,1.0,Cycle,S
IND,5555,32021,60182,22/01/2023,18:38:23,15,3,12.0,,,,2,,1.0,Cycle,S
IND,5555,32021,60182,22/01/2023,18:38:25,15,2,15.0,,,,2,,1.0,Cycle,S
IND,5555,32021,60182,22/01/2023,18:38:25,15,3,14.0,,,,2,,1.0,Cycle,S
IND,5555,32021,60182,22/01/2023,18:38:26,15,2,16.0,,,,2,,1.0,Cycle,S
IND,5555,32021,60182,22/01/2023,18:38:26,15,3,14.0,,,,2,,1.0,Cycle,S
IND,5555,32021,60182,22/01/2023,18:42:19,15,1,29.0,,,,2,,1.0,Cycle,S
IND,5555,32021,60182,22/01/2023,18:42:56,15,2,17.0,,,,2,,1.0,Cycle,S
IND,5555,32021,60182,22/01/2023,18:58:11,15,2,41.0,,,,2,,1.0,Cycle,S
IND,5555,32021,60182,22/01/2023,18:59:12,15,1,24.0,,,,2,,1.0,Cycle,S
IND,5555,32021,60182,22/01/2023,19:04:25,15,1,16.0,,,,2,,1.0,Cycle,S
IND,5555,32021,60182,22/01/2023,19:08:13,15,1,22.0,,,,2,,1.0,Cycle,S
IND,5555,32021,60182,22/01/2023,19:08:54,15,3,18.0,,,,2,,1.0,Cycle,S
IND,5555,32021,60182,22/01/2023,19:08:59,15,2,13.0,,,,2,,1.0,Cycle,S
IND,5555,32021,60182,22/01/2023,19:08:59,15,3,12.0,,,,2,,1.0,Cycle,S
IND,5555,32021,60182,22/01/2023,19:09:00,15,2,9.0,,,,2,,1.0,Cycle,S
IND,5555,32021,60182,22/01/2023,19:09:09,15,2,10.0,,,,2,,1.0,Cycle,S
IND,5555,32021,60182,22/01/2023,19:09:09,15,3,9.0,,,,2,,1.0,Cycle,S
IND,5555,32021,60182,22/01/2023,19:09:10,15,2,13.0,,,,2,,1.0,Cycle,S
IND,5555,32021,60182,22/01/2023,19:09:10,15,3,11.0,,,,2,,1.0,Cycle,S
IND,5555,32021,60182,22/01/2023,19:10:26,15,3,19.0,,,,2,,1.0,Cycle,S
IND,5555,32021,60182,22/01/2023,19:10:47,15,1,25.0,,,,2,,1.0,Cycle,S
IND,5555,32021,60182,22/01/2023,19:12:02,15,1,14.0,,,,2,,1.0,Cycle,S
IND,5555,32021,60182,22/01/2023,19:12:05,15,1,36.0,,,,2,,1.0,Cycle,S
IND,5555,32021,60182,22/01/2023,19:12:05,15,1,41.0,,,,2,,1.0,Cycle,S
IND,5555,32021,60182,22/01/2023,19:12:52,15,2,52.0,,,,2,,1.0,Cycle,S
IND,5555,32021,60182,22/01/2023,19:15:12,15,2,50.0,,,,2,,1.0,Cycle,S
IND,5555,32021,60182,22/01/2023,19:19:46,15,1,16.0,,,,2,,1.0,Cycle,S
IND,5555,32021,60182,22/01/2023,19:26:32,15,3,17.0,,,,2,,1.0,Cycle,S
IND,5555,32021,60182,22/01/2023,19:26:33,15,3,14.0,,,,2,,1.0,Cycle,S
IND,5555,32021,60182,22/01/2023,19:26:35,15,3,19.0,,,,2,,1.0,Cycle,S
IND,5555,32021,60182,22/01/2023,19:26:36,15,3,16.0,,,,2,,1.0,Cycle,S
IND,5555,32021,60182,22/01/2023,19:31:23,15,1,25.0,,,,2,,1.0,Cycle,S
IND,5555,32021,60182,22/01/2023,19:38:19,15,2,19.0,,,,2,,1.0,Cycle,S
IND,5555,32021,60182,22/01/2023,19:38:19,15,3,16.0,,,,2,,1.0,Cycle,S
IND,5555,32021,60182,22/01/2023,19:38:25,15,2,19.0,,,,2,,1.0,Cycle,S
IND,5555,32021,60182,22/01/2023,19:38:25,15,3,17.0,,,,2,,1.0,Cycle,S
IND,5555,32021,60182,22/01/2023,19:38:25,15,2,17.0,,,,2,,1.0,Cycle,S
IND,5555,32021,60182,22/01/2023,19:38:25,15,3,14.0,,,,2,,1.0,Cycle,S
IND,5555,32021,60182,22/01/2023,19:39:45,15,2,25.0,,,,2,,1.0,Cycle,S
IND,5555,32021,60182,22/01/2023,19:41:08,15,1,27.0,,,,2,,1.0,Cycle,S
IND,5555,32021,60182,22/01/2023,19:41:20,15,2,43.0,,,,2,,1.0,Cycle,S
IND,5555,32021,60182,22/01/2023,19:41:23,15,1,19.0,,,,2,,1.0,Cycle,S
IND,5555,32021,60182,22/01/2023,19:41:23,15,1,19.0,,,,2,,1.0,Cycle,S
IND,5555,32021,60182,22/01/2023,20:10:05,15,2,40.0,,,,2,,1.0,Cycle,S
IND,5555,32021,60182,22/01/2023,20:16:50,15,3,18.0,,,,2,,1.0,Cycle,S
IND,5555,32021,60182,22/01/2023,20:16:51,15,3,16.0,,,,2,,1.0,Cycle,S
IND,5555,32021,60182,22/01/2023,20:17:27,15,3,19.0,,,,2,,1.0,Cycle,S
IND,5555,32021,60182,22/01/2023,20:17:30,15,3,12.0,,,,2,,1.0,Cycle,S
IND,5555,32021,60182,22/01/2023,20:17:30,15,2,13.0,,,,2,,1.0,Cycle,S
IND,5555,32021,60182,22/01/2023,20:17:34,15,2,14.0,,,,2,,1.0,Cycle,S
IND,5555,32021,60182,22/01/2023,20:17:34,15,3,12.0,,,,2,,1.0,Cycle,S
IND,5555,32021,60182,22/01/2023,20:17:35,15,2,18.0,,,,2,,1.0,Cycle,S
IND,5555,32021,60182,22/01/2023,20:17:35,15,3,15.0,,,,2,,1.0,Cycle,S
IND,5555,32021,60182,22/01/2023,20:19:05,15,1,24.0,,,,2,,1.0,Cycle,S
IND,5555,32021,60182,22/01/2023,20:22:22,15,1,17.0,,,,2,,1.0,Cycle,S
IND,5555,32021,60182,22/01/2023,20:23:27,15,2,23.0,,,,2,,1.0,Cycle,S
IND,5555,32021,60182,22/01/2023,20:23:28,15,1,11.0,,,,2,,1.0,Cycle,S
IND,5555,32021,60182,22/01/2023,20:29:09,15,2,57.0,,,,2,,1.0,Cycle,S
IND,5555,32021,60182,22/01/2023,20:30:22,15,2,41.0,,,,2,,1.0,Cycle,S
IND,5555,32021,60182,22/01/2023,20:30:25,15,2,43.0,,,,2,,1.0,Cycle,S
IND,5555,32021,60182,22/01/2023,20:41:26,15,2,50.0,,,,2,,1.0,Cycle,S
IND,5555,32021,60182,22/01/2023,20:42:14,15,3,19.0,,,,2,,1.0,Cycle,S
IND,5555,32021,60182,22/01/2023,20:43:38,15,2,39.0,,,,2,,1.0,Cycle,S
IND,5555,32021,60182,22/01/2023,20:48:31,15,3,19.0,,,,2,,1.0,Cycle,S
IND,5555,32021,60182,22/01/2023,20:48:31,15,3,19.0,,,,2,,1.0,Cycle,S
IND,5555,32021,60182,22/01/2023,20:50:12,15,2,48.0,,,,2,,1.0,Cycle,S
IND,5555,32021,60182,22/01/2023,21:09:06,15,2,16.0,,,,2,,1.0,Cycle,S
IND,5555,32021,60182,22/01/2023,21:09:06,15,3,14.0,,,,2,,1.0,Cycle,S
IND,5555,32021,60182,22/01/2023,21:09:06,15,2,15.0,,,,2,,1.0,Cycle,S
IND,5555,32021,60182,22/01/2023,21:09:06,15,3,13.0,,,,2,,1.0,Cycle,S
IND,5555,32021,60182,22/01/2023,21:13:39,15,3,18.0,,,,2,,1.0,Cycle,S
IND,5555,32021,60182,22/01/2023,21:17:42,15,3,37.0,,,,2,,1.0,Cycle,S
IND,5555,32021,60182,22/01/2023,22:01:00,15,1,19.0,,,,2,,1.0,Cycle,S
