SITE_XN_ROUTE,Time_Window,SPEED
6411,AM Peak,29.5
6411,AM Peak,32.8
6411,AM Peak,28
6411,AM Peak,29.2
6411,AM Peak,26.6
6411,AM Peak,34.1
6411,AM Peak,20.7
6411,AM Peak,24.9
6411,AM Peak,27.5
6411,AM Peak,29.6
6411,AM Peak,28.9
6411,AM Peak,19
6411,AM Peak,21.1
6411,AM Peak,26.8
6411,AM Peak,27
6411,AM Peak,25.7
6411,AM Peak,30.5
6411,AM Peak,24.7
6411,AM Peak,25.5
6411,AM Peak,30.3
6411,AM Peak,24.3
6411,AM Peak,24.2
6411,AM Peak,26.5
6411,AM Peak,21.1
6411,AM Peak,16.5
6411,AM Peak,21.7
6411,AM Peak,24
6411,AM Peak,31
6411,AM Peak,29.4
6411,AM Peak,21
6411,AM Peak,28.8
6411,AM Peak,15.2
6411,AM Peak,18.3
6411,AM Peak,27.5
6411,AM Peak,29.5
6411,AM Peak,38.2
6411,AM Peak,25.8
6411,AM Peak,27.7
6411,AM Peak,37.9
6411,AM Peak,24.2
6411,AM Peak,28
6411,AM Peak,25.2
6411,AM Peak,25.5
6411,AM Peak,16.8
6411,AM Peak,31.7
6411,AM Peak,25.2
6411,AM Peak,27.8
6411,AM Peak,28.9
6411,AM Peak,21.4
6411,AM Peak,30.7
6411,AM Peak,19.4
6411,AM Peak,27
6411,AM Peak,19.8
6411,AM Peak,24.9
6411,AM Peak,34.1
6411,AM Peak,27.7
6411,AM Peak,24
6411,AM Peak,29.1
6411,AM Peak,26.2
6411,AM Peak,28
6411,AM Peak,33.9
6411,AM Peak,25.4
6411,AM Peak,33.9
6411,AM Peak,26.7
6411,AM Peak,20.6
6411,AM Peak,27.8
6411,AM Peak,29.2
6411,AM Peak,29.1
6411,AM Peak,19.3
6411,AM Peak,19.6
6411,AM Peak,10
6411,AM Peak,28.4
6411,AM Peak,37.3
6411,AM Peak,21.6
6411,AM Peak,33.2
6411,AM Peak,29.3
6411,AM Peak,30.3
6411,AM Peak,28.1
6411,AM Peak,18.8
6411,AM Peak,23.9
6411,AM Peak,30
6411,AM Peak,23.6
6411,AM Peak,22.1
6411,AM Peak,31.8
6411,AM Peak,20.8
6411,AM Peak,21.1
6411,AM Peak,30.1
6411,AM Peak,29.2
6411,AM Peak,27.4
6411,AM Peak,23.1
6411,AM Peak,23.1
6411,AM Peak,23.8
6411,AM Peak,30
6411,AM Peak,20.8
6411,AM Peak,28.3
6411,AM Peak,30.7
6411,AM Peak,19.1
6411,AM Peak,23.1
6411,AM Peak,15.1
6411,AM Peak,31.8
6411,AM Peak,24.3
6411,AM Peak,27.8
6411,AM Peak,31.4
6411,AM Peak,24.1
6411,AM Peak,27.1
6411,AM Peak,26.6
6411,AM Peak,31
6411,AM Peak,26.2
6411,AM Peak,19.1
6411,AM Peak,24.2
6411,AM Peak,23.5
6411,AM Peak,28
6411,AM Peak,25.5
6411,AM Peak,27
6411,AM Peak,24.5
6411,AM Peak,40.1
6411,AM Peak,29.3
6411,AM Peak,29.5
6411,AM Peak,29.6
6411,AM Peak,27.3
6411,AM Peak,33
6411,AM Peak,26.6
6411,AM Peak,28.6
6411,AM Peak,23.5
6411,AM Peak,23.4
6411,AM Peak,22
6411,AM Peak,30.6
6411,AM Peak,33.3
6411,AM Peak,23.9
6411,AM Peak,33.4
6411,AM Peak,25.5
6411,AM Peak,28.3
6411,AM Peak,26.5
6411,AM Peak,26.5
6411,AM Peak,28.9
6411,AM Peak,31.6
6411,AM Peak,19.4
6411,AM Peak,25.3
6411,AM Peak,23.6
6411,AM Peak,25.5
6411,AM Peak,27.9
6411,AM Peak,26.7
6411,AM Peak,27.8
6411,AM Peak,22.4
6411,AM Peak,21.5
6411,AM Peak,34.6
6411,AM Peak,35.4
6411,AM Peak,30.8
6411,AM Peak,27.3
6411,AM Peak,29.9
6411,AM Peak,21.3
6411,AM Peak,28
6411,AM Peak,24
6411,AM Peak,19
6411,AM Peak,19.8
6411,AM Peak,29.8
6411,AM Peak,28
6411,AM Peak,30
6411,AM Peak,31.8
6411,AM Peak,25.4
6411,AM Peak,31.2
6411,AM Peak,31.6
6411,AM Peak,31.3
6411,AM Peak,31.2
6411,AM Peak,28.9
6411,AM Peak,18.3
6411,AM Peak,34.3
6411,AM Peak,26.9
6411,AM Peak,5.6
6411,AM Peak,26.5
6411,AM Peak,30
6411,AM Peak,26.9
6411,AM Peak,30
6411,AM Peak,27.6
6411,AM Peak,23
6411,AM Peak,34.7
6411,AM Peak,19.5
6411,AM Peak,25.5
6411,AM Peak,17.1
6411,AM Peak,29
6411,AM Peak,30.6
6411,AM Peak,21.4
6411,AM Peak,28.7
6411,AM Peak,31.9
6411,AM Peak,32.3
6411,AM Peak,24.1
6411,AM Peak,22.2
6411,AM Peak,25.4
6411,AM Peak,21.1
6411,AM Peak,26.1
6411,AM Peak,33.5
6411,AM Peak,27.3
6411,AM Peak,28.5
6411,AM Peak,32.3
6411,AM Peak,23
6411,AM Peak,27.1
6411,AM Peak,29.9
6411,AM Peak,27.8
6411,AM Peak,29.5
6411,AM Peak,25.7
6411,AM Peak,26.9
6411,AM Peak,32.5
6411,AM Peak,25.4
6411,AM Peak,27.8
6411,AM Peak,31.2
6411,AM Peak,31.2
6411,AM Peak,33.2
6411,AM Peak,26.8
6411,AM Peak,25.4
6411,AM Peak,22.6
6411,AM Peak,26
6411,AM Peak,24.9
6411,AM Peak,32.1
6411,AM Peak,24.6
6411,AM Peak,23.2
6411,AM Peak,26
6411,AM Peak,27.7
6411,AM Peak,25
6411,AM Peak,23.4
6411,AM Peak,20.7
6411,AM Peak,32.6
6411,AM Peak,24.4
6411,AM Peak,22.9
6411,AM Peak,27.4
6411,AM Peak,18.1
6411,AM Peak,21.6
6411,AM Peak,18.1
6411,AM Peak,29.8
6411,AM Peak,30.8
6411,AM Peak,34.3
6411,AM Peak,32.5
6411,AM Peak,33.7
6411,AM Peak,29.2
6411,AM Peak,34.1
6411,AM Peak,25
6411,AM Peak,27
6411,AM Peak,38.3
6411,AM Peak,25.9
6411,AM Peak,26.8
6411,AM Peak,25.6
6411,AM Peak,24
6411,AM Peak,29.1
6411,AM Peak,25.4
6411,AM Peak,31.6
6411,AM Peak,38.5
6411,AM Peak,28.6
6411,AM Peak,25.9
6411,AM Peak,24.7
6411,AM Peak,17
6411,AM Peak,34.2
6411,AM Peak,17.3
6411,AM Peak,22.3
6411,AM Peak,25.4
6411,AM Peak,39.4
6411,AM Peak,26.7
6411,AM Peak,24.1
6411,AM Peak,25.8
6411,AM Peak,17.1
6411,AM Peak,26.4
6411,AM Peak,26
6411,AM Peak,30.3
6411,AM Peak,25.8
6411,AM Peak,25.3
6411,AM Peak,30.4
6411,AM Peak,33.3
6411,AM Peak,23.9
6411,AM Peak,21.6
6411,AM Peak,32.9
6411,AM Peak,32.3
6411,AM Peak,22.7
6411,AM Peak,26.8
6411,AM Peak,32.8
6411,AM Peak,26.3
6411,AM Peak,21.4
6411,AM Peak,28.1
6411,AM Peak,19.1
6411,AM Peak,29.6
6411,AM Peak,24.6
6411,AM Peak,29
6411,AM Peak,20.8
6411,AM Peak,15.6
6411,AM Peak,28.6
6411,AM Peak,21.1
6411,AM Peak,17.3
6411,AM Peak,19.6
6411,AM Peak,33.8
6411,AM Peak,20.9
6411,AM Peak,25.6
6411,AM Peak,30.8
6411,AM Peak,27.4
6411,AM Peak,22.5
6411,AM Peak,27
6411,AM Peak,19.9
6411,AM Peak,24.8
6411,AM Peak,25.7
6411,AM Peak,37.2
6411,AM Peak,29.5
6411,AM Peak,36.2
6411,AM Peak,12.3
6411,AM Peak,16.7
6411,AM Peak,26.7
6411,AM Peak,28.3
6411,AM Peak,22.6
6411,AM Peak,36.2
6411,AM Peak,28.6
6411,AM Peak,26.2
6411,AM Peak,30
6411,AM Peak,34.1
6411,AM Peak,41.2
6411,AM Peak,21.3
6411,AM Peak,27.3
6411,AM Peak,21.2
6411,AM Peak,29.7
6411,AM Peak,22.4
6411,AM Peak,25.8
6411,AM Peak,29.5
6411,AM Peak,20.5
6411,AM Peak,35.6
6411,AM Peak,22.7
6411,AM Peak,25.8
6411,AM Peak,29.9
6411,AM Peak,31.1
6411,AM Peak,30.5
6411,AM Peak,18.5
6411,AM Peak,30.2
6411,AM Peak,28.4
6411,AM Peak,27.7
6411,AM Peak,24.1
6411,AM Peak,16.9
6411,AM Peak,34.5
6411,AM Peak,25
6411,AM Peak,31.3
6411,AM Peak,23.1
6411,AM Peak,21.7
6411,AM Peak,22.9
6411,AM Peak,25.9
6411,AM Peak,33.1
6411,AM Peak,25.8
6411,AM Peak,25.5
6411,AM Peak,28.6
6411,AM Peak,22.2
6411,AM Peak,26.4
6411,AM Peak,30.8
6411,AM Peak,27.1
6411,AM Peak,37.3
6411,AM Peak,22.2
6411,AM Peak,35.2
6411,AM Peak,36.1
6411,AM Peak,22.9
6411,AM Peak,24.5
6411,AM Peak,22.2
6411,AM Peak,31.3
6411,AM Peak,32.2
6411,AM Peak,20.7
6411,AM Peak,29.5
6411,AM Peak,16.2
6411,AM Peak,37.8
6411,AM Peak,23.3
6411,AM Peak,36.7
6411,AM Peak,22.7
6411,AM Peak,25.9
6411,AM Peak,22.3
6411,AM Peak,21.3
6411,AM Peak,36.9
6411,AM Peak,19.8
6411,AM Peak,34.7
6411,AM Peak,24.4
6411,AM Peak,30.1
6411,AM Peak,20.7
6411,AM Peak,21.1
6411,AM Peak,24.1
6411,AM Peak,25.1
6411,AM Peak,28
6411,AM Peak,27.6
6411,AM Peak,10.2
6411,AM Peak,25.8
6411,AM Peak,24.9
6411,AM Peak,32.8
6411,AM Peak,27.2
6411,AM Peak,33
6411,AM Peak,27.8
6411,AM Peak,25.8
6411,AM Peak,25.6
6411,AM Peak,25.6
6411,AM Peak,32.6
6411,AM Peak,18.1
6411,AM Peak,27.5
6411,AM Peak,30.5
6411,AM Peak,28.5
6411,AM Peak,28.5
6411,AM Peak,30.8
6411,AM Peak,33.1
6411,AM Peak,27.7
6411,AM Peak,31.6
6411,AM Peak,28.4
6411,AM Peak,21.5
6411,AM Peak,26.9
6411,AM Peak,35.2
6411,AM Peak,27.4
6411,AM Peak,30.3
6411,AM Peak,33.1
6411,AM Peak,22.5
6411,AM Peak,24.1
6411,AM Peak,30.3
6411,AM Peak,27.2
6411,AM Peak,31.3
6411,AM Peak,34
6411,AM Peak,19.8
6411,AM Peak,29.1
6411,AM Peak,32.9
6411,AM Peak,33.1
6411,AM Peak,26.9
6411,AM Peak,17.6
6411,AM Peak,26.1
6411,AM Peak,31.3
6411,AM Peak,24.4
6411,AM Peak,30.3
6411,AM Peak,27.1
6411,AM Peak,25.9
6411,AM Peak,29.3
6411,AM Peak,28.2
6411,AM Peak,31.5
6411,AM Peak,23.8
6411,AM Peak,24.1
6411,AM Peak,24.5
6411,AM Peak,25.2
6411,AM Peak,18.8
6411,AM Peak,18.9
6411,AM Peak,23.6
6411,AM Peak,32.6
6411,AM Peak,29.9
6411,AM Peak,24
6411,AM Peak,24.2
6411,AM Peak,35.7
6411,AM Peak,34.6
6411,AM Peak,37.1
6411,AM Peak,24.3
6411,AM Peak,35.2
6411,AM Peak,28.5
6411,AM Peak,25.3
6411,AM Peak,23.8
6411,AM Peak,37.2
6411,AM Peak,23.4
6411,AM Peak,23.8
6411,AM Peak,27.8
6411,AM Peak,28.6
6411,AM Peak,36
6411,AM Peak,18.5
6411,AM Peak,31.8
6411,AM Peak,29.6
6411,AM Peak,29.4
6411,AM Peak,27.2
6411,AM Peak,25.2
6411,AM Peak,29.2
6411,AM Peak,30.1
6411,AM Peak,30.3
6411,AM Peak,24.9
6411,AM Peak,28.6
6411,AM Peak,24
6411,AM Peak,25
6411,AM Peak,27.7
6411,AM Peak,24.6
6411,AM Peak,32.6
6411,AM Peak,35.7
6411,AM Peak,30.8
6411,AM Peak,23.5
6411,AM Peak,24.8
6411,AM Peak,25
6411,AM Peak,27.1
6411,AM Peak,32
6411,AM Peak,22
6411,AM Peak,20.9
6411,AM Peak,29.6
6411,AM Peak,28.9
6411,AM Peak,27.5
6411,AM Peak,37
6411,AM Peak,24.8
6411,AM Peak,30.5
6411,AM Peak,26.8
6411,AM Peak,27.5
6411,AM Peak,21.8
6411,AM Peak,30.9
6411,AM Peak,31.4
6411,AM Peak,24.1
6411,AM Peak,27.5
6411,AM Peak,28.1
6411,AM Peak,23.7
6411,AM Peak,20.8
6411,AM Peak,23.7
6411,AM Peak,37.1
6411,AM Peak,32.2
6411,AM Peak,25.1
6411,AM Peak,33.3
6411,AM Peak,21.3
6411,AM Peak,27.6
6411,AM Peak,26.3
6411,AM Peak,18.3
6411,AM Peak,23.7
6411,AM Peak,29.6
6411,AM Peak,25.6
6411,PM Peak,26.7
6411,PM Peak,26.4
6411,PM Peak,25.4
6411,PM Peak,37.3
6411,PM Peak,20.7
6411,PM Peak,23
6411,PM Peak,20.5
6411,PM Peak,24.4
6411,PM Peak,20.8
6411,PM Peak,19.8
6411,PM Peak,24.9
6411,PM Peak,26.5
6411,PM Peak,28.3
6411,PM Peak,22.8
6411,PM Peak,25.5
6411,PM Peak,18.3
6411,PM Peak,26.7
6411,PM Peak,32.7
6411,PM Peak,24.2
6411,PM Peak,24.7
6411,PM Peak,24
6411,PM Peak,26.5
6411,PM Peak,25.8
6411,PM Peak,27.3
6411,PM Peak,23.8
6411,PM Peak,32.4
6411,PM Peak,32.3
6411,PM Peak,21
6411,PM Peak,25.8
6411,PM Peak,24.5
6411,PM Peak,28
6411,PM Peak,27.9
6411,PM Peak,23.3
6411,PM Peak,24.5
6411,PM Peak,29.6
6411,PM Peak,23.7
6411,PM Peak,27.5
6411,PM Peak,25.8
6411,PM Peak,25.2
6411,PM Peak,29.1
6411,PM Peak,29.6
6411,PM Peak,28.9
6411,PM Peak,27.2
6411,PM Peak,31.9
6411,PM Peak,34.3
6411,PM Peak,37.6
6411,PM Peak,20
6411,PM Peak,23.2
6411,PM Peak,23.1
6411,PM Peak,34.8
6411,PM Peak,26.1
6411,PM Peak,24.5
6411,PM Peak,31.8
6411,PM Peak,26.7
6411,PM Peak,26.5
6411,PM Peak,18.4
6411,PM Peak,26.4
6411,PM Peak,30.3
6411,PM Peak,31.6
6411,PM Peak,15.5
6411,PM Peak,23.3
6411,PM Peak,33.4
6411,PM Peak,23.1
6411,PM Peak,19.9
6411,PM Peak,25.6
6411,PM Peak,24.7
6411,PM Peak,21.9
6411,PM Peak,26.5
6411,PM Peak,21
6411,PM Peak,20.2
6411,PM Peak,27.8
6411,PM Peak,27.3
6411,PM Peak,29.2
6411,PM Peak,27.6
6411,PM Peak,21.9
6411,PM Peak,32.5
6411,PM Peak,29.6
6411,PM Peak,26.9
6411,PM Peak,24.6
6411,PM Peak,28
6411,PM Peak,23.3
6411,PM Peak,23.4
6411,PM Peak,23.4
6411,PM Peak,14.7
6411,PM Peak,29.4
6411,PM Peak,22.4
6411,PM Peak,40.9
6411,PM Peak,16.1
6411,PM Peak,20.1
6411,PM Peak,31.7
6411,PM Peak,21.3
6411,PM Peak,20.6
6411,PM Peak,28.9
6411,PM Peak,32.5
6411,PM Peak,27.5
6411,PM Peak,24.9
6411,PM Peak,30.1
6411,PM Peak,21.6
6411,PM Peak,24.6
6411,PM Peak,18.2
6411,PM Peak,23.4
6411,PM Peak,26.3
6411,PM Peak,34.1
6411,PM Peak,28.7
6411,PM Peak,23.5
6411,PM Peak,24.2
6411,PM Peak,32.8
6411,PM Peak,23
6411,PM Peak,31.2
6411,PM Peak,24.3
6411,PM Peak,27.6
6411,PM Peak,35.4
6411,PM Peak,24
6411,PM Peak,27.8
6411,PM Peak,29.4
6411,PM Peak,20.7
6411,PM Peak,28
6411,PM Peak,29.9
6411,PM Peak,23.6
6411,PM Peak,32
6411,PM Peak,30.4
6411,PM Peak,33.4
6411,PM Peak,25.7
6411,PM Peak,27
6411,PM Peak,26
6411,PM Peak,18.1
6411,PM Peak,32.1
6411,PM Peak,26.6
6411,PM Peak,23.8
6411,PM Peak,27.3
6411,PM Peak,21.5
6411,PM Peak,23.9
6411,PM Peak,28
6411,PM Peak,34.8
6411,PM Peak,26.6
6411,PM Peak,17.1
6411,PM Peak,28.1
6411,PM Peak,29.7
6411,PM Peak,19.1
6411,PM Peak,28.7
6411,PM Peak,23.3
6411,PM Peak,25.1
6411,PM Peak,32.9
6411,PM Peak,23.8
6411,PM Peak,23.1
6411,PM Peak,20.2
6411,PM Peak,34.5
6411,PM Peak,27.5
6411,PM Peak,35.5
6411,PM Peak,19.5
6411,PM Peak,24
6411,PM Peak,24.1
6411,PM Peak,27.5
6411,PM Peak,27.2
6411,PM Peak,27.1
6411,PM Peak,36.3
6411,PM Peak,26
6411,PM Peak,24.4
6411,PM Peak,37.7
6411,PM Peak,31.2
6411,PM Peak,24.7
6411,PM Peak,33.3
6411,PM Peak,27.8
6411,PM Peak,25.7
6411,PM Peak,29.1
6411,PM Peak,27.8
6411,PM Peak,24.7
6411,PM Peak,26.7
6411,PM Peak,31.3
6411,PM Peak,23
6411,PM Peak,22.3
6411,PM Peak,20.1
6411,PM Peak,28.1
6411,PM Peak,19.1
6411,PM Peak,33
6411,PM Peak,24.6
6411,PM Peak,33.1
6411,PM Peak,29.4
6411,PM Peak,26.9
6411,PM Peak,32.8
6411,PM Peak,42.1
6411,PM Peak,37.6
6411,PM Peak,8.8
6411,PM Peak,25.8
6411,PM Peak,33.3
6411,PM Peak,26.1
6411,PM Peak,23.8
6411,PM Peak,30.5
6411,PM Peak,24.3
6411,PM Peak,22
6411,PM Peak,26.5
6411,PM Peak,23.9
6411,PM Peak,23.7
6411,PM Peak,28.5
6411,PM Peak,24.4
6411,PM Peak,22.1
6411,PM Peak,34.8
6411,PM Peak,30.1
6411,PM Peak,24.9
6411,PM Peak,28.1
6411,PM Peak,21.6
6411,PM Peak,24.1
6411,PM Peak,29.8
6411,PM Peak,24
6411,PM Peak,27.5
6411,PM Peak,36.8
6411,PM Peak,18.9
6411,PM Peak,26.4
6411,PM Peak,25
6411,PM Peak,21.9
6411,PM Peak,21.2
6411,PM Peak,34.2
6411,PM Peak,26.1
6411,PM Peak,24.1
6411,PM Peak,25.6
6411,PM Peak,23.3
6411,PM Peak,22.6
6411,PM Peak,27.1
6411,PM Peak,28.2
6411,PM Peak,29.9
6411,PM Peak,30.8
6411,PM Peak,19.7
6411,PM Peak,25.8
6411,PM Peak,23.3
6411,PM Peak,35.1
6411,PM Peak,26.9
6411,PM Peak,22.8
6411,PM Peak,23.2
6411,PM Peak,21.1
6411,PM Peak,23.4
6411,PM Peak,32
6411,PM Peak,24.8
6411,PM Peak,16.2
6411,PM Peak,27.8
6411,PM Peak,26.8
6411,PM Peak,31.2
6411,PM Peak,32.6
6411,PM Peak,24.2
6411,PM Peak,29
6411,PM Peak,29.1
6411,PM Peak,23.6
6411,PM Peak,19.7
6411,PM Peak,18.8
6411,PM Peak,27.1
6411,PM Peak,28.5
6411,PM Peak,23.2
6411,PM Peak,30.6
6411,PM Peak,28.4
6411,PM Peak,19.4
6411,PM Peak,15.4
6411,PM Peak,21.7
6411,PM Peak,23.4
6411,PM Peak,30.3
6411,PM Peak,21.2
6411,PM Peak,25.7
6411,PM Peak,26.3
6411,PM Peak,28.5
6411,PM Peak,18.4
6411,PM Peak,34.2
6411,PM Peak,29.4
6411,PM Peak,26.3
6411,PM Peak,27.9
6411,PM Peak,27.7
6411,PM Peak,22.2
6411,PM Peak,25.7
6411,PM Peak,25.5
6411,PM Peak,21.5
6411,PM Peak,26.2
6411,PM Peak,27
6411,PM Peak,23.5
6411,PM Peak,25.9
6411,PM Peak,26.9
6411,PM Peak,24.4
6411,PM Peak,23
6411,PM Peak,28.3
6411,PM Peak,25
6411,PM Peak,35.6
6411,PM Peak,20.7
6411,PM Peak,32.1
6411,PM Peak,30.1
6411,PM Peak,22.5
6411,PM Peak,18.6
6411,PM Peak,20.7
6411,PM Peak,25.9
6411,PM Peak,36.2
6411,PM Peak,27
6411,PM Peak,16.4
6411,PM Peak,19.5
6411,PM Peak,36
6411,PM Peak,24.7
6411,PM Peak,25.9
6411,PM Peak,20.1
6411,PM Peak,5.2
6411,PM Peak,20.3
6411,PM Peak,27.2
6411,PM Peak,18.6
6411,PM Peak,23.8
6411,PM Peak,26.3
6411,PM Peak,20.5
6411,PM Peak,23.4
6411,PM Peak,29.6
6411,PM Peak,18.2
6411,PM Peak,33.7
6411,PM Peak,26.7
6411,PM Peak,18.4
6411,PM Peak,21.1
6411,PM Peak,29.4
6411,PM Peak,28.5
6411,PM Peak,23.9
6411,PM Peak,29
6411,PM Peak,31
6411,PM Peak,16.5
6411,PM Peak,26.2
6411,PM Peak,6.7
6411,PM Peak,18.4
6411,PM Peak,26.9
6411,PM Peak,31.8
6411,PM Peak,28.5
6411,PM Peak,22.6
6411,PM Peak,20.8
6411,PM Peak,25
6411,PM Peak,28.5
6411,PM Peak,36.1
6411,PM Peak,27.3
6411,PM Peak,24.1
6411,PM Peak,27
6411,PM Peak,24
6411,PM Peak,29.1
6411,PM Peak,28
6411,PM Peak,23.2
6411,PM Peak,34.5
6411,PM Peak,18
6411,PM Peak,29.2
6411,PM Peak,29.1
6411,PM Peak,24.9
6411,PM Peak,19.3
6411,PM Peak,30.1
6411,PM Peak,21.1
6411,PM Peak,27.9
6411,PM Peak,22.5
6411,PM Peak,24.3
6411,PM Peak,33
6411,PM Peak,27.4
6411,PM Peak,22.5
6411,PM Peak,28.5
6411,PM Peak,27.8
6411,PM Peak,23.6
6411,PM Peak,24.2
6411,PM Peak,29.9
6411,PM Peak,28.2
6411,PM Peak,24.1
6411,PM Peak,32.7
6411,PM Peak,26.1
6411,PM Peak,28.7
6411,PM Peak,24.8
6411,PM Peak,31
6411,PM Peak,26.9
6411,PM Peak,26
6411,PM Peak,22.2
6411,PM Peak,26.1
6411,PM Peak,25.6
6411,PM Peak,20.8
6411,PM Peak,27.2
6411,PM Peak,27.9
6411,PM Peak,26.5
6411,PM Peak,22.3
6411,PM Peak,30.8
6411,PM Peak,22.8
6411,PM Peak,26.6
6411,PM Peak,30.4
6411,PM Peak,24.2
6411,PM Peak,20.9
6411,PM Peak,22.5
6411,PM Peak,29.1
6411,PM Peak,22.4
6411,PM Peak,25.4
6411,PM Peak,23.3
6411,PM Peak,23.7
6411,PM Peak,20
6411,PM Peak,35.1
6411,PM Peak,27.9
6411,PM Peak,14
6411,PM Peak,27.2
6411,PM Peak,25.1
6411,PM Peak,34
6411,PM Peak,29.4
6411,PM Peak,22.6
6411,PM Peak,22.8
6411,PM Peak,36.5
6411,PM Peak,24.8
6411,PM Peak,25.5
6411,PM Peak,24.9
6411,PM Peak,30.8
6411,PM Peak,29.7
6411,PM Peak,25.9
6411,PM Peak,31
6411,PM Peak,25
6411,PM Peak,27.2
6411,PM Peak,23.4
6411,PM Peak,24.3
6411,PM Peak,26.5
6411,PM Peak,23.2
6411,PM Peak,23.6
6411,PM Peak,26.4
6411,PM Peak,15.7
6411,PM Peak,24.7
6411,PM Peak,24
6411,PM Peak,27.8
6411,PM Peak,21.6
6411,PM Peak,17.9
6411,PM Peak,31.2
6411,PM Peak,20.7
6411,PM Peak,24.9
6411,PM Peak,28.4
6411,PM Peak,26.2
6411,PM Peak,22.5
6411,PM Peak,14.5
6411,PM Peak,30.1
6411,PM Peak,20.7
6411,PM Peak,25.6
6411,PM Peak,24
6411,PM Peak,29.9
6411,PM Peak,27.2
6411,PM Peak,26.7
6411,PM Peak,25.9
6411,PM Peak,25
6411,PM Peak,30
6411,PM Peak,27.8
6411,PM Peak,17.2
6411,PM Peak,23.6
6411,PM Peak,22.6
6411,PM Peak,38.4
6411,PM Peak,36.9
6411,PM Peak,16.5
6411,PM Peak,30.7
6411,PM Peak,30.3
6411,PM Peak,29.6
6411,PM Peak,22
6411,PM Peak,24.4
6411,PM Peak,19.5
6411,PM Peak,28.2
6411,PM Peak,22.4
6411,PM Peak,20.9
6411,PM Peak,19.1
6411,PM Peak,24
6411,PM Peak,32.3
6411,PM Peak,25
6411,PM Peak,13.9
6411,PM Peak,24
6411,PM Peak,23.3
6411,PM Peak,32.8
6411,PM Peak,23.8
6411,PM Peak,19.6
6411,PM Peak,24.7
6411,PM Peak,29.4
6411,PM Peak,27.6
6411,PM Peak,24.1
6411,PM Peak,23
6411,PM Peak,23.4
6411,PM Peak,28.6
6411,PM Peak,29.4
6411,PM Peak,22.3
6411,PM Peak,20.8
6411,PM Peak,24.2
6411,PM Peak,22.4
6411,PM Peak,30.3
6411,PM Peak,32.1
6411,PM Peak,25.2
6411,PM Peak,23.6
6411,PM Peak,21.5
6411,PM Peak,29.1
6411,PM Peak,35.8
6411,PM Peak,26.2
6411,PM Peak,25.6
6411,PM Peak,25.4
6411,PM Peak,24.3
6411,PM Peak,29.5
6411,PM Peak,27.1
6411,PM Peak,17.7
6411,PM Peak,22.6
6411,PM Peak,25
6411,PM Peak,26.5
6411,PM Peak,26.5
6411,PM Peak,25.8
6411,PM Peak,21.6
6411,PM Peak,33.8
6411,PM Peak,19.2
6411,PM Peak,22.9
6411,PM Peak,28.6
6411,PM Peak,33.2
6411,PM Peak,25.6
6411,PM Peak,9
6411,PM Peak,28.8
6411,PM Peak,26.3
6411,PM Peak,25.1
6411,PM Peak,28.6
6411,PM Peak,23.1
6411,PM Peak,23.9
6411,PM Peak,20.1
6411,PM Peak,17.6
6415,AM Peak,29.3
6415,AM Peak,21.5
6415,AM Peak,29.3
6415,AM Peak,23.3
6415,AM Peak,26.7
6415,AM Peak,25.6
6415,AM Peak,22.3
6415,AM Peak,18.6
6415,AM Peak,24.4
6415,AM Peak,35.4
6415,AM Peak,27.7
6415,AM Peak,27.7
6415,AM Peak,23.1
6415,AM Peak,24.1
6415,AM Peak,23.6
6415,AM Peak,32.3
6415,AM Peak,29.4
6415,AM Peak,18.6
6415,AM Peak,24.8
6415,AM Peak,28.6
6415,AM Peak,32
6415,AM Peak,27.2
6415,AM Peak,27.3
6415,AM Peak,3.8
6415,AM Peak,29.8
6415,AM Peak,32.2
6415,AM Peak,30
6415,AM Peak,27.4
6415,AM Peak,28.1
6415,AM Peak,30.8
6415,AM Peak,25.5
6415,AM Peak,32
6415,AM Peak,29.5
6415,AM Peak,26
6415,AM Peak,21.6
6415,AM Peak,19.4
6415,AM Peak,26.8
6415,AM Peak,20.8
6415,AM Peak,27.8
6415,AM Peak,34.2
6415,AM Peak,8.1
6415,AM Peak,27.2
6415,AM Peak,30.8
6415,AM Peak,25.1
6415,AM Peak,43.5
6415,AM Peak,24.7
6415,AM Peak,30.7
6415,AM Peak,19.6
6415,AM Peak,25.5
6415,AM Peak,24.6
6415,AM Peak,24.6
6415,AM Peak,25.6
6415,AM Peak,28.9
6415,AM Peak,33.3
6415,AM Peak,30.6
6415,AM Peak,19
6415,AM Peak,27.6
6415,AM Peak,37
6415,AM Peak,25.6
6415,AM Peak,30.7
6415,AM Peak,28.3
6415,AM Peak,25.4
6415,AM Peak,30.4
6415,AM Peak,28.9
6415,AM Peak,20.6
6415,AM Peak,25.7
6415,AM Peak,46.4
6415,AM Peak,20.7
6415,AM Peak,26.9
6415,AM Peak,18.7
6415,AM Peak,19.5
6415,AM Peak,30
6415,AM Peak,34
6415,AM Peak,30.5
6415,AM Peak,22.3
6415,AM Peak,21.7
6415,AM Peak,28.3
6415,AM Peak,28.1
6415,AM Peak,30.3
6415,AM Peak,26.7
6415,AM Peak,19.7
6415,AM Peak,29.1
6415,AM Peak,28.1
6415,AM Peak,24.9
6415,AM Peak,32.5
6415,AM Peak,27.4
6415,AM Peak,29
6415,AM Peak,31.4
6415,AM Peak,22.2
6415,AM Peak,23.6
6415,AM Peak,28.5
6415,AM Peak,17.5
6415,AM Peak,22
6415,AM Peak,32.4
6415,AM Peak,22.7
6415,AM Peak,26.2
6415,AM Peak,21.5
6415,AM Peak,33.2
6415,AM Peak,29.3
6415,AM Peak,35.8
6415,AM Peak,33.8
6415,AM Peak,19.9
6415,AM Peak,29.9
6415,AM Peak,15.2
6415,AM Peak,31.1
6415,AM Peak,33.2
6415,AM Peak,25.9
6415,AM Peak,26.6
6415,AM Peak,15.5
6415,AM Peak,22.1
6415,AM Peak,23.7
6415,AM Peak,29.6
6415,AM Peak,27
6415,AM Peak,30.3
6415,AM Peak,30.4
6415,AM Peak,22.3
6415,AM Peak,26.8
6415,AM Peak,30.6
6415,AM Peak,24
6415,AM Peak,15.9
6415,AM Peak,27.9
6415,AM Peak,44.3
6415,AM Peak,18.4
6415,AM Peak,28.8
6415,AM Peak,24.5
6415,AM Peak,27.4
6415,AM Peak,27.3
6415,AM Peak,28.5
6415,AM Peak,32.2
6415,AM Peak,27.3
6415,AM Peak,17.9
6415,AM Peak,28.1
6415,AM Peak,34.8
6415,AM Peak,23.9
6415,AM Peak,25.5
6415,AM Peak,25.4
6415,AM Peak,23.1
6415,AM Peak,20.6
6415,AM Peak,32.5
6415,AM Peak,26.5
6415,AM Peak,24.7
6415,AM Peak,27.2
6415,AM Peak,30.2
6415,AM Peak,23.2
6415,AM Peak,23.6
6415,AM Peak,36.3
6415,AM Peak,32.1
6415,AM Peak,19
6415,AM Peak,22.2
6415,AM Peak,20
6415,AM Peak,28.7
6415,AM Peak,29.3
6415,AM Peak,30.6
6415,AM Peak,28.1
6415,AM Peak,28.6
6415,AM Peak,22.7
6415,AM Peak,24.1
6415,AM Peak,17.3
6415,AM Peak,21.6
6415,AM Peak,27.8
6415,AM Peak,26.9
6415,AM Peak,24.5
6415,AM Peak,31
6415,AM Peak,26.8
6415,AM Peak,25.1
6415,AM Peak,26.6
6415,AM Peak,23.6
6415,AM Peak,32.1
6415,AM Peak,29
6415,AM Peak,22.1
6415,AM Peak,22.7
6415,AM Peak,33
6415,AM Peak,29.1
6415,AM Peak,30.1
6415,AM Peak,28.5
6415,AM Peak,22.1
6415,AM Peak,28.8
6415,AM Peak,30
6415,AM Peak,25.7
6415,AM Peak,24.2
6415,AM Peak,25.8
6415,AM Peak,28
6415,AM Peak,29.9
6415,AM Peak,20.8
6415,AM Peak,23.9
6415,AM Peak,27
6415,AM Peak,14.3
6415,AM Peak,28.9
6415,AM Peak,30.4
6415,AM Peak,37.3
6415,AM Peak,27.5
6415,AM Peak,35.2
6415,AM Peak,28.7
6415,AM Peak,32.2
6415,AM Peak,35.3
6415,AM Peak,23
6415,AM Peak,28.4
6415,AM Peak,32.7
6415,AM Peak,19
6415,AM Peak,19
6415,AM Peak,23.2
6415,AM Peak,23.1
6415,AM Peak,33.1
6415,AM Peak,27.1
6415,AM Peak,28.8
6415,AM Peak,33.7
6415,AM Peak,32.2
6415,AM Peak,30.5
6415,AM Peak,27.3
6415,AM Peak,28.7
6415,AM Peak,18.7
6415,AM Peak,19.2
6415,AM Peak,23
6415,AM Peak,24.9
6415,AM Peak,19.8
6415,AM Peak,24.4
6415,AM Peak,30.2
6415,AM Peak,17.9
6415,AM Peak,30.1
6415,AM Peak,26.8
6415,AM Peak,27.2
6415,AM Peak,24
6415,AM Peak,24.2
6415,AM Peak,21.4
6415,AM Peak,34
6415,AM Peak,31.1
6415,AM Peak,27.1
6415,AM Peak,27.9
6415,AM Peak,16.7
6415,AM Peak,22.1
6415,AM Peak,25.4
6415,AM Peak,32.4
6415,AM Peak,24.2
6415,AM Peak,32.1
6415,AM Peak,26.2
6415,AM Peak,27.1
6415,AM Peak,30.1
6415,AM Peak,16.4
6415,AM Peak,20.4
6415,AM Peak,33.8
6415,AM Peak,22.6
6415,AM Peak,15.8
6415,AM Peak,3.1
6415,AM Peak,34.4
6415,AM Peak,27.3
6415,AM Peak,24.9
6415,AM Peak,24.9
6415,AM Peak,19.2
6415,AM Peak,28.6
6415,AM Peak,16.9
6415,AM Peak,24
6415,AM Peak,29.3
6415,AM Peak,27.1
6415,AM Peak,4.1
6415,AM Peak,36.1
6415,AM Peak,24.5
6415,AM Peak,23
6415,AM Peak,31.3
6415,AM Peak,27.8
6415,AM Peak,31.2
6415,AM Peak,30.9
6415,AM Peak,25.8
6415,AM Peak,26.2
6415,AM Peak,23.8
6415,AM Peak,23.9
6415,AM Peak,25.1
6415,AM Peak,23.6
6415,AM Peak,26.4
6415,AM Peak,30.5
6415,AM Peak,32.7
6415,AM Peak,22.4
6415,AM Peak,29.4
6415,AM Peak,30.9
6415,AM Peak,25.8
6415,AM Peak,23.5
6415,AM Peak,23.9
6415,AM Peak,29.8
6415,AM Peak,32
6415,AM Peak,31.9
6415,AM Peak,2
6415,AM Peak,24.7
6415,AM Peak,27.1
6415,AM Peak,30.9
6415,AM Peak,18.7
6415,AM Peak,23.1
6415,AM Peak,21.3
6415,AM Peak,31.9
6415,AM Peak,10.9
6415,AM Peak,26.2
6415,AM Peak,21
6415,AM Peak,27.6
6415,AM Peak,34.8
6415,AM Peak,32.1
6415,AM Peak,21.5
6415,AM Peak,29.4
6415,AM Peak,25.5
6415,AM Peak,17
6415,AM Peak,16.1
6415,AM Peak,23.7
6415,AM Peak,29.1
6415,AM Peak,31.8
6415,AM Peak,25.2
6415,AM Peak,22.6
6415,AM Peak,25.6
6415,AM Peak,23.8
6415,AM Peak,28.3
6415,AM Peak,26.4
6415,AM Peak,21.8
6415,AM Peak,30
6415,AM Peak,32.5
6415,AM Peak,33.5
6415,AM Peak,6.2
6415,AM Peak,24.4
6415,AM Peak,28.4
6415,AM Peak,30.2
6415,AM Peak,28
6415,AM Peak,21
6415,AM Peak,23.4
6415,AM Peak,26.6
6415,AM Peak,20.5
6415,AM Peak,35.6
6415,AM Peak,28.3
6415,AM Peak,33.4
6415,AM Peak,26.7
6415,AM Peak,23.9
6415,AM Peak,26.6
6415,AM Peak,18.9
6415,AM Peak,17.9
6415,AM Peak,30.7
6415,AM Peak,30
6415,AM Peak,32.3
6415,AM Peak,29.1
6415,AM Peak,28.9
6415,AM Peak,24.2
6415,AM Peak,34.5
6415,AM Peak,26.2
6415,AM Peak,31.3
6415,AM Peak,26
6415,AM Peak,14.5
6415,AM Peak,25.4
6415,AM Peak,31.1
6415,AM Peak,30.5
6415,AM Peak,29.1
6415,AM Peak,12.1
6415,AM Peak,23.5
6415,AM Peak,30.5
6415,AM Peak,26.5
6415,AM Peak,29
6415,AM Peak,24.9
6415,AM Peak,21.2
6415,AM Peak,47.4
6415,AM Peak,4.4
6415,AM Peak,26.4
6415,AM Peak,29.2
6415,AM Peak,30.5
6415,AM Peak,35.7
6415,AM Peak,26.6
6415,AM Peak,28.2
6415,AM Peak,30.5
6415,AM Peak,29.9
6415,AM Peak,8
6415,AM Peak,26.2
6415,AM Peak,25.6
6415,AM Peak,30.8
6415,AM Peak,33.7
6415,AM Peak,24.1
6415,AM Peak,14.5
6415,AM Peak,26.7
6415,AM Peak,16.9
6415,AM Peak,26.2
6415,AM Peak,25.9
6415,AM Peak,24.2
6415,AM Peak,28.1
6415,AM Peak,24.2
6415,AM Peak,25.6
6415,AM Peak,27.6
6415,AM Peak,28.8
6415,AM Peak,23.7
6415,AM Peak,33.5
6415,AM Peak,29.2
6415,AM Peak,31
6415,AM Peak,28.7
6415,AM Peak,31.5
6415,AM Peak,26.1
6415,AM Peak,23.9
6415,AM Peak,32.1
6415,AM Peak,19
6415,AM Peak,27.6
6415,AM Peak,8.3
6415,AM Peak,29.7
6415,AM Peak,25.9
6415,AM Peak,27.3
6415,AM Peak,27.3
6415,AM Peak,22
6415,AM Peak,26.3
6415,AM Peak,19.1
6415,AM Peak,20.7
6415,AM Peak,16.4
6415,AM Peak,28.4
6415,AM Peak,28.7
6415,AM Peak,27.5
6415,AM Peak,25.8
6415,AM Peak,27.3
6415,AM Peak,27.2
6415,AM Peak,32.4
6415,AM Peak,28.6
6415,AM Peak,30.2
6415,AM Peak,22.7
6415,AM Peak,29.5
6415,AM Peak,26.3
6415,AM Peak,16.9
6415,AM Peak,22.2
6415,AM Peak,28.3
6415,AM Peak,26.4
6415,AM Peak,22.5
6415,AM Peak,24
6415,AM Peak,26.6
6415,AM Peak,22.7
6415,AM Peak,27.4
6415,AM Peak,24.4
6415,AM Peak,31.2
6415,AM Peak,30.6
6415,AM Peak,27.2
6415,AM Peak,35.9
6415,AM Peak,36.1
6415,AM Peak,22.1
6415,AM Peak,26.9
6415,AM Peak,26.4
6415,AM Peak,31.7
6415,AM Peak,30.5
6415,AM Peak,31.9
6415,AM Peak,28.3
6415,AM Peak,12.8
6415,AM Peak,26.3
6415,AM Peak,36
6415,AM Peak,24.8
6415,AM Peak,22.4
6415,AM Peak,19.4
6415,AM Peak,23.9
6415,AM Peak,25
6415,AM Peak,25.4
6415,AM Peak,35.5
6415,AM Peak,24.7
6415,AM Peak,31.3
6415,AM Peak,25.3
6415,AM Peak,30.6
6415,AM Peak,35.7
6415,AM Peak,28.9
6415,AM Peak,31.3
6415,AM Peak,19.6
6415,AM Peak,27.3
6415,AM Peak,23.8
6415,AM Peak,28.5
6415,AM Peak,28.5
6415,AM Peak,32.8
6415,AM Peak,26.6
6415,AM Peak,17.8
6415,AM Peak,33.7
6415,AM Peak,23.8
6415,AM Peak,38.1
6415,AM Peak,23.1
6415,AM Peak,29.5
6415,AM Peak,26.4
6415,AM Peak,27.9
6415,AM Peak,29
6415,AM Peak,27
6415,AM Peak,21.5
6415,AM Peak,20.3
6415,AM Peak,28.7
6415,AM Peak,18.8
6415,AM Peak,26
6415,AM Peak,20.7
6415,AM Peak,25.6
6415,AM Peak,27.5
6415,AM Peak,23.9
6415,AM Peak,26
6415,AM Peak,26.8
6415,AM Peak,30
6415,AM Peak,32.9
6415,AM Peak,35.3
6415,AM Peak,25
6415,AM Peak,27.5
6415,AM Peak,36.2
6415,AM Peak,24.1
6415,AM Peak,44.6
6415,AM Peak,25.3
6415,AM Peak,20.9
6415,AM Peak,30
6415,AM Peak,25.6
6415,AM Peak,26.5
6415,AM Peak,29.7
6415,AM Peak,25.5
6415,AM Peak,16.3
6415,AM Peak,29.4
6415,AM Peak,34.1
6415,AM Peak,27.5
6415,AM Peak,34.4
6415,AM Peak,33.6
6415,AM Peak,28.5
6415,AM Peak,21.7
6415,PM Peak,28.5
6415,PM Peak,27.1
6415,PM Peak,28
6415,PM Peak,26.5
6415,PM Peak,22.3
6415,PM Peak,22.7
6415,PM Peak,20.8
6415,PM Peak,20.1
6415,PM Peak,20.8
6415,PM Peak,26.6
6415,PM Peak,18.8
6415,PM Peak,40.4
6415,PM Peak,19.4
6415,PM Peak,22
6415,PM Peak,29.2
6415,PM Peak,19.6
6415,PM Peak,27.8
6415,PM Peak,11.7
6415,PM Peak,24.3
6415,PM Peak,20.9
6415,PM Peak,29.7
6415,PM Peak,32.7
6415,PM Peak,26.6
6415,PM Peak,23.3
6415,PM Peak,22.6
6415,PM Peak,22.8
6415,PM Peak,27
6415,PM Peak,20.8
6415,PM Peak,20
6415,PM Peak,27
6415,PM Peak,25.4
6415,PM Peak,19.3
6415,PM Peak,20.8
6415,PM Peak,24.8
6415,PM Peak,18.9
6415,PM Peak,24.7
6415,PM Peak,27.1
6415,PM Peak,23.9
6415,PM Peak,25.5
6415,PM Peak,25.2
6415,PM Peak,29.2
6415,PM Peak,23.9
6415,PM Peak,24.9
6415,PM Peak,20.3
6415,PM Peak,25.2
6415,PM Peak,33.2
6415,PM Peak,24.2
6415,PM Peak,26.7
6415,PM Peak,21.9
6415,PM Peak,21.1
6415,PM Peak,20.8
6415,PM Peak,9.9
6415,PM Peak,40.9
6415,PM Peak,18.5
6415,PM Peak,23.3
6415,PM Peak,23.2
6415,PM Peak,27.6
6415,PM Peak,27.2
6415,PM Peak,29.9
6415,PM Peak,28.4
6415,PM Peak,21.9
6415,PM Peak,29.9
6415,PM Peak,24.3
6415,PM Peak,32.7
6415,PM Peak,16.5
6415,PM Peak,16.7
6415,PM Peak,23.4
6415,PM Peak,23.1
6415,PM Peak,27.4
6415,PM Peak,23.2
6415,PM Peak,24.8
6415,PM Peak,21.9
6415,PM Peak,17.5
6415,PM Peak,27.2
6415,PM Peak,15.2
6415,PM Peak,27.7
6415,PM Peak,39.9
6415,PM Peak,20.9
6415,PM Peak,24.2
6415,PM Peak,24
6415,PM Peak,20.2
6415,PM Peak,25.2
6415,PM Peak,6.1
6415,PM Peak,25.8
6415,PM Peak,20.2
6415,PM Peak,21.1
6415,PM Peak,20.7
6415,PM Peak,4.9
6415,PM Peak,17.7
6415,PM Peak,26.5
6415,PM Peak,23.9
6415,PM Peak,25.5
6415,PM Peak,24.1
6415,PM Peak,23.7
6415,PM Peak,31.2
6415,PM Peak,23.3
6415,PM Peak,4.9
6415,PM Peak,20.8
6415,PM Peak,18.2
6415,PM Peak,34.7
6415,PM Peak,26.8
6415,PM Peak,27.3
6415,PM Peak,25.7
6415,PM Peak,20.8
6415,PM Peak,23.2
6415,PM Peak,30.9
6415,PM Peak,27.5
6415,PM Peak,28.9
6415,PM Peak,22.6
6415,PM Peak,17.4
6415,PM Peak,28.9
6415,PM Peak,17.5
6415,PM Peak,29.5
6415,PM Peak,25
6415,PM Peak,23
6415,PM Peak,29.1
6415,PM Peak,16.3
6415,PM Peak,18.1
6415,PM Peak,22.1
6415,PM Peak,19.9
6415,PM Peak,29.2
6415,PM Peak,26.2
6415,PM Peak,23.5
6415,PM Peak,32.5
6415,PM Peak,15.8
6415,PM Peak,27.4
6415,PM Peak,27.7
6415,PM Peak,25.1
6415,PM Peak,27.4
6415,PM Peak,18.7
6415,PM Peak,39.9
6415,PM Peak,26.5
6415,PM Peak,34.6
6415,PM Peak,20.5
6415,PM Peak,24.1
6415,PM Peak,18.2
6415,PM Peak,21.1
6415,PM Peak,22.4
6415,PM Peak,24.1
6415,PM Peak,23.1
6415,PM Peak,31.6
6415,PM Peak,24.1
6415,PM Peak,26.3
6415,PM Peak,29.9
6415,PM Peak,9.5
6415,PM Peak,23.1
6415,PM Peak,26.4
6415,PM Peak,23.7
6415,PM Peak,24.3
6415,PM Peak,28.3
6415,PM Peak,19.5
6415,PM Peak,30.6
6415,PM Peak,22.3
6415,PM Peak,19.5
6415,PM Peak,26.7
6415,PM Peak,24.8
6415,PM Peak,27.9
6415,PM Peak,19.3
6415,PM Peak,28.7
6415,PM Peak,21.2
6415,PM Peak,19.5
6415,PM Peak,25.9
6415,PM Peak,15.9
6415,PM Peak,21.5
6415,PM Peak,25.3
6415,PM Peak,24.4
6415,PM Peak,27.6
6415,PM Peak,28.2
6415,PM Peak,13.6
6415,PM Peak,27.2
6415,PM Peak,25
6415,PM Peak,32.2
6415,PM Peak,23.4
6415,PM Peak,21.5
6415,PM Peak,20.9
6415,PM Peak,15.9
6415,PM Peak,28.2
6415,PM Peak,25
6415,PM Peak,32.8
6415,PM Peak,25.9
6415,PM Peak,24.9
6415,PM Peak,25.3
6415,PM Peak,20.7
6415,PM Peak,21.4
6415,PM Peak,31.6
6415,PM Peak,26.3
6415,PM Peak,19.1
6415,PM Peak,20.2
6415,PM Peak,23.2
6415,PM Peak,16.8
6415,PM Peak,25.2
6415,PM Peak,30.4
6415,PM Peak,29
6415,PM Peak,37.6
6415,PM Peak,25.2
6415,PM Peak,26.7
6415,PM Peak,18.1
6415,PM Peak,31.2
6415,PM Peak,23
6415,PM Peak,24.3
6415,PM Peak,23.5
6415,PM Peak,24.7
6415,PM Peak,23.6
6415,PM Peak,24.3
6415,PM Peak,21.6
6415,PM Peak,23.8
6415,PM Peak,23.7
6415,PM Peak,28.8
6415,PM Peak,27.1
6415,PM Peak,23.8
6415,PM Peak,25.2
6415,PM Peak,19.8
6415,PM Peak,24.2
6415,PM Peak,15.6
6415,PM Peak,27.3
6415,PM Peak,25.7
6415,PM Peak,31.5
6415,PM Peak,23.3
6415,PM Peak,26.9
6415,PM Peak,45.9
6415,PM Peak,24.2
6415,PM Peak,20.5
6415,PM Peak,30.3
6415,PM Peak,25.1
6415,PM Peak,25
6415,PM Peak,31.7
6415,PM Peak,15.4
6415,PM Peak,27
6415,PM Peak,25.7
6415,PM Peak,22.1
6415,PM Peak,13.3
6415,PM Peak,27.6
6415,PM Peak,32
6415,PM Peak,19.6
6415,PM Peak,35.7
6415,PM Peak,26.5
6415,PM Peak,15
6415,PM Peak,20.5
6415,PM Peak,10.2
6415,PM Peak,26.7
6415,PM Peak,15.9
6415,PM Peak,8.8
6415,PM Peak,27.3
6415,PM Peak,35.7
6415,PM Peak,20.4
6415,PM Peak,16.5
6415,PM Peak,13.8
6415,PM Peak,31.5
6415,PM Peak,24.9
6415,PM Peak,23.9
6415,PM Peak,29.5
6415,PM Peak,24
6415,PM Peak,27.7
6415,PM Peak,19.7
6415,PM Peak,21.2
6415,PM Peak,20.4
6415,PM Peak,26.2
6415,PM Peak,34.6
6415,PM Peak,30.4
6415,PM Peak,22.8
6415,PM Peak,24.5
6415,PM Peak,22.4
6415,PM Peak,18.5
6415,PM Peak,22
6415,PM Peak,32.8
6415,PM Peak,19.6
6415,PM Peak,25.3
6415,PM Peak,28
6415,PM Peak,23
6415,PM Peak,26.5
6415,PM Peak,27.4
6415,PM Peak,31.8
6415,PM Peak,20.2
6415,PM Peak,24.8
6415,PM Peak,27
6415,PM Peak,25.9
6415,PM Peak,4.4
6415,PM Peak,22.5
6415,PM Peak,23.2
6415,PM Peak,31.1
6415,PM Peak,25
6415,PM Peak,36.6
6415,PM Peak,28.5
6415,PM Peak,33.2
6415,PM Peak,23.7
6415,PM Peak,24.7
6415,PM Peak,26.5
6415,PM Peak,24.1
6415,PM Peak,30.2
6415,PM Peak,28.3
6415,PM Peak,19.1
6415,PM Peak,33.1
6415,PM Peak,18.7
6415,PM Peak,27.4
6415,PM Peak,26.7
6415,PM Peak,34.1
6415,PM Peak,25.8
6415,PM Peak,28.3
6415,PM Peak,26.1
6415,PM Peak,24
6415,PM Peak,20.1
6415,PM Peak,26.4
6415,PM Peak,26
6415,PM Peak,11.4
6415,PM Peak,23.7
6415,PM Peak,24.6
6415,PM Peak,26.7
6415,PM Peak,27
6415,PM Peak,25.1
6415,PM Peak,23.1
6415,PM Peak,25.2
6415,PM Peak,14
6415,PM Peak,20.1
6415,PM Peak,21.4
6415,PM Peak,31.8
6415,PM Peak,28.4
6415,PM Peak,20.9
6415,PM Peak,20.1
6415,PM Peak,7.4
6415,PM Peak,22.5
6415,PM Peak,22.1
6415,PM Peak,26.2
6415,PM Peak,30.2
6415,PM Peak,24.2
6415,PM Peak,25
6415,PM Peak,29
6415,PM Peak,23.6
6415,PM Peak,19.3
6415,PM Peak,18
6415,PM Peak,23.4
6415,PM Peak,25.8
6415,PM Peak,22.7
6415,PM Peak,26.4
6415,PM Peak,28.2
6415,PM Peak,27
6415,PM Peak,30.6
6415,PM Peak,19.9
6415,PM Peak,22.1
6415,PM Peak,27.5
6415,PM Peak,27.1
6415,PM Peak,18.8
6415,PM Peak,18
6415,PM Peak,12.3
6415,PM Peak,19.5
6415,PM Peak,29.5
6415,PM Peak,18.2
6415,PM Peak,25.7
6415,PM Peak,18.4
6415,PM Peak,28
6415,PM Peak,32.2
6415,PM Peak,29.2
6415,PM Peak,24.8
6415,PM Peak,20.7
6415,PM Peak,25.8
6415,PM Peak,30.5
6415,PM Peak,29.2
6415,PM Peak,21.4
6415,PM Peak,23.5
6415,PM Peak,25
6415,PM Peak,23
6415,PM Peak,22.6
6415,PM Peak,19.6
6415,PM Peak,28.5
6415,PM Peak,27.1
6415,PM Peak,29.2
6415,PM Peak,22.1
6415,PM Peak,27.8
6415,PM Peak,19.3
6415,PM Peak,24.6
6415,PM Peak,26.4
6415,PM Peak,29.8
6415,PM Peak,25.5
6415,PM Peak,28.1
6415,PM Peak,22.7
6415,PM Peak,26.7
6415,PM Peak,28.5
6415,PM Peak,27.2
6415,PM Peak,13.8
6415,PM Peak,28.9
6415,PM Peak,16.5
6415,PM Peak,18.2
6415,PM Peak,19.7
6415,PM Peak,24.4
6415,PM Peak,27.4
6415,PM Peak,31.5
6415,PM Peak,23.2
6415,PM Peak,21.8
6415,PM Peak,26.2
6415,PM Peak,17.3
6415,PM Peak,26.2
6415,PM Peak,24.6
6415,PM Peak,19.9
6415,PM Peak,20.3
6415,PM Peak,30.2
6415,PM Peak,17.6
6415,PM Peak,21
6415,PM Peak,23.2
6415,PM Peak,20.8
6415,PM Peak,25.2
6415,PM Peak,24.7
6415,PM Peak,25.7
6415,PM Peak,28.7
6415,PM Peak,25.8
6415,PM Peak,28.4
6415,PM Peak,7.4
6415,PM Peak,21
6415,PM Peak,21
6415,PM Peak,4.7
6415,PM Peak,20.2
6415,PM Peak,25.3
6415,PM Peak,17.6
6415,PM Peak,25.9
6415,PM Peak,26.8
6415,PM Peak,8.7
6415,PM Peak,29.3
6415,PM Peak,22.6
6415,PM Peak,29.5
6415,PM Peak,18.9
6415,PM Peak,26.3
6415,PM Peak,28.9
6415,PM Peak,16.1
6415,PM Peak,25.1
6415,PM Peak,20.4
6415,PM Peak,24.6
6415,PM Peak,23.8
6415,PM Peak,22.4
6415,PM Peak,23
6415,PM Peak,26.4
6415,PM Peak,24.2
6415,PM Peak,26.7
6415,PM Peak,24.6
6415,PM Peak,27.3
6415,PM Peak,24.3
6415,PM Peak,1.8
6415,PM Peak,25.3
6415,PM Peak,21.1
6415,PM Peak,1.7
6415,PM Peak,16.9
6415,PM Peak,34.6
6415,PM Peak,21.1
6415,PM Peak,24.1
6415,PM Peak,18
6415,PM Peak,34.4
6415,PM Peak,22.9
6415,PM Peak,27.4
6415,PM Peak,23.6
6415,PM Peak,26
6415,PM Peak,25.5
6415,PM Peak,26.2
6415,PM Peak,28.6
6415,PM Peak,25.1
6415,PM Peak,32.9
6415,PM Peak,29.8
6415,PM Peak,32.7
6415,PM Peak,33.9
6415,PM Peak,26.2
6415,PM Peak,23.2
6415,PM Peak,25.1
6415,PM Peak,21.5
6415,PM Peak,22.2
6415,PM Peak,27.3
6415,PM Peak,13.4
6415,PM Peak,21.3
6415,PM Peak,20.2
6415,PM Peak,30.3
6415,PM Peak,20.9
6415,PM Peak,30.7
6415,PM Peak,23.8
6415,PM Peak,25.8
6415,PM Peak,17.5
6415,PM Peak,25.1
6415,PM Peak,18.8
6415,PM Peak,19.6
6415,PM Peak,25.3
6415,PM Peak,31.3
6415,PM Peak,11.3
6415,PM Peak,24.3
6415,PM Peak,26.8
6415,PM Peak,23.1
6415,PM Peak,36.1
6415,PM Peak,4.8
6415,PM Peak,23.3
6415,PM Peak,27.6
6415,PM Peak,26.5
6415,PM Peak,26.6
6415,PM Peak,27.8
6415,PM Peak,21.2
6415,PM Peak,21.3
6415,PM Peak,2.4
6415,PM Peak,26.3
6415,PM Peak,19.7
6415,PM Peak,18.8
6415,PM Peak,4
6415,PM Peak,19.6
6415,PM Peak,28
6415,PM Peak,33
6415,PM Peak,24.1
6415,PM Peak,23.9
6415,PM Peak,22.6
6415,PM Peak,27.6
6419,AM Peak,5.3
6419,AM Peak,16.9
6419,AM Peak,3.6
6419,AM Peak,20.8
6419,AM Peak,24.1
6419,AM Peak,19.8
6419,AM Peak,4.4
6419,AM Peak,24.8
6419,AM Peak,19.1
6419,AM Peak,14.3
6419,AM Peak,15.5
6419,AM Peak,19.4
6419,AM Peak,18.6
6419,AM Peak,23.9
6419,AM Peak,4.1
6419,AM Peak,3.6
6419,AM Peak,27.9
6419,AM Peak,22
6419,AM Peak,16.9
6419,AM Peak,20.6
6419,AM Peak,24.4
6419,AM Peak,14.1
6419,AM Peak,4.5
6419,AM Peak,3
6419,AM Peak,23.3
6419,AM Peak,17.8
6419,AM Peak,21
6419,AM Peak,21.7
6419,AM Peak,14.3
6419,AM Peak,14.4
6419,AM Peak,18.4
6419,AM Peak,18.1
6419,AM Peak,4.3
6419,AM Peak,18
6419,AM Peak,16.7
6419,AM Peak,20.9
6419,AM Peak,3.8
6419,AM Peak,22.2
6419,AM Peak,16.7
6419,AM Peak,7.6
6419,AM Peak,8.9
6419,AM Peak,6.7
6419,AM Peak,19
6419,AM Peak,18.3
6419,AM Peak,28.9
6419,AM Peak,8.5
6419,AM Peak,23.9
6419,AM Peak,21.8
6419,AM Peak,22.6
6419,AM Peak,14.6
6419,AM Peak,18.7
6419,AM Peak,4.2
6419,AM Peak,21.2
6419,AM Peak,16.1
6419,AM Peak,14.4
6419,AM Peak,17.3
6419,AM Peak,3.7
6419,AM Peak,19.6
6419,AM Peak,26.2
6419,AM Peak,21.7
6419,AM Peak,2.2
6419,AM Peak,19.5
6419,AM Peak,11.8
6419,AM Peak,18.6
6419,AM Peak,16.1
6419,AM Peak,21.3
6419,AM Peak,11.9
6419,AM Peak,19
6419,AM Peak,22.1
6419,AM Peak,18.5
6419,AM Peak,26.3
6419,AM Peak,29.7
6419,AM Peak,19.7
6419,AM Peak,21.4
6419,AM Peak,4
6419,AM Peak,22.5
6419,AM Peak,21.5
6419,AM Peak,18.9
6419,AM Peak,20.3
6419,AM Peak,12.8
6419,AM Peak,3.3
6419,AM Peak,16.4
6419,AM Peak,15.4
6419,AM Peak,19.6
6419,AM Peak,8
6419,AM Peak,20.6
6419,AM Peak,6.3
6419,AM Peak,18.6
6419,AM Peak,22.1
6419,AM Peak,21.5
6419,AM Peak,3.9
6419,AM Peak,4.3
6419,AM Peak,4.1
6419,AM Peak,4.3
6419,AM Peak,18.6
6419,AM Peak,18.1
6419,AM Peak,18.4
6419,AM Peak,23
6419,AM Peak,15.8
6419,AM Peak,17.1
6419,AM Peak,20.2
6419,AM Peak,2.4
6419,AM Peak,17.6
6419,AM Peak,20.4
6419,AM Peak,33.9
6419,AM Peak,11.9
6419,AM Peak,19.9
6419,AM Peak,13.1
6419,AM Peak,14.8
6419,AM Peak,8.2
6419,AM Peak,15.1
6419,AM Peak,25.2
6419,AM Peak,4.1
6419,AM Peak,4.2
6419,AM Peak,20.9
6419,AM Peak,18.3
6419,AM Peak,19.1
6419,AM Peak,23.9
6419,AM Peak,23.3
6419,AM Peak,17.7
6419,AM Peak,19.2
6419,AM Peak,19.2
6419,AM Peak,19.1
6419,AM Peak,17.3
6419,AM Peak,23.9
6419,AM Peak,20.1
6419,AM Peak,10.4
6419,AM Peak,24.1
6419,AM Peak,15.5
6419,AM Peak,20.9
6419,AM Peak,20.2
6419,AM Peak,2.6
6419,AM Peak,24
6419,AM Peak,22.7
6419,AM Peak,21.8
6419,AM Peak,2.9
6419,AM Peak,4
6419,AM Peak,19.3
6419,AM Peak,22.1
6419,AM Peak,22.1
6419,AM Peak,2.5
6419,AM Peak,24.6
6419,AM Peak,19.9
6419,AM Peak,1.5
6419,AM Peak,11
6419,AM Peak,15
6419,AM Peak,2.4
6419,AM Peak,23.7
6419,AM Peak,20.8
6419,AM Peak,26
6419,AM Peak,4.7
6419,AM Peak,23.1
6419,AM Peak,22.5
6419,AM Peak,22.8
6419,AM Peak,21.7
6419,AM Peak,20.4
6419,AM Peak,24.1
6419,AM Peak,4.1
6419,AM Peak,17.7
6419,AM Peak,20.1
6419,AM Peak,19.7
6419,AM Peak,18.5
6419,AM Peak,16.4
6419,AM Peak,24.2
6419,AM Peak,26.1
6419,AM Peak,26.2
6419,AM Peak,15.4
6419,AM Peak,20.9
6419,AM Peak,11.8
6419,AM Peak,19.7
6419,AM Peak,19.1
6419,AM Peak,18.7
6419,AM Peak,20.1
6419,AM Peak,16.6
6419,AM Peak,27.2
6419,AM Peak,13.7
6419,AM Peak,3.5
6419,AM Peak,21.3
6419,AM Peak,24.5
6419,AM Peak,20.4
6419,AM Peak,32.2
6419,AM Peak,18.9
6419,AM Peak,23.8
6419,AM Peak,22.2
6419,AM Peak,24.5
6419,AM Peak,18.3
6419,AM Peak,20
6419,AM Peak,4.5
6419,AM Peak,25
6419,AM Peak,22.5
6419,AM Peak,21.5
6419,AM Peak,17.4
6419,AM Peak,4
6419,AM Peak,21.8
6419,AM Peak,24.9
6419,AM Peak,26.8
6419,AM Peak,23.9
6419,AM Peak,22.5
6419,AM Peak,19.4
6419,AM Peak,19.3
6419,AM Peak,4.7
6419,AM Peak,20.8
6419,AM Peak,17
6419,AM Peak,23.1
6419,AM Peak,27
6419,AM Peak,19.6
6419,AM Peak,4.1
6419,AM Peak,15.9
6419,AM Peak,27.3
6419,AM Peak,17.7
6419,AM Peak,3.6
6419,AM Peak,28.4
6419,AM Peak,22.6
6419,AM Peak,25.2
6419,AM Peak,24.5
6419,AM Peak,19.4
6419,AM Peak,14.3
6419,AM Peak,18.6
6419,AM Peak,16.7
6419,AM Peak,20.6
6419,AM Peak,25.5
6419,AM Peak,14.7
6419,AM Peak,17.9
6419,AM Peak,2.8
6419,AM Peak,16.1
6419,AM Peak,21
6419,AM Peak,24.3
6419,AM Peak,2.9
6419,AM Peak,17.8
6419,AM Peak,2.6
6419,AM Peak,20.3
6419,AM Peak,3.7
6419,AM Peak,1.4
6419,AM Peak,19.6
6419,AM Peak,4.2
6419,AM Peak,1.9
6419,AM Peak,21.9
6419,AM Peak,3.9
6419,AM Peak,16.1
6419,AM Peak,20.5
6419,AM Peak,23.9
6419,AM Peak,17.9
6419,AM Peak,14.4
6419,AM Peak,15.5
6419,AM Peak,18.3
6419,AM Peak,20.8
6419,AM Peak,18.4
6419,AM Peak,21
6419,AM Peak,19.1
6419,AM Peak,22.1
6419,AM Peak,14.6
6419,AM Peak,4.2
6419,AM Peak,2.4
6419,AM Peak,17.7
6419,AM Peak,20.8
6419,AM Peak,24.4
6419,AM Peak,16.3
6419,AM Peak,4.1
6419,AM Peak,18.5
6419,AM Peak,26.5
6419,AM Peak,23.1
6419,AM Peak,5.7
6419,AM Peak,25.4
6419,AM Peak,21.5
6419,AM Peak,2.7
6419,AM Peak,1.9
6419,AM Peak,16.6
6419,AM Peak,22.7
6419,AM Peak,20.4
6419,AM Peak,18.3
6419,AM Peak,15.3
6419,AM Peak,16.4
6419,AM Peak,20.7
6419,AM Peak,19
6419,AM Peak,17.7
6419,AM Peak,21.8
6419,AM Peak,26.1
6419,AM Peak,22
6419,AM Peak,22
6419,AM Peak,15
6419,AM Peak,2.5
6419,AM Peak,1.6
6419,AM Peak,24.2
6419,AM Peak,23.5
6419,AM Peak,21.8
6419,AM Peak,20.1
6419,AM Peak,5.5
6419,AM Peak,22
6419,AM Peak,4.2
6419,AM Peak,18.4
6419,AM Peak,2.7
6419,AM Peak,19.5
6419,AM Peak,1.6
6419,AM Peak,18.3
6419,AM Peak,24.3
6419,AM Peak,18.2
6419,AM Peak,4.2
6419,AM Peak,18.1
6419,AM Peak,22.3
6419,AM Peak,2.1
6419,AM Peak,21.7
6419,AM Peak,14.2
6419,AM Peak,26.5
6419,AM Peak,22.9
6419,AM Peak,18.2
6419,AM Peak,19.5
6419,AM Peak,1.3
6419,AM Peak,24.2
6419,AM Peak,19.3
6419,AM Peak,5
6419,AM Peak,21.6
6419,AM Peak,22.6
6419,AM Peak,4.8
6419,AM Peak,21
6419,AM Peak,16.8
6419,AM Peak,19.3
6419,AM Peak,13.9
6419,AM Peak,6.7
6419,AM Peak,19.7
6419,AM Peak,22.1
6419,AM Peak,33.1
6419,AM Peak,5
6419,AM Peak,10.1
6419,AM Peak,20.5
6419,AM Peak,19.3
6419,AM Peak,25.7
6419,AM Peak,24.8
6419,AM Peak,22.8
6419,AM Peak,20.2
6419,AM Peak,2.4
6419,AM Peak,13.8
6419,AM Peak,6.8
6419,AM Peak,2.6
6419,AM Peak,11.7
6419,AM Peak,22.4
6419,AM Peak,20.4
6419,AM Peak,1.7
6419,AM Peak,5.8
6419,AM Peak,15.5
6419,AM Peak,18.6
6419,AM Peak,24.3
6419,AM Peak,3.1
6419,AM Peak,23.1
6419,AM Peak,4.4
6419,AM Peak,3.3
6419,AM Peak,22.3
6419,AM Peak,19.3
6419,AM Peak,26
6419,AM Peak,20.2
6419,AM Peak,3.8
6419,AM Peak,18.5
6419,AM Peak,16.3
6419,AM Peak,14.6
6419,AM Peak,16.8
6419,AM Peak,3
6419,AM Peak,3.8
6419,AM Peak,2.2
6419,AM Peak,18.5
6419,AM Peak,17.4
6419,AM Peak,14.7
6419,AM Peak,21.1
6419,AM Peak,16.5
6419,AM Peak,21.2
6419,AM Peak,19.6
6419,AM Peak,13.8
6419,AM Peak,21.1
6419,AM Peak,24.8
6419,AM Peak,14.5
6419,AM Peak,13.8
6419,AM Peak,17.5
6419,AM Peak,3.6
6419,AM Peak,13.5
6419,AM Peak,5.1
6419,AM Peak,1.4
6419,AM Peak,24.1
6419,AM Peak,4.3
6419,AM Peak,18.3
6419,AM Peak,18.7
6419,AM Peak,16.4
6419,AM Peak,23.5
6419,AM Peak,14.7
6419,AM Peak,15.4
6419,AM Peak,22.6
6419,AM Peak,7.4
6419,AM Peak,30.6
6419,AM Peak,3.7
6419,AM Peak,24.4
6419,AM Peak,22.2
6419,AM Peak,17.9
6419,AM Peak,24.7
6419,AM Peak,4.9
6419,AM Peak,19.5
6419,AM Peak,23.4
6419,AM Peak,16.4
6419,AM Peak,15.5
6419,AM Peak,18.5
6419,AM Peak,4.5
6419,AM Peak,22.4
6419,AM Peak,22.6
6419,AM Peak,18.9
6419,AM Peak,16.7
6419,AM Peak,15.1
6419,AM Peak,10.7
6419,AM Peak,15
6419,AM Peak,20.5
6419,AM Peak,3.6
6419,AM Peak,2.9
6419,AM Peak,15.9
6419,AM Peak,21.8
6419,AM Peak,25.1
6419,AM Peak,19.5
6419,AM Peak,20.9
6419,AM Peak,21.3
6419,AM Peak,19.4
6419,AM Peak,17.5
6419,AM Peak,23.1
6419,AM Peak,18.4
6419,AM Peak,22.3
6419,AM Peak,18.8
6419,AM Peak,26
6419,AM Peak,20.1
6419,AM Peak,18.2
6419,AM Peak,16.5
6419,AM Peak,18.8
6419,AM Peak,13
6419,AM Peak,16.7
6419,AM Peak,23.2
6419,AM Peak,22.8
6419,AM Peak,2.1
6419,AM Peak,22.7
6419,AM Peak,15.9
6419,AM Peak,17.4
6419,AM Peak,12.8
6419,AM Peak,3.4
6419,AM Peak,4.2
6419,AM Peak,3.6
6419,AM Peak,11.1
6419,AM Peak,14.4
6419,AM Peak,19.2
6419,AM Peak,16.6
6419,AM Peak,19.4
6419,AM Peak,21.4
6419,AM Peak,22.5
6419,AM Peak,21.5
6419,AM Peak,8.4
6419,AM Peak,9.4
6419,AM Peak,5.3
6419,AM Peak,23.4
6419,AM Peak,19.2
6419,AM Peak,14.7
6419,AM Peak,18.7
6419,AM Peak,17.9
6419,AM Peak,16.1
6419,AM Peak,18.6
6419,AM Peak,22.6
6419,AM Peak,4.1
6419,AM Peak,23.8
6419,AM Peak,18.8
6419,AM Peak,19.9
6419,AM Peak,22.9
6419,AM Peak,7.8
6419,AM Peak,22.1
6419,AM Peak,20.7
6419,AM Peak,22.1
6419,AM Peak,17.7
6419,AM Peak,24.3
6419,AM Peak,17.5
6419,AM Peak,22.4
6419,AM Peak,18.2
6419,AM Peak,4
6419,AM Peak,23.8
6419,AM Peak,19.4
6419,AM Peak,32.5
6419,AM Peak,19.6
6419,AM Peak,3.9
6419,AM Peak,23.3
6419,AM Peak,16.3
6419,AM Peak,21.1
6419,AM Peak,3.7
6419,AM Peak,3.6
6419,AM Peak,15.6
6419,AM Peak,19.3
6419,AM Peak,21.1
6419,AM Peak,19.4
6419,AM Peak,13.9
6419,AM Peak,22.2
6419,AM Peak,8.4
6419,AM Peak,19.5
6419,AM Peak,24.5
6419,AM Peak,19.5
6419,AM Peak,17.4
6419,AM Peak,25.1
6419,AM Peak,20.2
6419,AM Peak,21.4
6419,AM Peak,15.8
6419,AM Peak,2.1
6419,AM Peak,20.1
6419,AM Peak,24.8
6419,AM Peak,19.1
6419,AM Peak,17.9
6419,PM Peak,20.1
6419,PM Peak,10.6
6419,PM Peak,22.3
6419,PM Peak,24.1
6419,PM Peak,14.1
6419,PM Peak,25
6419,PM Peak,23.6
6419,PM Peak,21.5
6419,PM Peak,24.1
6419,PM Peak,15.5
6419,PM Peak,14.6
6419,PM Peak,3.9
6419,PM Peak,2.6
6419,PM Peak,23.2
6419,PM Peak,22.6
6419,PM Peak,23.3
6419,PM Peak,2.1
6419,PM Peak,16.8
6419,PM Peak,25.3
6419,PM Peak,21.6
6419,PM Peak,22.2
6419,PM Peak,18.7
6419,PM Peak,20.8
6419,PM Peak,13.6
6419,PM Peak,19.9
6419,PM Peak,20.7
6419,PM Peak,21.8
6419,PM Peak,19.6
6419,PM Peak,26.6
6419,PM Peak,21.3
6419,PM Peak,14.3
6419,PM Peak,21.5
6419,PM Peak,26.2
6419,PM Peak,6.1
6419,PM Peak,4.1
6419,PM Peak,13.8
6419,PM Peak,25.1
6419,PM Peak,21.6
6419,PM Peak,19.7
6419,PM Peak,4
6419,PM Peak,18.8
6419,PM Peak,15.3
6419,PM Peak,20
6419,PM Peak,21
6419,PM Peak,21.6
6419,PM Peak,24.6
6419,PM Peak,4.7
6419,PM Peak,2.6
6419,PM Peak,19.4
6419,PM Peak,27.2
6419,PM Peak,20.6
6419,PM Peak,25.7
6419,PM Peak,15
6419,PM Peak,24.6
6419,PM Peak,14.6
6419,PM Peak,15.6
6419,PM Peak,20.6
6419,PM Peak,32.1
6419,PM Peak,14.3
6419,PM Peak,19.4
6419,PM Peak,24.8
6419,PM Peak,12.9
6419,PM Peak,4
6419,PM Peak,18.8
6419,PM Peak,18.9
6419,PM Peak,1.6
6419,PM Peak,24.9
6419,PM Peak,16.5
6419,PM Peak,19.7
6419,PM Peak,17.6
6419,PM Peak,2.6
6419,PM Peak,26.5
6419,PM Peak,24.9
6419,PM Peak,18.4
6419,PM Peak,7.9
6419,PM Peak,20.5
6419,PM Peak,2.7
6419,PM Peak,21.5
6419,PM Peak,20
6419,PM Peak,20.4
6419,PM Peak,22.6
6419,PM Peak,19.4
6419,PM Peak,26.1
6419,PM Peak,23.2
6419,PM Peak,19.6
6419,PM Peak,24
6419,PM Peak,14.7
6419,PM Peak,24.6
6419,PM Peak,25.6
6419,PM Peak,17.3
6419,PM Peak,9.2
6419,PM Peak,23.8
6419,PM Peak,1.3
6419,PM Peak,24.5
6419,PM Peak,17
6419,PM Peak,25.8
6419,PM Peak,17.9
6419,PM Peak,22.6
6419,PM Peak,16
6419,PM Peak,13.6
6419,PM Peak,18.4
6419,PM Peak,21.1
6419,PM Peak,6.9
6419,PM Peak,18.3
6419,PM Peak,23.8
6419,PM Peak,17.8
6419,PM Peak,15.7
6419,PM Peak,20.8
6419,PM Peak,5.6
6419,PM Peak,20.3
6419,PM Peak,22.4
6419,PM Peak,4.7
6419,PM Peak,25.8
6419,PM Peak,14.1
6419,PM Peak,21.6
6419,PM Peak,23.5
6419,PM Peak,20.8
6419,PM Peak,19.9
6419,PM Peak,11.5
6419,PM Peak,1.9
6419,PM Peak,19.2
6419,PM Peak,21.7
6419,PM Peak,24.8
6419,PM Peak,13.3
6419,PM Peak,12.6
6419,PM Peak,21.4
6419,PM Peak,16.3
6419,PM Peak,15.7
6419,PM Peak,22.1
6419,PM Peak,21.2
6419,PM Peak,16.5
6419,PM Peak,4.4
6419,PM Peak,34.1
6419,PM Peak,22.4
6419,PM Peak,19.4
6419,PM Peak,18.1
6419,PM Peak,2.2
6419,PM Peak,22.3
6419,PM Peak,19.7
6419,PM Peak,20.8
6419,PM Peak,10
6419,PM Peak,20.7
6419,PM Peak,4.5
6419,PM Peak,24.4
6419,PM Peak,19
6419,PM Peak,30.4
6419,PM Peak,14.6
6419,PM Peak,12.3
6419,PM Peak,24.9
6419,PM Peak,15.6
6419,PM Peak,20.9
6419,PM Peak,27.7
6419,PM Peak,18.6
6419,PM Peak,8.7
6419,PM Peak,10.8
6419,PM Peak,13.5
6419,PM Peak,1.1
6419,PM Peak,15.7
6419,PM Peak,4.8
6419,PM Peak,24.5
6419,PM Peak,27.1
6419,PM Peak,1.4
6419,PM Peak,22
6419,PM Peak,19.1
6419,PM Peak,16.2
6419,PM Peak,19
6419,PM Peak,16.1
6419,PM Peak,2.7
6419,PM Peak,3.6
6419,PM Peak,24.5
6419,PM Peak,17.2
6419,PM Peak,22.6
6419,PM Peak,13.6
6419,PM Peak,22.3
6419,PM Peak,15.6
6419,PM Peak,9
6419,PM Peak,23.1
6419,PM Peak,2
6419,PM Peak,18.5
6419,PM Peak,26.4
6419,PM Peak,20.4
6419,PM Peak,18
6419,PM Peak,23.1
6419,PM Peak,19.4
6419,PM Peak,18.5
6419,PM Peak,18.4
6419,PM Peak,14.1
6419,PM Peak,18.5
6419,PM Peak,17.3
6419,PM Peak,2.2
6419,PM Peak,17.4
6419,PM Peak,19.6
6419,PM Peak,25.6
6419,PM Peak,11.3
6419,PM Peak,17.6
6419,PM Peak,2.7
6419,PM Peak,17.8
6419,PM Peak,18.1
6419,PM Peak,20
6419,PM Peak,18.5
6419,PM Peak,22.9
6419,PM Peak,12.7
6419,PM Peak,18.8
6419,PM Peak,14.7
6419,PM Peak,28.1
6419,PM Peak,33.3
6419,PM Peak,22
6419,PM Peak,3.2
6419,PM Peak,5.1
6419,PM Peak,20
6419,PM Peak,21.2
6419,PM Peak,15.1
6419,PM Peak,16.4
6419,PM Peak,23
6419,PM Peak,14.4
6419,PM Peak,19.5
6419,PM Peak,24
6419,PM Peak,13.9
6419,PM Peak,19.6
6419,PM Peak,21.6
6419,PM Peak,26.3
6419,PM Peak,14.4
6419,PM Peak,13.3
6419,PM Peak,2.5
6419,PM Peak,4
6419,PM Peak,1.9
6419,PM Peak,25.9
6419,PM Peak,15.3
6419,PM Peak,33.9
6419,PM Peak,17.7
6419,PM Peak,22.8
6419,PM Peak,23.9
6419,PM Peak,21.3
6419,PM Peak,15.7
6419,PM Peak,25.5
6419,PM Peak,28
6419,PM Peak,17.6
6419,PM Peak,15.1
6419,PM Peak,24.2
6419,PM Peak,22.1
6419,PM Peak,30
6419,PM Peak,17.3
6419,PM Peak,18.2
6419,PM Peak,18.1
6419,PM Peak,26.7
6419,PM Peak,12.8
6419,PM Peak,18.5
6419,PM Peak,21.7
6419,PM Peak,24
6419,PM Peak,22.6
6419,PM Peak,25
6419,PM Peak,22.3
6419,PM Peak,19.7
6419,PM Peak,23
6419,PM Peak,24.8
6419,PM Peak,16.8
6419,PM Peak,24.9
6419,PM Peak,22.7
6419,PM Peak,23.9
6419,PM Peak,21.6
6419,PM Peak,20.8
6419,PM Peak,10.6
6419,PM Peak,20.4
6419,PM Peak,20.6
6419,PM Peak,15.9
6419,PM Peak,11.3
6419,PM Peak,2.7
6419,PM Peak,22.1
6419,PM Peak,17.6
6419,PM Peak,18.8
6419,PM Peak,3.6
6419,PM Peak,22.7
6419,PM Peak,23.9
6419,PM Peak,19.7
6419,PM Peak,27.1
6419,PM Peak,20.4
6419,PM Peak,13.5
6419,PM Peak,24.2
6419,PM Peak,20.6
6419,PM Peak,17.1
6419,PM Peak,13.7
6419,PM Peak,18.3
6419,PM Peak,19.7
6419,PM Peak,16.9
6419,PM Peak,19.6
6419,PM Peak,17
6419,PM Peak,15.3
6419,PM Peak,21
6419,PM Peak,16.9
6419,PM Peak,26
6419,PM Peak,15.3
6419,PM Peak,2.7
6419,PM Peak,2.8
6419,PM Peak,18.9
6419,PM Peak,15.1
6419,PM Peak,17.8
6419,PM Peak,19
6419,PM Peak,3.7
6419,PM Peak,1.9
6419,PM Peak,22.3
6419,PM Peak,11.1
6419,PM Peak,20.2
6419,PM Peak,21
6419,PM Peak,19.6
6419,PM Peak,19
6419,PM Peak,25.2
6419,PM Peak,19.5
6419,PM Peak,26.7
6419,PM Peak,20.1
6419,PM Peak,20.7
6419,PM Peak,25.4
6419,PM Peak,27.6
6419,PM Peak,22.8
6419,PM Peak,26.1
6419,PM Peak,23.9
6419,PM Peak,19
6419,PM Peak,14.6
6419,PM Peak,15
6419,PM Peak,23.6
6419,PM Peak,24.7
6419,PM Peak,20.6
6419,PM Peak,14.7
6419,PM Peak,21.6
6419,PM Peak,19.6
6419,PM Peak,4.3
6419,PM Peak,26.9
6419,PM Peak,20
6419,PM Peak,16.9
6419,PM Peak,17.6
6419,PM Peak,23.6
6419,PM Peak,18.9
6419,PM Peak,20.4
6419,PM Peak,21.7
6419,PM Peak,13
6419,PM Peak,4.8
6419,PM Peak,12.8
6419,PM Peak,21.1
6419,PM Peak,24
6419,PM Peak,11.6
6419,PM Peak,20.6
6419,PM Peak,22.9
6419,PM Peak,19.4
6419,PM Peak,17.2
6419,PM Peak,20.8
6419,PM Peak,2.6
6419,PM Peak,24.8
6419,PM Peak,3.5
6419,PM Peak,32.1
6419,PM Peak,16.3
6419,PM Peak,18.5
6419,PM Peak,21.2
6419,PM Peak,23.4
6419,PM Peak,22.5
6419,PM Peak,2
6419,PM Peak,21.2
6419,PM Peak,1.4
6419,PM Peak,20.5
6419,PM Peak,10.1
6419,PM Peak,20.3
6419,PM Peak,15.7
6419,PM Peak,22.6
6419,PM Peak,22.3
6419,PM Peak,11.3
6419,PM Peak,25.2
6419,PM Peak,36.2
6419,PM Peak,20.6
6419,PM Peak,18.7
6419,PM Peak,19
6419,PM Peak,4.1
6419,PM Peak,13.4
6419,PM Peak,23.5
6419,PM Peak,14
6419,PM Peak,7.2
6419,PM Peak,15.7
6419,PM Peak,18.4
6419,PM Peak,26
6419,PM Peak,22
6419,PM Peak,18.3
6419,PM Peak,15.1
6419,PM Peak,9.8
6419,PM Peak,22.4
6419,PM Peak,8.7
6419,PM Peak,20.8
6419,PM Peak,24.1
6419,PM Peak,2.6
6419,PM Peak,20.7
6419,PM Peak,17.3
6419,PM Peak,19.1
6419,PM Peak,17.1
6419,PM Peak,32
6419,PM Peak,14.6
6419,PM Peak,17.5
6419,PM Peak,15.5
6419,PM Peak,1.4
6419,PM Peak,17.4
6419,PM Peak,19
6419,PM Peak,18.8
6419,PM Peak,18.3
6419,PM Peak,19.9
6419,PM Peak,20.4
6419,PM Peak,27.4
6419,PM Peak,3.9
6419,PM Peak,22.6
6419,PM Peak,16
6419,PM Peak,16.6
6419,PM Peak,17.1
6419,PM Peak,19.5
6419,PM Peak,22.5
6419,PM Peak,17.4
6419,PM Peak,17.4
6419,PM Peak,5.6
6419,PM Peak,16.9
6419,PM Peak,18.9
6419,PM Peak,15.6
6419,PM Peak,22
6419,PM Peak,22.3
6419,PM Peak,16.4
6419,PM Peak,17.1
6419,PM Peak,21.3
6419,PM Peak,4
6419,PM Peak,37.2
6419,PM Peak,13.1
6419,PM Peak,13.8
6419,PM Peak,15.9
6419,PM Peak,16.8
6419,PM Peak,21.7
6419,PM Peak,15.8
6419,PM Peak,19
6419,PM Peak,12.8
6419,PM Peak,10.6
6419,PM Peak,4
6419,PM Peak,20.9
6419,PM Peak,16.7
6419,PM Peak,28.4
6419,PM Peak,2.8
6419,PM Peak,19.8
6419,PM Peak,23.9
6419,PM Peak,4.6
6419,PM Peak,20
6419,PM Peak,19.9
6419,PM Peak,22.5
6419,PM Peak,12.8
6419,PM Peak,25.3
6419,PM Peak,17.4
6419,PM Peak,23.3
6419,PM Peak,22.1
6419,PM Peak,10.8
6419,PM Peak,20.6
6419,PM Peak,24.8
6419,PM Peak,25.2
6419,PM Peak,12.3
6419,PM Peak,19.2
6419,PM Peak,24.7
6419,PM Peak,13.6
6419,PM Peak,19.1
6419,PM Peak,19.5
6419,PM Peak,14.1
6419,PM Peak,20
6419,PM Peak,16
6419,PM Peak,23.8
6419,PM Peak,18.8
6419,PM Peak,3.9
6419,PM Peak,15.2
6419,PM Peak,22.3
6419,PM Peak,9.6
6419,PM Peak,26.5
6419,PM Peak,20.7
6419,PM Peak,16.3
6419,PM Peak,16.7
6419,PM Peak,4.6
6419,PM Peak,4
6419,PM Peak,18.8
6419,PM Peak,28.3
6419,PM Peak,20.1
6419,PM Peak,17.2
6419,PM Peak,3.7
6419,PM Peak,22.3
6419,PM Peak,27.8
6419,PM Peak,16.6
6419,PM Peak,15.8
6419,PM Peak,22
6419,PM Peak,18
6419,PM Peak,14.7
6419,PM Peak,10.5
6419,PM Peak,3.7
6419,PM Peak,16.6
6419,PM Peak,10.1
6419,PM Peak,24.6
6419,PM Peak,13.8
6419,PM Peak,19.3
6419,PM Peak,3.6
6419,PM Peak,1.3
6419,PM Peak,1.9
6419,PM Peak,3.5
6419,PM Peak,22.4
6419,PM Peak,26.9
6419,PM Peak,22.5
6419,PM Peak,21.3
6419,PM Peak,14.5
6419,PM Peak,15.9
6423,AM Peak,19
6423,AM Peak,3.1
6423,AM Peak,19.3
6423,AM Peak,38.1
6423,AM Peak,6.8
6423,AM Peak,18.4
6423,AM Peak,24
6423,AM Peak,38.8
6423,AM Peak,28
6423,AM Peak,18.3
6423,AM Peak,32.3
6423,AM Peak,38.6
6423,AM Peak,29.5
6423,AM Peak,12.1
6423,AM Peak,13.7
6423,AM Peak,13
6423,AM Peak,4.7
6423,AM Peak,21.3
6423,AM Peak,3.7
6423,AM Peak,20.8
6423,AM Peak,2.3
6423,AM Peak,24.7
6423,AM Peak,2.7
6423,AM Peak,42.4
6423,AM Peak,13.7
6423,AM Peak,17.9
6423,AM Peak,15.7
6423,AM Peak,20.3
6423,AM Peak,17.9
6423,AM Peak,2.6
6423,AM Peak,24.3
6423,AM Peak,2.9
6423,AM Peak,21.5
6423,AM Peak,18
6423,AM Peak,21.4
6423,AM Peak,21.1
6423,AM Peak,21.9
6423,AM Peak,17.3
6423,AM Peak,24.8
6423,AM Peak,23.1
6423,AM Peak,25.4
6423,AM Peak,37.6
6423,AM Peak,29.3
6423,AM Peak,2.3
6423,AM Peak,18.9
6423,AM Peak,21.1
6423,AM Peak,18.7
6423,AM Peak,19.8
6423,AM Peak,23.5
6423,AM Peak,11.3
6423,AM Peak,31.2
6423,AM Peak,25.2
6423,AM Peak,12.3
6423,AM Peak,17.7
6423,AM Peak,3
6423,AM Peak,23.8
6423,AM Peak,11.6
6423,AM Peak,18.1
6423,AM Peak,20
6423,AM Peak,21.4
6423,AM Peak,19.9
6423,AM Peak,21
6423,AM Peak,26.8
6423,AM Peak,11.3
6423,AM Peak,25.1
6423,AM Peak,7
6423,AM Peak,20.2
6423,AM Peak,23.8
6423,AM Peak,5.7
6423,AM Peak,1.9
6423,AM Peak,28.2
6423,AM Peak,29.5
6423,AM Peak,18.1
6423,AM Peak,24.8
6423,AM Peak,4.4
6423,AM Peak,7.5
6423,AM Peak,23.5
6423,AM Peak,32.2
6423,AM Peak,21.2
6423,AM Peak,20.9
6423,AM Peak,39.6
6423,AM Peak,15.6
6423,AM Peak,11.5
6423,AM Peak,19.6
6423,AM Peak,10.9
6423,AM Peak,6.3
6423,AM Peak,4.8
6423,AM Peak,30.1
6423,AM Peak,25.9
6423,AM Peak,20.9
6423,AM Peak,10.9
6423,AM Peak,4.9
6423,AM Peak,2.5
6423,AM Peak,23.9
6423,AM Peak,21
6423,AM Peak,16.7
6423,AM Peak,2.5
6423,AM Peak,29.3
6423,AM Peak,22.6
6423,AM Peak,14.3
6423,AM Peak,28.9
6423,AM Peak,20.5
6423,AM Peak,13.7
6423,AM Peak,20.8
6423,AM Peak,13.1
6423,AM Peak,10.3
6423,AM Peak,14.9
6423,AM Peak,21
6423,AM Peak,31.9
6423,AM Peak,23.9
6423,AM Peak,11.4
6423,AM Peak,13.9
6423,AM Peak,27.8
6423,AM Peak,25.5
6423,AM Peak,24.4
6423,AM Peak,25.7
6423,AM Peak,28.7
6423,AM Peak,22.8
6423,AM Peak,15.3
6423,AM Peak,2.4
6423,AM Peak,28.7
6423,AM Peak,21.5
6423,AM Peak,24.5
6423,AM Peak,22.5
6423,AM Peak,7.6
6423,AM Peak,18.5
6423,AM Peak,3.4
6423,AM Peak,17.9
6423,AM Peak,19.6
6423,AM Peak,24.3
6423,AM Peak,2.7
6423,AM Peak,21.6
6423,AM Peak,10.9
6423,AM Peak,13.6
6423,AM Peak,11.5
6423,AM Peak,13.4
6423,AM Peak,18.3
6423,AM Peak,13.9
6423,AM Peak,23.9
6423,AM Peak,2
6423,AM Peak,22.5
6423,AM Peak,33.7
6423,AM Peak,41.7
6423,AM Peak,34.6
6423,AM Peak,28.3
6423,AM Peak,5.1
6423,AM Peak,7.7
6423,AM Peak,5.7
6423,AM Peak,23.1
6423,AM Peak,21
6423,AM Peak,26.2
6423,AM Peak,6.4
6423,AM Peak,27.4
6423,AM Peak,22.8
6423,AM Peak,18.4
6423,AM Peak,25
6423,AM Peak,6.1
6423,AM Peak,2.6
6423,AM Peak,4.3
6423,AM Peak,24.2
6423,AM Peak,26.4
6423,AM Peak,22.1
6423,AM Peak,17.6
6423,AM Peak,23.9
6423,AM Peak,27.9
6423,AM Peak,22.9
6423,AM Peak,15.9
6423,AM Peak,26.5
6423,AM Peak,13.2
6423,AM Peak,14.8
6423,AM Peak,10.2
6423,AM Peak,17.8
6423,AM Peak,5.6
6423,AM Peak,13.8
6423,AM Peak,18.2
6423,AM Peak,12.3
6423,AM Peak,24.7
6423,AM Peak,17.1
6423,AM Peak,27.9
6423,AM Peak,20.9
6423,AM Peak,10.8
6423,AM Peak,32.3
6423,AM Peak,25.6
6423,AM Peak,16.8
6423,AM Peak,15.1
6423,AM Peak,23.4
6423,AM Peak,16.5
6423,AM Peak,17.7
6423,AM Peak,2.9
6423,AM Peak,27.3
6423,AM Peak,4.9
6423,AM Peak,5.9
6423,AM Peak,21.6
6423,AM Peak,8.6
6423,AM Peak,23.7
6423,AM Peak,25.5
6423,AM Peak,23.4
6423,AM Peak,4.5
6423,AM Peak,16.9
6423,AM Peak,21.1
6423,AM Peak,17.9
6423,AM Peak,4.1
6423,AM Peak,28.8
6423,AM Peak,18.8
6423,AM Peak,45.1
6423,AM Peak,13.1
6423,AM Peak,22.2
6423,AM Peak,24.2
6423,AM Peak,40.2
6423,AM Peak,20.9
6423,AM Peak,4.5
6423,AM Peak,13.1
6423,AM Peak,2.8
6423,AM Peak,39.8
6423,AM Peak,6.8
6423,AM Peak,31.2
6423,AM Peak,23.4
6423,AM Peak,17.7
6423,AM Peak,26.4
6423,AM Peak,43.6
6423,AM Peak,22.2
6423,AM Peak,22.2
6423,AM Peak,17.7
6423,AM Peak,32.6
6423,AM Peak,5.6
6423,AM Peak,3.9
6423,AM Peak,31.6
6423,AM Peak,41.9
6423,AM Peak,2.9
6423,AM Peak,17.5
6423,AM Peak,14
6423,AM Peak,39.9
6423,AM Peak,16.6
6423,AM Peak,20.2
6423,AM Peak,21.9
6423,AM Peak,25.3
6423,AM Peak,25.7
6423,AM Peak,25
6423,AM Peak,28.6
6423,AM Peak,24.3
6423,AM Peak,22.7
6423,AM Peak,19.2
6423,AM Peak,18.5
6423,AM Peak,2.6
6423,AM Peak,16.3
6423,AM Peak,30
6423,AM Peak,2.2
6423,AM Peak,6.7
6423,AM Peak,20.3
6423,AM Peak,11.7
6423,AM Peak,24.6
6423,AM Peak,20.6
6423,AM Peak,21.2
6423,AM Peak,17.1
6423,AM Peak,27.1
6423,AM Peak,20.9
6423,AM Peak,22.9
6423,AM Peak,22.3
6423,AM Peak,19.4
6423,AM Peak,17.8
6423,AM Peak,7.2
6423,AM Peak,33.4
6423,AM Peak,18.6
6423,AM Peak,22.5
6423,AM Peak,36.3
6423,AM Peak,8.8
6423,AM Peak,36.1
6423,AM Peak,21.9
6423,AM Peak,17.7
6423,AM Peak,25.6
6423,AM Peak,4
6423,AM Peak,24
6423,AM Peak,23.1
6423,AM Peak,22.7
6423,AM Peak,29.8
6423,AM Peak,21.5
6423,AM Peak,25.4
6423,AM Peak,21.9
6423,AM Peak,13.2
6423,AM Peak,19.3
6423,AM Peak,21.6
6423,AM Peak,17.6
6423,AM Peak,13.2
6423,AM Peak,18.3
6423,AM Peak,31.3
6423,AM Peak,19.2
6423,AM Peak,25.6
6423,AM Peak,24.5
6423,AM Peak,26.9
6423,AM Peak,25.7
6423,AM Peak,19.1
6423,AM Peak,21.5
6423,AM Peak,12.2
6423,AM Peak,19.7
6423,AM Peak,20.8
6423,AM Peak,24.9
6423,AM Peak,9.8
6423,AM Peak,25.7
6423,AM Peak,27.3
6423,AM Peak,20.8
6423,AM Peak,20.6
6423,AM Peak,20.4
6423,AM Peak,6.1
6423,AM Peak,39.1
6423,AM Peak,20.9
6423,AM Peak,52.7
6423,AM Peak,4.6
6423,AM Peak,22.8
6423,AM Peak,26.9
6423,AM Peak,19.7
6423,AM Peak,24.7
6423,AM Peak,23.9
6423,AM Peak,21.3
6423,AM Peak,27
6423,AM Peak,30.7
6423,AM Peak,19.3
6423,AM Peak,4
6423,AM Peak,19.1
6423,AM Peak,7.3
6423,AM Peak,13.7
6423,AM Peak,2.9
6423,AM Peak,12.7
6423,AM Peak,10.4
6423,AM Peak,18.9
6423,AM Peak,18.1
6423,AM Peak,23.7
6423,AM Peak,19.9
6423,AM Peak,17.1
6423,AM Peak,2.2
6423,AM Peak,21.3
6423,AM Peak,24
6423,AM Peak,20.9
6423,AM Peak,21.2
6423,AM Peak,4.2
6423,AM Peak,13.6
6423,AM Peak,25.1
6423,AM Peak,24.6
6423,AM Peak,7.2
6423,AM Peak,16.6
6423,AM Peak,14.1
6423,AM Peak,28.1
6423,AM Peak,20
6423,AM Peak,23.9
6423,AM Peak,13.9
6423,AM Peak,5.1
6423,AM Peak,26.1
6423,AM Peak,27
6423,AM Peak,2.5
6423,AM Peak,24.7
6423,AM Peak,23.8
6423,AM Peak,23.5
6423,AM Peak,26.8
6423,AM Peak,21.3
6423,AM Peak,21.3
6423,AM Peak,4.5
6423,AM Peak,18.2
6423,AM Peak,22.1
6423,AM Peak,24.4
6423,AM Peak,12.3
6423,AM Peak,25.1
6423,AM Peak,21
6423,AM Peak,39.4
6423,AM Peak,15.5
6423,AM Peak,9.4
6423,AM Peak,23.4
6423,AM Peak,24.5
6423,AM Peak,29.6
6423,AM Peak,32.2
6423,AM Peak,15.1
6423,AM Peak,25.5
6423,AM Peak,21.5
6423,AM Peak,26
6423,AM Peak,18.3
6423,AM Peak,24.4
6423,AM Peak,17.9
6423,AM Peak,30.2
6423,AM Peak,27.6
6423,AM Peak,23
6423,AM Peak,16.9
6423,AM Peak,11.7
6423,AM Peak,31
6423,AM Peak,12.3
6423,AM Peak,3.8
6423,AM Peak,2.9
6423,AM Peak,4.1
6423,AM Peak,21.8
6423,AM Peak,25.7
6423,AM Peak,27.9
6423,AM Peak,33.8
6423,AM Peak,25.3
6423,AM Peak,26.8
6423,AM Peak,25.2
6423,AM Peak,24.7
6423,AM Peak,6.4
6423,AM Peak,25.5
6423,AM Peak,24.7
6423,AM Peak,37.8
6423,AM Peak,18.9
6423,AM Peak,4.8
6423,AM Peak,11.4
6423,AM Peak,7.1
6423,AM Peak,29.2
6423,AM Peak,25
6423,AM Peak,19.3
6423,AM Peak,28.1
6423,AM Peak,20
6423,AM Peak,24
6423,AM Peak,48.3
6423,AM Peak,22.9
6423,AM Peak,6.2
6423,AM Peak,16.1
6423,AM Peak,24.5
6423,AM Peak,12
6423,AM Peak,20.6
6423,AM Peak,19.4
6423,AM Peak,23.9
6423,AM Peak,23.4
6423,AM Peak,10.1
6423,AM Peak,20.8
6423,AM Peak,12.4
6423,AM Peak,4.8
6423,AM Peak,8.2
6423,AM Peak,26.5
6423,AM Peak,5.5
6423,AM Peak,18.3
6423,AM Peak,23.8
6423,AM Peak,24.6
6423,AM Peak,20.4
6423,AM Peak,23.7
6423,AM Peak,24.2
6423,AM Peak,26.3
6423,AM Peak,27
6423,AM Peak,17.8
6423,AM Peak,13.8
6423,AM Peak,23.1
6423,AM Peak,18.8
6423,AM Peak,3.3
6423,AM Peak,19.2
6423,AM Peak,26.7
6423,AM Peak,14.1
6423,AM Peak,17.6
6423,AM Peak,21.1
6423,AM Peak,15.2
6423,AM Peak,29.2
6423,AM Peak,19.9
6423,AM Peak,37.3
6423,AM Peak,4.7
6423,AM Peak,3.4
6423,AM Peak,5.9
6423,AM Peak,22.6
6423,AM Peak,21.3
6423,AM Peak,17.1
6423,AM Peak,23.7
6423,AM Peak,19.2
6423,AM Peak,22.8
6423,AM Peak,23
6423,AM Peak,12.5
6423,AM Peak,4.9
6423,AM Peak,24.6
6423,AM Peak,21
6423,AM Peak,25.6
6423,AM Peak,32.1
6423,AM Peak,30.9
6423,AM Peak,33.6
6423,AM Peak,23.5
6423,AM Peak,20.7
6423,AM Peak,11.5
6423,AM Peak,23.3
6423,AM Peak,16.6
6423,AM Peak,20.1
6423,AM Peak,24.7
6423,AM Peak,18.6
6423,AM Peak,18.7
6423,AM Peak,23
6423,AM Peak,2.2
6423,AM Peak,22.2
6423,AM Peak,11.7
6423,AM Peak,22.9
6423,AM Peak,5.4
6423,AM Peak,24.2
6423,AM Peak,24
6423,AM Peak,4.9
6423,AM Peak,25.2
6423,AM Peak,26.7
6423,AM Peak,27.5
6423,AM Peak,11
6423,AM Peak,21.5
6423,AM Peak,25.9
6423,AM Peak,23
6423,AM Peak,26.7
6423,AM Peak,13
6423,AM Peak,2.5
6423,AM Peak,17
6423,AM Peak,28.6
6423,AM Peak,21.2
6423,AM Peak,2.5
6423,AM Peak,22.5
6423,AM Peak,3.1
6423,AM Peak,2.8
6423,AM Peak,24.6
6423,PM Peak,26.8
6423,PM Peak,34.5
6423,PM Peak,21.7
6423,PM Peak,12.4
6423,PM Peak,22.8
6423,PM Peak,4.2
6423,PM Peak,5.5
6423,PM Peak,28.9
6423,PM Peak,26.8
6423,PM Peak,19.9
6423,PM Peak,4
6423,PM Peak,22.3
6423,PM Peak,35
6423,PM Peak,23.2
6423,PM Peak,3.8
6423,PM Peak,13.1
6423,PM Peak,14.8
6423,PM Peak,25.3
6423,PM Peak,16
6423,PM Peak,22.9
6423,PM Peak,11.4
6423,PM Peak,17.6
6423,PM Peak,17.2
6423,PM Peak,3.7
6423,PM Peak,21
6423,PM Peak,11.5
6423,PM Peak,3.1
6423,PM Peak,45.2
6423,PM Peak,15.3
6423,PM Peak,22.9
6423,PM Peak,16.8
6423,PM Peak,24.7
6423,PM Peak,27
6423,PM Peak,2.3
6423,PM Peak,2.6
6423,PM Peak,11.8
6423,PM Peak,21.4
6423,PM Peak,6.8
6423,PM Peak,16.3
6423,PM Peak,20.5
6423,PM Peak,15.7
6423,PM Peak,32.5
6423,PM Peak,25.5
6423,PM Peak,18.4
6423,PM Peak,22.5
6423,PM Peak,11.1
6423,PM Peak,37.1
6423,PM Peak,11.6
6423,PM Peak,14.5
6423,PM Peak,4.1
6423,PM Peak,24.7
6423,PM Peak,33.1
6423,PM Peak,35.6
6423,PM Peak,18.8
6423,PM Peak,20.7
6423,PM Peak,17.1
6423,PM Peak,22.3
6423,PM Peak,21.7
6423,PM Peak,2
6423,PM Peak,24
6423,PM Peak,15.7
6423,PM Peak,25.3
6423,PM Peak,12
6423,PM Peak,10.8
6423,PM Peak,18.9
6423,PM Peak,1.5
6423,PM Peak,29.3
6423,PM Peak,23.5
6423,PM Peak,29.9
6423,PM Peak,3.1
6423,PM Peak,12.6
6423,PM Peak,24.9
6423,PM Peak,21.7
6423,PM Peak,6.1
6423,PM Peak,10.7
6423,PM Peak,21.4
6423,PM Peak,25.5
6423,PM Peak,23.7
6423,PM Peak,17.5
6423,PM Peak,6.7
6423,PM Peak,27.5
6423,PM Peak,4.5
6423,PM Peak,18.8
6423,PM Peak,6.6
6423,PM Peak,36.6
6423,PM Peak,16.2
6423,PM Peak,12.3
6423,PM Peak,20.9
6423,PM Peak,17.6
6423,PM Peak,19.3
6423,PM Peak,22.5
6423,PM Peak,22.9
6423,PM Peak,23.3
6423,PM Peak,14.5
6423,PM Peak,26.1
6423,PM Peak,17.6
6423,PM Peak,41.3
6423,PM Peak,13.4
6423,PM Peak,21.4
6423,PM Peak,22.5
6423,PM Peak,14.4
6423,PM Peak,2.4
6423,PM Peak,18
6423,PM Peak,6.6
6423,PM Peak,26.5
6423,PM Peak,18.9
6423,PM Peak,30
6423,PM Peak,14.6
6423,PM Peak,31
6423,PM Peak,21.6
6423,PM Peak,24.5
6423,PM Peak,36.5
6423,PM Peak,18.9
6423,PM Peak,25.7
6423,PM Peak,19.5
6423,PM Peak,5.6
6423,PM Peak,9.5
6423,PM Peak,8.7
6423,PM Peak,23.3
6423,PM Peak,20.3
6423,PM Peak,21.7
6423,PM Peak,15.1
6423,PM Peak,18.1
6423,PM Peak,4.6
6423,PM Peak,25.9
6423,PM Peak,19.9
6423,PM Peak,12.3
6423,PM Peak,20.8
6423,PM Peak,19.7
6423,PM Peak,17.7
6423,PM Peak,12.6
6423,PM Peak,16.6
6423,PM Peak,8.1
6423,PM Peak,26.5
6423,PM Peak,22.4
6423,PM Peak,7.4
6423,PM Peak,25.6
6423,PM Peak,23.8
6423,PM Peak,22
6423,PM Peak,24.4
6423,PM Peak,11.5
6423,PM Peak,2.1
6423,PM Peak,16.3
6423,PM Peak,23.2
6423,PM Peak,25.4
6423,PM Peak,11.9
6423,PM Peak,26.6
6423,PM Peak,16.4
6423,PM Peak,25.2
6423,PM Peak,23
6423,PM Peak,24.7
6423,PM Peak,25.1
6423,PM Peak,9.7
6423,PM Peak,9.1
6423,PM Peak,15.7
6423,PM Peak,6.2
6423,PM Peak,16.5
6423,PM Peak,26.7
6423,PM Peak,4.1
6423,PM Peak,20.1
6423,PM Peak,26.1
6423,PM Peak,17.2
6423,PM Peak,12.8
6423,PM Peak,9.5
6423,PM Peak,23
6423,PM Peak,3.8
6423,PM Peak,21.8
6423,PM Peak,28.6
6423,PM Peak,22.7
6423,PM Peak,37.7
6423,PM Peak,34.8
6423,PM Peak,33.3
6423,PM Peak,20.7
6423,PM Peak,38
6423,PM Peak,35.9
6423,PM Peak,24
6423,PM Peak,19.1
6423,PM Peak,4.3
6423,PM Peak,6.8
6423,PM Peak,3.5
6423,PM Peak,22.6
6423,PM Peak,28.6
6423,PM Peak,13.6
6423,PM Peak,14.5
6423,PM Peak,15.4
6423,PM Peak,17
6423,PM Peak,6.8
6423,PM Peak,16.4
6423,PM Peak,14.2
6423,PM Peak,14.7
6423,PM Peak,30.1
6423,PM Peak,13.6
6423,PM Peak,33
6423,PM Peak,16.5
6423,PM Peak,19.3
6423,PM Peak,11.8
6423,PM Peak,4.2
6423,PM Peak,24.6
6423,PM Peak,21.7
6423,PM Peak,21.3
6423,PM Peak,6.7
6423,PM Peak,20.6
6423,PM Peak,15
6423,PM Peak,18
6423,PM Peak,17
6423,PM Peak,12.6
6423,PM Peak,18.1
6423,PM Peak,24.6
6423,PM Peak,15.9
6423,PM Peak,17.3
6423,PM Peak,5.3
6423,PM Peak,33.5
6423,PM Peak,14.4
6423,PM Peak,23.2
6423,PM Peak,7.2
6423,PM Peak,24.4
6423,PM Peak,22.5
6423,PM Peak,24.8
6423,PM Peak,38.5
6423,PM Peak,38.8
6423,PM Peak,11.1
6423,PM Peak,10.4
6423,PM Peak,19
6423,PM Peak,25.1
6423,PM Peak,14.9
6423,PM Peak,28.3
6423,PM Peak,17.4
6423,PM Peak,28.5
6423,PM Peak,5.1
6423,PM Peak,9.8
6423,PM Peak,3.4
6423,PM Peak,8.5
6423,PM Peak,9.8
6423,PM Peak,3.9
6423,PM Peak,2.7
6423,PM Peak,26.4
6423,PM Peak,13
6423,PM Peak,6
6423,PM Peak,19.9
6423,PM Peak,5.7
6423,PM Peak,27.2
6423,PM Peak,15.2
6423,PM Peak,28.5
6423,PM Peak,5.9
6423,PM Peak,27.3
6423,PM Peak,29.9
6423,PM Peak,25.5
6423,PM Peak,24.8
6423,PM Peak,13.1
6423,PM Peak,30.8
6423,PM Peak,5.2
6423,PM Peak,2.4
6423,PM Peak,19.6
6423,PM Peak,25.6
6423,PM Peak,1.4
6423,PM Peak,19.1
6423,PM Peak,19.2
6423,PM Peak,21.8
6423,PM Peak,13
6423,PM Peak,7.7
6423,PM Peak,19.3
6423,PM Peak,30.9
6423,PM Peak,9.3
6423,PM Peak,29.9
6423,PM Peak,18.9
6423,PM Peak,14.9
6423,PM Peak,24
6423,PM Peak,4.5
6423,PM Peak,18.3
6423,PM Peak,11.2
6423,PM Peak,20
6423,PM Peak,7.7
6423,PM Peak,12.9
6423,PM Peak,21.2
6423,PM Peak,27.1
6423,PM Peak,3
6423,PM Peak,18.7
6423,PM Peak,11.4
6423,PM Peak,26.9
6423,PM Peak,5.3
6423,PM Peak,10.6
6423,PM Peak,4.3
6423,PM Peak,11.3
6423,PM Peak,9.4
6423,PM Peak,26.1
6423,PM Peak,15.9
6423,PM Peak,18.6
6423,PM Peak,7.3
6423,PM Peak,5
6423,PM Peak,2.5
6423,PM Peak,14.9
6423,PM Peak,19.5
6423,PM Peak,24.9
6423,PM Peak,5.7
6423,PM Peak,30.7
6423,PM Peak,24.2
6423,PM Peak,13.3
6423,PM Peak,9.6
6423,PM Peak,37.9
6423,PM Peak,9.2
6423,PM Peak,22.4
6423,PM Peak,19.1
6423,PM Peak,3.3
6423,PM Peak,25.7
6423,PM Peak,27.9
6423,PM Peak,19.2
6423,PM Peak,24.7
6423,PM Peak,23.6
6423,PM Peak,27.8
6423,PM Peak,15.4
6423,PM Peak,17.7
6423,PM Peak,18.3
6423,PM Peak,5.6
6423,PM Peak,10.3
6423,PM Peak,3.3
6423,PM Peak,34.6
6423,PM Peak,4.4
6423,PM Peak,19.4
6423,PM Peak,24.2
6423,PM Peak,14.9
6423,PM Peak,2.5
6423,PM Peak,49.9
6423,PM Peak,15.8
6423,PM Peak,14.1
6423,PM Peak,21.6
6423,PM Peak,26.6
6423,PM Peak,23.9
6423,PM Peak,23.8
6423,PM Peak,19.7
6423,PM Peak,26.4
6423,PM Peak,10.8
6423,PM Peak,45
6423,PM Peak,28.1
6423,PM Peak,24.9
6423,PM Peak,16.4
6423,PM Peak,13.7
6423,PM Peak,23.2
6423,PM Peak,4
6423,PM Peak,12.4
6423,PM Peak,22.8
6423,PM Peak,10.7
6423,PM Peak,24.3
6423,PM Peak,24.6
6423,PM Peak,30
6423,PM Peak,19
6423,PM Peak,19.5
6423,PM Peak,13
6423,PM Peak,5.5
6423,PM Peak,24.8
6423,PM Peak,24.9
6423,PM Peak,18.4
6423,PM Peak,7.7
6423,PM Peak,9.3
6423,PM Peak,12
6423,PM Peak,14
6423,PM Peak,20.3
6423,PM Peak,23.5
6423,PM Peak,17.3
6423,PM Peak,3.6
6423,PM Peak,15.4
6423,PM Peak,25.9
6423,PM Peak,5.5
6423,PM Peak,13.5
6423,PM Peak,19.3
6423,PM Peak,13
6423,PM Peak,29.4
6423,PM Peak,24.6
6423,PM Peak,31
6423,PM Peak,10.2
6423,PM Peak,12.6
6423,PM Peak,27.8
6423,PM Peak,1.9
6423,PM Peak,28.1
6423,PM Peak,5.9
6423,PM Peak,24.3
6423,PM Peak,4.1
6423,PM Peak,2.1
6423,PM Peak,3.7
6423,PM Peak,26.3
6423,PM Peak,20.2
6423,PM Peak,3.7
6423,PM Peak,18
6423,PM Peak,15.9
6423,PM Peak,31.6
6423,PM Peak,24.4
6423,PM Peak,17.3
6423,PM Peak,25
6423,PM Peak,22.1
6423,PM Peak,5.3
6423,PM Peak,5.6
6423,PM Peak,16.6
6423,PM Peak,11.5
6423,PM Peak,13.2
6423,PM Peak,28.3
6423,PM Peak,26.1
6423,PM Peak,27.2
6423,PM Peak,7.9
6423,PM Peak,12.5
6423,PM Peak,18.9
6423,PM Peak,7.6
6423,PM Peak,11.9
6423,PM Peak,44.9
6423,PM Peak,16.7
6423,PM Peak,14.4
6423,PM Peak,11
6423,PM Peak,15.7
6423,PM Peak,16
6423,PM Peak,18.7
6423,PM Peak,13.6
6423,PM Peak,27.4
6423,PM Peak,22.1
6423,PM Peak,14.8
6423,PM Peak,18
6423,PM Peak,15.6
6423,PM Peak,9.1
6423,PM Peak,9.8
6423,PM Peak,24
6423,PM Peak,2.6
6423,PM Peak,22.5
6423,PM Peak,22.6
6423,PM Peak,25.4
6423,PM Peak,19.5
6423,PM Peak,32.4
6423,PM Peak,7.8
6423,PM Peak,13.4
6423,PM Peak,3.8
6423,PM Peak,18.1
6423,PM Peak,35.7
6423,PM Peak,23.6
6423,PM Peak,5.2
6423,PM Peak,4
6423,PM Peak,3.9
6423,PM Peak,19.9
6423,PM Peak,18.1
6423,PM Peak,3
6423,PM Peak,13.8
6423,PM Peak,25.6
6423,PM Peak,19.3
6423,PM Peak,15.8
6423,PM Peak,25.8
6423,PM Peak,24.7
6423,PM Peak,44.4
6423,PM Peak,22
6423,PM Peak,15.7
6423,PM Peak,3.5
6423,PM Peak,15.8
6423,PM Peak,13.2
6423,PM Peak,13.1
6423,PM Peak,13.8
6423,PM Peak,15.3
6423,PM Peak,5.6
6423,PM Peak,21.7
6423,PM Peak,27.2
6423,PM Peak,5
6423,PM Peak,4.8
6423,PM Peak,23.8
6423,PM Peak,23.6
6423,PM Peak,17.9
6423,PM Peak,15.9
6423,PM Peak,4.8
6423,PM Peak,23.5
6423,PM Peak,16.9
6423,PM Peak,36.4
6423,PM Peak,15.5
6423,PM Peak,17.6
6423,PM Peak,50.5
6423,PM Peak,10.6
6423,PM Peak,31.3
6423,PM Peak,13.5
6423,PM Peak,2.1
6423,PM Peak,5.4
6423,PM Peak,22.2
6423,PM Peak,2.1
6423,PM Peak,19.6
6423,PM Peak,30.5
6423,PM Peak,6.1
6423,PM Peak,16.3
6423,PM Peak,24.8
6423,PM Peak,5.8
6423,PM Peak,24.8
6423,PM Peak,15.4
6423,PM Peak,12.7
6423,PM Peak,21.1
6423,PM Peak,1.7
6423,PM Peak,30.1
6423,PM Peak,33.7
6423,PM Peak,29
6423,PM Peak,22
6423,PM Peak,3.2
6423,PM Peak,24.2
6423,PM Peak,1.9
6423,PM Peak,21.5
6423,PM Peak,30.9
6423,PM Peak,10.9
6423,PM Peak,27.9
6423,PM Peak,11.4
6423,PM Peak,2.9
6423,PM Peak,8
6423,PM Peak,22.4
6423,PM Peak,35.1
6592,AM Peak,24.2
6592,AM Peak,19.3
6592,AM Peak,22.2
6592,AM Peak,27.8
6592,AM Peak,24.2
6592,AM Peak,29.6
6592,AM Peak,30.9
6592,AM Peak,24.3
6592,AM Peak,23.2
6592,AM Peak,23.6
6592,AM Peak,26.4
6592,AM Peak,25.5
6592,AM Peak,18.2
6592,AM Peak,32.5
6592,AM Peak,25.6
6592,AM Peak,33.5
6592,AM Peak,19
6592,AM Peak,24
6592,AM Peak,25.5
6592,AM Peak,27.3
6592,AM Peak,27.5
6592,AM Peak,20.8
6592,AM Peak,29.8
6592,AM Peak,24
6592,AM Peak,23.5
6592,AM Peak,30.3
6592,AM Peak,17.5
6592,AM Peak,32.6
6592,AM Peak,26.3
6592,AM Peak,15.4
6592,AM Peak,24
6592,AM Peak,31.8
6592,AM Peak,17.2
6592,AM Peak,25.7
6592,AM Peak,27.3
6592,AM Peak,23.8
6592,AM Peak,23.6
6592,AM Peak,22.6
6592,AM Peak,29.6
6592,AM Peak,21.6
6592,AM Peak,21.6
6592,AM Peak,27.6
6592,AM Peak,22.4
6592,AM Peak,24.9
6592,AM Peak,24
6592,AM Peak,23
6592,AM Peak,28.8
6592,AM Peak,30.9
6592,AM Peak,34.1
6592,AM Peak,29.5
6592,AM Peak,30.5
6592,AM Peak,20.2
6592,AM Peak,26.5
6592,AM Peak,25.9
6592,AM Peak,27.4
6592,AM Peak,20.6
6592,AM Peak,36
6592,AM Peak,29.6
6592,AM Peak,25.7
6592,AM Peak,25.8
6592,AM Peak,22.7
6592,AM Peak,27
6592,AM Peak,24.3
6592,AM Peak,23.3
6592,AM Peak,29.8
6592,AM Peak,23.1
6592,AM Peak,21.2
6592,AM Peak,25.9
6592,AM Peak,24.4
6592,AM Peak,34.9
6592,AM Peak,19.7
6592,AM Peak,26.8
6592,AM Peak,24.7
6592,AM Peak,33.5
6592,AM Peak,26.6
6592,AM Peak,20.9
6592,AM Peak,20.3
6592,AM Peak,19.7
6592,AM Peak,23.9
6592,AM Peak,15.6
6592,AM Peak,26
6592,AM Peak,23.3
6592,AM Peak,24.9
6592,AM Peak,20.6
6592,AM Peak,21
6592,AM Peak,44.8
6592,AM Peak,22.6
6592,AM Peak,19.8
6592,AM Peak,18.6
6592,AM Peak,26.1
6592,AM Peak,33.1
6592,AM Peak,24.3
6592,AM Peak,24.1
6592,AM Peak,24.6
6592,AM Peak,20.5
6592,AM Peak,26.6
6592,AM Peak,28.2
6592,AM Peak,27.3
6592,AM Peak,18.7
6592,AM Peak,23.2
6592,AM Peak,21.4
6592,AM Peak,27.7
6592,AM Peak,23.9
6592,AM Peak,26.5
6592,AM Peak,26.6
6592,AM Peak,23.5
6592,AM Peak,24.1
6592,AM Peak,23.6
6592,AM Peak,26.4
6592,AM Peak,22.9
6592,AM Peak,25.5
6592,AM Peak,21.7
6592,AM Peak,25.5
6592,AM Peak,21.4
6592,AM Peak,22.2
6592,AM Peak,26.6
6592,AM Peak,30.5
6592,AM Peak,26.3
6592,AM Peak,31.9
6592,AM Peak,23.7
6592,AM Peak,29.6
6592,AM Peak,23.3
6592,AM Peak,31.6
6592,AM Peak,28.6
6592,AM Peak,29.6
6592,AM Peak,27.7
6592,AM Peak,27.6
6592,AM Peak,24.7
6592,AM Peak,23.4
6592,AM Peak,25
6592,AM Peak,30.1
6592,AM Peak,25
6592,AM Peak,21.1
6592,AM Peak,24.4
6592,AM Peak,26.9
6592,AM Peak,28.4
6592,AM Peak,31
6592,AM Peak,32.7
6592,AM Peak,25.4
6592,AM Peak,25.3
6592,AM Peak,28.5
6592,AM Peak,29.1
6592,AM Peak,26.3
6592,AM Peak,23.5
6592,AM Peak,20.8
6592,AM Peak,26.5
6592,AM Peak,21.4
6592,AM Peak,30.6
6592,AM Peak,25.8
6592,AM Peak,22.2
6592,AM Peak,24.9
6592,AM Peak,19.7
6592,AM Peak,28.9
6592,AM Peak,20.1
6592,AM Peak,29.7
6592,AM Peak,29.1
6592,AM Peak,24.2
6592,AM Peak,20.4
6592,AM Peak,26.8
6592,AM Peak,22
6592,AM Peak,23.1
6592,AM Peak,17.5
6592,AM Peak,22.7
6592,AM Peak,26.4
6592,AM Peak,22.9
6592,AM Peak,28.6
6592,AM Peak,24
6592,AM Peak,28.2
6592,AM Peak,19
6592,AM Peak,19.5
6592,AM Peak,21.5
6592,AM Peak,32.1
6592,AM Peak,3.7
6592,AM Peak,20.6
6592,AM Peak,32
6592,AM Peak,26.5
6592,AM Peak,14.7
6592,AM Peak,2.4
6592,AM Peak,28.8
6592,AM Peak,26.3
6592,AM Peak,26.7
6592,AM Peak,26.9
6592,AM Peak,26.8
6592,AM Peak,22.9
6592,AM Peak,26.1
6592,AM Peak,32.1
6592,AM Peak,21.1
6592,AM Peak,26.9
6592,AM Peak,25.8
6592,AM Peak,22.4
6592,AM Peak,26.1
6592,AM Peak,28.1
6592,AM Peak,19.7
6592,AM Peak,27.1
6592,AM Peak,23.5
6592,AM Peak,26.7
6592,AM Peak,24.4
6592,AM Peak,16.5
6592,AM Peak,24.5
6592,AM Peak,1.7
6592,AM Peak,25.4
6592,AM Peak,26.2
6592,AM Peak,28.5
6592,AM Peak,28.8
6592,AM Peak,24.8
6592,AM Peak,27.5
6592,AM Peak,25.9
6592,AM Peak,20.2
6592,AM Peak,27.2
6592,AM Peak,27.3
6592,AM Peak,24.8
6592,AM Peak,25.1
6592,AM Peak,28.9
6592,AM Peak,24.6
6592,AM Peak,30.1
6592,AM Peak,23
6592,AM Peak,24.8
6592,AM Peak,26.8
6592,AM Peak,26.6
6592,AM Peak,28.9
6592,AM Peak,25.6
6592,AM Peak,32.4
6592,AM Peak,23.2
6592,AM Peak,30.1
6592,AM Peak,22.8
6592,AM Peak,21
6592,AM Peak,26.2
6592,AM Peak,24.5
6592,AM Peak,25.1
6592,AM Peak,22.4
6592,AM Peak,27.1
6592,AM Peak,29.2
6592,AM Peak,20.5
6592,AM Peak,25.5
6592,AM Peak,23.2
6592,AM Peak,20.4
6592,AM Peak,31.7
6592,AM Peak,28.7
6592,AM Peak,22.9
6592,AM Peak,27
6592,AM Peak,22.2
6592,AM Peak,40.3
6592,AM Peak,31.7
6592,AM Peak,20.1
6592,AM Peak,21.7
6592,AM Peak,28.8
6592,AM Peak,25.3
6592,AM Peak,22.3
6592,AM Peak,24.4
6592,AM Peak,20
6592,AM Peak,19.4
6592,AM Peak,27.2
6592,AM Peak,27.8
6592,AM Peak,25.7
6592,AM Peak,27.3
6592,AM Peak,23.9
6592,AM Peak,24.7
6592,AM Peak,24.7
6592,AM Peak,15.1
6592,AM Peak,28
6592,AM Peak,31.5
6592,AM Peak,30.2
6592,AM Peak,20.8
6592,AM Peak,23.5
6592,AM Peak,25.8
6592,AM Peak,25.7
6592,AM Peak,19.5
6592,AM Peak,23.5
6592,AM Peak,22.9
6592,AM Peak,22.1
6592,AM Peak,31.1
6592,AM Peak,23.8
6592,AM Peak,26.6
6592,AM Peak,31
6592,AM Peak,25
6592,AM Peak,25
6592,AM Peak,27.1
6592,AM Peak,22
6592,AM Peak,26
6592,AM Peak,23
6592,AM Peak,22.7
6592,AM Peak,26.1
6592,AM Peak,25.9
6592,AM Peak,24.9
6592,AM Peak,26.3
6592,AM Peak,30
6592,AM Peak,31
6592,AM Peak,28.2
6592,AM Peak,20.8
6592,AM Peak,24.5
6592,AM Peak,21.7
6592,AM Peak,27.6
6592,AM Peak,22.7
6592,AM Peak,25.2
6592,AM Peak,24.2
6592,AM Peak,15.7
6592,AM Peak,25.2
6592,AM Peak,20.9
6592,AM Peak,27.5
6592,AM Peak,23.1
6592,AM Peak,22
6592,AM Peak,26
6592,AM Peak,6.1
6592,AM Peak,24.5
6592,AM Peak,37.3
6592,AM Peak,26.5
6592,AM Peak,22.2
6592,AM Peak,26.7
6592,AM Peak,40.3
6592,AM Peak,29.3
6592,AM Peak,27.2
6592,AM Peak,27.3
6592,AM Peak,22.2
6592,AM Peak,21.7
6592,AM Peak,24
6592,AM Peak,25.8
6592,AM Peak,18.8
6592,AM Peak,26.3
6592,AM Peak,27.2
6592,AM Peak,23.9
6592,AM Peak,26.4
6592,AM Peak,28.5
6592,AM Peak,16.9
6592,AM Peak,25.3
6592,AM Peak,23.7
6592,AM Peak,20
6592,AM Peak,30.1
6592,AM Peak,22.7
6592,AM Peak,27
6592,AM Peak,28.2
6592,AM Peak,23.6
6592,AM Peak,22.3
6592,AM Peak,19.9
6592,AM Peak,16.9
6592,AM Peak,26.3
6592,AM Peak,26.4
6592,AM Peak,20.8
6592,AM Peak,24.1
6592,AM Peak,32.5
6592,AM Peak,18.4
6592,AM Peak,27.6
6592,AM Peak,22.7
6592,AM Peak,22.9
6592,AM Peak,25.3
6592,AM Peak,34.3
6592,AM Peak,18.1
6592,AM Peak,21.5
6592,AM Peak,22.2
6592,AM Peak,19.8
6592,AM Peak,30
6592,AM Peak,21.4
6592,AM Peak,25.8
6592,AM Peak,24.6
6592,AM Peak,22
6592,AM Peak,30.5
6592,AM Peak,24
6592,AM Peak,26.2
6592,AM Peak,20
6592,AM Peak,24.9
6592,AM Peak,21.6
6592,AM Peak,30
6592,AM Peak,24.7
6592,AM Peak,13.4
6592,AM Peak,23.7
6592,AM Peak,22.3
6592,AM Peak,27.3
6592,AM Peak,24.3
6592,AM Peak,31.5
6592,AM Peak,20.7
6592,AM Peak,28.6
6592,AM Peak,22.3
6592,AM Peak,26.9
6592,AM Peak,24.1
6592,AM Peak,23.1
6592,AM Peak,21.1
6592,AM Peak,25.2
6592,AM Peak,24
6592,AM Peak,31.6
6592,AM Peak,23
6592,AM Peak,18.1
6592,AM Peak,27.6
6592,AM Peak,25.9
6592,AM Peak,32.6
6592,AM Peak,27.3
6592,AM Peak,25.3
6592,AM Peak,13.8
6592,AM Peak,25.8
6592,AM Peak,21.8
6592,AM Peak,28.6
6592,AM Peak,25.2
6592,AM Peak,24.6
6592,AM Peak,26.5
6592,AM Peak,26.5
6592,AM Peak,26.8
6592,AM Peak,29
6592,AM Peak,24.9
6592,AM Peak,29.1
6592,AM Peak,24.4
6592,AM Peak,27.4
6592,AM Peak,21.7
6592,AM Peak,22.4
6592,AM Peak,24.5
6592,AM Peak,25.1
6592,AM Peak,27.1
6592,AM Peak,22.9
6592,AM Peak,31.4
6592,AM Peak,23.5
6592,AM Peak,24.8
6592,AM Peak,27.3
6592,AM Peak,26.7
6592,AM Peak,17.4
6592,AM Peak,26.4
6592,AM Peak,29.6
6592,AM Peak,28.9
6592,AM Peak,24.8
6592,AM Peak,19.9
6592,AM Peak,22.8
6592,AM Peak,23.8
6592,AM Peak,26
6592,AM Peak,25
6592,AM Peak,30
6592,AM Peak,23.8
6592,AM Peak,19.7
6592,AM Peak,21.7
6592,AM Peak,19
6592,AM Peak,24
6592,AM Peak,23
6592,AM Peak,22.1
6592,AM Peak,22.3
6592,AM Peak,35
6592,AM Peak,34.2
6592,AM Peak,30.6
6592,AM Peak,23.4
6592,AM Peak,29.7
6592,AM Peak,23.5
6592,AM Peak,22.1
6592,AM Peak,23.3
6592,AM Peak,27.5
6592,AM Peak,25.1
6592,AM Peak,29.3
6592,AM Peak,26.3
6592,AM Peak,28.3
6592,AM Peak,25.5
6592,AM Peak,22.6
6592,AM Peak,30.2
6592,AM Peak,25.9
6592,AM Peak,17.5
6592,AM Peak,24.9
6592,AM Peak,25.2
6592,AM Peak,21.2
6592,AM Peak,23.9
6592,AM Peak,23.6
6592,AM Peak,27
6592,AM Peak,25.2
6592,AM Peak,22.9
6592,AM Peak,25.5
6592,AM Peak,30.5
6592,AM Peak,27.9
6592,AM Peak,23.7
6592,AM Peak,26.8
6592,AM Peak,24.8
6592,AM Peak,35
6592,AM Peak,21.1
6592,AM Peak,29.1
6592,AM Peak,18.8
6592,AM Peak,25
6592,AM Peak,23.6
6592,AM Peak,29.2
6592,AM Peak,28.3
6592,AM Peak,25.6
6592,AM Peak,24.2
6592,AM Peak,31.4
6592,AM Peak,27.2
6592,AM Peak,18.6
6592,AM Peak,23.3
6592,AM Peak,24.4
6592,AM Peak,23
6592,AM Peak,22.2
6592,AM Peak,23.3
6592,AM Peak,24.5
6592,AM Peak,20.9
6592,AM Peak,31.5
6592,AM Peak,24.2
6592,AM Peak,27.2
6592,AM Peak,26.8
6592,AM Peak,31.2
6592,AM Peak,31.4
6592,AM Peak,24.4
6592,AM Peak,24.1
6592,AM Peak,20.1
6592,AM Peak,25.1
6592,AM Peak,23.9
6592,AM Peak,27
6592,AM Peak,30.6
6592,AM Peak,28.1
6592,AM Peak,21.3
6592,AM Peak,24.6
6592,AM Peak,20.4
6592,AM Peak,25.9
6592,AM Peak,21.9
6592,PM Peak,25.7
6592,PM Peak,29.6
6592,PM Peak,24.2
6592,PM Peak,22.3
6592,PM Peak,29.2
6592,PM Peak,29.3
6592,PM Peak,24.8
6592,PM Peak,26.3
6592,PM Peak,23.5
6592,PM Peak,25.7
6592,PM Peak,21.1
6592,PM Peak,20.5
6592,PM Peak,27.7
6592,PM Peak,25.8
6592,PM Peak,27.9
6592,PM Peak,27.1
6592,PM Peak,27.4
6592,PM Peak,34.2
6592,PM Peak,27.3
6592,PM Peak,25.1
6592,PM Peak,20.2
6592,PM Peak,28.9
6592,PM Peak,21.5
6592,PM Peak,23.7
6592,PM Peak,35.8
6592,PM Peak,24.2
6592,PM Peak,28.6
6592,PM Peak,22.8
6592,PM Peak,27.1
6592,PM Peak,29.1
6592,PM Peak,20.5
6592,PM Peak,32.8
6592,PM Peak,25.5
6592,PM Peak,30.9
6592,PM Peak,23.2
6592,PM Peak,28.2
6592,PM Peak,19.8
6592,PM Peak,21.4
6592,PM Peak,30.1
6592,PM Peak,20.4
6592,PM Peak,23.1
6592,PM Peak,24.4
6592,PM Peak,33.9
6592,PM Peak,27.6
6592,PM Peak,23.4
6592,PM Peak,18.6
6592,PM Peak,27.8
6592,PM Peak,26.9
6592,PM Peak,20.7
6592,PM Peak,22.3
6592,PM Peak,26.6
6592,PM Peak,29.1
6592,PM Peak,30.4
6592,PM Peak,31.6
6592,PM Peak,27.9
6592,PM Peak,22.1
6592,PM Peak,28.9
6592,PM Peak,20.4
6592,PM Peak,22.4
6592,PM Peak,24.7
6592,PM Peak,25.5
6592,PM Peak,20.9
6592,PM Peak,30.6
6592,PM Peak,24.6
6592,PM Peak,20.6
6592,PM Peak,30.6
6592,PM Peak,26.3
6592,PM Peak,29.5
6592,PM Peak,27.3
6592,PM Peak,28.9
6592,PM Peak,24.5
6592,PM Peak,19
6592,PM Peak,18.8
6592,PM Peak,27.7
6592,PM Peak,31.2
6592,PM Peak,26.9
6592,PM Peak,25.9
6592,PM Peak,28.5
6592,PM Peak,28.2
6592,PM Peak,24.2
6592,PM Peak,26.5
6592,PM Peak,35.1
6592,PM Peak,29.5
6592,PM Peak,20.6
6592,PM Peak,18
6592,PM Peak,25.3
6592,PM Peak,28.7
6592,PM Peak,25.9
6592,PM Peak,28.1
6592,PM Peak,23.6
6592,PM Peak,28.3
6592,PM Peak,26.3
6592,PM Peak,18.5
6592,PM Peak,22.3
6592,PM Peak,24.9
6592,PM Peak,27.9
6592,PM Peak,26.9
6592,PM Peak,23.1
6592,PM Peak,25.6
6592,PM Peak,26.3
6592,PM Peak,31.7
6592,PM Peak,20.7
6592,PM Peak,32.4
6592,PM Peak,23
6592,PM Peak,21.8
6592,PM Peak,28.5
6592,PM Peak,23.5
6592,PM Peak,15.8
6592,PM Peak,30.9
6592,PM Peak,32.2
6592,PM Peak,38.3
6592,PM Peak,26.8
6592,PM Peak,15.8
6592,PM Peak,26.8
6592,PM Peak,23
6592,PM Peak,22.8
6592,PM Peak,26.9
6592,PM Peak,27
6592,PM Peak,30.5
6592,PM Peak,22.9
6592,PM Peak,27.6
6592,PM Peak,26.3
6592,PM Peak,27
6592,PM Peak,25.4
6592,PM Peak,24.3
6592,PM Peak,23.4
6592,PM Peak,12.6
6592,PM Peak,24.8
6592,PM Peak,32.3
6592,PM Peak,25.8
6592,PM Peak,24
6592,PM Peak,34.7
6592,PM Peak,26.3
6592,PM Peak,30.2
6592,PM Peak,24.7
6592,PM Peak,22.7
6592,PM Peak,24.7
6592,PM Peak,28
6592,PM Peak,21.4
6592,PM Peak,30.6
6592,PM Peak,32.1
6592,PM Peak,26.8
6592,PM Peak,35.3
6592,PM Peak,24.5
6592,PM Peak,26.9
6592,PM Peak,25.5
6592,PM Peak,26.4
6592,PM Peak,29.3
6592,PM Peak,33
6592,PM Peak,29.5
6592,PM Peak,25.6
6592,PM Peak,26.7
6592,PM Peak,31.7
6592,PM Peak,18.5
6592,PM Peak,22.9
6592,PM Peak,27.6
6592,PM Peak,22.9
6592,PM Peak,16.9
6592,PM Peak,21.2
6592,PM Peak,25.1
6592,PM Peak,30.1
6592,PM Peak,26.3
6592,PM Peak,31.5
6592,PM Peak,25.2
6592,PM Peak,15.5
6592,PM Peak,21.9
6592,PM Peak,21.7
6592,PM Peak,24.2
6592,PM Peak,24.2
6592,PM Peak,22.9
6592,PM Peak,22.4
6592,PM Peak,27.9
6592,PM Peak,28.5
6592,PM Peak,21.2
6592,PM Peak,33.8
6592,PM Peak,33.3
6592,PM Peak,23.3
6592,PM Peak,25.6
6592,PM Peak,24.2
6592,PM Peak,28.8
6592,PM Peak,15.7
6592,PM Peak,29.1
6592,PM Peak,28.1
6592,PM Peak,21.2
6592,PM Peak,33.1
6592,PM Peak,21.1
6592,PM Peak,26
6592,PM Peak,28.2
6592,PM Peak,24.3
6592,PM Peak,29.3
6592,PM Peak,21.6
6592,PM Peak,31.9
6592,PM Peak,26.3
6592,PM Peak,31.1
6592,PM Peak,23.2
6592,PM Peak,26.4
6592,PM Peak,27.1
6592,PM Peak,14.4
6592,PM Peak,23.4
6592,PM Peak,36.8
6592,PM Peak,25.3
6592,PM Peak,25.8
6592,PM Peak,23.1
6592,PM Peak,26.2
6592,PM Peak,27.1
6592,PM Peak,28.1
6592,PM Peak,36.9
6592,PM Peak,23.6
6592,PM Peak,22.2
6592,PM Peak,24.1
6592,PM Peak,29.5
6592,PM Peak,28.5
6592,PM Peak,19
6592,PM Peak,16.7
6592,PM Peak,25.9
6592,PM Peak,23.9
6592,PM Peak,30.6
6592,PM Peak,21.1
6592,PM Peak,21.7
6592,PM Peak,27.5
6592,PM Peak,16.3
6592,PM Peak,22.1
6592,PM Peak,27.5
6592,PM Peak,29.8
6592,PM Peak,25.8
6592,PM Peak,27.6
6592,PM Peak,32.4
6592,PM Peak,27.5
6592,PM Peak,27.5
6592,PM Peak,25.6
6592,PM Peak,21.1
6592,PM Peak,25.9
6592,PM Peak,30.9
6592,PM Peak,33.9
6592,PM Peak,25.9
6592,PM Peak,21.5
6592,PM Peak,23
6592,PM Peak,31.6
6592,PM Peak,27.5
6592,PM Peak,23.8
6592,PM Peak,23.7
6592,PM Peak,14.6
6592,PM Peak,21.2
6592,PM Peak,27.2
6592,PM Peak,27.2
6592,PM Peak,26.6
6592,PM Peak,27.7
6592,PM Peak,25.2
6592,PM Peak,30
6592,PM Peak,31.8
6592,PM Peak,28.9
6592,PM Peak,22.1
6592,PM Peak,27
6592,PM Peak,28
6592,PM Peak,24.1
6592,PM Peak,32.1
6592,PM Peak,29.2
6592,PM Peak,22.6
6592,PM Peak,27.9
6592,PM Peak,30.9
6592,PM Peak,30.8
6592,PM Peak,28.4
6592,PM Peak,25.4
6592,PM Peak,26.4
6592,PM Peak,16
6592,PM Peak,21.1
6592,PM Peak,27.2
6592,PM Peak,26.5
6592,PM Peak,23
6592,PM Peak,24.5
6592,PM Peak,32
6592,PM Peak,17.4
6592,PM Peak,21.8
6592,PM Peak,26.9
6592,PM Peak,22.6
6592,PM Peak,25.6
6592,PM Peak,23.9
6592,PM Peak,19.2
6592,PM Peak,25.3
6592,PM Peak,20.2
6592,PM Peak,30
6592,PM Peak,24.6
6592,PM Peak,29
6592,PM Peak,27.6
6592,PM Peak,34.3
6592,PM Peak,32.1
6592,PM Peak,23.1
6592,PM Peak,25.3
6592,PM Peak,24
6592,PM Peak,21
6592,PM Peak,21.6
6592,PM Peak,30.6
6592,PM Peak,32.8
6592,PM Peak,15.7
6592,PM Peak,28.4
6592,PM Peak,31
6592,PM Peak,26
6592,PM Peak,22.6
6592,PM Peak,28.6
6592,PM Peak,28.2
6592,PM Peak,30.7
6592,PM Peak,21.7
6592,PM Peak,20.3
6592,PM Peak,17.9
6592,PM Peak,31.9
6592,PM Peak,20.7
6592,PM Peak,25.9
6592,PM Peak,17.5
6592,PM Peak,14.6
6592,PM Peak,33.3
6592,PM Peak,21.1
6592,PM Peak,28
6592,PM Peak,32.4
6592,PM Peak,29
6592,PM Peak,22.3
6592,PM Peak,36.9
6592,PM Peak,32
6592,PM Peak,24.1
6592,PM Peak,25.5
6592,PM Peak,20
6592,PM Peak,26.3
6592,PM Peak,19.3
6592,PM Peak,25.2
6592,PM Peak,25.2
6592,PM Peak,26.4
6592,PM Peak,25.5
6592,PM Peak,24.4
6592,PM Peak,24.4
6592,PM Peak,23.7
6592,PM Peak,26.7
6592,PM Peak,28.9
6592,PM Peak,27.6
6592,PM Peak,26.1
6592,PM Peak,17.4
6592,PM Peak,21.2
6592,PM Peak,30.4
6592,PM Peak,21.8
6592,PM Peak,29.3
6592,PM Peak,22.1
6592,PM Peak,21.8
6592,PM Peak,27.7
6592,PM Peak,19.1
6592,PM Peak,25.3
6592,PM Peak,25.9
6592,PM Peak,21.7
6592,PM Peak,30.2
6592,PM Peak,27.7
6592,PM Peak,24.1
6592,PM Peak,26.6
6592,PM Peak,25.7
6592,PM Peak,28
6592,PM Peak,24.7
6592,PM Peak,26.2
6592,PM Peak,21.7
6592,PM Peak,27.1
6592,PM Peak,24.2
6592,PM Peak,20.3
6592,PM Peak,22.7
6592,PM Peak,27.3
6592,PM Peak,20.8
6592,PM Peak,32.5
6592,PM Peak,23.9
6592,PM Peak,27.3
6592,PM Peak,28.4
6592,PM Peak,18.7
6592,PM Peak,25.3
6592,PM Peak,23
6592,PM Peak,28.6
6592,PM Peak,29.5
6592,PM Peak,31
6592,PM Peak,34.6
6592,PM Peak,33.2
6592,PM Peak,23.7
6592,PM Peak,17.9
6592,PM Peak,27.6
6592,PM Peak,19
6592,PM Peak,31.9
6592,PM Peak,30.6
6592,PM Peak,24
6592,PM Peak,34.5
6592,PM Peak,22.7
6592,PM Peak,15.3
6592,PM Peak,21.5
6592,PM Peak,29.6
6592,PM Peak,27.7
6592,PM Peak,32
6592,PM Peak,27.7
6592,PM Peak,26.9
6592,PM Peak,23.6
6592,PM Peak,21.3
6592,PM Peak,26.5
6592,PM Peak,22.7
6592,PM Peak,27.4
6592,PM Peak,25.5
6592,PM Peak,20.1
6592,PM Peak,26.8
6592,PM Peak,17.6
6592,PM Peak,23.4
6592,PM Peak,29
6592,PM Peak,21.5
6592,PM Peak,23.5
6592,PM Peak,24
6592,PM Peak,33
6592,PM Peak,22.3
6592,PM Peak,27.7
6592,PM Peak,23.2
6592,PM Peak,22.4
6592,PM Peak,24.3
6592,PM Peak,22.1
6592,PM Peak,29.1
6592,PM Peak,17.5
6592,PM Peak,22.8
6592,PM Peak,24.6
6592,PM Peak,30
6592,PM Peak,28
6592,PM Peak,21.1
6592,PM Peak,26.3
6592,PM Peak,24
6592,PM Peak,21.2
6592,PM Peak,30.7
6592,PM Peak,27.7
6592,PM Peak,29.9
6592,PM Peak,27.6
6592,PM Peak,28.4
6592,PM Peak,25.7
6592,PM Peak,33
6592,PM Peak,25.3
6592,PM Peak,40.1
6592,PM Peak,22.2
6592,PM Peak,23.6
6592,PM Peak,24.3
6592,PM Peak,28.6
6592,PM Peak,24.1
6592,PM Peak,20.6
6592,PM Peak,24.4
6592,PM Peak,23.8
6592,PM Peak,24
6592,PM Peak,36.7
6592,PM Peak,27
6592,PM Peak,32.3
6592,PM Peak,30.3
6592,PM Peak,23.3
6592,PM Peak,26.3
6592,PM Peak,25.7
6592,PM Peak,29.6
6592,PM Peak,23.9
6592,PM Peak,30.9
6592,PM Peak,30.1
6592,PM Peak,29.3
6592,PM Peak,21.3
6592,PM Peak,30.8
6592,PM Peak,17.8
6592,PM Peak,23.9
6592,PM Peak,30.1
6592,PM Peak,34.5
6592,PM Peak,18.1
6592,PM Peak,35.3
6592,PM Peak,33.9
6592,PM Peak,26
6592,PM Peak,20.4
6592,PM Peak,25.5
6592,PM Peak,28
6592,PM Peak,24.7
6592,PM Peak,26.3
6592,PM Peak,31
6592,PM Peak,24.1
6592,PM Peak,28.1
6592,PM Peak,24.7
6592,PM Peak,25.1
6592,PM Peak,22.5
6592,PM Peak,24.6
6592,PM Peak,23.4
6592,PM Peak,23.3
6592,PM Peak,22.1
6592,PM Peak,15.7
6592,PM Peak,24.8
6592,PM Peak,19.1
6592,PM Peak,28.9
6592,PM Peak,26.9
6592,PM Peak,30.4
6592,PM Peak,19.3
6592,PM Peak,25.8
6592,PM Peak,30
6592,PM Peak,21.5
6592,PM Peak,23.4
6592,PM Peak,21
6592,PM Peak,33
6592,PM Peak,24.6
6592,PM Peak,22.2
6592,PM Peak,41.4
6592,PM Peak,30.3
6592,PM Peak,27.1
6592,PM Peak,24.2
6592,PM Peak,29.9
6592,PM Peak,22.4
6592,PM Peak,23.8
6592,PM Peak,26.6
6592,PM Peak,12.7
6592,PM Peak,26.1
6592,PM Peak,30.7
6596,AM Peak,26.2
6596,AM Peak,15.4
6596,AM Peak,25.1
6596,AM Peak,27.1
6596,AM Peak,20.4
6596,AM Peak,25.4
6596,AM Peak,9.9
6596,AM Peak,24.9
6596,AM Peak,26
6596,AM Peak,19.1
6596,AM Peak,19.9
6596,AM Peak,24.4
6596,AM Peak,27.3
6596,AM Peak,26.3
6596,AM Peak,23
6596,AM Peak,26.5
6596,AM Peak,26.5
6596,AM Peak,24.4
6596,AM Peak,20.6
6596,AM Peak,21.4
6596,AM Peak,24.1
6596,AM Peak,20.7
6596,AM Peak,21.4
6596,AM Peak,19.8
6596,AM Peak,19
6596,AM Peak,23.8
6596,AM Peak,20.8
6596,AM Peak,12.2
6596,AM Peak,26
6596,AM Peak,14.5
6596,AM Peak,21.5
6596,AM Peak,2.2
6596,AM Peak,25.7
6596,AM Peak,11
6596,AM Peak,23.1
6596,AM Peak,30.9
6596,AM Peak,24.1
6596,AM Peak,22.4
6596,AM Peak,12
6596,AM Peak,29.1
6596,AM Peak,12.5
6596,AM Peak,27.8
6596,AM Peak,23.1
6596,AM Peak,11.6
6596,AM Peak,12.9
6596,AM Peak,21.3
6596,AM Peak,15.4
6596,AM Peak,15.2
6596,AM Peak,19.5
6596,AM Peak,17.5
6596,AM Peak,19.6
6596,AM Peak,14.1
6596,AM Peak,18
6596,AM Peak,18.6
6596,AM Peak,24
6596,AM Peak,21.6
6596,AM Peak,24.8
6596,AM Peak,23.9
6596,AM Peak,26
6596,AM Peak,19.3
6596,AM Peak,23.3
6596,AM Peak,21.9
6596,AM Peak,14.9
6596,AM Peak,20.2
6596,AM Peak,31.7
6596,AM Peak,20.8
6596,AM Peak,20.5
6596,AM Peak,24.5
6596,AM Peak,13.8
6596,AM Peak,23.4
6596,AM Peak,19
6596,AM Peak,17.5
6596,AM Peak,28.5
6596,AM Peak,15.9
6596,AM Peak,22.2
6596,AM Peak,24.5
6596,AM Peak,20.3
6596,AM Peak,23.1
6596,AM Peak,20
6596,AM Peak,20.4
6596,AM Peak,21.4
6596,AM Peak,22.1
6596,AM Peak,29.8
6596,AM Peak,21.1
6596,AM Peak,19.8
6596,AM Peak,21.4
6596,AM Peak,11.3
6596,AM Peak,18.7
6596,AM Peak,18.4
6596,AM Peak,25.5
6596,AM Peak,18.2
6596,AM Peak,28.2
6596,AM Peak,25.3
6596,AM Peak,27.5
6596,AM Peak,13.7
6596,AM Peak,26.5
6596,AM Peak,23.2
6596,AM Peak,18.9
6596,AM Peak,20.1
6596,AM Peak,15.2
6596,AM Peak,29.1
6596,AM Peak,18.3
6596,AM Peak,18.3
6596,AM Peak,24.2
6596,AM Peak,20.2
6596,AM Peak,22.9
6596,AM Peak,21.9
6596,AM Peak,18.5
6596,AM Peak,24.4
6596,AM Peak,17.8
6596,AM Peak,16.4
6596,AM Peak,20
6596,AM Peak,21.9
6596,AM Peak,15.1
6596,AM Peak,20
6596,AM Peak,26.3
6596,AM Peak,21.4
6596,AM Peak,21.6
6596,AM Peak,27.3
6596,AM Peak,22.5
6596,AM Peak,20.7
6596,AM Peak,22.1
6596,AM Peak,18.8
6596,AM Peak,14.3
6596,AM Peak,26.8
6596,AM Peak,25.9
6596,AM Peak,12.3
6596,AM Peak,21.3
6596,AM Peak,20
6596,AM Peak,13.2
6596,AM Peak,16.6
6596,AM Peak,16.7
6596,AM Peak,20
6596,AM Peak,26.1
6596,AM Peak,29.3
6596,AM Peak,16.3
6596,AM Peak,19.6
6596,AM Peak,23.9
6596,AM Peak,25.6
6596,AM Peak,26
6596,AM Peak,14.1
6596,AM Peak,20.6
6596,AM Peak,18.6
6596,AM Peak,11.7
6596,AM Peak,18.1
6596,AM Peak,19.1
6596,AM Peak,18.1
6596,AM Peak,23.1
6596,AM Peak,20.7
6596,AM Peak,22.1
6596,AM Peak,28
6596,AM Peak,21.4
6596,AM Peak,22.4
6596,AM Peak,24.5
6596,AM Peak,21.4
6596,AM Peak,15.1
6596,AM Peak,16.7
6596,AM Peak,17.3
6596,AM Peak,26.1
6596,AM Peak,14.8
6596,AM Peak,23.3
6596,AM Peak,22.1
6596,AM Peak,21.8
6596,AM Peak,29.3
6596,AM Peak,18.7
6596,AM Peak,22.5
6596,AM Peak,14.2
6596,AM Peak,21.2
6596,AM Peak,19.8
6596,AM Peak,22.6
6596,AM Peak,20.7
6596,AM Peak,12.2
6596,AM Peak,20.9
6596,AM Peak,21.8
6596,AM Peak,18.1
6596,AM Peak,23.5
6596,AM Peak,25
6596,AM Peak,23.1
6596,AM Peak,19.5
6596,AM Peak,21.5
6596,AM Peak,19.4
6596,AM Peak,13
6596,AM Peak,18.9
6596,AM Peak,19
6596,AM Peak,18.2
6596,AM Peak,24
6596,AM Peak,24.6
6596,AM Peak,27.5
6596,AM Peak,15.8
6596,AM Peak,27.5
6596,AM Peak,20.6
6596,AM Peak,17.3
6596,AM Peak,18.2
6596,AM Peak,15.7
6596,AM Peak,19
6596,AM Peak,30.8
6596,AM Peak,25.4
6596,AM Peak,28.7
6596,AM Peak,18.7
6596,AM Peak,19.4
6596,AM Peak,28
6596,AM Peak,20.8
6596,AM Peak,18.7
6596,AM Peak,25.6
6596,AM Peak,22.9
6596,AM Peak,21.1
6596,AM Peak,23.5
6596,AM Peak,21.3
6596,AM Peak,26.6
6596,AM Peak,15.9
6596,AM Peak,13
6596,AM Peak,22.2
6596,AM Peak,22.2
6596,AM Peak,30.6
6596,AM Peak,20.3
6596,AM Peak,20.2
6596,AM Peak,14.5
6596,AM Peak,15.7
6596,AM Peak,19.4
6596,AM Peak,15.9
6596,AM Peak,20.9
6596,AM Peak,24
6596,AM Peak,16.7
6596,AM Peak,21.4
6596,AM Peak,26.5
6596,AM Peak,19.7
6596,AM Peak,20.1
6596,AM Peak,22.3
6596,AM Peak,24
6596,AM Peak,20.9
6596,AM Peak,14.1
6596,AM Peak,23
6596,AM Peak,14.6
6596,AM Peak,13.7
6596,AM Peak,24.9
6596,AM Peak,15.5
6596,AM Peak,24.6
6596,AM Peak,25.5
6596,AM Peak,18.3
6596,AM Peak,14.8
6596,AM Peak,22
6596,AM Peak,20.6
6596,AM Peak,23.5
6596,AM Peak,26.4
6596,AM Peak,16
6596,AM Peak,21.9
6596,AM Peak,30.5
6596,AM Peak,24.5
6596,AM Peak,24.6
6596,AM Peak,20.2
6596,AM Peak,17.5
6596,AM Peak,21.4
6596,AM Peak,17
6596,AM Peak,14.3
6596,AM Peak,22.6
6596,AM Peak,25.4
6596,AM Peak,18.2
6596,AM Peak,21.8
6596,AM Peak,19
6596,AM Peak,21
6596,AM Peak,16.6
6596,AM Peak,23.6
6596,AM Peak,24.7
6596,AM Peak,19.7
6596,AM Peak,12.4
6596,AM Peak,7.9
6596,AM Peak,19.1
6596,AM Peak,20
6596,AM Peak,22.3
6596,AM Peak,13.3
6596,AM Peak,13.6
6596,AM Peak,4
6596,AM Peak,18.6
6596,AM Peak,22.6
6596,AM Peak,14.7
6596,AM Peak,13
6596,AM Peak,17.7
6596,AM Peak,29.7
6596,AM Peak,24.7
6596,AM Peak,23.1
6596,AM Peak,18.1
6596,AM Peak,19.1
6596,AM Peak,30.9
6596,AM Peak,23.2
6596,AM Peak,19.2
6596,AM Peak,23.1
6596,AM Peak,17
6596,AM Peak,22.5
6596,AM Peak,21.5
6596,AM Peak,21.3
6596,AM Peak,19.7
6596,AM Peak,16.5
6596,AM Peak,25.4
6596,AM Peak,21.4
6596,AM Peak,11
6596,AM Peak,24.8
6596,AM Peak,14.2
6596,AM Peak,22.2
6596,AM Peak,17.2
6596,AM Peak,20.2
6596,AM Peak,27.9
6596,AM Peak,24
6596,AM Peak,22
6596,AM Peak,18.3
6596,AM Peak,16.2
6596,AM Peak,26.9
6596,AM Peak,25.8
6596,AM Peak,19.7
6596,AM Peak,18.3
6596,AM Peak,13.4
6596,AM Peak,19.9
6596,AM Peak,26.9
6596,AM Peak,21.5
6596,AM Peak,17
6596,AM Peak,24.1
6596,AM Peak,19.4
6596,AM Peak,23.9
6596,AM Peak,13.2
6596,AM Peak,23.2
6596,AM Peak,21.5
6596,AM Peak,22.7
6596,AM Peak,17.6
6596,AM Peak,20.3
6596,AM Peak,30.1
6596,AM Peak,17
6596,AM Peak,14.2
6596,AM Peak,26.5
6596,AM Peak,19.9
6596,AM Peak,21.5
6596,AM Peak,21.8
6596,AM Peak,25.1
6596,AM Peak,19
6596,AM Peak,22.2
6596,AM Peak,16.3
6596,AM Peak,26.1
6596,AM Peak,19.6
6596,AM Peak,16.6
6596,AM Peak,20.4
6596,AM Peak,12.6
6596,AM Peak,17.8
6596,AM Peak,21.1
6596,AM Peak,20.8
6596,AM Peak,21.7
6596,AM Peak,15.9
6596,AM Peak,11
6596,AM Peak,23.3
6596,AM Peak,21.4
6596,AM Peak,24
6596,AM Peak,15.6
6596,AM Peak,20.9
6596,AM Peak,22.9
6596,AM Peak,7.2
6596,AM Peak,24.3
6596,AM Peak,13.4
6596,AM Peak,14.1
6596,AM Peak,19.8
6596,AM Peak,30.4
6596,AM Peak,18.2
6596,AM Peak,18
6596,AM Peak,24.4
6596,AM Peak,26.8
6596,AM Peak,18.9
6596,AM Peak,16.5
6596,AM Peak,22
6596,AM Peak,22.4
6596,AM Peak,19.9
6596,AM Peak,15.8
6596,AM Peak,21
6596,AM Peak,20.3
6596,AM Peak,19.3
6596,AM Peak,17.5
6596,AM Peak,20
6596,AM Peak,16.8
6596,AM Peak,23.5
6596,AM Peak,18
6596,AM Peak,24.9
6596,AM Peak,22.4
6596,AM Peak,20.6
6596,AM Peak,22
6596,AM Peak,20.6
6596,AM Peak,20.3
6596,AM Peak,21
6596,AM Peak,18.8
6596,AM Peak,21.5
6596,AM Peak,20.6
6596,AM Peak,18.1
6596,AM Peak,16.7
6596,AM Peak,24.5
6596,AM Peak,18
6596,AM Peak,19.9
6596,AM Peak,13.5
6596,AM Peak,23.5
6596,AM Peak,11.4
6596,AM Peak,20.3
6596,AM Peak,24.1
6596,AM Peak,18.7
6596,AM Peak,16.4
6596,AM Peak,17.6
6596,AM Peak,25.2
6596,AM Peak,13.5
6596,AM Peak,25.6
6596,AM Peak,20.8
6596,AM Peak,15
6596,AM Peak,26.2
6596,AM Peak,17.9
6596,AM Peak,11.9
6596,AM Peak,22.4
6596,AM Peak,21.5
6596,AM Peak,14.2
6596,AM Peak,30.3
6596,AM Peak,22.6
6596,AM Peak,20.2
6596,AM Peak,23.2
6596,AM Peak,21.5
6596,AM Peak,16
6596,AM Peak,24.6
6596,AM Peak,24.1
6596,AM Peak,20.9
6596,AM Peak,27.5
6596,AM Peak,25
6596,AM Peak,21
6596,AM Peak,23
6596,AM Peak,15.1
6596,AM Peak,19.6
6596,AM Peak,26.3
6596,AM Peak,16
6596,AM Peak,23.9
6596,AM Peak,28.2
6596,AM Peak,17.3
6596,AM Peak,22.2
6596,AM Peak,35.7
6596,AM Peak,20.8
6596,AM Peak,24.9
6596,AM Peak,17.9
6596,AM Peak,18.4
6596,AM Peak,17.5
6596,AM Peak,16.5
6596,AM Peak,28.1
6596,AM Peak,22.5
6596,AM Peak,23.6
6596,AM Peak,22.8
6596,AM Peak,14.9
6596,AM Peak,19.3
6596,AM Peak,21
6596,AM Peak,17.3
6596,AM Peak,20.2
6596,AM Peak,11.5
6596,AM Peak,20
6596,AM Peak,19.1
6596,AM Peak,14.1
6596,AM Peak,29.6
6596,AM Peak,22.6
6596,AM Peak,20.9
6596,AM Peak,15.5
6596,AM Peak,16.3
6596,AM Peak,22.9
6596,AM Peak,25.1
6596,AM Peak,17.6
6596,AM Peak,23.2
6596,AM Peak,26.6
6596,AM Peak,25.9
6596,AM Peak,18.5
6596,AM Peak,25.6
6596,AM Peak,14.2
6596,AM Peak,13.2
6596,AM Peak,19.4
6596,AM Peak,18.1
6596,AM Peak,18.4
6596,AM Peak,23.9
6596,AM Peak,30.7
6596,AM Peak,17.3
6596,AM Peak,30.6
6596,AM Peak,16.3
6596,AM Peak,24.3
6596,AM Peak,23.6
6596,AM Peak,21.1
6596,AM Peak,21
6596,AM Peak,21.8
6596,AM Peak,17.8
6596,AM Peak,27
6596,AM Peak,16
6596,AM Peak,20.5
6596,AM Peak,20
6596,AM Peak,26
6596,AM Peak,32.1
6596,AM Peak,23.9
6596,AM Peak,21.3
6596,AM Peak,22.8
6596,AM Peak,21.1
6596,AM Peak,15.4
6596,AM Peak,29.2
6596,AM Peak,16.7
6596,AM Peak,21.2
6596,AM Peak,13.3
6596,AM Peak,21.1
6596,AM Peak,26.5
6596,AM Peak,15.1
6596,AM Peak,20
6596,AM Peak,9.3
6596,AM Peak,16.7
6596,PM Peak,16.4
6596,PM Peak,15
6596,PM Peak,14.4
6596,PM Peak,21.9
6596,PM Peak,26.9
6596,PM Peak,19.9
6596,PM Peak,20.2
6596,PM Peak,27.6
6596,PM Peak,21
6596,PM Peak,11
6596,PM Peak,15
6596,PM Peak,19.3
6596,PM Peak,26.2
6596,PM Peak,20.4
6596,PM Peak,21.2
6596,PM Peak,24.5
6596,PM Peak,12.1
6596,PM Peak,17
6596,PM Peak,27.7
6596,PM Peak,19.1
6596,PM Peak,14.5
6596,PM Peak,19.1
6596,PM Peak,13.8
6596,PM Peak,13.9
6596,PM Peak,11.5
6596,PM Peak,22.3
6596,PM Peak,21.5
6596,PM Peak,19
6596,PM Peak,23.7
6596,PM Peak,22.2
6596,PM Peak,12
6596,PM Peak,18.8
6596,PM Peak,15.1
6596,PM Peak,22
6596,PM Peak,14.5
6596,PM Peak,9.8
6596,PM Peak,19.8
6596,PM Peak,27.3
6596,PM Peak,8.1
6596,PM Peak,17.5
6596,PM Peak,23.2
6596,PM Peak,16.2
6596,PM Peak,13.9
6596,PM Peak,26.4
6596,PM Peak,10.7
6596,PM Peak,24.9
6596,PM Peak,23.9
6596,PM Peak,25.8
6596,PM Peak,19.4
6596,PM Peak,21.3
6596,PM Peak,22.4
6596,PM Peak,14.8
6596,PM Peak,24.6
6596,PM Peak,21.7
6596,PM Peak,24.5
6596,PM Peak,21.5
6596,PM Peak,10.1
6596,PM Peak,19.9
6596,PM Peak,21.5
6596,PM Peak,18.6
6596,PM Peak,22.9
6596,PM Peak,21
6596,PM Peak,23.7
6596,PM Peak,27.2
6596,PM Peak,16.3
6596,PM Peak,18.3
6596,PM Peak,18.7
6596,PM Peak,21.1
6596,PM Peak,18.5
6596,PM Peak,16.9
6596,PM Peak,22
6596,PM Peak,12.4
6596,PM Peak,11.1
6596,PM Peak,20.4
6596,PM Peak,15.6
6596,PM Peak,23.9
6596,PM Peak,12.7
6596,PM Peak,44.4
6596,PM Peak,18.4
6596,PM Peak,20.2
6596,PM Peak,18.4
6596,PM Peak,19.8
6596,PM Peak,20.1
6596,PM Peak,16.7
6596,PM Peak,21.3
6596,PM Peak,25.6
6596,PM Peak,27.3
6596,PM Peak,22.3
6596,PM Peak,9.5
6596,PM Peak,18.2
6596,PM Peak,18.2
6596,PM Peak,15.3
6596,PM Peak,22.4
6596,PM Peak,19.9
6596,PM Peak,18.1
6596,PM Peak,20.3
6596,PM Peak,27.6
6596,PM Peak,20.7
6596,PM Peak,17.5
6596,PM Peak,18.5
6596,PM Peak,16.5
6596,PM Peak,21.3
6596,PM Peak,20.1
6596,PM Peak,10.3
6596,PM Peak,3.5
6596,PM Peak,22
6596,PM Peak,14.6
6596,PM Peak,19
6596,PM Peak,21.8
6596,PM Peak,17.2
6596,PM Peak,13.5
6596,PM Peak,26.8
6596,PM Peak,16.1
6596,PM Peak,21.5
6596,PM Peak,13.7
6596,PM Peak,18.8
6596,PM Peak,13.4
6596,PM Peak,21.1
6596,PM Peak,24.1
6596,PM Peak,13.2
6596,PM Peak,22.6
6596,PM Peak,18.7
6596,PM Peak,19.8
6596,PM Peak,19.8
6596,PM Peak,16.9
6596,PM Peak,26.7
6596,PM Peak,19.2
6596,PM Peak,26.4
6596,PM Peak,22.6
6596,PM Peak,25.2
6596,PM Peak,24.8
6596,PM Peak,21.9
6596,PM Peak,7.6
6596,PM Peak,15.5
6596,PM Peak,16
6596,PM Peak,26
6596,PM Peak,16.4
6596,PM Peak,17.3
6596,PM Peak,19.5
6596,PM Peak,15.4
6596,PM Peak,16.5
6596,PM Peak,32.7
6596,PM Peak,13.8
6596,PM Peak,16.4
6596,PM Peak,20.9
6596,PM Peak,23
6596,PM Peak,20.1
6596,PM Peak,18.6
6596,PM Peak,18.8
6596,PM Peak,15.5
6596,PM Peak,10
6596,PM Peak,19
6596,PM Peak,13.6
6596,PM Peak,19.5
6596,PM Peak,26.9
6596,PM Peak,18.4
6596,PM Peak,19.2
6596,PM Peak,20
6596,PM Peak,21.4
6596,PM Peak,16.8
6596,PM Peak,12.5
6596,PM Peak,18
6596,PM Peak,19.8
6596,PM Peak,19.3
6596,PM Peak,22.3
6596,PM Peak,29.7
6596,PM Peak,20.5
6596,PM Peak,14.3
6596,PM Peak,16.4
6596,PM Peak,16.1
6596,PM Peak,15.2
6596,PM Peak,14.8
6596,PM Peak,27.1
6596,PM Peak,13.7
6596,PM Peak,18
6596,PM Peak,30.3
6596,PM Peak,18.8
6596,PM Peak,24
6596,PM Peak,18.6
6596,PM Peak,23.6
6596,PM Peak,23.5
6596,PM Peak,20.2
6596,PM Peak,21.8
6596,PM Peak,21.1
6596,PM Peak,13.8
6596,PM Peak,15.3
6596,PM Peak,20.8
6596,PM Peak,23
6596,PM Peak,18.6
6596,PM Peak,18.7
6596,PM Peak,23
6596,PM Peak,17.9
6596,PM Peak,22.1
6596,PM Peak,15.8
6596,PM Peak,18.6
6596,PM Peak,15
6596,PM Peak,15.8
6596,PM Peak,11.9
6596,PM Peak,17.3
6596,PM Peak,27.4
6596,PM Peak,17.1
6596,PM Peak,17.1
6596,PM Peak,28.4
6596,PM Peak,21.4
6596,PM Peak,22
6596,PM Peak,26.8
6596,PM Peak,21.4
6596,PM Peak,28.6
6596,PM Peak,10.8
6596,PM Peak,18.1
6596,PM Peak,24.5
6596,PM Peak,17.1
6596,PM Peak,13.7
6596,PM Peak,22.5
6596,PM Peak,14.8
6596,PM Peak,26.3
6596,PM Peak,16.7
6596,PM Peak,15.2
6596,PM Peak,17.5
6596,PM Peak,23.8
6596,PM Peak,20.7
6596,PM Peak,22.1
6596,PM Peak,15.4
6596,PM Peak,15.1
6596,PM Peak,4.8
6596,PM Peak,22.8
6596,PM Peak,23.5
6596,PM Peak,12.1
6596,PM Peak,22.7
6596,PM Peak,15.5
6596,PM Peak,15.8
6596,PM Peak,17.2
6596,PM Peak,12.4
6596,PM Peak,19
6596,PM Peak,17.7
6596,PM Peak,20.7
6596,PM Peak,15.8
6596,PM Peak,24.5
6596,PM Peak,19.4
6596,PM Peak,14
6596,PM Peak,22.1
6596,PM Peak,17.1
6596,PM Peak,22.5
6596,PM Peak,13.9
6596,PM Peak,12.6
6596,PM Peak,24.5
6596,PM Peak,21.4
6596,PM Peak,18.2
6596,PM Peak,27.8
6596,PM Peak,11.2
6596,PM Peak,17.6
6596,PM Peak,9.2
6596,PM Peak,17.2
6596,PM Peak,23.8
6596,PM Peak,33.9
6596,PM Peak,17.7
6596,PM Peak,18
6596,PM Peak,26
6596,PM Peak,24.6
6596,PM Peak,9.7
6596,PM Peak,13.3
6596,PM Peak,20.7
6596,PM Peak,19.5
6596,PM Peak,21.2
6596,PM Peak,18.9
6596,PM Peak,18.2
6596,PM Peak,16.1
6596,PM Peak,10.8
6596,PM Peak,14.5
6596,PM Peak,23.1
6596,PM Peak,19.6
6596,PM Peak,17.2
6596,PM Peak,17.8
6596,PM Peak,27.9
6596,PM Peak,24
6596,PM Peak,10.6
6596,PM Peak,12.5
6596,PM Peak,29.9
6596,PM Peak,23
6596,PM Peak,16.9
6596,PM Peak,25.6
6596,PM Peak,20.4
6596,PM Peak,24.3
6596,PM Peak,11.5
6596,PM Peak,12.3
6596,PM Peak,10.6
6596,PM Peak,18.6
6596,PM Peak,16
6596,PM Peak,22.2
6596,PM Peak,22.3
6596,PM Peak,9.4
6596,PM Peak,14.5
6596,PM Peak,11
6596,PM Peak,18.1
6596,PM Peak,24.4
6596,PM Peak,21.4
6596,PM Peak,14.7
6596,PM Peak,20.9
6596,PM Peak,20.4
6596,PM Peak,3.8
6596,PM Peak,21.6
6596,PM Peak,14.6
6596,PM Peak,25.5
6596,PM Peak,21.2
6596,PM Peak,23
6596,PM Peak,15.1
6596,PM Peak,26.3
6596,PM Peak,17.4
6596,PM Peak,23.8
6596,PM Peak,17.3
6596,PM Peak,14.8
6596,PM Peak,19.5
6596,PM Peak,26.6
6596,PM Peak,26.2
6596,PM Peak,19
6596,PM Peak,17.4
6596,PM Peak,12.5
6596,PM Peak,43.3
6596,PM Peak,22
6596,PM Peak,14.6
6596,PM Peak,22.1
6596,PM Peak,11.9
6596,PM Peak,22.3
6596,PM Peak,23.5
6596,PM Peak,14.5
6596,PM Peak,22.7
6596,PM Peak,12.7
6596,PM Peak,15.4
6596,PM Peak,18.7
6596,PM Peak,24.6
6596,PM Peak,17.7
6596,PM Peak,17.3
6596,PM Peak,13.2
6596,PM Peak,10.3
6596,PM Peak,11.5
6596,PM Peak,23.9
6596,PM Peak,23.2
6596,PM Peak,11.3
6596,PM Peak,18.8
6596,PM Peak,17
6596,PM Peak,20.7
6596,PM Peak,22.9
6596,PM Peak,25
6596,PM Peak,15.6
6596,PM Peak,21.8
6596,PM Peak,16
6596,PM Peak,23.4
6596,PM Peak,23.4
6596,PM Peak,22.1
6596,PM Peak,29.8
6596,PM Peak,20.8
6596,PM Peak,15.2
6596,PM Peak,26.2
6596,PM Peak,24.1
6596,PM Peak,10.6
6596,PM Peak,21.8
6596,PM Peak,16.9
6596,PM Peak,21.8
6596,PM Peak,27
6596,PM Peak,34.3
6596,PM Peak,27.6
6596,PM Peak,19.4
6596,PM Peak,19.6
6596,PM Peak,19.8
6596,PM Peak,20.7
6596,PM Peak,23
6596,PM Peak,13.5
6596,PM Peak,22.2
6596,PM Peak,14.7
6596,PM Peak,4.2
6596,PM Peak,15.3
6596,PM Peak,13.9
6596,PM Peak,24.8
6596,PM Peak,21.2
6596,PM Peak,15.1
6596,PM Peak,12.3
6596,PM Peak,25.6
6596,PM Peak,33.5
6596,PM Peak,23.6
6596,PM Peak,26.4
6596,PM Peak,10.2
6596,PM Peak,13.6
6596,PM Peak,18.5
6596,PM Peak,10.1
6596,PM Peak,17.7
6596,PM Peak,23.5
6596,PM Peak,16.5
6596,PM Peak,18.3
6596,PM Peak,19.8
6596,PM Peak,24.4
6596,PM Peak,22.8
6596,PM Peak,5.6
6596,PM Peak,13.9
6596,PM Peak,11.3
6596,PM Peak,19.5
6596,PM Peak,26.3
6596,PM Peak,16.4
6596,PM Peak,28.8
6596,PM Peak,13.8
6596,PM Peak,25.4
6596,PM Peak,20.3
6596,PM Peak,19.1
6596,PM Peak,17
6596,PM Peak,12
6596,PM Peak,18.9
6596,PM Peak,25.4
6596,PM Peak,18.2
6596,PM Peak,13.4
6596,PM Peak,18.9
6596,PM Peak,24.1
6596,PM Peak,23.5
6596,PM Peak,26.4
6596,PM Peak,15.4
6596,PM Peak,19.7
6596,PM Peak,29
6596,PM Peak,14
6596,PM Peak,24.8
6596,PM Peak,25
6596,PM Peak,22.9
6596,PM Peak,21.2
6596,PM Peak,25.5
6596,PM Peak,17.8
6596,PM Peak,20.1
6596,PM Peak,12.2
6596,PM Peak,19.1
6596,PM Peak,21.4
6596,PM Peak,27.8
6596,PM Peak,20.2
6596,PM Peak,14.4
6596,PM Peak,21
6596,PM Peak,23.5
6596,PM Peak,16.8
6596,PM Peak,22.2
6596,PM Peak,16.8
6596,PM Peak,22.2
6596,PM Peak,20.2
6596,PM Peak,28.9
6596,PM Peak,20.3
6596,PM Peak,20.1
6596,PM Peak,15
6596,PM Peak,13.6
6596,PM Peak,13.8
6596,PM Peak,17.9
6596,PM Peak,16.2
6596,PM Peak,14.6
6596,PM Peak,14.5
6596,PM Peak,20.2
6596,PM Peak,22.7
6596,PM Peak,21
6596,PM Peak,20.3
6596,PM Peak,15.2
6596,PM Peak,17.8
6596,PM Peak,10.3
6596,PM Peak,21.5
6596,PM Peak,23.2
6596,PM Peak,22
6596,PM Peak,26
6596,PM Peak,24.1
6596,PM Peak,23.7
6596,PM Peak,19.1
6596,PM Peak,24
6596,PM Peak,23.9
6596,PM Peak,23.8
6596,PM Peak,15.6
6596,PM Peak,19.2
6596,PM Peak,20.4
6596,PM Peak,15.6
6596,PM Peak,24.5
6596,PM Peak,26.5
6596,PM Peak,20.7
6596,PM Peak,12.9
6596,PM Peak,13.2
6596,PM Peak,16.2
6596,PM Peak,17.6
6596,PM Peak,32.1
6596,PM Peak,28.6
6596,PM Peak,11.4
6596,PM Peak,10.4
6596,PM Peak,15.3
6596,PM Peak,21.9
6596,PM Peak,20
6596,PM Peak,20.2
6596,PM Peak,21.7
6596,PM Peak,16.4
6596,PM Peak,21.3
6596,PM Peak,21.1
6596,PM Peak,22.9
6596,PM Peak,22.5
6596,PM Peak,27.1
6596,PM Peak,17
6596,PM Peak,26.8
6596,PM Peak,20.7
6596,PM Peak,13.6
6596,PM Peak,18.7
6596,PM Peak,21.7
6596,PM Peak,11.4
6596,PM Peak,25
6596,PM Peak,13.2
6596,PM Peak,25.2
6596,PM Peak,13.8
6600,AM Peak,26.8
6600,AM Peak,22.2
6600,AM Peak,21
6600,AM Peak,27
6600,AM Peak,19.8
6600,AM Peak,22.2
6600,AM Peak,18.1
6600,AM Peak,35.9
6600,AM Peak,33.8
6600,AM Peak,21.4
6600,AM Peak,23.3
6600,AM Peak,23.1
6600,AM Peak,27.1
6600,AM Peak,21.3
6600,AM Peak,25.2
6600,AM Peak,27.7
6600,AM Peak,24.6
6600,AM Peak,16.6
6600,AM Peak,22
6600,AM Peak,26.9
6600,AM Peak,19.2
6600,AM Peak,33.6
6600,AM Peak,17.6
6600,AM Peak,19.5
6600,AM Peak,28
6600,AM Peak,27.1
6600,AM Peak,25.8
6600,AM Peak,20.9
6600,AM Peak,17.6
6600,AM Peak,32.6
6600,AM Peak,14.9
6600,AM Peak,24.4
6600,AM Peak,12.5
6600,AM Peak,14.8
6600,AM Peak,16.1
6600,AM Peak,20.3
6600,AM Peak,19.4
6600,AM Peak,19.3
6600,AM Peak,21.9
6600,AM Peak,22.6
6600,AM Peak,26.1
6600,AM Peak,26.1
6600,AM Peak,29.7
6600,AM Peak,22.8
6600,AM Peak,25.5
6600,AM Peak,25.4
6600,AM Peak,30.5
6600,AM Peak,16.7
6600,AM Peak,14.3
6600,AM Peak,33.1
6600,AM Peak,22.3
6600,AM Peak,20
6600,AM Peak,24.5
6600,AM Peak,14.2
6600,AM Peak,16.1
6600,AM Peak,16.1
6600,AM Peak,25.8
6600,AM Peak,21.8
6600,AM Peak,34.4
6600,AM Peak,11.2
6600,AM Peak,27.6
6600,AM Peak,35.4
6600,AM Peak,26.1
6600,AM Peak,37.3
6600,AM Peak,31.9
6600,AM Peak,34.9
6600,AM Peak,26
6600,AM Peak,19.3
6600,AM Peak,32.9
6600,AM Peak,19.5
6600,AM Peak,27.4
6600,AM Peak,23.7
6600,AM Peak,24.8
6600,AM Peak,20.8
6600,AM Peak,4.2
6600,AM Peak,23.6
6600,AM Peak,16.9
6600,AM Peak,20.6
6600,AM Peak,35.6
6600,AM Peak,28.1
6600,AM Peak,27.6
6600,AM Peak,21.7
6600,AM Peak,22.1
6600,AM Peak,24.5
6600,AM Peak,37.5
6600,AM Peak,25.9
6600,AM Peak,16.4
6600,AM Peak,33.4
6600,AM Peak,19.8
6600,AM Peak,25.5
6600,AM Peak,21.3
6600,AM Peak,17.7
6600,AM Peak,24.4
6600,AM Peak,25.4
6600,AM Peak,26
6600,AM Peak,22.2
6600,AM Peak,22.7
6600,AM Peak,27.4
6600,AM Peak,32.2
6600,AM Peak,26.7
6600,AM Peak,26.8
6600,AM Peak,23.1
6600,AM Peak,22.5
6600,AM Peak,19.7
6600,AM Peak,22
6600,AM Peak,20.1
6600,AM Peak,25.6
6600,AM Peak,27.5
6600,AM Peak,26
6600,AM Peak,16.2
6600,AM Peak,13
6600,AM Peak,17.2
6600,AM Peak,23.6
6600,AM Peak,17.3
6600,AM Peak,32.2
6600,AM Peak,18.4
6600,AM Peak,36.9
6600,AM Peak,31.3
6600,AM Peak,24.6
6600,AM Peak,26.4
6600,AM Peak,25
6600,AM Peak,23.2
6600,AM Peak,17.7
6600,AM Peak,26.5
6600,AM Peak,18.2
6600,AM Peak,18.8
6600,AM Peak,26.1
6600,AM Peak,24.1
6600,AM Peak,25.2
6600,AM Peak,24.2
6600,AM Peak,15.9
6600,AM Peak,9.3
6600,AM Peak,28.1
6600,AM Peak,30
6600,AM Peak,29.7
6600,AM Peak,21
6600,AM Peak,24.1
6600,AM Peak,16.7
6600,AM Peak,19.7
6600,AM Peak,33.6
6600,AM Peak,28.8
6600,AM Peak,17.5
6600,AM Peak,32.2
6600,AM Peak,28.5
6600,AM Peak,25
6600,AM Peak,16
6600,AM Peak,20.8
6600,AM Peak,25.3
6600,AM Peak,22.5
6600,AM Peak,20.7
6600,AM Peak,31.8
6600,AM Peak,29.5
6600,AM Peak,24.3
6600,AM Peak,25.2
6600,AM Peak,26.5
6600,AM Peak,23.4
6600,AM Peak,13.5
6600,AM Peak,15.2
6600,AM Peak,15.8
6600,AM Peak,18
6600,AM Peak,23.5
6600,AM Peak,32
6600,AM Peak,23.7
6600,AM Peak,21.4
6600,AM Peak,24
6600,AM Peak,16.3
6600,AM Peak,26.4
6600,AM Peak,34.5
6600,AM Peak,21.3
6600,AM Peak,15.7
6600,AM Peak,17.4
6600,AM Peak,20.6
6600,AM Peak,14
6600,AM Peak,21.5
6600,AM Peak,25
6600,AM Peak,11.4
6600,AM Peak,28.2
6600,AM Peak,26.7
6600,AM Peak,20.1
6600,AM Peak,21
6600,AM Peak,31.8
6600,AM Peak,31.4
6600,AM Peak,22.1
6600,AM Peak,30
6600,AM Peak,27.7
6600,AM Peak,19
6600,AM Peak,10.3
6600,AM Peak,21.2
6600,AM Peak,16
6600,AM Peak,20.4
6600,AM Peak,24.7
6600,AM Peak,33.6
6600,AM Peak,26.3
6600,AM Peak,13
6600,AM Peak,18.1
6600,AM Peak,24.5
6600,AM Peak,22.4
6600,AM Peak,21.7
6600,AM Peak,20.8
6600,AM Peak,20.2
6600,AM Peak,19.1
6600,AM Peak,22.7
6600,AM Peak,25.6
6600,AM Peak,20.9
6600,AM Peak,13.2
6600,AM Peak,14.9
6600,AM Peak,19.6
6600,AM Peak,31.1
6600,AM Peak,30.5
6600,AM Peak,23.2
6600,AM Peak,16.8
6600,AM Peak,9.8
6600,AM Peak,23.7
6600,AM Peak,23.7
6600,AM Peak,19.1
6600,AM Peak,24.6
6600,AM Peak,26.1
6600,AM Peak,30.8
6600,AM Peak,25
6600,AM Peak,22.8
6600,AM Peak,26.5
6600,AM Peak,23.9
6600,AM Peak,23.6
6600,AM Peak,20.2
6600,AM Peak,20.8
6600,AM Peak,17.7
6600,AM Peak,27.7
6600,AM Peak,30.6
6600,AM Peak,25.2
6600,AM Peak,23.1
6600,AM Peak,19.8
6600,AM Peak,17.6
6600,AM Peak,31.8
6600,AM Peak,22
6600,AM Peak,19.2
6600,AM Peak,33.8
6600,AM Peak,23.4
6600,AM Peak,26.1
6600,AM Peak,16
6600,AM Peak,26.9
6600,AM Peak,35
6600,AM Peak,22.1
6600,AM Peak,18.2
6600,AM Peak,26
6600,AM Peak,32
6600,AM Peak,25.6
6600,AM Peak,21.5
6600,AM Peak,22.2
6600,AM Peak,24.6
6600,AM Peak,20.1
6600,AM Peak,18
6600,AM Peak,15.5
6600,AM Peak,27
6600,AM Peak,21.6
6600,AM Peak,14.1
6600,AM Peak,22.9
6600,AM Peak,25.9
6600,AM Peak,20.3
6600,AM Peak,15.9
6600,AM Peak,27.4
6600,AM Peak,29.7
6600,AM Peak,19.5
6600,AM Peak,18.1
6600,AM Peak,25.5
6600,AM Peak,17.9
6600,AM Peak,24
6600,AM Peak,17.3
6600,AM Peak,29.2
6600,AM Peak,23.1
6600,AM Peak,12.2
6600,AM Peak,22.6
6600,AM Peak,32.1
6600,AM Peak,29.1
6600,AM Peak,25.5
6600,AM Peak,19.8
6600,AM Peak,22
6600,AM Peak,16.8
6600,AM Peak,22.8
6600,AM Peak,28.7
6600,AM Peak,30.7
6600,AM Peak,22.4
6600,AM Peak,20.5
6600,AM Peak,17.8
6600,AM Peak,34.7
6600,AM Peak,27.2
6600,AM Peak,26
6600,AM Peak,26.4
6600,AM Peak,26.6
6600,AM Peak,25.6
6600,AM Peak,21.8
6600,AM Peak,22.9
6600,AM Peak,17.3
6600,AM Peak,13.4
6600,AM Peak,20.9
6600,AM Peak,22.3
6600,AM Peak,22.9
6600,AM Peak,23.3
6600,AM Peak,23.6
6600,AM Peak,21.3
6600,AM Peak,34.6
6600,AM Peak,28.3
6600,AM Peak,25.3
6600,AM Peak,11.7
6600,AM Peak,18.7
6600,AM Peak,23.7
6600,AM Peak,22.5
6600,AM Peak,26.3
6600,AM Peak,21
6600,AM Peak,21.2
6600,AM Peak,25.5
6600,AM Peak,22.4
6600,AM Peak,19.5
6600,AM Peak,19.5
6600,AM Peak,31.1
6600,AM Peak,13.3
6600,AM Peak,15.2
6600,AM Peak,23.9
6600,AM Peak,20.1
6600,AM Peak,28
6600,AM Peak,28.2
6600,AM Peak,26.4
6600,AM Peak,23
6600,AM Peak,30.5
6600,AM Peak,33.2
6600,AM Peak,36.2
6600,AM Peak,31
6600,AM Peak,36.8
6600,AM Peak,23
6600,AM Peak,26.4
6600,AM Peak,27.4
6600,AM Peak,15.8
6600,AM Peak,32.5
6600,AM Peak,21.2
6600,AM Peak,27.9
6600,AM Peak,20.4
6600,AM Peak,31.2
6600,AM Peak,19.8
6600,AM Peak,13.6
6600,AM Peak,20.6
6600,AM Peak,23.9
6600,AM Peak,10.8
6600,AM Peak,24.5
6600,AM Peak,30.2
6600,AM Peak,12.4
6600,AM Peak,16.6
6600,AM Peak,20.1
6600,AM Peak,21.4
6600,AM Peak,26.7
6600,AM Peak,11.1
6600,AM Peak,17.8
6600,AM Peak,19.1
6600,AM Peak,18.1
6600,AM Peak,28.4
6600,AM Peak,29
6600,AM Peak,18.9
6600,AM Peak,26
6600,AM Peak,33
6600,AM Peak,12.4
6600,AM Peak,19
6600,AM Peak,29
6600,AM Peak,26.2
6600,AM Peak,23.4
6600,AM Peak,22.1
6600,AM Peak,15.2
6600,AM Peak,22.9
6600,AM Peak,15.8
6600,AM Peak,19.7
6600,AM Peak,27.3
6600,AM Peak,9.6
6600,AM Peak,32.3
6600,AM Peak,17.5
6600,AM Peak,19.7
6600,AM Peak,22.6
6600,AM Peak,21.5
6600,AM Peak,25.2
6600,AM Peak,23.4
6600,AM Peak,19.6
6600,AM Peak,18
6600,AM Peak,21.3
6600,AM Peak,22
6600,AM Peak,21.3
6600,AM Peak,5.4
6600,AM Peak,28.7
6600,AM Peak,30.4
6600,AM Peak,33.3
6600,AM Peak,19.9
6600,AM Peak,22.7
6600,AM Peak,28.5
6600,AM Peak,22.3
6600,AM Peak,26.5
6600,AM Peak,27.5
6600,AM Peak,17.6
6600,AM Peak,16.2
6600,AM Peak,20.6
6600,AM Peak,17.5
6600,AM Peak,27.7
6600,AM Peak,17.8
6600,AM Peak,25.2
6600,AM Peak,20.8
6600,AM Peak,28.6
6600,AM Peak,18.4
6600,AM Peak,31.1
6600,AM Peak,22.6
6600,AM Peak,22.4
6600,AM Peak,27.2
6600,AM Peak,21.4
6600,AM Peak,23.4
6600,AM Peak,25.3
6600,AM Peak,24.5
6600,AM Peak,17.7
6600,AM Peak,22.6
6600,AM Peak,25.9
6600,AM Peak,13.9
6600,AM Peak,24
6600,AM Peak,26.6
6600,AM Peak,29.6
6600,AM Peak,26.8
6600,AM Peak,23.5
6600,AM Peak,14
6600,AM Peak,13.3
6600,AM Peak,26.2
6600,AM Peak,24.7
6600,AM Peak,22.9
6600,AM Peak,28.4
6600,AM Peak,20.6
6600,AM Peak,28.2
6600,AM Peak,21.3
6600,AM Peak,17.7
6600,AM Peak,29.8
6600,AM Peak,25
6600,AM Peak,25.3
6600,AM Peak,20.6
6600,AM Peak,26.8
6600,AM Peak,17.5
6600,AM Peak,22.4
6600,AM Peak,16.4
6600,AM Peak,29.5
6600,AM Peak,15.7
6600,AM Peak,24.7
6600,AM Peak,24
6600,AM Peak,22.3
6600,AM Peak,23.5
6600,AM Peak,20.2
6600,AM Peak,16
6600,AM Peak,12.4
6600,AM Peak,26.7
6600,AM Peak,31.9
6600,AM Peak,32.2
6600,AM Peak,27.4
6600,AM Peak,22.8
6600,AM Peak,23.2
6600,AM Peak,5.6
6600,AM Peak,14.2
6600,AM Peak,14.6
6600,AM Peak,32.3
6600,AM Peak,22.7
6600,AM Peak,15.3
6600,AM Peak,18.5
6600,AM Peak,10
6600,AM Peak,32.4
6600,AM Peak,21
6600,AM Peak,17.5
6600,AM Peak,30.9
6600,AM Peak,22.2
6600,AM Peak,24
6600,AM Peak,22.9
6600,AM Peak,18.4
6600,AM Peak,32.8
6600,AM Peak,27.2
6600,AM Peak,19.1
6600,AM Peak,13.8
6600,AM Peak,17.8
6600,AM Peak,16.9
6600,AM Peak,17.8
6600,AM Peak,26.5
6600,AM Peak,19.8
6600,AM Peak,28.6
6600,AM Peak,25
6600,AM Peak,23.8
6600,AM Peak,33.6
6600,AM Peak,13.5
6600,AM Peak,31.5
6600,AM Peak,21.6
6600,AM Peak,26.1
6600,AM Peak,35
6600,AM Peak,18.9
6600,AM Peak,25.3
6600,AM Peak,29.8
6600,AM Peak,30.1
6600,AM Peak,9.7
6600,AM Peak,26.7
6600,AM Peak,19.6
6600,AM Peak,25.8
6600,AM Peak,26.5
6600,AM Peak,15.9
6600,AM Peak,35.6
6600,AM Peak,14.3
6600,AM Peak,28
6600,AM Peak,26
6600,AM Peak,20.1
6600,PM Peak,26.3
6600,PM Peak,32.6
6600,PM Peak,31.6
6600,PM Peak,24.1
6600,PM Peak,19.7
6600,PM Peak,30.8
6600,PM Peak,23.2
6600,PM Peak,12.5
6600,PM Peak,22.2
6600,PM Peak,18.7
6600,PM Peak,25.2
6600,PM Peak,25
6600,PM Peak,21.3
6600,PM Peak,25.9
6600,PM Peak,19.8
6600,PM Peak,28.2
6600,PM Peak,31.3
6600,PM Peak,31.6
6600,PM Peak,11.9
6600,PM Peak,35.2
6600,PM Peak,30.1
6600,PM Peak,25.2
6600,PM Peak,21.5
6600,PM Peak,40.8
6600,PM Peak,35.4
6600,PM Peak,13.6
6600,PM Peak,30.2
6600,PM Peak,31.9
6600,PM Peak,26.8
6600,PM Peak,26.3
6600,PM Peak,26
6600,PM Peak,25.2
6600,PM Peak,25.5
6600,PM Peak,16.5
6600,PM Peak,30.1
6600,PM Peak,29.5
6600,PM Peak,23.4
6600,PM Peak,29.2
6600,PM Peak,13.2
6600,PM Peak,20.7
6600,PM Peak,35.6
6600,PM Peak,23.2
6600,PM Peak,33
6600,PM Peak,8.1
6600,PM Peak,31.8
6600,PM Peak,21.6
6600,PM Peak,20.1
6600,PM Peak,31.5
6600,PM Peak,28.4
6600,PM Peak,16.6
6600,PM Peak,24.5
6600,PM Peak,17.1
6600,PM Peak,31.5
6600,PM Peak,21.5
6600,PM Peak,25.4
6600,PM Peak,34.5
6600,PM Peak,10.4
6600,PM Peak,22.4
6600,PM Peak,27.3
6600,PM Peak,9.1
6600,PM Peak,18.1
6600,PM Peak,27.6
6600,PM Peak,24.8
6600,PM Peak,27.3
6600,PM Peak,26.3
6600,PM Peak,29.4
6600,PM Peak,23.8
6600,PM Peak,23.2
6600,PM Peak,9.6
6600,PM Peak,25.1
6600,PM Peak,32.6
6600,PM Peak,21.6
6600,PM Peak,37.3
6600,PM Peak,30.1
6600,PM Peak,19.2
6600,PM Peak,25.6
6600,PM Peak,24.2
6600,PM Peak,28.6
6600,PM Peak,16.6
6600,PM Peak,13
6600,PM Peak,33
6600,PM Peak,14.9
6600,PM Peak,21.8
6600,PM Peak,23.5
6600,PM Peak,24.6
6600,PM Peak,20.9
6600,PM Peak,25.1
6600,PM Peak,30.7
6600,PM Peak,28.4
6600,PM Peak,25
6600,PM Peak,27.5
6600,PM Peak,26.8
6600,PM Peak,28.6
6600,PM Peak,23.2
6600,PM Peak,35.1
6600,PM Peak,27.3
6600,PM Peak,34.3
6600,PM Peak,23.7
6600,PM Peak,22.3
6600,PM Peak,28.9
6600,PM Peak,30.2
6600,PM Peak,18.1
6600,PM Peak,27.8
6600,PM Peak,24.5
6600,PM Peak,31.3
6600,PM Peak,35.8
6600,PM Peak,17.9
6600,PM Peak,27.9
6600,PM Peak,29.5
6600,PM Peak,29.8
6600,PM Peak,23.8
6600,PM Peak,18.6
6600,PM Peak,25
6600,PM Peak,26.1
6600,PM Peak,15.8
6600,PM Peak,31
6600,PM Peak,15.9
6600,PM Peak,22.5
6600,PM Peak,23.2
6600,PM Peak,22.1
6600,PM Peak,28.1
6600,PM Peak,17.9
6600,PM Peak,36.7
6600,PM Peak,21.1
6600,PM Peak,33
6600,PM Peak,24.1
6600,PM Peak,24.1
6600,PM Peak,20
6600,PM Peak,13.8
6600,PM Peak,28.3
6600,PM Peak,14
6600,PM Peak,29.3
6600,PM Peak,31.5
6600,PM Peak,21.7
6600,PM Peak,25.7
6600,PM Peak,32.2
6600,PM Peak,8
6600,PM Peak,14.8
6600,PM Peak,24.6
6600,PM Peak,21.5
6600,PM Peak,35.5
6600,PM Peak,9.3
6600,PM Peak,32.1
6600,PM Peak,25
6600,PM Peak,25.1
6600,PM Peak,36.7
6600,PM Peak,24.6
6600,PM Peak,28.9
6600,PM Peak,27.2
6600,PM Peak,6.7
6600,PM Peak,22
6600,PM Peak,26.4
6600,PM Peak,4.5
6600,PM Peak,17.6
6600,PM Peak,17.9
6600,PM Peak,33.1
6600,PM Peak,22.8
6600,PM Peak,16.2
6600,PM Peak,3.5
6600,PM Peak,15.8
6600,PM Peak,27.8
6600,PM Peak,32.3
6600,PM Peak,22
6600,PM Peak,22.1
6600,PM Peak,30.9
6600,PM Peak,21.5
6600,PM Peak,12
6600,PM Peak,24.1
6600,PM Peak,28.5
6600,PM Peak,22.9
6600,PM Peak,26
6600,PM Peak,28.3
6600,PM Peak,23.8
6600,PM Peak,20.8
6600,PM Peak,23.9
6600,PM Peak,26.2
6600,PM Peak,20.7
6600,PM Peak,28.8
6600,PM Peak,8.1
6600,PM Peak,16.2
6600,PM Peak,24
6600,PM Peak,25.2
6600,PM Peak,20.8
6600,PM Peak,23.6
6600,PM Peak,12.4
6600,PM Peak,37.8
6600,PM Peak,27.1
6600,PM Peak,10.3
6600,PM Peak,22.9
6600,PM Peak,30.2
6600,PM Peak,24.8
6600,PM Peak,25
6600,PM Peak,30.1
6600,PM Peak,8.3
6600,PM Peak,37.2
6600,PM Peak,11.1
6600,PM Peak,17.5
6600,PM Peak,16.3
6600,PM Peak,29.3
6600,PM Peak,27
6600,PM Peak,34.1
6600,PM Peak,13.8
6600,PM Peak,32.8
6600,PM Peak,32.1
6600,PM Peak,33
6600,PM Peak,30.8
6600,PM Peak,15.7
6600,PM Peak,13.9
6600,PM Peak,26.3
6600,PM Peak,23.3
6600,PM Peak,20
6600,PM Peak,16.4
6600,PM Peak,32.8
6600,PM Peak,19
6600,PM Peak,32.4
6600,PM Peak,8.2
6600,PM Peak,31.5
6600,PM Peak,18.5
6600,PM Peak,27.1
6600,PM Peak,27
6600,PM Peak,26.3
6600,PM Peak,29.6
6600,PM Peak,9.7
6600,PM Peak,33
6600,PM Peak,34.6
6600,PM Peak,24.4
6600,PM Peak,27.3
6600,PM Peak,27.4
6600,PM Peak,27.7
6600,PM Peak,24.5
6600,PM Peak,27.7
6600,PM Peak,32.9
6600,PM Peak,13.8
6600,PM Peak,20.6
6600,PM Peak,9.6
6600,PM Peak,27
6600,PM Peak,27.7
6600,PM Peak,27
6600,PM Peak,19
6600,PM Peak,9.8
6600,PM Peak,38.6
6600,PM Peak,21.1
6600,PM Peak,26.1
6600,PM Peak,28.1
6600,PM Peak,22.5
6600,PM Peak,19.6
6600,PM Peak,28
6600,PM Peak,20
6600,PM Peak,28.3
6600,PM Peak,34.5
6600,PM Peak,30.4
6600,PM Peak,28.3
6600,PM Peak,26.3
6600,PM Peak,25.5
6600,PM Peak,18.4
6600,PM Peak,13.9
6600,PM Peak,20.4
6600,PM Peak,28.7
6600,PM Peak,16.5
6600,PM Peak,27.6
6600,PM Peak,17.9
6600,PM Peak,27.4
6600,PM Peak,18.3
6600,PM Peak,26.8
6600,PM Peak,29.6
6600,PM Peak,18.8
6600,PM Peak,31
6600,PM Peak,27
6600,PM Peak,26.5
6600,PM Peak,16.7
6600,PM Peak,17.2
6600,PM Peak,27.5
6600,PM Peak,26.4
6600,PM Peak,25.4
6600,PM Peak,23.9
6600,PM Peak,25.1
6600,PM Peak,15.2
6600,PM Peak,26.6
6600,PM Peak,23.8
6600,PM Peak,29.2
6600,PM Peak,20.2
6600,PM Peak,27.7
6600,PM Peak,29.4
6600,PM Peak,14.9
6600,PM Peak,12.7
6600,PM Peak,33
6600,PM Peak,23.8
6600,PM Peak,21.8
6600,PM Peak,18.3
6600,PM Peak,7.2
6600,PM Peak,25.3
6600,PM Peak,14.4
6600,PM Peak,28.8
6600,PM Peak,28.2
6600,PM Peak,13.3
6600,PM Peak,28.5
6600,PM Peak,37.9
6600,PM Peak,27.1
6600,PM Peak,23.8
6600,PM Peak,28
6600,PM Peak,25.5
6600,PM Peak,20.2
6600,PM Peak,23.5
6600,PM Peak,28.1
6600,PM Peak,26.6
6600,PM Peak,12.6
6600,PM Peak,29.7
6600,PM Peak,8.3
6600,PM Peak,24.9
6600,PM Peak,26.4
6600,PM Peak,26.2
6600,PM Peak,28
6600,PM Peak,25.2
6600,PM Peak,20.1
6600,PM Peak,24.2
6600,PM Peak,20.3
6600,PM Peak,18.3
6600,PM Peak,27.2
6600,PM Peak,17.7
6600,PM Peak,23.1
6600,PM Peak,23.6
6600,PM Peak,20.8
6600,PM Peak,22.5
6600,PM Peak,22.8
6600,PM Peak,22.2
6600,PM Peak,29.3
6600,PM Peak,26.4
6600,PM Peak,14.1
6600,PM Peak,25.7
6600,PM Peak,19.1
6600,PM Peak,9.1
6600,PM Peak,23.3
6600,PM Peak,22.4
6600,PM Peak,17.3
6600,PM Peak,13.4
6600,PM Peak,27
6600,PM Peak,9.5
6600,PM Peak,21.3
6600,PM Peak,26
6600,PM Peak,15.2
6600,PM Peak,26.5
6600,PM Peak,21.7
6600,PM Peak,31.8
6600,PM Peak,19.7
6600,PM Peak,22.5
6600,PM Peak,33
6600,PM Peak,18.2
6600,PM Peak,16.7
6600,PM Peak,28.8
6600,PM Peak,28
6600,PM Peak,16.6
6600,PM Peak,7.6
6600,PM Peak,23
6600,PM Peak,20.4
6600,PM Peak,27.4
6600,PM Peak,26.7
6600,PM Peak,24.2
6600,PM Peak,19.5
6600,PM Peak,22
6600,PM Peak,16.2
6600,PM Peak,22.8
6600,PM Peak,29.6
6600,PM Peak,31.6
6600,PM Peak,20.6
6600,PM Peak,33.9
6600,PM Peak,27.8
6600,PM Peak,33.8
6600,PM Peak,17.2
6600,PM Peak,26.2
6600,PM Peak,13.7
6600,PM Peak,24.3
6600,PM Peak,12.7
6600,PM Peak,8.1
6600,PM Peak,22.6
6600,PM Peak,30.1
6600,PM Peak,17.5
6600,PM Peak,24.9
6600,PM Peak,5.5
6600,PM Peak,32.6
6600,PM Peak,22.6
6600,PM Peak,34.6
6600,PM Peak,24.9
6600,PM Peak,21.1
6600,PM Peak,19.3
6600,PM Peak,31.8
6600,PM Peak,21.1
6600,PM Peak,28.9
6600,PM Peak,28.8
6600,PM Peak,32.2
6600,PM Peak,26.4
6600,PM Peak,26.4
6600,PM Peak,29.4
6600,PM Peak,30.5
6600,PM Peak,33.3
6600,PM Peak,20
6600,PM Peak,24.5
6600,PM Peak,12.4
6600,PM Peak,16.4
6600,PM Peak,31.1
6600,PM Peak,19.8
6600,PM Peak,24.1
6600,PM Peak,11.1
6600,PM Peak,21.1
6600,PM Peak,9.8
6600,PM Peak,20.1
6600,PM Peak,9.9
6600,PM Peak,19.4
6600,PM Peak,9.4
6600,PM Peak,23
6600,PM Peak,32.5
6600,PM Peak,30
6600,PM Peak,22
6600,PM Peak,22.4
6600,PM Peak,26.6
6600,PM Peak,21.1
6600,PM Peak,30.7
6600,PM Peak,21.4
6600,PM Peak,19.4
6600,PM Peak,5
6600,PM Peak,21.9
6600,PM Peak,20.2
6600,PM Peak,25.5
6600,PM Peak,33.5
6600,PM Peak,22.1
6600,PM Peak,14.7
6600,PM Peak,19.1
6600,PM Peak,34.6
6600,PM Peak,32
6600,PM Peak,29.9
6600,PM Peak,15.6
6600,PM Peak,21.5
6600,PM Peak,24.1
6600,PM Peak,30.7
6600,PM Peak,19.7
6600,PM Peak,33.1
6600,PM Peak,19.9
6600,PM Peak,29.7
6600,PM Peak,18.6
6600,PM Peak,26.8
6600,PM Peak,25.3
6600,PM Peak,29
6600,PM Peak,35.1
6600,PM Peak,34.5
6600,PM Peak,35.7
6600,PM Peak,26.2
6600,PM Peak,26
6600,PM Peak,27.9
6600,PM Peak,34.9
6600,PM Peak,36.2
6600,PM Peak,25
6600,PM Peak,35.7
6600,PM Peak,25.8
6600,PM Peak,30.3
6600,PM Peak,23.9
6600,PM Peak,26.1
6600,PM Peak,18.9
6600,PM Peak,24.2
6600,PM Peak,22.7
6600,PM Peak,30.7
6600,PM Peak,26.9
6600,PM Peak,22.8
6600,PM Peak,30.4
6600,PM Peak,13.5
6600,PM Peak,29.2
6600,PM Peak,4.9
6600,PM Peak,31.6
6600,PM Peak,25.4
6600,PM Peak,26.5
6600,PM Peak,19.8
6600,PM Peak,25.2
6600,PM Peak,25.7
6600,PM Peak,32.6
6600,PM Peak,23.5
6600,PM Peak,34.5
6600,PM Peak,31.1
6600,PM Peak,25.9
6600,PM Peak,15.9
6600,PM Peak,28.5
6600,PM Peak,20.3
6600,PM Peak,10.9
6600,PM Peak,27.4
6600,PM Peak,29.4
6600,PM Peak,27.9
6600,PM Peak,25.5
6600,PM Peak,14
6600,PM Peak,18.7
6600,PM Peak,14.1
6600,PM Peak,25.1
6600,PM Peak,17
6600,PM Peak,31.2
6600,PM Peak,17.6
6600,PM Peak,26.6
6600,PM Peak,23.9
6600,PM Peak,31.3
6600,PM Peak,34.1
6600,PM Peak,34.2
6600,PM Peak,18.1
6600,PM Peak,26.8
6600,PM Peak,19.3
6600,PM Peak,19.5
7584,AM Peak,23.8
7584,AM Peak,23.5
7584,AM Peak,31.3
7584,AM Peak,24
7584,AM Peak,20.8
7584,AM Peak,21.8
7584,AM Peak,23.5
7584,AM Peak,30.5
7584,AM Peak,26.1
7584,AM Peak,32.6
7584,AM Peak,18.8
7584,AM Peak,25.8
7584,AM Peak,28.6
7584,AM Peak,18.8
7584,AM Peak,23.7
7584,AM Peak,23.2
7584,AM Peak,23.9
7584,AM Peak,31.1
7584,AM Peak,31.9
7584,AM Peak,20
7584,AM Peak,26.4
7584,AM Peak,22.8
7584,AM Peak,26.8
7584,AM Peak,21.6
7584,AM Peak,28.3
7584,AM Peak,25.3
7584,AM Peak,31
7584,AM Peak,31.4
7584,AM Peak,22.6
7584,AM Peak,2.8
7584,AM Peak,26.8
7584,AM Peak,25.7
7584,AM Peak,30.1
7584,AM Peak,28
7584,AM Peak,32.3
7584,AM Peak,31.8
7584,AM Peak,23.9
7584,AM Peak,25.6
7584,AM Peak,26.4
7584,AM Peak,27.4
7584,AM Peak,18.6
7584,AM Peak,26.5
7584,AM Peak,23.3
7584,AM Peak,27.3
7584,AM Peak,25
7584,AM Peak,32.1
7584,AM Peak,18.3
7584,AM Peak,26.1
7584,AM Peak,30.7
7584,AM Peak,27
7584,AM Peak,26.4
7584,AM Peak,24
7584,AM Peak,30.2
7584,AM Peak,28.7
7584,AM Peak,26.9
7584,AM Peak,5.3
7584,AM Peak,25.9
7584,AM Peak,30.6
7584,AM Peak,30.4
7584,AM Peak,24.3
7584,AM Peak,30.8
7584,AM Peak,27.1
7584,AM Peak,18.6
7584,AM Peak,26.6
7584,AM Peak,32.5
7584,AM Peak,25.8
7584,AM Peak,22.7
7584,AM Peak,31.3
7584,AM Peak,22.9
7584,AM Peak,25.7
7584,AM Peak,13.7
7584,AM Peak,26.4
7584,AM Peak,25.5
7584,AM Peak,14.5
7584,AM Peak,27.5
7584,AM Peak,22.6
7584,AM Peak,13.3
7584,AM Peak,30.7
7584,AM Peak,26.7
7584,AM Peak,26.3
7584,AM Peak,22.6
7584,AM Peak,14.3
7584,AM Peak,26
7584,AM Peak,23
7584,AM Peak,35.5
7584,AM Peak,26.9
7584,AM Peak,25.1
7584,AM Peak,29.8
7584,AM Peak,21.3
7584,AM Peak,14.3
7584,AM Peak,25.3
7584,AM Peak,30.9
7584,AM Peak,33.8
7584,AM Peak,17.8
7584,AM Peak,26.8
7584,AM Peak,25.9
7584,AM Peak,23.6
7584,AM Peak,26.2
7584,AM Peak,28.3
7584,AM Peak,14.7
7584,AM Peak,32.8
7584,AM Peak,28.1
7584,AM Peak,25.7
7584,AM Peak,27.2
7584,AM Peak,27.4
7584,AM Peak,23.5
7584,AM Peak,33.4
7584,AM Peak,27.9
7584,AM Peak,21.8
7584,AM Peak,26.5
7584,AM Peak,29.2
7584,AM Peak,21.3
7584,AM Peak,28.2
7584,AM Peak,26.6
7584,AM Peak,27.1
7584,AM Peak,17
7584,AM Peak,20.4
7584,AM Peak,12.5
7584,AM Peak,27.4
7584,AM Peak,24.9
7584,AM Peak,24.2
7584,AM Peak,27.4
7584,AM Peak,25.9
7584,AM Peak,22.1
7584,AM Peak,23.9
7584,AM Peak,25.1
7584,AM Peak,19.5
7584,AM Peak,26.4
7584,AM Peak,19.5
7584,AM Peak,21.5
7584,AM Peak,24.2
7584,AM Peak,24.4
7584,AM Peak,27.7
7584,AM Peak,26.4
7584,AM Peak,29.2
7584,AM Peak,22.3
7584,AM Peak,23.5
7584,AM Peak,20.3
7584,AM Peak,34
7584,AM Peak,18.3
7584,AM Peak,22.6
7584,AM Peak,26.6
7584,AM Peak,24.2
7584,AM Peak,12.7
7584,AM Peak,28.3
7584,AM Peak,24.3
7584,AM Peak,20
7584,AM Peak,23.8
7584,AM Peak,18.3
7584,AM Peak,8.8
7584,AM Peak,25.3
7584,AM Peak,28.4
7584,AM Peak,24.5
7584,AM Peak,22.8
7584,AM Peak,27
7584,AM Peak,31.8
7584,AM Peak,28.4
7584,AM Peak,20.5
7584,AM Peak,22.4
7584,AM Peak,30.2
7584,AM Peak,29.5
7584,AM Peak,28.3
7584,AM Peak,26.1
7584,AM Peak,23.1
7584,AM Peak,8.5
7584,AM Peak,5.4
7584,AM Peak,28.1
7584,AM Peak,26.3
7584,AM Peak,29.6
7584,AM Peak,32
7584,AM Peak,27.5
7584,AM Peak,19.1
7584,AM Peak,5.3
7584,AM Peak,24
7584,AM Peak,24.6
7584,AM Peak,27.9
7584,AM Peak,23.1
7584,AM Peak,24.9
7584,AM Peak,42.7
7584,AM Peak,19.6
7584,AM Peak,25.6
7584,AM Peak,25.2
7584,AM Peak,28.5
7584,AM Peak,20.8
7584,AM Peak,24.3
7584,AM Peak,31.2
7584,AM Peak,28.4
7584,AM Peak,15
7584,AM Peak,24
7584,AM Peak,26.9
7584,AM Peak,14.5
7584,AM Peak,26.6
7584,AM Peak,31.4
7584,AM Peak,25.7
7584,AM Peak,27.6
7584,AM Peak,33.3
7584,AM Peak,23.3
7584,AM Peak,30.6
7584,AM Peak,23.3
7584,AM Peak,28
7584,AM Peak,19.6
7584,AM Peak,28.8
7584,AM Peak,28.5
7584,AM Peak,26.3
7584,AM Peak,29.7
7584,AM Peak,12.5
7584,AM Peak,36.4
7584,AM Peak,22.6
7584,AM Peak,20.7
7584,AM Peak,22.8
7584,AM Peak,17
7584,AM Peak,10.4
7584,AM Peak,30.6
7584,AM Peak,20.8
7584,AM Peak,25.3
7584,AM Peak,27.2
7584,AM Peak,25.1
7584,AM Peak,25.9
7584,AM Peak,20.2
7584,AM Peak,31.4
7584,AM Peak,14.9
7584,AM Peak,19.5
7584,AM Peak,31.7
7584,AM Peak,22.4
7584,AM Peak,27.8
7584,AM Peak,20
7584,AM Peak,14.1
7584,AM Peak,30.2
7584,AM Peak,17.5
7584,AM Peak,35.5
7584,AM Peak,21.3
7584,AM Peak,21.1
7584,AM Peak,20.7
7584,AM Peak,31.6
7584,AM Peak,16
7584,AM Peak,17.7
7584,AM Peak,22.3
7584,AM Peak,24.6
7584,AM Peak,22.8
7584,AM Peak,32
7584,AM Peak,15.7
7584,AM Peak,26.5
7584,AM Peak,25.7
7584,AM Peak,26.3
7584,AM Peak,25.8
7584,AM Peak,29.1
7584,AM Peak,21.5
7584,AM Peak,30.6
7584,AM Peak,28.7
7584,AM Peak,27.3
7584,AM Peak,27.9
7584,AM Peak,32.1
7584,AM Peak,23.4
7584,AM Peak,13.9
7584,AM Peak,22.6
7584,AM Peak,20.6
7584,AM Peak,27.9
7584,AM Peak,13.1
7584,AM Peak,19.3
7584,AM Peak,26.3
7584,AM Peak,18.5
7584,AM Peak,26.1
7584,AM Peak,19
7584,AM Peak,27.3
7584,AM Peak,34.6
7584,AM Peak,29.5
7584,AM Peak,23.6
7584,AM Peak,16.5
7584,AM Peak,24.6
7584,AM Peak,21.8
7584,AM Peak,15.5
7584,AM Peak,24
7584,AM Peak,22.2
7584,AM Peak,25.4
7584,AM Peak,32.1
7584,AM Peak,24.3
7584,AM Peak,21.7
7584,AM Peak,23
7584,AM Peak,26.5
7584,AM Peak,24.6
7584,AM Peak,25.3
7584,AM Peak,34.9
7584,AM Peak,20.4
7584,AM Peak,28.8
7584,AM Peak,23.6
7584,AM Peak,32.1
7584,AM Peak,27.5
7584,AM Peak,27.1
7584,AM Peak,20.1
7584,AM Peak,25
7584,AM Peak,25.7
7584,AM Peak,25.3
7584,AM Peak,28.2
7584,AM Peak,27.6
7584,AM Peak,19.5
7584,AM Peak,31
7584,AM Peak,25.3
7584,AM Peak,23.3
7584,AM Peak,22.3
7584,AM Peak,27.2
7584,AM Peak,20.9
7584,AM Peak,24.7
7584,AM Peak,25.6
7584,AM Peak,21.4
7584,AM Peak,22.8
7584,AM Peak,23.2
7584,AM Peak,25.3
7584,AM Peak,18.9
7584,AM Peak,23.4
7584,AM Peak,28.6
7584,AM Peak,20.2
7584,AM Peak,17.3
7584,AM Peak,29.3
7584,AM Peak,31.1
7584,AM Peak,27.8
7584,AM Peak,17.3
7584,AM Peak,21.1
7584,AM Peak,24.6
7584,AM Peak,26.7
7584,AM Peak,28.6
7584,AM Peak,24.6
7584,AM Peak,21.6
7584,AM Peak,33.9
7584,AM Peak,33.1
7584,AM Peak,25.6
7584,AM Peak,29.3
7584,AM Peak,28.6
7584,AM Peak,20.8
7584,AM Peak,24.3
7584,AM Peak,27.1
7584,AM Peak,30.4
7584,AM Peak,31.3
7584,AM Peak,20.6
7584,AM Peak,20.4
7584,AM Peak,18.9
7584,AM Peak,20.7
7584,AM Peak,19.4
7584,AM Peak,27.2
7584,AM Peak,29.3
7584,AM Peak,32
7584,AM Peak,26
7584,AM Peak,17.1
7584,AM Peak,23
7584,AM Peak,19.4
7584,AM Peak,28.7
7584,AM Peak,15.8
7584,AM Peak,34.1
7584,AM Peak,22.4
7584,AM Peak,22.1
7584,AM Peak,30.5
7584,AM Peak,17.2
7584,AM Peak,28.9
7584,AM Peak,24.8
7584,AM Peak,20.6
7584,AM Peak,22.8
7584,AM Peak,19.2
7584,AM Peak,24.8
7584,AM Peak,20.1
7584,AM Peak,19.5
7584,AM Peak,28.7
7584,AM Peak,26.4
7584,AM Peak,23.5
7584,AM Peak,18.9
7584,AM Peak,31.2
7584,AM Peak,25.6
7584,AM Peak,21.7
7584,AM Peak,19.5
7584,AM Peak,23.2
7584,AM Peak,24.8
7584,AM Peak,23.9
7584,AM Peak,33
7584,AM Peak,28.4
7584,AM Peak,24.6
7584,AM Peak,27.5
7584,AM Peak,28.6
7584,AM Peak,26.9
7584,AM Peak,21.2
7584,AM Peak,29.4
7584,AM Peak,30.3
7584,AM Peak,19.6
7584,AM Peak,26.7
7584,AM Peak,23.2
7584,AM Peak,22.8
7584,AM Peak,26.1
7584,AM Peak,24.7
7584,AM Peak,23.2
7584,AM Peak,31.2
7584,AM Peak,10.5
7584,AM Peak,27.1
7584,AM Peak,14.2
7584,AM Peak,32.6
7584,AM Peak,24
7584,AM Peak,28.2
7584,AM Peak,31.5
7584,AM Peak,29.5
7584,AM Peak,15.5
7584,AM Peak,28.1
7584,AM Peak,26.1
7584,AM Peak,22.1
7584,AM Peak,19.9
7584,AM Peak,27
7584,AM Peak,30.8
7584,AM Peak,27.6
7584,AM Peak,24.8
7584,AM Peak,23.9
7584,AM Peak,28.2
7584,AM Peak,15.2
7584,AM Peak,25.2
7584,AM Peak,18.6
7584,AM Peak,33
7584,AM Peak,29.1
7584,AM Peak,41.4
7584,AM Peak,26.5
7584,AM Peak,19.1
7584,AM Peak,21.6
7584,AM Peak,30
7584,AM Peak,27.2
7584,AM Peak,25.8
7584,AM Peak,24.8
7584,AM Peak,27.8
7584,AM Peak,31.6
7584,AM Peak,20.2
7584,AM Peak,22.7
7584,AM Peak,28.3
7584,AM Peak,30.3
7584,AM Peak,27
7584,AM Peak,20.7
7584,AM Peak,20.5
7584,AM Peak,19.8
7584,AM Peak,19
7584,AM Peak,28.1
7584,AM Peak,29.8
7584,AM Peak,12.5
7584,AM Peak,18.9
7584,AM Peak,28.1
7584,AM Peak,24.3
7584,AM Peak,16.9
7584,AM Peak,24.6
7584,AM Peak,22.5
7584,AM Peak,22.1
7584,AM Peak,28
7584,AM Peak,35.2
7584,AM Peak,21.5
7584,AM Peak,26.6
7584,AM Peak,22.9
7584,AM Peak,26.4
7584,AM Peak,19.8
7584,AM Peak,23.7
7584,AM Peak,13.9
7584,AM Peak,23.5
7584,AM Peak,25.1
7584,AM Peak,27.4
7584,AM Peak,29.7
7584,AM Peak,30.9
7584,AM Peak,27.1
7584,AM Peak,28.2
7584,AM Peak,23.4
7584,AM Peak,24.1
7584,AM Peak,19.7
7584,AM Peak,22
7584,AM Peak,17.3
7584,AM Peak,15.2
7584,AM Peak,24.6
7584,AM Peak,17.6
7584,AM Peak,24.8
7584,AM Peak,19.7
7584,AM Peak,22
7584,AM Peak,28.1
7584,AM Peak,25.7
7584,AM Peak,29.7
7584,AM Peak,22.7
7584,AM Peak,23.9
7584,AM Peak,25.8
7584,AM Peak,24.4
7584,AM Peak,26.6
7584,AM Peak,18.3
7584,AM Peak,18.2
7584,AM Peak,32.8
7584,AM Peak,24.3
7584,AM Peak,28.2
7584,AM Peak,18.2
7584,AM Peak,24
7584,AM Peak,24.8
7584,AM Peak,17.3
7584,AM Peak,25.3
7584,AM Peak,23.5
7584,AM Peak,13.1
7584,AM Peak,20.3
7584,AM Peak,22.8
7584,AM Peak,12.6
7584,AM Peak,23.6
7584,AM Peak,18.6
7584,AM Peak,25.8
7584,AM Peak,17.8
7584,AM Peak,23.3
7584,AM Peak,13.8
7584,AM Peak,27.9
7584,AM Peak,26.2
7584,AM Peak,24.7
7584,AM Peak,14.6
7584,PM Peak,24.4
7584,PM Peak,21.4
7584,PM Peak,33.6
7584,PM Peak,28.2
7584,PM Peak,24.6
7584,PM Peak,15.3
7584,PM Peak,32.1
7584,PM Peak,26.4
7584,PM Peak,17.1
7584,PM Peak,19.1
7584,PM Peak,16.9
7584,PM Peak,17.3
7584,PM Peak,29.2
7584,PM Peak,26.2
7584,PM Peak,22.4
7584,PM Peak,22.3
7584,PM Peak,2.8
7584,PM Peak,29.4
7584,PM Peak,23.5
7584,PM Peak,23.9
7584,PM Peak,25.2
7584,PM Peak,12.1
7584,PM Peak,16.5
7584,PM Peak,17.9
7584,PM Peak,16.8
7584,PM Peak,20.4
7584,PM Peak,22.9
7584,PM Peak,29.3
7584,PM Peak,17.3
7584,PM Peak,29.2
7584,PM Peak,35.9
7584,PM Peak,24.1
7584,PM Peak,22.2
7584,PM Peak,27.7
7584,PM Peak,14.7
7584,PM Peak,19.3
7584,PM Peak,20.3
7584,PM Peak,21.2
7584,PM Peak,16.9
7584,PM Peak,23
7584,PM Peak,26
7584,PM Peak,28.7
7584,PM Peak,26.8
7584,PM Peak,37.5
7584,PM Peak,25.4
7584,PM Peak,23.2
7584,PM Peak,14.7
7584,PM Peak,20.8
7584,PM Peak,25.7
7584,PM Peak,24.7
7584,PM Peak,24.8
7584,PM Peak,24.2
7584,PM Peak,16.3
7584,PM Peak,25.6
7584,PM Peak,28.9
7584,PM Peak,19.3
7584,PM Peak,19
7584,PM Peak,20.1
7584,PM Peak,25.9
7584,PM Peak,31.2
7584,PM Peak,16.7
7584,PM Peak,27.9
7584,PM Peak,24.6
7584,PM Peak,17.1
7584,PM Peak,21.3
7584,PM Peak,33.9
7584,PM Peak,30.4
7584,PM Peak,31.4
7584,PM Peak,29.3
7584,PM Peak,48.8
7584,PM Peak,24.8
7584,PM Peak,23.6
7584,PM Peak,26.6
7584,PM Peak,23.4
7584,PM Peak,24.1
7584,PM Peak,25.1
7584,PM Peak,15.1
7584,PM Peak,20.4
7584,PM Peak,18.6
7584,PM Peak,23.8
7584,PM Peak,30.1
7584,PM Peak,27.8
7584,PM Peak,5.2
7584,PM Peak,20.1
7584,PM Peak,32.1
7584,PM Peak,18.7
7584,PM Peak,32.7
7584,PM Peak,19.5
7584,PM Peak,19.8
7584,PM Peak,26.9
7584,PM Peak,34.3
7584,PM Peak,25.5
7584,PM Peak,20
7584,PM Peak,28.4
7584,PM Peak,25.8
7584,PM Peak,31.1
7584,PM Peak,14.2
7584,PM Peak,33.3
7584,PM Peak,29.4
7584,PM Peak,10.8
7584,PM Peak,29.8
7584,PM Peak,23.8
7584,PM Peak,24.1
7584,PM Peak,12.9
7584,PM Peak,11.9
7584,PM Peak,17.9
7584,PM Peak,19.5
7584,PM Peak,24.3
7584,PM Peak,28
7584,PM Peak,34.3
7584,PM Peak,19.6
7584,PM Peak,13
7584,PM Peak,19.7
7584,PM Peak,19.6
7584,PM Peak,21.3
7584,PM Peak,23.1
7584,PM Peak,25.9
7584,PM Peak,18.4
7584,PM Peak,22.7
7584,PM Peak,25.9
7584,PM Peak,18.9
7584,PM Peak,25.9
7584,PM Peak,23.4
7584,PM Peak,21.3
7584,PM Peak,23.7
7584,PM Peak,27.8
7584,PM Peak,17.8
7584,PM Peak,30.1
7584,PM Peak,22.9
7584,PM Peak,27.3
7584,PM Peak,21.5
7584,PM Peak,24.9
7584,PM Peak,15
7584,PM Peak,33.2
7584,PM Peak,12.9
7584,PM Peak,25
7584,PM Peak,29.4
7584,PM Peak,41.5
7584,PM Peak,34.4
7584,PM Peak,12.4
7584,PM Peak,19.7
7584,PM Peak,28.5
7584,PM Peak,35.1
7584,PM Peak,22.5
7584,PM Peak,25.4
7584,PM Peak,19.6
7584,PM Peak,13.3
7584,PM Peak,22
7584,PM Peak,18.1
7584,PM Peak,18.3
7584,PM Peak,20.7
7584,PM Peak,25.6
7584,PM Peak,27
7584,PM Peak,24.1
7584,PM Peak,28.4
7584,PM Peak,29.3
7584,PM Peak,32.5
7584,PM Peak,24.7
7584,PM Peak,11.4
7584,PM Peak,28.9
7584,PM Peak,24.3
7584,PM Peak,21.2
7584,PM Peak,34.7
7584,PM Peak,26.8
7584,PM Peak,18.9
7584,PM Peak,22.3
7584,PM Peak,25.2
7584,PM Peak,12.1
7584,PM Peak,26.9
7584,PM Peak,14.9
7584,PM Peak,11
7584,PM Peak,9.8
7584,PM Peak,34.5
7584,PM Peak,22.2
7584,PM Peak,18.2
7584,PM Peak,21
7584,PM Peak,32.3
7584,PM Peak,18.6
7584,PM Peak,29.8
7584,PM Peak,24.7
7584,PM Peak,30.7
7584,PM Peak,24.6
7584,PM Peak,32.6
7584,PM Peak,24.6
7584,PM Peak,23.7
7584,PM Peak,26.2
7584,PM Peak,5.6
7584,PM Peak,18
7584,PM Peak,36.7
7584,PM Peak,24.8
7584,PM Peak,32.8
7584,PM Peak,27.8
7584,PM Peak,15.8
7584,PM Peak,32.6
7584,PM Peak,27.5
7584,PM Peak,31.4
7584,PM Peak,36.6
7584,PM Peak,32.3
7584,PM Peak,22.9
7584,PM Peak,10.9
7584,PM Peak,19.2
7584,PM Peak,23.6
7584,PM Peak,21.5
7584,PM Peak,21.6
7584,PM Peak,35.9
7584,PM Peak,24.9
7584,PM Peak,21.6
7584,PM Peak,33.2
7584,PM Peak,25.7
7584,PM Peak,34.6
7584,PM Peak,16.3
7584,PM Peak,32.7
7584,PM Peak,23.7
7584,PM Peak,17.3
7584,PM Peak,17.7
7584,PM Peak,21.8
7584,PM Peak,18.9
7584,PM Peak,35.9
7584,PM Peak,24.8
7584,PM Peak,31.6
7584,PM Peak,13.9
7584,PM Peak,21.5
7584,PM Peak,27.2
7584,PM Peak,26.3
7584,PM Peak,16.8
7584,PM Peak,14.7
7584,PM Peak,12.2
7584,PM Peak,18
7584,PM Peak,13.8
7584,PM Peak,25.6
7584,PM Peak,13.4
7584,PM Peak,20.9
7584,PM Peak,25.2
7584,PM Peak,16.1
7584,PM Peak,27.2
7584,PM Peak,25.9
7584,PM Peak,15.5
7584,PM Peak,36.7
7584,PM Peak,32.2
7584,PM Peak,25.4
7584,PM Peak,27.1
7584,PM Peak,32.6
7584,PM Peak,20
7584,PM Peak,36.3
7584,PM Peak,35.4
7584,PM Peak,2
7584,PM Peak,23.8
7584,PM Peak,23.3
7584,PM Peak,29
7584,PM Peak,25.9
7584,PM Peak,11.4
7584,PM Peak,17.4
7584,PM Peak,22.6
7584,PM Peak,22.9
7584,PM Peak,33.9
7584,PM Peak,27.5
7584,PM Peak,23.8
7584,PM Peak,19.1
7584,PM Peak,27.2
7584,PM Peak,21.4
7584,PM Peak,24.3
7584,PM Peak,21.3
7584,PM Peak,30.4
7584,PM Peak,24.8
7584,PM Peak,22.1
7584,PM Peak,24.3
7584,PM Peak,29.7
7584,PM Peak,12.2
7584,PM Peak,20.6
7584,PM Peak,25.7
7584,PM Peak,21.8
7584,PM Peak,21.8
7584,PM Peak,19.7
7584,PM Peak,30.2
7584,PM Peak,28.7
7584,PM Peak,23
7584,PM Peak,19.3
7584,PM Peak,30.1
7584,PM Peak,33.8
7584,PM Peak,22.8
7584,PM Peak,26.7
7584,PM Peak,28.7
7584,PM Peak,14.6
7584,PM Peak,24
7584,PM Peak,34
7584,PM Peak,23.1
7584,PM Peak,23.5
7584,PM Peak,29.6
7584,PM Peak,19.7
7584,PM Peak,17.2
7584,PM Peak,18.2
7584,PM Peak,9.7
7584,PM Peak,22.2
7584,PM Peak,23.4
7584,PM Peak,20.2
7584,PM Peak,24.1
7584,PM Peak,23
7584,PM Peak,31.5
7584,PM Peak,23.6
7584,PM Peak,23.9
7584,PM Peak,18.1
7584,PM Peak,33.5
7584,PM Peak,29.2
7584,PM Peak,17.2
7584,PM Peak,28.9
7584,PM Peak,28.1
7584,PM Peak,32.1
7584,PM Peak,21.5
7584,PM Peak,19.2
7584,PM Peak,12.8
7584,PM Peak,20.6
7584,PM Peak,15.3
7584,PM Peak,27.1
7584,PM Peak,17.3
7584,PM Peak,23.7
7584,PM Peak,22.5
7584,PM Peak,26.1
7584,PM Peak,22.7
7584,PM Peak,25.7
7584,PM Peak,24.9
7584,PM Peak,19.4
7584,PM Peak,22.6
7584,PM Peak,19.8
7584,PM Peak,28.7
7584,PM Peak,24
7584,PM Peak,23.7
7584,PM Peak,31.5
7584,PM Peak,14.2
7584,PM Peak,22.8
7584,PM Peak,21.3
7584,PM Peak,17.2
7584,PM Peak,26.5
7584,PM Peak,27.2
7584,PM Peak,27.6
7584,PM Peak,27.3
7584,PM Peak,8.6
7584,PM Peak,23.7
7584,PM Peak,29.1
7584,PM Peak,28.4
7584,PM Peak,31.1
7584,PM Peak,21.2
7584,PM Peak,27
7584,PM Peak,27.5
7584,PM Peak,16
7584,PM Peak,26
7584,PM Peak,33
7584,PM Peak,9.2
7584,PM Peak,42.8
7584,PM Peak,21.5
7584,PM Peak,4.6
7584,PM Peak,28.3
7584,PM Peak,22.2
7584,PM Peak,16.4
7584,PM Peak,22.9
7584,PM Peak,19.5
7584,PM Peak,26.4
7584,PM Peak,11.5
7584,PM Peak,31.4
7584,PM Peak,16.6
7584,PM Peak,24.2
7584,PM Peak,32.7
7584,PM Peak,23.1
7584,PM Peak,22.4
7584,PM Peak,28.2
7584,PM Peak,17.4
7584,PM Peak,25.5
7584,PM Peak,29.2
7584,PM Peak,20.4
7584,PM Peak,33.4
7584,PM Peak,24.1
7584,PM Peak,29.1
7584,PM Peak,31.5
7584,PM Peak,11.3
7584,PM Peak,25.5
7584,PM Peak,23.2
7584,PM Peak,32.1
7584,PM Peak,20.4
7584,PM Peak,24
7584,PM Peak,26.7
7584,PM Peak,30.6
7584,PM Peak,19.4
7584,PM Peak,26.1
7584,PM Peak,28.6
7584,PM Peak,18.2
7584,PM Peak,24.3
7584,PM Peak,21.2
7584,PM Peak,24.5
7584,PM Peak,24.7
7584,PM Peak,24.2
7584,PM Peak,4.9
7584,PM Peak,23.9
7584,PM Peak,24.4
7584,PM Peak,32.8
7584,PM Peak,22.7
7584,PM Peak,18.3
7584,PM Peak,28
7584,PM Peak,26.2
7584,PM Peak,21
7584,PM Peak,17.8
7584,PM Peak,28.6
7584,PM Peak,28.2
7584,PM Peak,23.3
7584,PM Peak,21
7584,PM Peak,27.3
7584,PM Peak,16.3
7584,PM Peak,18.9
7584,PM Peak,27.7
7584,PM Peak,27
7584,PM Peak,23.9
7584,PM Peak,26.8
7584,PM Peak,22.8
7584,PM Peak,19.4
7584,PM Peak,25.5
7584,PM Peak,22.7
7584,PM Peak,26.1
7584,PM Peak,24.1
7584,PM Peak,20.4
7584,PM Peak,29.9
7584,PM Peak,3.8
7584,PM Peak,35.8
7584,PM Peak,27
7584,PM Peak,29.5
7584,PM Peak,31.4
7584,PM Peak,25.4
7584,PM Peak,13.9
7584,PM Peak,10.3
7584,PM Peak,24.1
7584,PM Peak,22.1
7584,PM Peak,4.8
7584,PM Peak,29.8
7584,PM Peak,23.6
7584,PM Peak,19.1
7584,PM Peak,15.1
7584,PM Peak,23.2
7584,PM Peak,12.2
7584,PM Peak,23.6
7584,PM Peak,33.9
7584,PM Peak,26.9
7584,PM Peak,17.9
7584,PM Peak,33.2
7584,PM Peak,21.8
7584,PM Peak,26.4
7584,PM Peak,26.9
7584,PM Peak,24.5
7584,PM Peak,13.8
7584,PM Peak,25.8
7584,PM Peak,30.5
7584,PM Peak,22.6
7584,PM Peak,29.2
7584,PM Peak,29.5
7584,PM Peak,22.9
7584,PM Peak,31
7584,PM Peak,23.1
7584,PM Peak,31.6
7584,PM Peak,24.2
7584,PM Peak,28.9
7584,PM Peak,16.9
7584,PM Peak,21.7
7584,PM Peak,27.5
7584,PM Peak,22.5
7584,PM Peak,30.4
7584,PM Peak,25.3
7584,PM Peak,24.5
7584,PM Peak,18.3
7584,PM Peak,31.1
7584,PM Peak,25.3
7584,PM Peak,28
7584,PM Peak,16.8
7584,PM Peak,28.3
7584,PM Peak,30.3
7584,PM Peak,27.4
7584,PM Peak,26.4
7584,PM Peak,21.1
7584,PM Peak,29.3
7584,PM Peak,28.1
7584,PM Peak,18
7584,PM Peak,32.7
7584,PM Peak,23.5
7584,PM Peak,31
7584,PM Peak,26.5
7584,PM Peak,10.9
7584,PM Peak,31.9
7584,PM Peak,13.4
7584,PM Peak,31.5
7584,PM Peak,33.1
7584,PM Peak,24.1
7584,PM Peak,26.5
7584,PM Peak,23.2
7584,PM Peak,30.4
7584,PM Peak,26.3
7584,PM Peak,19
7584,PM Peak,27.1
7584,PM Peak,15.1
7584,PM Peak,15.8
7584,PM Peak,21.6
7584,PM Peak,25
7584,PM Peak,27.4
7584,PM Peak,28.9
7584,PM Peak,14.2
7584,PM Peak,26.7
7588,AM Peak,19.3
7588,AM Peak,22
7588,AM Peak,11.2
7588,AM Peak,19.7
7588,AM Peak,25.6
7588,AM Peak,19.1
7588,AM Peak,21.8
7588,AM Peak,10.4
7588,AM Peak,16.7
7588,AM Peak,13.8
7588,AM Peak,22.2
7588,AM Peak,20.8
7588,AM Peak,17.5
7588,AM Peak,13.2
7588,AM Peak,19.1
7588,AM Peak,18.8
7588,AM Peak,24.7
7588,AM Peak,25.8
7588,AM Peak,16
7588,AM Peak,28.5
7588,AM Peak,23.2
7588,AM Peak,26.3
7588,AM Peak,16.7
7588,AM Peak,23.1
7588,AM Peak,19.7
7588,AM Peak,17.2
7588,AM Peak,27.2
7588,AM Peak,17
7588,AM Peak,17.8
7588,AM Peak,19.1
7588,AM Peak,19.2
7588,AM Peak,10.9
7588,AM Peak,17.3
7588,AM Peak,17.6
7588,AM Peak,23.4
7588,AM Peak,19.1
7588,AM Peak,14
7588,AM Peak,24.8
7588,AM Peak,21.7
7588,AM Peak,19.2
7588,AM Peak,24.2
7588,AM Peak,22.6
7588,AM Peak,21.9
7588,AM Peak,18.6
7588,AM Peak,20.1
7588,AM Peak,21.8
7588,AM Peak,14.2
7588,AM Peak,4.3
7588,AM Peak,11.4
7588,AM Peak,21.9
7588,AM Peak,14.3
7588,AM Peak,21
7588,AM Peak,29.3
7588,AM Peak,6
7588,AM Peak,26
7588,AM Peak,20.2
7588,AM Peak,17.7
7588,AM Peak,16.9
7588,AM Peak,22
7588,AM Peak,21
7588,AM Peak,25.7
7588,AM Peak,16.5
7588,AM Peak,14.3
7588,AM Peak,14.3
7588,AM Peak,19.7
7588,AM Peak,17.6
7588,AM Peak,18.5
7588,AM Peak,15
7588,AM Peak,17.2
7588,AM Peak,21.3
7588,AM Peak,19.5
7588,AM Peak,13.1
7588,AM Peak,21.3
7588,AM Peak,22.9
7588,AM Peak,19
7588,AM Peak,18.9
7588,AM Peak,22.5
7588,AM Peak,17.7
7588,AM Peak,17.5
7588,AM Peak,16.5
7588,AM Peak,14.6
7588,AM Peak,4
7588,AM Peak,11.4
7588,AM Peak,14.2
7588,AM Peak,18
7588,AM Peak,24.4
7588,AM Peak,19.9
7588,AM Peak,18.6
7588,AM Peak,17.4
7588,AM Peak,7.4
7588,AM Peak,23.5
7588,AM Peak,23.3
7588,AM Peak,19.2
7588,AM Peak,17.9
7588,AM Peak,19.4
7588,AM Peak,8.6
7588,AM Peak,16
7588,AM Peak,21.2
7588,AM Peak,18.5
7588,AM Peak,21.6
7588,AM Peak,23.6
7588,AM Peak,23.7
7588,AM Peak,8.2
7588,AM Peak,22.3
7588,AM Peak,20
7588,AM Peak,20.5
7588,AM Peak,23
7588,AM Peak,21.2
7588,AM Peak,20.3
7588,AM Peak,19.9
7588,AM Peak,19.6
7588,AM Peak,23.4
7588,AM Peak,18.5
7588,AM Peak,17.9
7588,AM Peak,18.6
7588,AM Peak,19.6
7588,AM Peak,18.1
7588,AM Peak,20.4
7588,AM Peak,16.7
7588,AM Peak,20.2
7588,AM Peak,22.7
7588,AM Peak,17.6
7588,AM Peak,23.1
7588,AM Peak,16.3
7588,AM Peak,16.5
7588,AM Peak,20.9
7588,AM Peak,17.2
7588,AM Peak,19.8
7588,AM Peak,32.1
7588,AM Peak,21.6
7588,AM Peak,18.2
7588,AM Peak,23.1
7588,AM Peak,20.4
7588,AM Peak,17.9
7588,AM Peak,22
7588,AM Peak,11.6
7588,AM Peak,17.7
7588,AM Peak,14.6
7588,AM Peak,23.9
7588,AM Peak,20.4
7588,AM Peak,19.8
7588,AM Peak,26.9
7588,AM Peak,17.7
7588,AM Peak,18.9
7588,AM Peak,17.8
7588,AM Peak,13.5
7588,AM Peak,14.7
7588,AM Peak,20.6
7588,AM Peak,15.3
7588,AM Peak,9.3
7588,AM Peak,20.8
7588,AM Peak,11.3
7588,AM Peak,23.7
7588,AM Peak,18.5
7588,AM Peak,12.6
7588,AM Peak,11.4
7588,AM Peak,25.3
7588,AM Peak,15.4
7588,AM Peak,24.9
7588,AM Peak,24.4
7588,AM Peak,17.8
7588,AM Peak,19.8
7588,AM Peak,20.1
7588,AM Peak,11.5
7588,AM Peak,18
7588,AM Peak,9.2
7588,AM Peak,12.8
7588,AM Peak,19.2
7588,AM Peak,17.2
7588,AM Peak,19.3
7588,AM Peak,20.6
7588,AM Peak,21.1
7588,AM Peak,19.8
7588,AM Peak,13.9
7588,AM Peak,20.4
7588,AM Peak,24.7
7588,AM Peak,26.2
7588,AM Peak,14.9
7588,AM Peak,13.8
7588,AM Peak,17.8
7588,AM Peak,22.2
7588,AM Peak,15.6
7588,AM Peak,19.6
7588,AM Peak,18.9
7588,AM Peak,17.8
7588,AM Peak,15.5
7588,AM Peak,23
7588,AM Peak,21.2
7588,AM Peak,10.4
7588,AM Peak,16.9
7588,AM Peak,21.6
7588,AM Peak,22.6
7588,AM Peak,17.7
7588,AM Peak,21.2
7588,AM Peak,19.6
7588,AM Peak,30
7588,AM Peak,22.3
7588,AM Peak,10.7
7588,AM Peak,16.2
7588,AM Peak,21.6
7588,AM Peak,22.4
7588,AM Peak,19.6
7588,AM Peak,12.8
7588,AM Peak,17.1
7588,AM Peak,18.9
7588,AM Peak,24.7
7588,AM Peak,19.3
7588,AM Peak,22.1
7588,AM Peak,21.7
7588,AM Peak,11.6
7588,AM Peak,23.8
7588,AM Peak,23.7
7588,AM Peak,25.9
7588,AM Peak,17.9
7588,AM Peak,21.9
7588,AM Peak,25
7588,AM Peak,19.5
7588,AM Peak,17.7
7588,AM Peak,21.3
7588,AM Peak,18.9
7588,AM Peak,19.3
7588,AM Peak,19.1
7588,AM Peak,21
7588,AM Peak,17.4
7588,AM Peak,15.4
7588,AM Peak,21.5
7588,AM Peak,23.5
7588,AM Peak,24.1
7588,AM Peak,13.3
7588,AM Peak,15.9
7588,AM Peak,22
7588,AM Peak,20.2
7588,AM Peak,29.8
7588,AM Peak,6.5
7588,AM Peak,25.2
7588,AM Peak,26.1
7588,AM Peak,16
7588,AM Peak,23
7588,AM Peak,24.6
7588,AM Peak,20.7
7588,AM Peak,21.2
7588,AM Peak,11.8
7588,AM Peak,24
7588,AM Peak,12.5
7588,AM Peak,16.5
7588,AM Peak,12.3
7588,AM Peak,16.9
7588,AM Peak,16.7
7588,AM Peak,16.4
7588,AM Peak,22.4
7588,AM Peak,25.3
7588,AM Peak,16.3
7588,AM Peak,31.8
7588,AM Peak,24.5
7588,AM Peak,17.9
7588,AM Peak,16.4
7588,AM Peak,13.6
7588,AM Peak,15.8
7588,AM Peak,17
7588,AM Peak,20.8
7588,AM Peak,16.1
7588,AM Peak,24.1
7588,AM Peak,14
7588,AM Peak,20.9
7588,AM Peak,19.6
7588,AM Peak,19.4
7588,AM Peak,21.6
7588,AM Peak,20.7
7588,AM Peak,15.6
7588,AM Peak,12.6
7588,AM Peak,17.4
7588,AM Peak,22
7588,AM Peak,17
7588,AM Peak,22.1
7588,AM Peak,21.2
7588,AM Peak,22.1
7588,AM Peak,15.8
7588,AM Peak,22.2
7588,AM Peak,17.2
7588,AM Peak,9.7
7588,AM Peak,17.6
7588,AM Peak,18.5
7588,AM Peak,26.8
7588,AM Peak,18.3
7588,AM Peak,24.3
7588,AM Peak,23.9
7588,AM Peak,14.4
7588,AM Peak,20.2
7588,AM Peak,13.6
7588,AM Peak,19.1
7588,AM Peak,23.8
7588,AM Peak,18.1
7588,AM Peak,13.5
7588,AM Peak,19.7
7588,AM Peak,15.2
7588,AM Peak,21.7
7588,AM Peak,23.2
7588,AM Peak,20.8
7588,AM Peak,22
7588,AM Peak,12.9
7588,AM Peak,14.6
7588,AM Peak,19.3
7588,AM Peak,19.3
7588,AM Peak,20.3
7588,AM Peak,11.5
7588,AM Peak,10.6
7588,AM Peak,20.8
7588,AM Peak,20.2
7588,AM Peak,18.3
7588,AM Peak,18.4
7588,AM Peak,26
7588,AM Peak,21.7
7588,AM Peak,24.4
7588,AM Peak,14.5
7588,AM Peak,15.7
7588,AM Peak,17.9
7588,AM Peak,25.9
7588,AM Peak,20.6
7588,AM Peak,18
7588,AM Peak,20.1
7588,AM Peak,19.2
7588,AM Peak,16.4
7588,AM Peak,21.5
7588,AM Peak,24.9
7588,AM Peak,20.7
7588,AM Peak,14.8
7588,AM Peak,24.1
7588,AM Peak,23.1
7588,AM Peak,16.8
7588,AM Peak,17
7588,AM Peak,22.1
7588,AM Peak,17.1
7588,AM Peak,9.1
7588,AM Peak,12.8
7588,AM Peak,22.1
7588,AM Peak,22.6
7588,AM Peak,15.8
7588,AM Peak,22.7
7588,AM Peak,20.7
7588,AM Peak,19.8
7588,AM Peak,17.6
7588,AM Peak,19.2
7588,AM Peak,19.9
7588,AM Peak,20.2
7588,AM Peak,22.7
7588,AM Peak,20.2
7588,AM Peak,20
7588,AM Peak,19.2
7588,AM Peak,10.7
7588,AM Peak,16.6
7588,AM Peak,11.6
7588,AM Peak,22.1
7588,AM Peak,14.4
7588,AM Peak,20.6
7588,AM Peak,22.8
7588,AM Peak,24.2
7588,AM Peak,14.6
7588,AM Peak,21.2
7588,AM Peak,15.5
7588,AM Peak,15.3
7588,AM Peak,16.9
7588,AM Peak,14
7588,AM Peak,12.1
7588,AM Peak,20.4
7588,AM Peak,23
7588,AM Peak,18.7
7588,AM Peak,20.7
7588,AM Peak,25.6
7588,AM Peak,16.3
7588,AM Peak,22.7
7588,AM Peak,21.8
7588,AM Peak,20.7
7588,AM Peak,15.7
7588,AM Peak,24.4
7588,AM Peak,18.7
7588,AM Peak,22.2
7588,AM Peak,14.9
7588,AM Peak,16.6
7588,AM Peak,21.1
7588,AM Peak,23.4
7588,AM Peak,18.9
7588,AM Peak,17.6
7588,AM Peak,14.6
7588,AM Peak,20.8
7588,AM Peak,14.7
7588,AM Peak,16.1
7588,AM Peak,19.8
7588,AM Peak,24
7588,AM Peak,20.3
7588,AM Peak,14.5
7588,AM Peak,17.9
7588,AM Peak,16.3
7588,AM Peak,14.9
7588,AM Peak,21
7588,AM Peak,13.8
7588,AM Peak,18.9
7588,AM Peak,22.8
7588,AM Peak,31.8
7588,AM Peak,21.4
7588,AM Peak,14.6
7588,AM Peak,16.3
7588,AM Peak,24.7
7588,AM Peak,19
7588,AM Peak,19.3
7588,AM Peak,15.8
7588,AM Peak,19.6
7588,AM Peak,25.1
7588,AM Peak,3.7
7588,AM Peak,20.5
7588,AM Peak,20
7588,AM Peak,21.3
7588,AM Peak,21.3
7588,AM Peak,27.5
7588,AM Peak,32.1
7588,AM Peak,23.3
7588,AM Peak,17.9
7588,AM Peak,15
7588,AM Peak,13.8
7588,AM Peak,14.7
7588,AM Peak,21.6
7588,AM Peak,15.2
7588,AM Peak,27.8
7588,AM Peak,18.7
7588,AM Peak,18.9
7588,AM Peak,18.8
7588,AM Peak,26
7588,AM Peak,20.3
7588,AM Peak,14.6
7588,AM Peak,19
7588,AM Peak,14.4
7588,AM Peak,23.1
7588,AM Peak,22.2
7588,AM Peak,16.3
7588,AM Peak,17.6
7588,AM Peak,14.5
7588,AM Peak,18.4
7588,AM Peak,15.5
7588,AM Peak,12.8
7588,AM Peak,20.4
7588,AM Peak,17.4
7588,AM Peak,25.5
7588,AM Peak,17.5
7588,AM Peak,22.3
7588,AM Peak,15
7588,AM Peak,14.9
7588,AM Peak,22.6
7588,AM Peak,23.8
7588,AM Peak,30.2
7588,AM Peak,19.6
7588,AM Peak,17.4
7588,AM Peak,19.4
7588,AM Peak,14.6
7588,AM Peak,21.1
7588,AM Peak,19.1
7588,AM Peak,11.1
7588,AM Peak,21.6
7588,AM Peak,16.5
7588,AM Peak,22.8
7588,AM Peak,14.9
7588,AM Peak,20.2
7588,AM Peak,20.5
7588,AM Peak,16.8
7588,AM Peak,21
7588,AM Peak,26.9
7588,AM Peak,18.8
7588,AM Peak,22.3
7588,AM Peak,17.9
7588,AM Peak,21.3
7588,AM Peak,12.8
7588,AM Peak,24.1
7588,AM Peak,23
7588,AM Peak,25.3
7588,AM Peak,16
7588,AM Peak,20
7588,AM Peak,26.6
7588,AM Peak,19.4
7588,AM Peak,29.7
7588,AM Peak,18.9
7588,AM Peak,24.1
7588,AM Peak,19.3
7588,AM Peak,20.5
7588,AM Peak,21.2
7588,AM Peak,13.4
7588,AM Peak,18.1
7588,AM Peak,15.9
7588,AM Peak,8.4
7588,AM Peak,23.9
7588,AM Peak,12.6
7588,AM Peak,17.1
7588,AM Peak,19.2
7588,AM Peak,23.4
7588,AM Peak,19.2
7588,AM Peak,25.1
7588,AM Peak,20.8
7588,AM Peak,12.7
7588,AM Peak,18.7
7588,AM Peak,13.5
7588,AM Peak,13.7
7588,AM Peak,21.3
7588,AM Peak,24.3
7588,PM Peak,25.2
7588,PM Peak,15.3
7588,PM Peak,17.6
7588,PM Peak,10.2
7588,PM Peak,18.7
7588,PM Peak,19.1
7588,PM Peak,21.3
7588,PM Peak,19.2
7588,PM Peak,17.3
7588,PM Peak,14.3
7588,PM Peak,20.2
7588,PM Peak,21.5
7588,PM Peak,22.1
7588,PM Peak,24.1
7588,PM Peak,8.6
7588,PM Peak,9.7
7588,PM Peak,17.4
7588,PM Peak,18.8
7588,PM Peak,26.6
7588,PM Peak,25.5
7588,PM Peak,21.6
7588,PM Peak,11.6
7588,PM Peak,25.2
7588,PM Peak,21.7
7588,PM Peak,19.7
7588,PM Peak,20.8
7588,PM Peak,17.2
7588,PM Peak,18.1
7588,PM Peak,26.1
7588,PM Peak,13.3
7588,PM Peak,16
7588,PM Peak,27.4
7588,PM Peak,20.3
7588,PM Peak,22
7588,PM Peak,22.6
7588,PM Peak,9.3
7588,PM Peak,23.9
7588,PM Peak,14.3
7588,PM Peak,24.8
7588,PM Peak,11.7
7588,PM Peak,10.8
7588,PM Peak,10.1
7588,PM Peak,14.5
7588,PM Peak,18.8
7588,PM Peak,19.9
7588,PM Peak,12.8
7588,PM Peak,21.3
7588,PM Peak,23.5
7588,PM Peak,15.9
7588,PM Peak,21.9
7588,PM Peak,13.9
7588,PM Peak,20.2
7588,PM Peak,19.9
7588,PM Peak,19.2
7588,PM Peak,13.9
7588,PM Peak,17.4
7588,PM Peak,4.7
7588,PM Peak,16.4
7588,PM Peak,21.2
7588,PM Peak,23.3
7588,PM Peak,24.3
7588,PM Peak,19.3
7588,PM Peak,33.9
7588,PM Peak,19.6
7588,PM Peak,18.2
7588,PM Peak,23.1
7588,PM Peak,23.5
7588,PM Peak,21.1
7588,PM Peak,21.1
7588,PM Peak,10.8
7588,PM Peak,10.5
7588,PM Peak,23.5
7588,PM Peak,23.3
7588,PM Peak,14.6
7588,PM Peak,16.6
7588,PM Peak,24.3
7588,PM Peak,23.6
7588,PM Peak,23.3
7588,PM Peak,19.6
7588,PM Peak,21.6
7588,PM Peak,19
7588,PM Peak,3.8
7588,PM Peak,11.8
7588,PM Peak,30.5
7588,PM Peak,20.5
7588,PM Peak,24.8
7588,PM Peak,20.4
7588,PM Peak,12.1
7588,PM Peak,20.6
7588,PM Peak,20.4
7588,PM Peak,17.5
7588,PM Peak,9.9
7588,PM Peak,14.6
7588,PM Peak,14.9
7588,PM Peak,19.3
7588,PM Peak,22.9
7588,PM Peak,18.8
7588,PM Peak,16.7
7588,PM Peak,14.7
7588,PM Peak,19.1
7588,PM Peak,4.9
7588,PM Peak,25.6
7588,PM Peak,22
7588,PM Peak,25.6
7588,PM Peak,24.5
7588,PM Peak,20.1
7588,PM Peak,16.3
7588,PM Peak,18.8
7588,PM Peak,15.4
7588,PM Peak,13.8
7588,PM Peak,28.8
7588,PM Peak,20.5
7588,PM Peak,22.7
7588,PM Peak,16.9
7588,PM Peak,19
7588,PM Peak,29
7588,PM Peak,16.6
7588,PM Peak,16.5
7588,PM Peak,22
7588,PM Peak,18.7
7588,PM Peak,10.8
7588,PM Peak,13.8
7588,PM Peak,2.9
7588,PM Peak,24.4
7588,PM Peak,15.4
7588,PM Peak,30.7
7588,PM Peak,16.9
7588,PM Peak,20.5
7588,PM Peak,14.7
7588,PM Peak,14.5
7588,PM Peak,17.4
7588,PM Peak,20.7
7588,PM Peak,20.9
7588,PM Peak,15.3
7588,PM Peak,3.9
7588,PM Peak,20.6
7588,PM Peak,13.1
7588,PM Peak,13.1
7588,PM Peak,16.5
7588,PM Peak,8.9
7588,PM Peak,19.3
7588,PM Peak,20.9
7588,PM Peak,18.3
7588,PM Peak,16.1
7588,PM Peak,16.5
7588,PM Peak,14.8
7588,PM Peak,4.1
7588,PM Peak,19.7
7588,PM Peak,27.5
7588,PM Peak,14
7588,PM Peak,23.1
7588,PM Peak,25.4
7588,PM Peak,16.5
7588,PM Peak,19.7
7588,PM Peak,21.6
7588,PM Peak,23.5
7588,PM Peak,8.4
7588,PM Peak,28.2
7588,PM Peak,20.3
7588,PM Peak,19.7
7588,PM Peak,21.6
7588,PM Peak,14.5
7588,PM Peak,21.4
7588,PM Peak,17.6
7588,PM Peak,11.3
7588,PM Peak,23.6
7588,PM Peak,17.9
7588,PM Peak,19.9
7588,PM Peak,12.4
7588,PM Peak,20.4
7588,PM Peak,19.2
7588,PM Peak,24.8
7588,PM Peak,24.3
7588,PM Peak,26.8
7588,PM Peak,16.2
7588,PM Peak,17.5
7588,PM Peak,15.8
7588,PM Peak,21.2
7588,PM Peak,20.7
7588,PM Peak,15.8
7588,PM Peak,20.9
7588,PM Peak,9.1
7588,PM Peak,11.1
7588,PM Peak,10.3
7588,PM Peak,13.6
7588,PM Peak,21.1
7588,PM Peak,13.6
7588,PM Peak,26.2
7588,PM Peak,28.4
7588,PM Peak,22
7588,PM Peak,9.5
7588,PM Peak,18.8
7588,PM Peak,21.9
7588,PM Peak,14.4
7588,PM Peak,16.1
7588,PM Peak,24.3
7588,PM Peak,17.6
7588,PM Peak,20.1
7588,PM Peak,22.2
7588,PM Peak,17.5
7588,PM Peak,16.6
7588,PM Peak,19.9
7588,PM Peak,19.9
7588,PM Peak,26.5
7588,PM Peak,14.4
7588,PM Peak,22.8
7588,PM Peak,28.6
7588,PM Peak,19.4
7588,PM Peak,24
7588,PM Peak,19.6
7588,PM Peak,19.2
7588,PM Peak,29.4
7588,PM Peak,18.6
7588,PM Peak,20.3
7588,PM Peak,20.7
7588,PM Peak,7.2
7588,PM Peak,22.9
7588,PM Peak,24.2
7588,PM Peak,24.1
7588,PM Peak,17
7588,PM Peak,17.2
7588,PM Peak,12.8
7588,PM Peak,19.6
7588,PM Peak,14.7
7588,PM Peak,23.1
7588,PM Peak,13.8
7588,PM Peak,26
7588,PM Peak,15.2
7588,PM Peak,19
7588,PM Peak,18.9
7588,PM Peak,21.2
7588,PM Peak,12.9
7588,PM Peak,26.1
7588,PM Peak,22
7588,PM Peak,11.8
7588,PM Peak,18.6
7588,PM Peak,23.9
7588,PM Peak,16
7588,PM Peak,24
7588,PM Peak,25.5
7588,PM Peak,21.5
7588,PM Peak,21.9
7588,PM Peak,22
7588,PM Peak,12.5
7588,PM Peak,22
7588,PM Peak,13.2
7588,PM Peak,15.7
7588,PM Peak,17.5
7588,PM Peak,23.1
7588,PM Peak,20.7
7588,PM Peak,21.4
7588,PM Peak,19.2
7588,PM Peak,12.3
7588,PM Peak,22.4
7588,PM Peak,17
7588,PM Peak,19.6
7588,PM Peak,24.6
7588,PM Peak,18.5
7588,PM Peak,14.2
7588,PM Peak,15.6
7588,PM Peak,22.8
7588,PM Peak,27.6
7588,PM Peak,16.5
7588,PM Peak,13.8
7588,PM Peak,9.1
7588,PM Peak,22.2
7588,PM Peak,20
7588,PM Peak,17.8
7588,PM Peak,12.9
7588,PM Peak,24.6
7588,PM Peak,15.8
7588,PM Peak,23.6
7588,PM Peak,27.4
7588,PM Peak,15.7
7588,PM Peak,25
7588,PM Peak,29.7
7588,PM Peak,17.7
7588,PM Peak,19.3
7588,PM Peak,21.3
7588,PM Peak,20.6
7588,PM Peak,18.3
7588,PM Peak,21.2
7588,PM Peak,18.4
7588,PM Peak,31.2
7588,PM Peak,24.5
7588,PM Peak,17.1
7588,PM Peak,15.7
7588,PM Peak,17.9
7588,PM Peak,16.5
7588,PM Peak,26.9
7588,PM Peak,27.9
7588,PM Peak,15.9
7588,PM Peak,17.2
7588,PM Peak,23.9
7588,PM Peak,21.3
7588,PM Peak,23.3
7588,PM Peak,20.9
7588,PM Peak,17.2
7588,PM Peak,15.7
7588,PM Peak,23
7588,PM Peak,21.4
7588,PM Peak,13.5
7588,PM Peak,21.6
7588,PM Peak,9
7588,PM Peak,23
7588,PM Peak,12.9
7588,PM Peak,26.9
7588,PM Peak,20.1
7588,PM Peak,12.9
7588,PM Peak,15.8
7588,PM Peak,19.6
7588,PM Peak,15.7
7588,PM Peak,21.5
7588,PM Peak,19.1
7588,PM Peak,16.3
7588,PM Peak,16.2
7588,PM Peak,21
7588,PM Peak,15.1
7588,PM Peak,13
7588,PM Peak,21.7
7588,PM Peak,11.8
7588,PM Peak,17.6
7588,PM Peak,7.4
7588,PM Peak,20.4
7588,PM Peak,21.1
7588,PM Peak,16.1
7588,PM Peak,24.3
7588,PM Peak,12.1
7588,PM Peak,14.5
7588,PM Peak,17.9
7588,PM Peak,16.3
7588,PM Peak,16.7
7588,PM Peak,18.2
7588,PM Peak,13.6
7588,PM Peak,15.9
7588,PM Peak,22.1
7588,PM Peak,23.5
7588,PM Peak,21.2
7588,PM Peak,15.1
7588,PM Peak,19.4
7588,PM Peak,25.7
7588,PM Peak,19.1
7588,PM Peak,22.8
7588,PM Peak,19.6
7588,PM Peak,25.6
7588,PM Peak,13
7588,PM Peak,25.1
7588,PM Peak,15.7
7588,PM Peak,18.3
7588,PM Peak,13.9
7588,PM Peak,26.7
7588,PM Peak,16.3
7588,PM Peak,20.1
7588,PM Peak,11.1
7588,PM Peak,11.9
7588,PM Peak,21
7588,PM Peak,19.9
7588,PM Peak,27.5
7588,PM Peak,16.9
7588,PM Peak,18.2
7588,PM Peak,21.7
7588,PM Peak,25.6
7588,PM Peak,16.2
7588,PM Peak,22.1
7588,PM Peak,16.8
7588,PM Peak,22.7
7588,PM Peak,13.2
7588,PM Peak,19
7588,PM Peak,22.4
7588,PM Peak,22.4
7588,PM Peak,23.1
7588,PM Peak,20.3
7588,PM Peak,13.6
7588,PM Peak,14.3
7588,PM Peak,16.8
7588,PM Peak,22.2
7588,PM Peak,25.2
7588,PM Peak,21.1
7588,PM Peak,17
7588,PM Peak,21.1
7588,PM Peak,16.7
7588,PM Peak,17.1
7588,PM Peak,18.4
7588,PM Peak,22.2
7588,PM Peak,18.9
7588,PM Peak,20.4
7588,PM Peak,18.9
7588,PM Peak,15.8
7588,PM Peak,21
7588,PM Peak,28
7588,PM Peak,15.7
7588,PM Peak,22.5
7588,PM Peak,12
7588,PM Peak,22
7588,PM Peak,24.7
7588,PM Peak,16.9
7588,PM Peak,16.1
7588,PM Peak,13.5
7588,PM Peak,19.1
7588,PM Peak,27
7588,PM Peak,16.3
7588,PM Peak,20.7
7588,PM Peak,22.3
7588,PM Peak,20.8
7588,PM Peak,16.6
7588,PM Peak,20.2
7588,PM Peak,22.9
7588,PM Peak,25.9
7588,PM Peak,21.8
7588,PM Peak,20.9
7588,PM Peak,3.9
7588,PM Peak,28.7
7588,PM Peak,20.4
7588,PM Peak,19.3
7588,PM Peak,21.4
7588,PM Peak,19.3
7588,PM Peak,19.3
7588,PM Peak,10.5
7588,PM Peak,26.5
7588,PM Peak,20.6
7588,PM Peak,20.3
7588,PM Peak,9.2
7588,PM Peak,21.3
7588,PM Peak,21
7588,PM Peak,23
7588,PM Peak,14.7
7588,PM Peak,20.4
7588,PM Peak,19.1
7588,PM Peak,13.5
7588,PM Peak,22.2
7588,PM Peak,20.7
7588,PM Peak,18.6
7588,PM Peak,12.5
7588,PM Peak,4.3
7588,PM Peak,10.7
7588,PM Peak,12
7588,PM Peak,15.1
7588,PM Peak,17.6
7588,PM Peak,23.9
7588,PM Peak,15.1
7588,PM Peak,17.1
7588,PM Peak,22.3
7588,PM Peak,22.2
7588,PM Peak,15.8
7588,PM Peak,12.9
7588,PM Peak,17.1
7588,PM Peak,4
7588,PM Peak,19.4
7588,PM Peak,20.5
7588,PM Peak,19.8
7588,PM Peak,18.7
7588,PM Peak,13.6
7588,PM Peak,21.6
7588,PM Peak,18.8
7588,PM Peak,17.9
7588,PM Peak,21.5
7588,PM Peak,15.7
7588,PM Peak,13.3
7588,PM Peak,16.1
7588,PM Peak,24
7588,PM Peak,13.8
7588,PM Peak,17
7588,PM Peak,25.6
7588,PM Peak,26.8
7588,PM Peak,13.1
7588,PM Peak,21.3
7588,PM Peak,11.8
7588,PM Peak,22.3
7588,PM Peak,22.8
7588,PM Peak,21.9
7588,PM Peak,19.1
7588,PM Peak,13.5
7588,PM Peak,24.1
7588,PM Peak,12.4
7588,PM Peak,15.8
7588,PM Peak,20.4
7588,PM Peak,9.8
7588,PM Peak,15.5
7588,PM Peak,17.5
7588,PM Peak,20.5
7588,PM Peak,21.1
7588,PM Peak,22.3
7588,PM Peak,16
7588,PM Peak,13.7
7588,PM Peak,23.4
7588,PM Peak,14.4
7588,PM Peak,26
7588,PM Peak,18.6
7588,PM Peak,11.8
7588,PM Peak,11.8
7588,PM Peak,3.7
7588,PM Peak,11.6
7588,PM Peak,20
7588,PM Peak,23.3
7588,PM Peak,19.7
7588,PM Peak,29.5
7588,PM Peak,13.9
7588,PM Peak,16.1
7588,PM Peak,20.3
7588,PM Peak,17.5
7592,AM Peak,20.4
7592,AM Peak,13.7
7592,AM Peak,28.1
7592,AM Peak,19.4
7592,AM Peak,21.5
7592,AM Peak,19.5
7592,AM Peak,23.4
7592,AM Peak,17.6
7592,AM Peak,18.6
7592,AM Peak,13.6
7592,AM Peak,16.2
7592,AM Peak,7
7592,AM Peak,11.5
7592,AM Peak,22.7
7592,AM Peak,33.2
7592,AM Peak,19.3
7592,AM Peak,6.8
7592,AM Peak,12.9
7592,AM Peak,19.3
7592,AM Peak,12.4
7592,AM Peak,16.2
7592,AM Peak,13.8
7592,AM Peak,21.5
7592,AM Peak,21.9
7592,AM Peak,27
7592,AM Peak,15.1
7592,AM Peak,14.1
7592,AM Peak,5.4
7592,AM Peak,22.3
7592,AM Peak,11.6
7592,AM Peak,23.1
7592,AM Peak,20.6
7592,AM Peak,18.9
7592,AM Peak,16.3
7592,AM Peak,14.9
7592,AM Peak,17.8
7592,AM Peak,14
7592,AM Peak,4.5
7592,AM Peak,18.8
7592,AM Peak,28.5
7592,AM Peak,24.4
7592,AM Peak,24.3
7592,AM Peak,23.5
7592,AM Peak,14
7592,AM Peak,15.6
7592,AM Peak,18.6
7592,AM Peak,12.6
7592,AM Peak,32.9
7592,AM Peak,13.3
7592,AM Peak,20.8
7592,AM Peak,13.5
7592,AM Peak,17.4
7592,AM Peak,22.3
7592,AM Peak,20.7
7592,AM Peak,29.2
7592,AM Peak,27.6
7592,AM Peak,23.3
7592,AM Peak,21.2
7592,AM Peak,11.6
7592,AM Peak,19.3
7592,AM Peak,13.7
7592,AM Peak,20.6
7592,AM Peak,13.5
7592,AM Peak,26.1
7592,AM Peak,22
7592,AM Peak,26.6
7592,AM Peak,16.1
7592,AM Peak,22
7592,AM Peak,23.8
7592,AM Peak,4.4
7592,AM Peak,24.1
7592,AM Peak,19.3
7592,AM Peak,16.3
7592,AM Peak,8.7
7592,AM Peak,32.7
7592,AM Peak,28.4
7592,AM Peak,4.5
7592,AM Peak,18.6
7592,AM Peak,22.4
7592,AM Peak,4
7592,AM Peak,18.9
7592,AM Peak,9.7
7592,AM Peak,26.5
7592,AM Peak,16.2
7592,AM Peak,25.4
7592,AM Peak,5
7592,AM Peak,22.5
7592,AM Peak,22.7
7592,AM Peak,26
7592,AM Peak,12
7592,AM Peak,22
7592,AM Peak,16.4
7592,AM Peak,30
7592,AM Peak,17.2
7592,AM Peak,27.3
7592,AM Peak,21.6
7592,AM Peak,19.6
7592,AM Peak,10.4
7592,AM Peak,4.7
7592,AM Peak,18
7592,AM Peak,20.1
7592,AM Peak,14.3
7592,AM Peak,10.1
7592,AM Peak,16.3
7592,AM Peak,22.2
7592,AM Peak,14.6
7592,AM Peak,29.5
7592,AM Peak,14.5
7592,AM Peak,24.3
7592,AM Peak,19.4
7592,AM Peak,28.7
7592,AM Peak,16.8
7592,AM Peak,12.8
7592,AM Peak,25.5
7592,AM Peak,17.3
7592,AM Peak,18.7
7592,AM Peak,21.9
7592,AM Peak,19.5
7592,AM Peak,18.9
7592,AM Peak,23.2
7592,AM Peak,14.9
7592,AM Peak,17.3
7592,AM Peak,22.1
7592,AM Peak,20
7592,AM Peak,26.4
7592,AM Peak,14.7
7592,AM Peak,18.1
7592,AM Peak,26.6
7592,AM Peak,11
7592,AM Peak,15.1
7592,AM Peak,18.8
7592,AM Peak,19.6
7592,AM Peak,16.3
7592,AM Peak,20.1
7592,AM Peak,17.6
7592,AM Peak,24.5
7592,AM Peak,14.1
7592,AM Peak,23.5
7592,AM Peak,27.6
7592,AM Peak,15.8
7592,AM Peak,13.5
7592,AM Peak,18.9
7592,AM Peak,14.8
7592,AM Peak,5.8
7592,AM Peak,17
7592,AM Peak,19.8
7592,AM Peak,28.9
7592,AM Peak,22.6
7592,AM Peak,23
7592,AM Peak,20.1
7592,AM Peak,24.5
7592,AM Peak,20.3
7592,AM Peak,25.7
7592,AM Peak,7.9
7592,AM Peak,22.3
7592,AM Peak,12.6
7592,AM Peak,24.2
7592,AM Peak,16.9
7592,AM Peak,18.1
7592,AM Peak,18.9
7592,AM Peak,19.3
7592,AM Peak,17.9
7592,AM Peak,16.6
7592,AM Peak,16.5
7592,AM Peak,15.7
7592,AM Peak,20.7
7592,AM Peak,18.1
7592,AM Peak,6.1
7592,AM Peak,14.7
7592,AM Peak,21.8
7592,AM Peak,21.7
7592,AM Peak,23.9
7592,AM Peak,28.6
7592,AM Peak,25.5
7592,AM Peak,27.8
7592,AM Peak,27.8
7592,AM Peak,25.5
7592,AM Peak,27
7592,AM Peak,25.2
7592,AM Peak,19.8
7592,AM Peak,11.8
7592,AM Peak,14.5
7592,AM Peak,21.4
7592,AM Peak,10.7
7592,AM Peak,11.4
7592,AM Peak,27.7
7592,AM Peak,24.6
7592,AM Peak,11.1
7592,AM Peak,21.3
7592,AM Peak,20.3
7592,AM Peak,25.4
7592,AM Peak,29.3
7592,AM Peak,31.4
7592,AM Peak,16.4
7592,AM Peak,22.7
7592,AM Peak,27.3
7592,AM Peak,23.9
7592,AM Peak,23.5
7592,AM Peak,12.2
7592,AM Peak,14.8
7592,AM Peak,19.9
7592,AM Peak,16
7592,AM Peak,24.2
7592,AM Peak,19.5
7592,AM Peak,17.2
7592,AM Peak,23.1
7592,AM Peak,25
7592,AM Peak,18.4
7592,AM Peak,16.1
7592,AM Peak,17.5
7592,AM Peak,29.8
7592,AM Peak,25.5
7592,AM Peak,12.2
7592,AM Peak,12.8
7592,AM Peak,19.3
7592,AM Peak,24.9
7592,AM Peak,20.1
7592,AM Peak,12
7592,AM Peak,27.7
7592,AM Peak,15.2
7592,AM Peak,22.1
7592,AM Peak,24.4
7592,AM Peak,22
7592,AM Peak,19.7
7592,AM Peak,13.5
7592,AM Peak,22.9
7592,AM Peak,13.6
7592,AM Peak,3.3
7592,AM Peak,22.8
7592,AM Peak,22
7592,AM Peak,24.1
7592,AM Peak,12.1
7592,AM Peak,15
7592,AM Peak,21.7
7592,AM Peak,15.1
7592,AM Peak,9
7592,AM Peak,17.6
7592,AM Peak,20.8
7592,AM Peak,23.7
7592,AM Peak,19.3
7592,AM Peak,18.3
7592,AM Peak,20
7592,AM Peak,23.3
7592,AM Peak,10.2
7592,AM Peak,25.1
7592,AM Peak,29.7
7592,AM Peak,23.1
7592,AM Peak,22
7592,AM Peak,16.8
7592,AM Peak,11.5
7592,AM Peak,26.2
7592,AM Peak,14.9
7592,AM Peak,9.1
7592,AM Peak,19.7
7592,AM Peak,19
7592,AM Peak,17.2
7592,AM Peak,19.2
7592,AM Peak,21
7592,AM Peak,26.9
7592,AM Peak,17.5
7592,AM Peak,20.5
7592,AM Peak,23.7
7592,AM Peak,20.5
7592,AM Peak,4.3
7592,AM Peak,22.3
7592,AM Peak,16.9
7592,AM Peak,14.5
7592,AM Peak,15.2
7592,AM Peak,13.5
7592,AM Peak,24.2
7592,AM Peak,15.5
7592,AM Peak,29.8
7592,AM Peak,20
7592,AM Peak,14
7592,AM Peak,14.6
7592,AM Peak,24.3
7592,AM Peak,27.1
7592,AM Peak,24.8
7592,AM Peak,11.8
7592,AM Peak,27.2
7592,AM Peak,22.2
7592,AM Peak,24.5
7592,AM Peak,20.5
7592,AM Peak,21.6
7592,AM Peak,4.4
7592,AM Peak,22.6
7592,AM Peak,16.7
7592,AM Peak,19.5
7592,AM Peak,26.1
7592,AM Peak,23.3
7592,AM Peak,22
7592,AM Peak,12.4
7592,AM Peak,24.5
7592,AM Peak,24.7
7592,AM Peak,11
7592,AM Peak,18.4
7592,AM Peak,29.1
7592,AM Peak,20.1
7592,AM Peak,13.1
7592,AM Peak,18.5
7592,AM Peak,29.6
7592,AM Peak,31
7592,AM Peak,14.2
7592,AM Peak,30.8
7592,AM Peak,13.3
7592,AM Peak,12.3
7592,AM Peak,9.7
7592,AM Peak,20
7592,AM Peak,12.1
7592,AM Peak,17.6
7592,AM Peak,10.9
7592,AM Peak,12.4
7592,AM Peak,21.7
7592,AM Peak,12.7
7592,AM Peak,29.3
7592,AM Peak,20.4
7592,AM Peak,24.4
7592,AM Peak,26.1
7592,AM Peak,30.5
7592,AM Peak,26.1
7592,AM Peak,21.6
7592,AM Peak,8.3
7592,AM Peak,17.5
7592,AM Peak,21
7592,AM Peak,20.7
7592,AM Peak,27.6
7592,AM Peak,16.5
7592,AM Peak,11.3
7592,AM Peak,23.3
7592,AM Peak,16.7
7592,AM Peak,12.6
7592,AM Peak,26.3
7592,AM Peak,13.7
7592,AM Peak,19.2
7592,AM Peak,10.7
7592,AM Peak,26.4
7592,AM Peak,27.6
7592,AM Peak,20.5
7592,AM Peak,19.9
7592,AM Peak,9.9
7592,AM Peak,11.8
7592,AM Peak,21
7592,AM Peak,14.7
7592,AM Peak,9.6
7592,AM Peak,8.2
7592,AM Peak,20
7592,AM Peak,18.7
7592,AM Peak,13.5
7592,AM Peak,22.8
7592,AM Peak,32.6
7592,AM Peak,14.5
7592,AM Peak,17.2
7592,AM Peak,11.7
7592,AM Peak,16.6
7592,AM Peak,16.8
7592,AM Peak,21.9
7592,AM Peak,12.9
7592,AM Peak,24.8
7592,AM Peak,16.7
7592,AM Peak,3.8
7592,AM Peak,24.2
7592,AM Peak,20.8
7592,AM Peak,28.6
7592,AM Peak,12
7592,AM Peak,14.7
7592,AM Peak,20.9
7592,AM Peak,15.6
7592,AM Peak,19.8
7592,AM Peak,22.7
7592,AM Peak,24.7
7592,AM Peak,11.9
7592,AM Peak,15.8
7592,AM Peak,24.7
7592,AM Peak,26.4
7592,AM Peak,23.3
7592,AM Peak,23.8
7592,AM Peak,24.8
7592,AM Peak,12.9
7592,AM Peak,22.4
7592,AM Peak,9.7
7592,AM Peak,19.3
7592,AM Peak,19.6
7592,AM Peak,23.1
7592,AM Peak,31.9
7592,AM Peak,16
7592,AM Peak,23.8
7592,AM Peak,26.2
7592,AM Peak,22
7592,AM Peak,17.3
7592,AM Peak,27.9
7592,AM Peak,13.2
7592,AM Peak,25.1
7592,AM Peak,24.8
7592,AM Peak,23.6
7592,AM Peak,14.9
7592,AM Peak,22.9
7592,AM Peak,17.1
7592,AM Peak,10.8
7592,AM Peak,30.1
7592,AM Peak,16
7592,AM Peak,24.8
7592,AM Peak,14.1
7592,AM Peak,15.1
7592,AM Peak,16.7
7592,AM Peak,21.4
7592,AM Peak,21.6
7592,AM Peak,7.1
7592,AM Peak,19.3
7592,AM Peak,11.6
7592,AM Peak,25
7592,AM Peak,22.1
7592,AM Peak,16.8
7592,AM Peak,13.1
7592,AM Peak,23.6
7592,AM Peak,27.7
7592,AM Peak,25.4
7592,AM Peak,27.6
7592,AM Peak,16.5
7592,AM Peak,23.6
7592,AM Peak,14
7592,AM Peak,17.7
7592,AM Peak,15.4
7592,AM Peak,17.9
7592,AM Peak,12.7
7592,AM Peak,19.4
7592,AM Peak,22.7
7592,AM Peak,12.1
7592,AM Peak,23.4
7592,AM Peak,24.4
7592,AM Peak,29.4
7592,AM Peak,17.5
7592,AM Peak,15.9
7592,AM Peak,11.4
7592,AM Peak,15.7
7592,AM Peak,30.7
7592,AM Peak,24
7592,AM Peak,12
7592,AM Peak,9.8
7592,AM Peak,15.3
7592,AM Peak,12.5
7592,AM Peak,19.8
7592,AM Peak,22.8
7592,AM Peak,20.4
7592,AM Peak,21.4
7592,AM Peak,20
7592,AM Peak,15.7
7592,AM Peak,22.4
7592,AM Peak,21.1
7592,AM Peak,15.8
7592,AM Peak,18.9
7592,AM Peak,28.9
7592,AM Peak,28
7592,AM Peak,4
7592,AM Peak,14.6
7592,AM Peak,13.3
7592,AM Peak,25.7
7592,AM Peak,21.8
7592,AM Peak,13.1
7592,AM Peak,21.8
7592,AM Peak,29.8
7592,AM Peak,23.8
7592,AM Peak,21.3
7592,AM Peak,18.6
7592,AM Peak,12.6
7592,AM Peak,15.9
7592,AM Peak,12.6
7592,AM Peak,17.9
7592,AM Peak,17.1
7592,AM Peak,21.2
7592,AM Peak,27.4
7592,AM Peak,24.8
7592,AM Peak,24.6
7592,AM Peak,11.9
7592,AM Peak,21.6
7592,AM Peak,21.5
7592,AM Peak,25.6
7592,AM Peak,5.1
7592,AM Peak,14.3
7592,AM Peak,15.6
7592,AM Peak,25.4
7592,AM Peak,27.1
7592,AM Peak,16.3
7592,AM Peak,20.1
7592,AM Peak,22.6
7592,AM Peak,18
7592,AM Peak,25.8
7592,AM Peak,19
7592,AM Peak,16.7
7592,AM Peak,22.5
7592,AM Peak,14.6
7592,AM Peak,18.7
7592,AM Peak,18.3
7592,AM Peak,20.2
7592,AM Peak,15.7
7592,AM Peak,14.8
7592,AM Peak,17
7592,AM Peak,19.7
7592,AM Peak,19.9
7592,AM Peak,12.8
7592,AM Peak,25.9
7592,PM Peak,17.7
7592,PM Peak,28.9
7592,PM Peak,23.2
7592,PM Peak,8.4
7592,PM Peak,19.9
7592,PM Peak,15.8
7592,PM Peak,28.6
7592,PM Peak,24.9
7592,PM Peak,25
7592,PM Peak,11.3
7592,PM Peak,16.1
7592,PM Peak,9.3
7592,PM Peak,14.1
7592,PM Peak,19.2
7592,PM Peak,29.7
7592,PM Peak,24.2
7592,PM Peak,22.4
7592,PM Peak,31.3
7592,PM Peak,28.1
7592,PM Peak,14.5
7592,PM Peak,14
7592,PM Peak,13.3
7592,PM Peak,20.5
7592,PM Peak,23.6
7592,PM Peak,21.1
7592,PM Peak,22.5
7592,PM Peak,22.8
7592,PM Peak,21.5
7592,PM Peak,18.8
7592,PM Peak,21.2
7592,PM Peak,12.5
7592,PM Peak,30.6
7592,PM Peak,9.1
7592,PM Peak,20.8
7592,PM Peak,13.8
7592,PM Peak,19.2
7592,PM Peak,29.4
7592,PM Peak,14.6
7592,PM Peak,18.5
7592,PM Peak,17.6
7592,PM Peak,16.1
7592,PM Peak,26.4
7592,PM Peak,21.8
7592,PM Peak,24.3
7592,PM Peak,16.9
7592,PM Peak,5.2
7592,PM Peak,17.3
7592,PM Peak,17.9
7592,PM Peak,13.4
7592,PM Peak,17.9
7592,PM Peak,20.4
7592,PM Peak,10
7592,PM Peak,20.9
7592,PM Peak,19.2
7592,PM Peak,44.1
7592,PM Peak,15.5
7592,PM Peak,21.9
7592,PM Peak,17.8
7592,PM Peak,28.7
7592,PM Peak,16
7592,PM Peak,19.1
7592,PM Peak,17
7592,PM Peak,21.5
7592,PM Peak,12.3
7592,PM Peak,16.5
7592,PM Peak,17.9
7592,PM Peak,11.1
7592,PM Peak,22.7
7592,PM Peak,18.8
7592,PM Peak,23.1
7592,PM Peak,26.2
7592,PM Peak,4.7
7592,PM Peak,8.1
7592,PM Peak,16.1
7592,PM Peak,28.3
7592,PM Peak,16.4
7592,PM Peak,15.7
7592,PM Peak,25.4
7592,PM Peak,28.2
7592,PM Peak,15.1
7592,PM Peak,13.9
7592,PM Peak,23.2
7592,PM Peak,12.1
7592,PM Peak,19.6
7592,PM Peak,12.1
7592,PM Peak,15.6
7592,PM Peak,20.9
7592,PM Peak,27.6
7592,PM Peak,22
7592,PM Peak,22.6
7592,PM Peak,19.3
7592,PM Peak,22.8
7592,PM Peak,8.3
7592,PM Peak,15.3
7592,PM Peak,19.2
7592,PM Peak,32
7592,PM Peak,19.8
7592,PM Peak,21.1
7592,PM Peak,16.2
7592,PM Peak,16.9
7592,PM Peak,27.3
7592,PM Peak,23.7
7592,PM Peak,13
7592,PM Peak,14.3
7592,PM Peak,20.9
7592,PM Peak,30.1
7592,PM Peak,12.9
7592,PM Peak,25.3
7592,PM Peak,19.8
7592,PM Peak,2.8
7592,PM Peak,29.1
7592,PM Peak,28.3
7592,PM Peak,13.4
7592,PM Peak,26.5
7592,PM Peak,9.3
7592,PM Peak,23.1
7592,PM Peak,16.4
7592,PM Peak,23.5
7592,PM Peak,23.4
7592,PM Peak,4
7592,PM Peak,16.8
7592,PM Peak,22.4
7592,PM Peak,16.2
7592,PM Peak,23.6
7592,PM Peak,24.7
7592,PM Peak,13.9
7592,PM Peak,22.5
7592,PM Peak,20.1
7592,PM Peak,25.6
7592,PM Peak,21
7592,PM Peak,26.6
7592,PM Peak,25.9
7592,PM Peak,21
7592,PM Peak,17.7
7592,PM Peak,14.6
7592,PM Peak,26
7592,PM Peak,31.1
7592,PM Peak,28.4
7592,PM Peak,16.3
7592,PM Peak,14
7592,PM Peak,23.3
7592,PM Peak,20.5
7592,PM Peak,17.7
7592,PM Peak,27.2
7592,PM Peak,26.8
7592,PM Peak,31.2
7592,PM Peak,19.7
7592,PM Peak,11.6
7592,PM Peak,10
7592,PM Peak,14.6
7592,PM Peak,21.9
7592,PM Peak,26.3
7592,PM Peak,24.7
7592,PM Peak,24.9
7592,PM Peak,20.2
7592,PM Peak,23
7592,PM Peak,23
7592,PM Peak,8.8
7592,PM Peak,21.7
7592,PM Peak,22.5
7592,PM Peak,33.7
7592,PM Peak,15.8
7592,PM Peak,18.4
7592,PM Peak,25.7
7592,PM Peak,17.9
7592,PM Peak,16.3
7592,PM Peak,20.4
7592,PM Peak,16.7
7592,PM Peak,21.6
7592,PM Peak,31.9
7592,PM Peak,10.7
7592,PM Peak,22.6
7592,PM Peak,16.2
7592,PM Peak,21.6
7592,PM Peak,28.8
7592,PM Peak,15.5
7592,PM Peak,11
7592,PM Peak,19
7592,PM Peak,27.8
7592,PM Peak,12.3
7592,PM Peak,17.3
7592,PM Peak,24.6
7592,PM Peak,26.2
7592,PM Peak,5.8
7592,PM Peak,15.3
7592,PM Peak,16.9
7592,PM Peak,18.2
7592,PM Peak,30
7592,PM Peak,17.1
7592,PM Peak,15.5
7592,PM Peak,17.5
7592,PM Peak,24.3
7592,PM Peak,14.8
7592,PM Peak,22.2
7592,PM Peak,31.9
7592,PM Peak,16.7
7592,PM Peak,14
7592,PM Peak,13.6
7592,PM Peak,24.6
7592,PM Peak,30.2
7592,PM Peak,22.1
7592,PM Peak,13.2
7592,PM Peak,17
7592,PM Peak,18.1
7592,PM Peak,31.2
7592,PM Peak,23.4
7592,PM Peak,23.6
7592,PM Peak,28.3
7592,PM Peak,26.4
7592,PM Peak,24
7592,PM Peak,19.6
7592,PM Peak,15.8
7592,PM Peak,16.5
7592,PM Peak,19.8
7592,PM Peak,18.9
7592,PM Peak,23.9
7592,PM Peak,21.9
7592,PM Peak,25.7
7592,PM Peak,26.1
7592,PM Peak,23.3
7592,PM Peak,24.8
7592,PM Peak,16.7
7592,PM Peak,7.5
7592,PM Peak,18.5
7592,PM Peak,17.5
7592,PM Peak,15.4
7592,PM Peak,22.7
7592,PM Peak,27.1
7592,PM Peak,21.1
7592,PM Peak,24.7
7592,PM Peak,18.5
7592,PM Peak,16
7592,PM Peak,9.7
7592,PM Peak,29.4
7592,PM Peak,10.3
7592,PM Peak,18.8
7592,PM Peak,22.5
7592,PM Peak,16.7
7592,PM Peak,4.6
7592,PM Peak,15.9
7592,PM Peak,9.4
7592,PM Peak,16.4
7592,PM Peak,11.9
7592,PM Peak,29.7
7592,PM Peak,24.8
7592,PM Peak,24.5
7592,PM Peak,27.9
7592,PM Peak,20
7592,PM Peak,23.3
7592,PM Peak,27.4
7592,PM Peak,17
7592,PM Peak,26.4
7592,PM Peak,22.9
7592,PM Peak,23.7
7592,PM Peak,25.5
7592,PM Peak,28.9
7592,PM Peak,18.5
7592,PM Peak,19.1
7592,PM Peak,27.2
7592,PM Peak,33
7592,PM Peak,23.3
7592,PM Peak,25.4
7592,PM Peak,20.8
7592,PM Peak,32.6
7592,PM Peak,13.9
7592,PM Peak,22.1
7592,PM Peak,15.1
7592,PM Peak,25.3
7592,PM Peak,14.5
7592,PM Peak,27.6
7592,PM Peak,30
7592,PM Peak,30.9
7592,PM Peak,22
7592,PM Peak,22.4
7592,PM Peak,25.4
7592,PM Peak,32.7
7592,PM Peak,24.2
7592,PM Peak,19.9
7592,PM Peak,25.5
7592,PM Peak,19.6
7592,PM Peak,17.5
7592,PM Peak,10.5
7592,PM Peak,23.3
7592,PM Peak,25.3
7592,PM Peak,27.5
7592,PM Peak,10.7
7592,PM Peak,15.4
7592,PM Peak,21.3
7592,PM Peak,20.6
7592,PM Peak,32
7592,PM Peak,18.6
7592,PM Peak,24
7592,PM Peak,12.7
7592,PM Peak,27.7
7592,PM Peak,30.1
7592,PM Peak,12.8
7592,PM Peak,26
7592,PM Peak,16
7592,PM Peak,29.4
7592,PM Peak,15.8
7592,PM Peak,25.2
7592,PM Peak,11.5
7592,PM Peak,19.4
7592,PM Peak,7.4
7592,PM Peak,22.8
7592,PM Peak,31.6
7592,PM Peak,26
7592,PM Peak,26.1
7592,PM Peak,22.7
7592,PM Peak,15.6
7592,PM Peak,11.5
7592,PM Peak,25.3
7592,PM Peak,29.3
7592,PM Peak,15.4
7592,PM Peak,23.5
7592,PM Peak,21.3
7592,PM Peak,23.1
7592,PM Peak,23.2
7592,PM Peak,24.2
7592,PM Peak,23
7592,PM Peak,24.1
7592,PM Peak,11.5
7592,PM Peak,31.1
7592,PM Peak,17.8
7592,PM Peak,27
7592,PM Peak,26.2
7592,PM Peak,29.8
7592,PM Peak,29.2
7592,PM Peak,26.4
7592,PM Peak,19.3
7592,PM Peak,19.1
7592,PM Peak,30.7
7592,PM Peak,20
7592,PM Peak,25.6
7592,PM Peak,29.1
7592,PM Peak,16
7592,PM Peak,15.5
7592,PM Peak,17.7
7592,PM Peak,23.5
7592,PM Peak,14
7592,PM Peak,14
7592,PM Peak,16.9
7592,PM Peak,4
7592,PM Peak,22.6
7592,PM Peak,15.5
7592,PM Peak,28.1
7592,PM Peak,4.1
7592,PM Peak,27.3
7592,PM Peak,14.1
7592,PM Peak,20.7
7592,PM Peak,22.4
7592,PM Peak,12.7
7592,PM Peak,30.3
7592,PM Peak,21.2
7592,PM Peak,23.8
7592,PM Peak,20.8
7592,PM Peak,22.8
7592,PM Peak,16.3
7592,PM Peak,16.6
7592,PM Peak,27.6
7592,PM Peak,12.1
7592,PM Peak,3.5
7592,PM Peak,13.9
7592,PM Peak,21.7
7592,PM Peak,12.3
7592,PM Peak,12.1
7592,PM Peak,14
7592,PM Peak,32.3
7592,PM Peak,23.9
7592,PM Peak,16.9
7592,PM Peak,17.2
7592,PM Peak,14.6
7592,PM Peak,28.2
7592,PM Peak,19.5
7592,PM Peak,15
7592,PM Peak,18.7
7592,PM Peak,19.1
7592,PM Peak,20.1
7592,PM Peak,12.8
7592,PM Peak,21
7592,PM Peak,13.7
7592,PM Peak,17.8
7592,PM Peak,24.5
7592,PM Peak,24
7592,PM Peak,20.6
7592,PM Peak,13.6
7592,PM Peak,15
7592,PM Peak,21.9
7592,PM Peak,23.4
7592,PM Peak,20.3
7592,PM Peak,12.1
7592,PM Peak,21.5
7592,PM Peak,14.8
7592,PM Peak,20
7592,PM Peak,15.2
7592,PM Peak,18.6
7592,PM Peak,16.2
7592,PM Peak,19.3
7592,PM Peak,22.5
7592,PM Peak,18.4
7592,PM Peak,33
7592,PM Peak,3.7
7592,PM Peak,17.1
7592,PM Peak,20
7592,PM Peak,22.9
7592,PM Peak,33.8
7592,PM Peak,18.6
7592,PM Peak,23.8
7592,PM Peak,23.1
7592,PM Peak,12.7
7592,PM Peak,17.4
7592,PM Peak,18
7592,PM Peak,10.8
7592,PM Peak,15.7
7592,PM Peak,20.6
7592,PM Peak,20.2
7592,PM Peak,11.9
7592,PM Peak,17
7592,PM Peak,14.6
7592,PM Peak,23.6
7592,PM Peak,27.5
7592,PM Peak,26
7592,PM Peak,29.8
7592,PM Peak,18.2
7592,PM Peak,21
7592,PM Peak,25.1
7592,PM Peak,26.5
7592,PM Peak,16.6
7592,PM Peak,19.8
7592,PM Peak,49.5
7592,PM Peak,23
7592,PM Peak,23.4
7592,PM Peak,15.8
7592,PM Peak,26.1
7592,PM Peak,11.8
7592,PM Peak,13.4
7592,PM Peak,7.7
7592,PM Peak,16.3
7592,PM Peak,22.3
7592,PM Peak,25.3
7592,PM Peak,12.2
7592,PM Peak,19.9
7592,PM Peak,25.2
7592,PM Peak,11.7
7592,PM Peak,11.3
7592,PM Peak,23.1
7592,PM Peak,16.2
7592,PM Peak,21.7
7592,PM Peak,12.8
7592,PM Peak,19.3
7592,PM Peak,15.1
7592,PM Peak,14.5
7592,PM Peak,10.1
7592,PM Peak,22.7
7592,PM Peak,29.6
7592,PM Peak,17.5
7592,PM Peak,22.1
7592,PM Peak,32.3
7592,PM Peak,24.7
7592,PM Peak,27.4
7592,PM Peak,19.1
7592,PM Peak,27.8
7592,PM Peak,24.4
7592,PM Peak,16.7
7592,PM Peak,5.8
7592,PM Peak,20.6
7592,PM Peak,27.7
7592,PM Peak,24.6
7592,PM Peak,20.4
7592,PM Peak,20.1
7592,PM Peak,28.8
7592,PM Peak,29.5
7592,PM Peak,25
7592,PM Peak,24.4
7592,PM Peak,23.5
7592,PM Peak,14.6
7592,PM Peak,16.5
7592,PM Peak,18.4
7592,PM Peak,26.1
7592,PM Peak,27.4
7592,PM Peak,14.8
7592,PM Peak,12.9
7592,PM Peak,20.1
7592,PM Peak,17.2
7592,PM Peak,30.3
7592,PM Peak,22.1
7592,PM Peak,20.4
7592,PM Peak,40.9
7592,PM Peak,24.5
7592,PM Peak,28
7592,PM Peak,32
7592,PM Peak,28.8
7592,PM Peak,16.1
7592,PM Peak,19.8
7592,PM Peak,23.8
7592,PM Peak,21.9
7592,PM Peak,21.5
7592,PM Peak,25.9
7592,PM Peak,19.1
7592,PM Peak,12.4
7596,AM Peak,24.4
7596,AM Peak,26.1
7596,AM Peak,26.4
7596,AM Peak,21.7
7596,AM Peak,30.6
7596,AM Peak,20.4
7596,AM Peak,27.7
7596,AM Peak,34
7596,AM Peak,23.3
7596,AM Peak,23.3
7596,AM Peak,19.9
7596,AM Peak,23.4
7596,AM Peak,27.5
7596,AM Peak,20.3
7596,AM Peak,24.8
7596,AM Peak,19.5
7596,AM Peak,23.9
7596,AM Peak,21.9
7596,AM Peak,22.8
7596,AM Peak,24.7
7596,AM Peak,24.1
7596,AM Peak,25.3
7596,AM Peak,27.2
7596,AM Peak,25
7596,AM Peak,23.7
7596,AM Peak,28.9
7596,AM Peak,25.6
7596,AM Peak,20.5
7596,AM Peak,29.5
7596,AM Peak,25.7
7596,AM Peak,24.3
7596,AM Peak,31.3
7596,AM Peak,27.9
7596,AM Peak,32.1
7596,AM Peak,23.6
7596,AM Peak,22.8
7596,AM Peak,23.1
7596,AM Peak,26.3
7596,AM Peak,26.4
7596,AM Peak,24.5
7596,AM Peak,22.8
7596,AM Peak,23.4
7596,AM Peak,21.5
7596,AM Peak,19.6
7596,AM Peak,21.6
7596,AM Peak,27
7596,AM Peak,18.5
7596,AM Peak,24.2
7596,AM Peak,31.5
7596,AM Peak,26.7
7596,AM Peak,6.4
7596,AM Peak,17.8
7596,AM Peak,24.5
7596,AM Peak,20
7596,AM Peak,22.9
7596,AM Peak,18.2
7596,AM Peak,16.6
7596,AM Peak,25.7
7596,AM Peak,27.3
7596,AM Peak,21.4
7596,AM Peak,21.7
7596,AM Peak,42.2
7596,AM Peak,23.8
7596,AM Peak,22.9
7596,AM Peak,24
7596,AM Peak,25.2
7596,AM Peak,25.1
7596,AM Peak,22.5
7596,AM Peak,22.7
7596,AM Peak,25.2
7596,AM Peak,26.5
7596,AM Peak,21.4
7596,AM Peak,27
7596,AM Peak,24
7596,AM Peak,22.2
7596,AM Peak,22.6
7596,AM Peak,19.2
7596,AM Peak,22
7596,AM Peak,24.3
7596,AM Peak,22.3
7596,AM Peak,18.3
7596,AM Peak,22.2
7596,AM Peak,28.2
7596,AM Peak,23.9
7596,AM Peak,14.5
7596,AM Peak,26.9
7596,AM Peak,25.4
7596,AM Peak,19
7596,AM Peak,24.5
7596,AM Peak,22.7
7596,AM Peak,22.6
7596,AM Peak,27.2
7596,AM Peak,18
7596,AM Peak,20.7
7596,AM Peak,19.8
7596,AM Peak,24.2
7596,AM Peak,31.7
7596,AM Peak,24
7596,AM Peak,24.2
7596,AM Peak,22.1
7596,AM Peak,21.6
7596,AM Peak,25.8
7596,AM Peak,25.1
7596,AM Peak,20.3
7596,AM Peak,23.1
7596,AM Peak,35.9
7596,AM Peak,25.8
7596,AM Peak,17.9
7596,AM Peak,24.7
7596,AM Peak,28.6
7596,AM Peak,24.5
7596,AM Peak,23.2
7596,AM Peak,19.9
7596,AM Peak,28.1
7596,AM Peak,20.9
7596,AM Peak,16.3
7596,AM Peak,18.8
7596,AM Peak,24.5
7596,AM Peak,21
7596,AM Peak,23.6
7596,AM Peak,23.2
7596,AM Peak,16.8
7596,AM Peak,24.4
7596,AM Peak,25.1
7596,AM Peak,26.5
7596,AM Peak,27.3
7596,AM Peak,23.4
7596,AM Peak,10.9
7596,AM Peak,23.8
7596,AM Peak,27.8
7596,AM Peak,26.8
7596,AM Peak,13.3
7596,AM Peak,11.3
7596,AM Peak,24.5
7596,AM Peak,24.6
7596,AM Peak,21.6
7596,AM Peak,18.4
7596,AM Peak,17.2
7596,AM Peak,20.4
7596,AM Peak,19.2
7596,AM Peak,20.1
7596,AM Peak,22.1
7596,AM Peak,23.4
7596,AM Peak,20
7596,AM Peak,23.5
7596,AM Peak,22.6
7596,AM Peak,27.1
7596,AM Peak,18.6
7596,AM Peak,22.1
7596,AM Peak,21.5
7596,AM Peak,25.1
7596,AM Peak,24.8
7596,AM Peak,2.6
7596,AM Peak,28.4
7596,AM Peak,23.3
7596,AM Peak,23
7596,AM Peak,20.9
7596,AM Peak,19.4
7596,AM Peak,24.9
7596,AM Peak,24.1
7596,AM Peak,25.1
7596,AM Peak,27.5
7596,AM Peak,24.5
7596,AM Peak,23.8
7596,AM Peak,22.8
7596,AM Peak,25.4
7596,AM Peak,24.6
7596,AM Peak,24.9
7596,AM Peak,18.3
7596,AM Peak,20.1
7596,AM Peak,30
7596,AM Peak,25.8
7596,AM Peak,27.8
7596,AM Peak,25.1
7596,AM Peak,26.8
7596,AM Peak,16.7
7596,AM Peak,30
7596,AM Peak,23.7
7596,AM Peak,18.4
7596,AM Peak,20.1
7596,AM Peak,20.8
7596,AM Peak,23.9
7596,AM Peak,25.3
7596,AM Peak,25.4
7596,AM Peak,28.2
7596,AM Peak,20.9
7596,AM Peak,21.6
7596,AM Peak,15.6
7596,AM Peak,27.3
7596,AM Peak,22.5
7596,AM Peak,21.6
7596,AM Peak,19.8
7596,AM Peak,25.7
7596,AM Peak,26.9
7596,AM Peak,17.3
7596,AM Peak,23.5
7596,AM Peak,20.8
7596,AM Peak,25
7596,AM Peak,29.2
7596,AM Peak,24.9
7596,AM Peak,24.4
7596,AM Peak,22.1
7596,AM Peak,23.6
7596,AM Peak,22.2
7596,AM Peak,23.5
7596,AM Peak,26.2
7596,AM Peak,15.8
7596,AM Peak,20.6
7596,AM Peak,20
7596,AM Peak,24
7596,AM Peak,26.9
7596,AM Peak,23.9
7596,AM Peak,25.5
7596,AM Peak,24.1
7596,AM Peak,29.7
7596,AM Peak,19.9
7596,AM Peak,27.2
7596,AM Peak,22.1
7596,AM Peak,24.7
7596,AM Peak,28.6
7596,AM Peak,24.7
7596,AM Peak,27.4
7596,AM Peak,19
7596,AM Peak,33.1
7596,AM Peak,24.5
7596,AM Peak,21.7
7596,AM Peak,19.9
7596,AM Peak,23
7596,AM Peak,22.4
7596,AM Peak,19.2
7596,AM Peak,28.5
7596,AM Peak,26
7596,AM Peak,27
7596,AM Peak,24.7
7596,AM Peak,26
7596,AM Peak,22.2
7596,AM Peak,25.3
7596,AM Peak,26.3
7596,AM Peak,26.7
7596,AM Peak,24.2
7596,AM Peak,25.4
7596,AM Peak,20.7
7596,AM Peak,20.9
7596,AM Peak,26.6
7596,AM Peak,26.5
7596,AM Peak,27.6
7596,AM Peak,24.7
7596,AM Peak,25.8
7596,AM Peak,24.6
7596,AM Peak,25
7596,AM Peak,24.5
7596,AM Peak,20
7596,AM Peak,25.3
7596,AM Peak,23.1
7596,AM Peak,20.2
7596,AM Peak,16.1
7596,AM Peak,23.6
7596,AM Peak,25.4
7596,AM Peak,20.1
7596,AM Peak,20
7596,AM Peak,20.2
7596,AM Peak,23.7
7596,AM Peak,27.6
7596,AM Peak,29.6
7596,AM Peak,19.5
7596,AM Peak,20.3
7596,AM Peak,22.3
7596,AM Peak,23.8
7596,AM Peak,25.7
7596,AM Peak,25.5
7596,AM Peak,30.1
7596,AM Peak,26.8
7596,AM Peak,23
7596,AM Peak,19.8
7596,AM Peak,22.2
7596,AM Peak,24.7
7596,AM Peak,22.1
7596,AM Peak,28.8
7596,AM Peak,13.4
7596,AM Peak,24.5
7596,AM Peak,34.6
7596,AM Peak,24.8
7596,AM Peak,20.1
7596,AM Peak,21.3
7596,AM Peak,29.5
7596,AM Peak,24.8
7596,AM Peak,30
7596,AM Peak,26.7
7596,AM Peak,27.3
7596,AM Peak,21.7
7596,AM Peak,19.8
7596,AM Peak,25.4
7596,AM Peak,21.4
7596,AM Peak,20.8
7596,AM Peak,35.2
7596,AM Peak,26.3
7596,AM Peak,25.4
7596,AM Peak,27.6
7596,AM Peak,16.6
7596,AM Peak,21.4
7596,AM Peak,25.8
7596,AM Peak,26.7
7596,AM Peak,25.3
7596,AM Peak,22.4
7596,AM Peak,21.8
7596,AM Peak,19.1
7596,AM Peak,19.9
7596,AM Peak,22.2
7596,AM Peak,23.8
7596,AM Peak,22.1
7596,AM Peak,20.9
7596,AM Peak,20
7596,AM Peak,20.8
7596,AM Peak,37.3
7596,AM Peak,21.7
7596,AM Peak,21.4
7596,AM Peak,20
7596,AM Peak,23.8
7596,AM Peak,22.4
7596,AM Peak,16.8
7596,AM Peak,28.6
7596,AM Peak,29.5
7596,AM Peak,27
7596,AM Peak,28.4
7596,AM Peak,26.2
7596,AM Peak,26.2
7596,AM Peak,17.6
7596,AM Peak,28.6
7596,AM Peak,22.5
7596,AM Peak,19.8
7596,AM Peak,23.7
7596,AM Peak,27.6
7596,AM Peak,22
7596,AM Peak,25.3
7596,AM Peak,20.2
7596,AM Peak,25.5
7596,AM Peak,23
7596,AM Peak,24.4
7596,AM Peak,17.8
7596,AM Peak,23.5
7596,AM Peak,27.7
7596,AM Peak,15.8
7596,AM Peak,22.8
7596,AM Peak,22.6
7596,AM Peak,15.4
7596,AM Peak,25.6
7596,AM Peak,18.2
7596,AM Peak,39.4
7596,AM Peak,22.5
7596,AM Peak,22.8
7596,AM Peak,23.4
7596,AM Peak,23.9
7596,AM Peak,27.5
7596,AM Peak,23.5
7596,AM Peak,29.6
7596,AM Peak,20.1
7596,AM Peak,23.4
7596,AM Peak,26.4
7596,AM Peak,23.2
7596,AM Peak,28.3
7596,AM Peak,24.8
7596,AM Peak,22.4
7596,AM Peak,24.2
7596,AM Peak,21.8
7596,AM Peak,26.2
7596,AM Peak,23.8
7596,AM Peak,25.7
7596,AM Peak,25.7
7596,AM Peak,30.8
7596,AM Peak,26.5
7596,AM Peak,21.7
7596,AM Peak,20.9
7596,AM Peak,24.5
7596,AM Peak,21.1
7596,AM Peak,19.6
7596,AM Peak,26.3
7596,AM Peak,25.8
7596,AM Peak,19
7596,AM Peak,23.9
7596,AM Peak,24.1
7596,AM Peak,18.9
7596,AM Peak,25.9
7596,AM Peak,24.4
7596,AM Peak,30.9
7596,AM Peak,23.1
7596,AM Peak,23.1
7596,AM Peak,4.1
7596,AM Peak,23.9
7596,AM Peak,18.4
7596,AM Peak,23.4
7596,AM Peak,21.7
7596,AM Peak,22.4
7596,AM Peak,28
7596,AM Peak,29.6
7596,AM Peak,18
7596,AM Peak,33.6
7596,AM Peak,20.7
7596,AM Peak,25.5
7596,AM Peak,23.4
7596,AM Peak,25
7596,AM Peak,28
7596,AM Peak,19.9
7596,AM Peak,18.9
7596,AM Peak,22.4
7596,AM Peak,22.9
7596,AM Peak,25.4
7596,AM Peak,27.8
7596,AM Peak,22.8
7596,AM Peak,21.7
7596,AM Peak,23.7
7596,AM Peak,21.7
7596,AM Peak,33.1
7596,AM Peak,19.9
7596,AM Peak,21
7596,AM Peak,18.5
7596,AM Peak,24.8
7596,AM Peak,25.3
7596,AM Peak,23.2
7596,AM Peak,26.1
7596,AM Peak,24
7596,AM Peak,20.5
7596,AM Peak,24.9
7596,AM Peak,29
7596,AM Peak,20.4
7596,AM Peak,26.5
7596,AM Peak,26.3
7596,AM Peak,31.5
7596,AM Peak,21.4
7596,AM Peak,23
7596,AM Peak,23.4
7596,AM Peak,21.4
7596,AM Peak,18.9
7596,AM Peak,22.4
7596,AM Peak,25.5
7596,AM Peak,27.3
7596,AM Peak,26.7
7596,AM Peak,31
7596,AM Peak,23.7
7596,AM Peak,20
7596,AM Peak,22.4
7596,AM Peak,21.3
7596,AM Peak,23.7
7596,AM Peak,19.9
7596,AM Peak,22.3
7596,AM Peak,22.7
7596,AM Peak,40.7
7596,AM Peak,19.3
7596,AM Peak,22.9
7596,AM Peak,31.2
7596,AM Peak,21.7
7596,AM Peak,24.1
7596,AM Peak,23.4
7596,AM Peak,20
7596,AM Peak,20.3
7596,AM Peak,26.2
7596,AM Peak,20.1
7596,AM Peak,20.1
7596,AM Peak,23.8
7596,AM Peak,22.1
7596,AM Peak,21.3
7596,AM Peak,8.5
7596,AM Peak,31.1
7596,AM Peak,37.3
7596,AM Peak,25.2
7596,AM Peak,27.2
7596,AM Peak,26.1
7596,AM Peak,21.9
7596,AM Peak,18.9
7596,AM Peak,23.9
7596,AM Peak,26.2
7596,AM Peak,23.5
7596,AM Peak,19.3
7596,AM Peak,16.1
7596,AM Peak,22.7
7596,AM Peak,23.5
7596,AM Peak,23.5
7596,AM Peak,16.9
7596,AM Peak,20.5
7596,AM Peak,15.7
7596,AM Peak,25.6
7596,AM Peak,21.4
7596,AM Peak,21.5
7596,AM Peak,21.3
7596,AM Peak,32.9
7596,AM Peak,19.6
7596,AM Peak,18.4
7596,AM Peak,41.7
7596,AM Peak,20.7
7596,AM Peak,20
7596,AM Peak,25.7
7596,AM Peak,19.9
7596,AM Peak,20.2
7596,AM Peak,6.4
7596,AM Peak,19.9
7596,AM Peak,17.2
7596,AM Peak,25.9
7596,AM Peak,20.9
7596,AM Peak,18.9
7596,AM Peak,22.6
7596,AM Peak,19.2
7596,PM Peak,27.6
7596,PM Peak,22.3
7596,PM Peak,23.5
7596,PM Peak,18.2
7596,PM Peak,19
7596,PM Peak,25.5
7596,PM Peak,22.2
7596,PM Peak,32.3
7596,PM Peak,20
7596,PM Peak,21.4
7596,PM Peak,25.3
7596,PM Peak,34.4
7596,PM Peak,17.2
7596,PM Peak,27.6
7596,PM Peak,26.6
7596,PM Peak,17.8
7596,PM Peak,21.5
7596,PM Peak,21.9
7596,PM Peak,19.4
7596,PM Peak,23.7
7596,PM Peak,25.3
7596,PM Peak,17.2
7596,PM Peak,4.9
7596,PM Peak,28.4
7596,PM Peak,24.6
7596,PM Peak,19.2
7596,PM Peak,24.6
7596,PM Peak,22.5
7596,PM Peak,24.3
7596,PM Peak,21.6
7596,PM Peak,29.2
7596,PM Peak,25.2
7596,PM Peak,23.4
7596,PM Peak,30.2
7596,PM Peak,15
7596,PM Peak,29.4
7596,PM Peak,31
7596,PM Peak,26.9
7596,PM Peak,25.2
7596,PM Peak,19.4
7596,PM Peak,24.6
7596,PM Peak,27.4
7596,PM Peak,24.2
7596,PM Peak,15
7596,PM Peak,31.7
7596,PM Peak,23.7
7596,PM Peak,21
7596,PM Peak,14.2
7596,PM Peak,15.7
7596,PM Peak,25.8
7596,PM Peak,24.4
7596,PM Peak,27.9
7596,PM Peak,19.4
7596,PM Peak,22.1
7596,PM Peak,29.9
7596,PM Peak,45.4
7596,PM Peak,24.1
7596,PM Peak,18.1
7596,PM Peak,17.5
7596,PM Peak,28.1
7596,PM Peak,23.8
7596,PM Peak,23.3
7596,PM Peak,29.3
7596,PM Peak,30.9
7596,PM Peak,29.1
7596,PM Peak,17.9
7596,PM Peak,24.7
7596,PM Peak,29.5
7596,PM Peak,29.8
7596,PM Peak,25.1
7596,PM Peak,21.6
7596,PM Peak,25.1
7596,PM Peak,13.2
7596,PM Peak,28.1
7596,PM Peak,20.6
7596,PM Peak,22.4
7596,PM Peak,23.6
7596,PM Peak,23
7596,PM Peak,30.5
7596,PM Peak,20.3
7596,PM Peak,24.6
7596,PM Peak,21.1
7596,PM Peak,25.3
7596,PM Peak,32.5
7596,PM Peak,23.5
7596,PM Peak,12.8
7596,PM Peak,24.6
7596,PM Peak,25.8
7596,PM Peak,25
7596,PM Peak,28.8
7596,PM Peak,22.1
7596,PM Peak,28.6
7596,PM Peak,24.6
7596,PM Peak,29.4
7596,PM Peak,24.8
7596,PM Peak,21.4
7596,PM Peak,12.7
7596,PM Peak,32.7
7596,PM Peak,25
7596,PM Peak,37.1
7596,PM Peak,19.3
7596,PM Peak,27.5
7596,PM Peak,27.1
7596,PM Peak,29.6
7596,PM Peak,21.7
7596,PM Peak,22
7596,PM Peak,24.7
7596,PM Peak,26.2
7596,PM Peak,23.9
7596,PM Peak,23.5
7596,PM Peak,32.4
7596,PM Peak,27.2
7596,PM Peak,23.5
7596,PM Peak,35.6
7596,PM Peak,25.8
7596,PM Peak,27.3
7596,PM Peak,14
7596,PM Peak,26.1
7596,PM Peak,18.3
7596,PM Peak,24.8
7596,PM Peak,20.8
7596,PM Peak,27
7596,PM Peak,25.8
7596,PM Peak,26.1
7596,PM Peak,25.8
7596,PM Peak,29.9
7596,PM Peak,21.1
7596,PM Peak,28.8
7596,PM Peak,15.7
7596,PM Peak,17.5
7596,PM Peak,25.3
7596,PM Peak,25.7
7596,PM Peak,17.5
7596,PM Peak,25.4
7596,PM Peak,20.8
7596,PM Peak,22.5
7596,PM Peak,23.1
7596,PM Peak,28.5
7596,PM Peak,24.6
7596,PM Peak,29.2
7596,PM Peak,19.8
7596,PM Peak,29.7
7596,PM Peak,28.2
7596,PM Peak,17.7
7596,PM Peak,24.4
7596,PM Peak,28.4
7596,PM Peak,20.9
7596,PM Peak,24.4
7596,PM Peak,22.8
7596,PM Peak,23.3
7596,PM Peak,19.3
7596,PM Peak,21.5
7596,PM Peak,30.2
7596,PM Peak,31.4
7596,PM Peak,26.6
7596,PM Peak,21.4
7596,PM Peak,23.4
7596,PM Peak,32.2
7596,PM Peak,37.2
7596,PM Peak,25
7596,PM Peak,21.2
7596,PM Peak,19.2
7596,PM Peak,19.1
7596,PM Peak,18.4
7596,PM Peak,28.6
7596,PM Peak,28
7596,PM Peak,30.1
7596,PM Peak,27.9
7596,PM Peak,24.3
7596,PM Peak,30.3
7596,PM Peak,18.8
7596,PM Peak,31.7
7596,PM Peak,21.2
7596,PM Peak,27.7
7596,PM Peak,31.3
7596,PM Peak,23.2
7596,PM Peak,24.3
7596,PM Peak,23.2
7596,PM Peak,33.5
7596,PM Peak,15
7596,PM Peak,20.2
7596,PM Peak,25.1
7596,PM Peak,28.3
7596,PM Peak,24.6
7596,PM Peak,29.8
7596,PM Peak,23.8
7596,PM Peak,30.8
7596,PM Peak,28.1
7596,PM Peak,17.5
7596,PM Peak,25.3
7596,PM Peak,27.3
7596,PM Peak,18.4
7596,PM Peak,24.5
7596,PM Peak,32.7
7596,PM Peak,31.6
7596,PM Peak,24.6
7596,PM Peak,22.8
7596,PM Peak,28.2
7596,PM Peak,24.8
7596,PM Peak,27.1
7596,PM Peak,27.4
7596,PM Peak,28.8
7596,PM Peak,16.6
7596,PM Peak,12.7
7596,PM Peak,17.6
7596,PM Peak,29.8
7596,PM Peak,29.4
7596,PM Peak,22.5
7596,PM Peak,23.4
7596,PM Peak,32
7596,PM Peak,30.1
7596,PM Peak,22.2
7596,PM Peak,24.2
7596,PM Peak,25.4
7596,PM Peak,35
7596,PM Peak,25.9
7596,PM Peak,36
7596,PM Peak,18.8
7596,PM Peak,24.6
7596,PM Peak,21.6
7596,PM Peak,21.6
7596,PM Peak,14.4
7596,PM Peak,24.7
7596,PM Peak,20.7
7596,PM Peak,23.4
7596,PM Peak,34.4
7596,PM Peak,33.5
7596,PM Peak,25.9
7596,PM Peak,25
7596,PM Peak,32.1
7596,PM Peak,23.1
7596,PM Peak,29.5
7596,PM Peak,23
7596,PM Peak,16.6
7596,PM Peak,30.7
7596,PM Peak,19.1
7596,PM Peak,23.3
7596,PM Peak,31.2
7596,PM Peak,10
7596,PM Peak,3.4
7596,PM Peak,29.8
7596,PM Peak,30
7596,PM Peak,17.3
7596,PM Peak,28.8
7596,PM Peak,32.7
7596,PM Peak,20.9
7596,PM Peak,29.6
7596,PM Peak,19.5
7596,PM Peak,30.4
7596,PM Peak,24.8
7596,PM Peak,24.7
7596,PM Peak,22.6
7596,PM Peak,25.7
7596,PM Peak,27.9
7596,PM Peak,27.6
7596,PM Peak,25
7596,PM Peak,24.6
7596,PM Peak,26.1
7596,PM Peak,22.7
7596,PM Peak,21.2
7596,PM Peak,28
7596,PM Peak,29.3
7596,PM Peak,26.1
7596,PM Peak,19.3
7596,PM Peak,34.5
7596,PM Peak,15.5
7596,PM Peak,18.3
7596,PM Peak,19
7596,PM Peak,31.5
7596,PM Peak,21.5
7596,PM Peak,22.9
7596,PM Peak,19.8
7596,PM Peak,35.1
7596,PM Peak,22.7
7596,PM Peak,31.3
7596,PM Peak,21.2
7596,PM Peak,18.8
7596,PM Peak,26.7
7596,PM Peak,31.4
7596,PM Peak,24.8
7596,PM Peak,23.8
7596,PM Peak,29.7
7596,PM Peak,22.5
7596,PM Peak,23.8
7596,PM Peak,25.1
7596,PM Peak,23.8
7596,PM Peak,22.4
7596,PM Peak,27.9
7596,PM Peak,31.1
7596,PM Peak,15.9
7596,PM Peak,16.9
7596,PM Peak,20.5
7596,PM Peak,30
7596,PM Peak,22
7596,PM Peak,29.3
7596,PM Peak,35.1
7596,PM Peak,20.5
7596,PM Peak,24.2
7596,PM Peak,28.6
7596,PM Peak,16.6
7596,PM Peak,26.8
7596,PM Peak,18.2
7596,PM Peak,29.2
7596,PM Peak,33.4
7596,PM Peak,23.3
7596,PM Peak,29.5
7596,PM Peak,29.6
7596,PM Peak,14.6
7596,PM Peak,26.8
7596,PM Peak,19.4
7596,PM Peak,30.2
7596,PM Peak,21.6
7596,PM Peak,20.1
7596,PM Peak,14.6
7596,PM Peak,22.8
7596,PM Peak,32.2
7596,PM Peak,26
7596,PM Peak,13.9
7596,PM Peak,25
7596,PM Peak,27.5
7596,PM Peak,26.2
7596,PM Peak,24.8
7596,PM Peak,29.7
7596,PM Peak,25.5
7596,PM Peak,32.2
7596,PM Peak,35.4
7596,PM Peak,31.6
7596,PM Peak,24.9
7596,PM Peak,33.8
7596,PM Peak,21.6
7596,PM Peak,29
7596,PM Peak,29.1
7596,PM Peak,29.8
7596,PM Peak,27.6
7596,PM Peak,33.5
7596,PM Peak,28.3
7596,PM Peak,23.4
7596,PM Peak,28.7
7596,PM Peak,22.8
7596,PM Peak,32.7
7596,PM Peak,24
7596,PM Peak,28.8
7596,PM Peak,25.2
7596,PM Peak,23.9
7596,PM Peak,20.5
7596,PM Peak,19.4
7596,PM Peak,28
7596,PM Peak,34.9
7596,PM Peak,29.7
7596,PM Peak,31.6
7596,PM Peak,26.7
7596,PM Peak,19.2
7596,PM Peak,23.1
7596,PM Peak,24.7
7596,PM Peak,24.9
7596,PM Peak,27.5
7596,PM Peak,29.5
7596,PM Peak,28.2
7596,PM Peak,30.9
7596,PM Peak,29.2
7596,PM Peak,23.7
7596,PM Peak,26.5
7596,PM Peak,29.9
7596,PM Peak,27.6
7596,PM Peak,19.2
7596,PM Peak,27.1
7596,PM Peak,16.6
7596,PM Peak,28.8
7596,PM Peak,31.1
7596,PM Peak,24.3
7596,PM Peak,25.8
7596,PM Peak,28.1
7596,PM Peak,22.8
7596,PM Peak,28.9
7596,PM Peak,22.8
7596,PM Peak,30.7
7596,PM Peak,28
7596,PM Peak,23.2
7596,PM Peak,31.4
7596,PM Peak,25.3
7596,PM Peak,21.2
7596,PM Peak,20.4
7596,PM Peak,28.8
7596,PM Peak,21.9
7596,PM Peak,19.7
7596,PM Peak,27.6
7596,PM Peak,21.6
7596,PM Peak,23.7
7596,PM Peak,29.1
7596,PM Peak,24.6
7596,PM Peak,32.9
7596,PM Peak,30.6
7596,PM Peak,28.3
7596,PM Peak,18
7596,PM Peak,25.6
7596,PM Peak,32.3
7596,PM Peak,25.6
7596,PM Peak,21.5
7596,PM Peak,28.4
7596,PM Peak,28.5
7596,PM Peak,20.5
7596,PM Peak,28.7
7596,PM Peak,20.1
7596,PM Peak,26.5
7596,PM Peak,22.2
7596,PM Peak,24.2
7596,PM Peak,21.9
7596,PM Peak,18.7
7596,PM Peak,30.8
7596,PM Peak,22
7596,PM Peak,30.2
7596,PM Peak,44.4
7596,PM Peak,23.7
7596,PM Peak,28.4
7596,PM Peak,27.1
7596,PM Peak,26.1
7596,PM Peak,29.6
7596,PM Peak,23.1
7596,PM Peak,31.1
7596,PM Peak,26.7
7596,PM Peak,21.7
7596,PM Peak,30.2
7596,PM Peak,17.5
7596,PM Peak,21.7
7596,PM Peak,33.4
7596,PM Peak,28
7596,PM Peak,25.3
7596,PM Peak,26.6
7596,PM Peak,14.7
7596,PM Peak,28.5
7596,PM Peak,24
7596,PM Peak,26.4
7596,PM Peak,21.5
7596,PM Peak,31.8
7596,PM Peak,30.4
7596,PM Peak,16.7
7596,PM Peak,25.9
7596,PM Peak,31.2
7596,PM Peak,18.8
7596,PM Peak,12.3
7596,PM Peak,24
7596,PM Peak,20.6
7596,PM Peak,24
7596,PM Peak,25.4
7596,PM Peak,32.6
7596,PM Peak,23.1
7596,PM Peak,23.3
7596,PM Peak,28.2
7596,PM Peak,28.5
7596,PM Peak,15.8
7596,PM Peak,19.5
7596,PM Peak,29.3
7596,PM Peak,18.8
7596,PM Peak,35
7596,PM Peak,28.6
7596,PM Peak,21.1
7596,PM Peak,26.6
7596,PM Peak,18.3
7596,PM Peak,25.5
7596,PM Peak,22.1
7596,PM Peak,31.3
7596,PM Peak,25.3
7596,PM Peak,21.2
7596,PM Peak,23.4
7596,PM Peak,16.6
7596,PM Peak,25.8
7596,PM Peak,14.4
7596,PM Peak,27.5
7596,PM Peak,38
7596,PM Peak,33
7596,PM Peak,26.9
7596,PM Peak,21.2
7596,PM Peak,18.8
7596,PM Peak,25
7596,PM Peak,22.3
7596,PM Peak,25
7596,PM Peak,31.2
7596,PM Peak,22.8
7596,PM Peak,22.7
7596,PM Peak,24.6
7596,PM Peak,19.4
7596,PM Peak,26.2
7596,PM Peak,23.1
7596,PM Peak,28.8
7596,PM Peak,33
7596,PM Peak,30.2
7596,PM Peak,24.3
7596,PM Peak,22.2
7596,PM Peak,13.7
7596,PM Peak,27.5
7596,PM Peak,19.4
7596,PM Peak,27.2
7596,PM Peak,27.2
7596,PM Peak,36.6
7596,PM Peak,21.3
7596,PM Peak,25.9
7596,PM Peak,22.7
7596,PM Peak,23.7
7596,PM Peak,26.5
7596,PM Peak,24.4
7600,AM Peak,13.6
7600,AM Peak,13.4
7600,AM Peak,17.2
7600,AM Peak,18.2
7600,AM Peak,20.3
7600,AM Peak,22.4
7600,AM Peak,15.5
7600,AM Peak,11.4
7600,AM Peak,20.4
7600,AM Peak,13.8
7600,AM Peak,21.3
7600,AM Peak,16.7
7600,AM Peak,22.8
7600,AM Peak,17.8
7600,AM Peak,20
7600,AM Peak,16.2
7600,AM Peak,21.9
7600,AM Peak,17.4
7600,AM Peak,24.1
7600,AM Peak,15
7600,AM Peak,25.8
7600,AM Peak,21.1
7600,AM Peak,18.2
7600,AM Peak,15.5
7600,AM Peak,22.6
7600,AM Peak,17.6
7600,AM Peak,27.8
7600,AM Peak,25.6
7600,AM Peak,13.4
7600,AM Peak,15.2
7600,AM Peak,18.9
7600,AM Peak,17.4
7600,AM Peak,17.2
7600,AM Peak,15.2
7600,AM Peak,17.9
7600,AM Peak,14.7
7600,AM Peak,17.7
7600,AM Peak,17.7
7600,AM Peak,15.9
7600,AM Peak,19.9
7600,AM Peak,19
7600,AM Peak,17.7
7600,AM Peak,15.4
7600,AM Peak,17.5
7600,AM Peak,21.1
7600,AM Peak,18.5
7600,AM Peak,25.6
7600,AM Peak,23.9
7600,AM Peak,19.8
7600,AM Peak,15.9
7600,AM Peak,25.7
7600,AM Peak,15.7
7600,AM Peak,19.6
7600,AM Peak,13.8
7600,AM Peak,18.3
7600,AM Peak,14.8
7600,AM Peak,20.3
7600,AM Peak,15.9
7600,AM Peak,15.9
7600,AM Peak,15.9
7600,AM Peak,18.5
7600,AM Peak,19
7600,AM Peak,19.5
7600,AM Peak,26.8
7600,AM Peak,13.5
7600,AM Peak,18.8
7600,AM Peak,19
7600,AM Peak,21
7600,AM Peak,23.2
7600,AM Peak,10.5
7600,AM Peak,20.2
7600,AM Peak,20.1
7600,AM Peak,21.1
7600,AM Peak,21.9
7600,AM Peak,20.4
7600,AM Peak,26.8
7600,AM Peak,20.7
7600,AM Peak,18.4
7600,AM Peak,22.8
7600,AM Peak,19
7600,AM Peak,15.1
7600,AM Peak,16.8
7600,AM Peak,18.7
7600,AM Peak,21
7600,AM Peak,19.4
7600,AM Peak,22.9
7600,AM Peak,18.1
7600,AM Peak,25.6
7600,AM Peak,23.7
7600,AM Peak,19
7600,AM Peak,19.6
7600,AM Peak,14.2
7600,AM Peak,16.9
7600,AM Peak,14.3
7600,AM Peak,16.5
7600,AM Peak,21.1
7600,AM Peak,17.8
7600,AM Peak,13.5
7600,AM Peak,13.7
7600,AM Peak,22.6
7600,AM Peak,19.2
7600,AM Peak,25.5
7600,AM Peak,19.9
7600,AM Peak,25.9
7600,AM Peak,23.2
7600,AM Peak,13.7
7600,AM Peak,16.1
7600,AM Peak,17.8
7600,AM Peak,14.9
7600,AM Peak,14.4
7600,AM Peak,18.5
7600,AM Peak,24.4
7600,AM Peak,16.5
7600,AM Peak,21.2
7600,AM Peak,20.8
7600,AM Peak,19
7600,AM Peak,11.7
7600,AM Peak,22.8
7600,AM Peak,15.2
7600,AM Peak,19.7
7600,AM Peak,12.4
7600,AM Peak,14.6
7600,AM Peak,24.5
7600,AM Peak,14.7
7600,AM Peak,20
7600,AM Peak,17.8
7600,AM Peak,22.7
7600,AM Peak,11.2
7600,AM Peak,15.1
7600,AM Peak,22
7600,AM Peak,19.6
7600,AM Peak,13.8
7600,AM Peak,18.3
7600,AM Peak,18
7600,AM Peak,18.3
7600,AM Peak,22.9
7600,AM Peak,18.8
7600,AM Peak,12.1
7600,AM Peak,17.6
7600,AM Peak,24.5
7600,AM Peak,25.8
7600,AM Peak,15.3
7600,AM Peak,24
7600,AM Peak,13
7600,AM Peak,12.9
7600,AM Peak,16.9
7600,AM Peak,15.1
7600,AM Peak,18.6
7600,AM Peak,17.3
7600,AM Peak,21.2
7600,AM Peak,18.6
7600,AM Peak,19.1
7600,AM Peak,19.1
7600,AM Peak,21.9
7600,AM Peak,13.8
7600,AM Peak,18
7600,AM Peak,26.5
7600,AM Peak,19.4
7600,AM Peak,17.2
7600,AM Peak,21.7
7600,AM Peak,14.9
7600,AM Peak,21.8
7600,AM Peak,22.5
7600,AM Peak,19.1
7600,AM Peak,17.7
7600,AM Peak,16.5
7600,AM Peak,22.6
7600,AM Peak,13.8
7600,AM Peak,23.7
7600,AM Peak,22.4
7600,AM Peak,20.4
7600,AM Peak,22.4
7600,AM Peak,23.8
7600,AM Peak,17.7
7600,AM Peak,31.8
7600,AM Peak,20.4
7600,AM Peak,25.6
7600,AM Peak,19
7600,AM Peak,20.1
7600,AM Peak,17.4
7600,AM Peak,17.4
7600,AM Peak,24
7600,AM Peak,14.9
7600,AM Peak,22
7600,AM Peak,23.1
7600,AM Peak,14.2
7600,AM Peak,24.7
7600,AM Peak,18.7
7600,AM Peak,20.5
7600,AM Peak,11.5
7600,AM Peak,16.4
7600,AM Peak,19.8
7600,AM Peak,16.6
7600,AM Peak,13.4
7600,AM Peak,17.5
7600,AM Peak,24
7600,AM Peak,19
7600,AM Peak,19.2
7600,AM Peak,19.3
7600,AM Peak,19.9
7600,AM Peak,20.2
7600,AM Peak,19.2
7600,AM Peak,20.2
7600,AM Peak,15.3
7600,AM Peak,29.5
7600,AM Peak,21.3
7600,AM Peak,23.3
7600,AM Peak,24.5
7600,AM Peak,19.5
7600,AM Peak,21.3
7600,AM Peak,14.9
7600,AM Peak,26.2
7600,AM Peak,17.9
7600,AM Peak,13.4
7600,AM Peak,13.6
7600,AM Peak,19.1
7600,AM Peak,30.2
7600,AM Peak,10.5
7600,AM Peak,17.5
7600,AM Peak,16.4
7600,AM Peak,22.6
7600,AM Peak,10.3
7600,AM Peak,13.6
7600,AM Peak,23.7
7600,AM Peak,23.8
7600,AM Peak,16.4
7600,AM Peak,14.2
7600,AM Peak,10.2
7600,AM Peak,17.1
7600,AM Peak,24.9
7600,AM Peak,16.4
7600,AM Peak,18.6
7600,AM Peak,14.2
7600,AM Peak,25.3
7600,AM Peak,13.3
7600,AM Peak,15.3
7600,AM Peak,18.5
7600,AM Peak,7.6
7600,AM Peak,13.2
7600,AM Peak,22.3
7600,AM Peak,19.4
7600,AM Peak,28.7
7600,AM Peak,19.2
7600,AM Peak,23.1
7600,AM Peak,16.2
7600,AM Peak,19.9
7600,AM Peak,15
7600,AM Peak,19.9
7600,AM Peak,16.7
7600,AM Peak,20
7600,AM Peak,20.4
7600,AM Peak,21.4
7600,AM Peak,13.2
7600,AM Peak,21.5
7600,AM Peak,13.7
7600,AM Peak,15.7
7600,AM Peak,19.4
7600,AM Peak,18.6
7600,AM Peak,16.7
7600,AM Peak,14.3
7600,AM Peak,12.5
7600,AM Peak,10
7600,AM Peak,15.2
7600,AM Peak,21.9
7600,AM Peak,18.5
7600,AM Peak,18.3
7600,AM Peak,18.4
7600,AM Peak,16.2
7600,AM Peak,18.9
7600,AM Peak,18.6
7600,AM Peak,18
7600,AM Peak,21.3
7600,AM Peak,27.9
7600,AM Peak,25.6
7600,AM Peak,17.5
7600,AM Peak,18.9
7600,AM Peak,21.5
7600,AM Peak,15.2
7600,AM Peak,31.2
7600,AM Peak,19.6
7600,AM Peak,23
7600,AM Peak,19.1
7600,AM Peak,12.9
7600,AM Peak,18.9
7600,AM Peak,15.4
7600,AM Peak,13.3
7600,AM Peak,24.1
7600,AM Peak,20.7
7600,AM Peak,11
7600,AM Peak,13.4
7600,AM Peak,20.6
7600,AM Peak,21.4
7600,AM Peak,24.2
7600,AM Peak,28.1
7600,AM Peak,27.6
7600,AM Peak,14.5
7600,AM Peak,17.6
7600,AM Peak,9
7600,AM Peak,16.9
7600,AM Peak,12.8
7600,AM Peak,18.9
7600,AM Peak,17.7
7600,AM Peak,20.6
7600,AM Peak,23.7
7600,AM Peak,10.1
7600,AM Peak,24.8
7600,AM Peak,20
7600,AM Peak,12.9
7600,AM Peak,18.7
7600,AM Peak,22.7
7600,AM Peak,23.3
7600,AM Peak,28.3
7600,AM Peak,18.4
7600,AM Peak,13.8
7600,AM Peak,23.3
7600,AM Peak,16.1
7600,AM Peak,9
7600,AM Peak,5.9
7600,AM Peak,24.5
7600,AM Peak,26.4
7600,AM Peak,13.9
7600,AM Peak,13.8
7600,AM Peak,20.5
7600,AM Peak,19
7600,AM Peak,18.4
7600,AM Peak,23.3
7600,AM Peak,20
7600,AM Peak,19.2
7600,AM Peak,14.5
7600,AM Peak,29.5
7600,AM Peak,19.3
7600,AM Peak,16.2
7600,AM Peak,26.5
7600,AM Peak,16.1
7600,AM Peak,22.8
7600,AM Peak,22.8
7600,AM Peak,26.4
7600,AM Peak,15.1
7600,AM Peak,19.3
7600,AM Peak,17.9
7600,AM Peak,14.6
7600,AM Peak,17.7
7600,AM Peak,22
7600,AM Peak,22
7600,AM Peak,16.7
7600,AM Peak,16.9
7600,AM Peak,26.3
7600,AM Peak,22
7600,AM Peak,19.6
7600,AM Peak,13.3
7600,AM Peak,20.2
7600,AM Peak,23.6
7600,AM Peak,22.3
7600,AM Peak,18.2
7600,AM Peak,17.2
7600,AM Peak,18.9
7600,AM Peak,19.9
7600,AM Peak,20.6
7600,AM Peak,18.8
7600,AM Peak,16.4
7600,AM Peak,11.5
7600,AM Peak,11.3
7600,AM Peak,19.9
7600,AM Peak,17.1
7600,AM Peak,12.8
7600,AM Peak,19.8
7600,AM Peak,21.5
7600,AM Peak,12.8
7600,AM Peak,26.8
7600,AM Peak,12.9
7600,AM Peak,17.4
7600,AM Peak,20.7
7600,AM Peak,12.8
7600,AM Peak,14
7600,AM Peak,14.6
7600,AM Peak,19.5
7600,AM Peak,18.8
7600,AM Peak,12.3
7600,AM Peak,15.8
7600,AM Peak,13.7
7600,AM Peak,23.6
7600,AM Peak,19.3
7600,AM Peak,20.9
7600,AM Peak,12.5
7600,AM Peak,21.4
7600,AM Peak,12.4
7600,AM Peak,16
7600,AM Peak,14.8
7600,AM Peak,19.8
7600,AM Peak,20.4
7600,AM Peak,22.3
7600,AM Peak,20.3
7600,AM Peak,25.3
7600,AM Peak,13.4
7600,AM Peak,20.6
7600,AM Peak,20
7600,AM Peak,15.9
7600,AM Peak,19.5
7600,AM Peak,13.3
7600,AM Peak,29.7
7600,AM Peak,23.8
7600,AM Peak,17.7
7600,AM Peak,23.4
7600,AM Peak,11
7600,AM Peak,13.9
7600,AM Peak,19.1
7600,AM Peak,18.3
7600,AM Peak,21.3
7600,AM Peak,20.1
7600,AM Peak,17.6
7600,AM Peak,21.7
7600,AM Peak,17.2
7600,AM Peak,25.2
7600,AM Peak,16
7600,AM Peak,16.6
7600,AM Peak,21.5
7600,AM Peak,16.7
7600,AM Peak,15
7600,AM Peak,13.3
7600,AM Peak,14.5
7600,AM Peak,19.3
7600,AM Peak,14.8
7600,AM Peak,17.2
7600,AM Peak,13.6
7600,AM Peak,11.3
7600,AM Peak,14.6
7600,AM Peak,25.5
7600,AM Peak,16.3
7600,AM Peak,16.4
7600,AM Peak,31.7
7600,AM Peak,23.6
7600,AM Peak,18.7
7600,AM Peak,17
7600,AM Peak,20.7
7600,AM Peak,18.9
7600,AM Peak,21.1
7600,AM Peak,25.3
7600,AM Peak,5.6
7600,AM Peak,15.7
7600,AM Peak,15
7600,AM Peak,22.7
7600,AM Peak,21.2
7600,AM Peak,18.7
7600,AM Peak,15.3
7600,AM Peak,17.1
7600,AM Peak,11.2
7600,AM Peak,28.7
7600,AM Peak,11.5
7600,AM Peak,21.9
7600,AM Peak,13.3
7600,AM Peak,24.5
7600,AM Peak,14.6
7600,AM Peak,17
7600,AM Peak,25.7
7600,AM Peak,13.1
7600,AM Peak,19
7600,AM Peak,17.7
7600,AM Peak,18.8
7600,AM Peak,22.5
7600,AM Peak,20.2
7600,AM Peak,14
7600,AM Peak,20
7600,AM Peak,12.7
7600,AM Peak,26.6
7600,AM Peak,18.3
7600,AM Peak,19.2
7600,AM Peak,16
7600,AM Peak,22.2
7600,AM Peak,17.1
7600,AM Peak,23
7600,AM Peak,14.8
7600,AM Peak,20.9
7600,AM Peak,20.8
7600,AM Peak,24.8
7600,AM Peak,20.5
7600,AM Peak,12.9
7600,AM Peak,9.7
7600,AM Peak,18.9
7600,AM Peak,14
7600,AM Peak,20.4
7600,AM Peak,17.6
7600,AM Peak,15.6
7600,AM Peak,13.9
7600,AM Peak,18.8
7600,AM Peak,17.4
7600,AM Peak,17.2
7600,AM Peak,7
7600,AM Peak,21.3
7600,AM Peak,15.8
7600,AM Peak,19.7
7600,AM Peak,22.2
7600,AM Peak,14.5
7600,AM Peak,14.8
7600,AM Peak,25.4
7600,AM Peak,10.2
7600,AM Peak,16.3
7600,AM Peak,22.3
7600,AM Peak,23.7
7600,AM Peak,19.9
7600,AM Peak,27.6
7600,PM Peak,24.6
7600,PM Peak,28
7600,PM Peak,18.3
7600,PM Peak,26
7600,PM Peak,20.7
7600,PM Peak,24.6
7600,PM Peak,22.3
7600,PM Peak,15.8
7600,PM Peak,25.4
7600,PM Peak,18.1
7600,PM Peak,13.5
7600,PM Peak,16.2
7600,PM Peak,12.9
7600,PM Peak,24.6
7600,PM Peak,22.1
7600,PM Peak,26.3
7600,PM Peak,28.6
7600,PM Peak,23.7
7600,PM Peak,22
7600,PM Peak,17.2
7600,PM Peak,30.5
7600,PM Peak,30.5
7600,PM Peak,15.8
7600,PM Peak,16.6
7600,PM Peak,21
7600,PM Peak,25.7
7600,PM Peak,23.9
7600,PM Peak,28
7600,PM Peak,13.8
7600,PM Peak,23.7
7600,PM Peak,32
7600,PM Peak,19.1
7600,PM Peak,26.5
7600,PM Peak,23.6
7600,PM Peak,29.3
7600,PM Peak,28.4
7600,PM Peak,25.3
7600,PM Peak,22.6
7600,PM Peak,17.4
7600,PM Peak,24.1
7600,PM Peak,27.5
7600,PM Peak,19.5
7600,PM Peak,20
7600,PM Peak,21.7
7600,PM Peak,23.4
7600,PM Peak,26.2
7600,PM Peak,12.6
7600,PM Peak,20.6
7600,PM Peak,19.4
7600,PM Peak,22
7600,PM Peak,15.1
7600,PM Peak,24.3
7600,PM Peak,20.1
7600,PM Peak,16.9
7600,PM Peak,17.4
7600,PM Peak,20.4
7600,PM Peak,30.1
7600,PM Peak,26.4
7600,PM Peak,27
7600,PM Peak,27.1
7600,PM Peak,27.8
7600,PM Peak,16
7600,PM Peak,29.4
7600,PM Peak,22.1
7600,PM Peak,20.6
7600,PM Peak,25.3
7600,PM Peak,8.4
7600,PM Peak,20.2
7600,PM Peak,22.5
7600,PM Peak,25.4
7600,PM Peak,23.9
7600,PM Peak,23.7
7600,PM Peak,19.3
7600,PM Peak,13.8
7600,PM Peak,25.8
7600,PM Peak,19.4
7600,PM Peak,28.6
7600,PM Peak,15.9
7600,PM Peak,15.9
7600,PM Peak,23.5
7600,PM Peak,11.1
7600,PM Peak,19.8
7600,PM Peak,23.5
7600,PM Peak,25.7
7600,PM Peak,25.4
7600,PM Peak,32.7
7600,PM Peak,28.8
7600,PM Peak,34.5
7600,PM Peak,25.1
7600,PM Peak,19.7
7600,PM Peak,21.1
7600,PM Peak,26.5
7600,PM Peak,16
7600,PM Peak,22.2
7600,PM Peak,23.4
7600,PM Peak,19
7600,PM Peak,23
7600,PM Peak,14.7
7600,PM Peak,32.3
7600,PM Peak,22.4
7600,PM Peak,24.2
7600,PM Peak,26
7600,PM Peak,19
7600,PM Peak,15
7600,PM Peak,28.7
7600,PM Peak,18
7600,PM Peak,26.3
7600,PM Peak,15.6
7600,PM Peak,26.5
7600,PM Peak,27.4
7600,PM Peak,20.3
7600,PM Peak,28.8
7600,PM Peak,23.9
7600,PM Peak,14
7600,PM Peak,13.9
7600,PM Peak,32
7600,PM Peak,22.8
7600,PM Peak,22.7
7600,PM Peak,25.7
7600,PM Peak,18.9
7600,PM Peak,17.4
7600,PM Peak,28.5
7600,PM Peak,20.7
7600,PM Peak,22.5
7600,PM Peak,27
7600,PM Peak,22.7
7600,PM Peak,23.9
7600,PM Peak,17.9
7600,PM Peak,17
7600,PM Peak,28.1
7600,PM Peak,21.5
7600,PM Peak,25.4
7600,PM Peak,22.2
7600,PM Peak,20.5
7600,PM Peak,25.2
7600,PM Peak,26.2
7600,PM Peak,28.8
7600,PM Peak,21.3
7600,PM Peak,21.4
7600,PM Peak,24.1
7600,PM Peak,19.8
7600,PM Peak,27.3
7600,PM Peak,17.6
7600,PM Peak,13.2
7600,PM Peak,22.7
7600,PM Peak,21.6
7600,PM Peak,19.9
7600,PM Peak,23
7600,PM Peak,17.6
7600,PM Peak,17.6
7600,PM Peak,15.5
7600,PM Peak,30.7
7600,PM Peak,19.1
7600,PM Peak,33.7
7600,PM Peak,29.2
7600,PM Peak,23
7600,PM Peak,24.9
7600,PM Peak,23.2
7600,PM Peak,23.7
7600,PM Peak,26.9
7600,PM Peak,26.7
7600,PM Peak,23.2
7600,PM Peak,25.4
7600,PM Peak,22
7600,PM Peak,10.8
7600,PM Peak,18
7600,PM Peak,18.5
7600,PM Peak,24.7
7600,PM Peak,22.4
7600,PM Peak,32.9
7600,PM Peak,25.8
7600,PM Peak,21.4
7600,PM Peak,24.4
7600,PM Peak,25.2
7600,PM Peak,31.2
7600,PM Peak,24.5
7600,PM Peak,14.9
7600,PM Peak,20.3
7600,PM Peak,13
7600,PM Peak,21.1
7600,PM Peak,20.6
7600,PM Peak,26.3
7600,PM Peak,15.1
7600,PM Peak,24
7600,PM Peak,25.1
7600,PM Peak,27.8
7600,PM Peak,16.6
7600,PM Peak,21.4
7600,PM Peak,25.8
7600,PM Peak,19.7
7600,PM Peak,23.2
7600,PM Peak,11.7
7600,PM Peak,15.1
7600,PM Peak,20.7
7600,PM Peak,20.2
7600,PM Peak,24.7
7600,PM Peak,24
7600,PM Peak,27.1
7600,PM Peak,26.3
7600,PM Peak,20.3
7600,PM Peak,20.1
7600,PM Peak,23.9
7600,PM Peak,23.6
7600,PM Peak,24.1
7600,PM Peak,27.4
7600,PM Peak,18.7
7600,PM Peak,23.7
7600,PM Peak,13.6
7600,PM Peak,20.6
7600,PM Peak,27.3
7600,PM Peak,27.4
7600,PM Peak,16.4
7600,PM Peak,33.3
7600,PM Peak,23
7600,PM Peak,19.2
7600,PM Peak,25
7600,PM Peak,17.3
7600,PM Peak,13.8
7600,PM Peak,29.1
7600,PM Peak,22.4
7600,PM Peak,10.5
7600,PM Peak,19.8
7600,PM Peak,13.4
7600,PM Peak,18.9
7600,PM Peak,20.9
7600,PM Peak,29.6
7600,PM Peak,19
7600,PM Peak,22.6
7600,PM Peak,23.1
7600,PM Peak,14.9
7600,PM Peak,17.2
7600,PM Peak,29.9
7600,PM Peak,20.9
7600,PM Peak,24.1
7600,PM Peak,19.4
7600,PM Peak,19.3
7600,PM Peak,19.4
7600,PM Peak,14.8
7600,PM Peak,15.6
7600,PM Peak,32.6
7600,PM Peak,22.3
7600,PM Peak,22.8
7600,PM Peak,22.2
7600,PM Peak,23.4
7600,PM Peak,24.4
7600,PM Peak,18.5
7600,PM Peak,32.5
7600,PM Peak,26.7
7600,PM Peak,28.4
7600,PM Peak,29.6
7600,PM Peak,12.7
7600,PM Peak,36.9
7600,PM Peak,17.8
7600,PM Peak,28.1
7600,PM Peak,22.3
7600,PM Peak,21.1
7600,PM Peak,16.5
7600,PM Peak,24.1
7600,PM Peak,20.3
7600,PM Peak,26.7
7600,PM Peak,18.9
7600,PM Peak,23.1
7600,PM Peak,22.8
7600,PM Peak,22.6
7600,PM Peak,17.4
7600,PM Peak,18.3
7600,PM Peak,14.1
7600,PM Peak,20.5
7600,PM Peak,23
7600,PM Peak,21.7
7600,PM Peak,18
7600,PM Peak,12.7
7600,PM Peak,16.1
7600,PM Peak,20.1
7600,PM Peak,17.7
7600,PM Peak,18.5
7600,PM Peak,22.9
7600,PM Peak,26.1
7600,PM Peak,20.4
7600,PM Peak,22.1
7600,PM Peak,17.9
7600,PM Peak,22.5
7600,PM Peak,22.9
7600,PM Peak,24.9
7600,PM Peak,24.8
7600,PM Peak,23.1
7600,PM Peak,32.8
7600,PM Peak,11.4
7600,PM Peak,22.9
7600,PM Peak,25.7
7600,PM Peak,10.6
7600,PM Peak,31.2
7600,PM Peak,26.9
7600,PM Peak,11.7
7600,PM Peak,27.4
7600,PM Peak,22.3
7600,PM Peak,11.1
7600,PM Peak,24.2
7600,PM Peak,24.4
7600,PM Peak,15.8
7600,PM Peak,27.4
7600,PM Peak,21.4
7600,PM Peak,24.4
7600,PM Peak,12.4
7600,PM Peak,22.3
7600,PM Peak,24.7
7600,PM Peak,23.6
7600,PM Peak,23.3
7600,PM Peak,23.8
7600,PM Peak,29.3
7600,PM Peak,9.7
7600,PM Peak,23.2
7600,PM Peak,24.5
7600,PM Peak,34.7
7600,PM Peak,21.9
7600,PM Peak,28.6
7600,PM Peak,24.1
7600,PM Peak,27.7
7600,PM Peak,10.9
7600,PM Peak,15.6
7600,PM Peak,23.3
7600,PM Peak,28.4
7600,PM Peak,29
7600,PM Peak,11.3
7600,PM Peak,26.7
7600,PM Peak,20.9
7600,PM Peak,28.9
7600,PM Peak,22.5
7600,PM Peak,24.9
7600,PM Peak,22
7600,PM Peak,24.3
7600,PM Peak,27.3
7600,PM Peak,27.1
7600,PM Peak,25.8
7600,PM Peak,14.7
7600,PM Peak,37.1
7600,PM Peak,31.5
7600,PM Peak,16
7600,PM Peak,23.5
7600,PM Peak,20
7600,PM Peak,36.8
7600,PM Peak,17.1
7600,PM Peak,20
7600,PM Peak,23.1
7600,PM Peak,25.3
7600,PM Peak,26.4
7600,PM Peak,32.9
7600,PM Peak,14.1
7600,PM Peak,17.9
7600,PM Peak,16.9
7600,PM Peak,13.2
7600,PM Peak,22.7
7600,PM Peak,22.4
7600,PM Peak,19.9
7600,PM Peak,17.3
7600,PM Peak,23.4
7600,PM Peak,12.1
7600,PM Peak,23
7600,PM Peak,21.7
7600,PM Peak,27.1
7600,PM Peak,19.6
7600,PM Peak,25.5
7600,PM Peak,25.5
7600,PM Peak,19.2
7600,PM Peak,19
7600,PM Peak,15.4
7600,PM Peak,29.6
7600,PM Peak,14.4
7600,PM Peak,24.4
7600,PM Peak,27.8
7600,PM Peak,27.4
7600,PM Peak,18.7
7600,PM Peak,23.9
7600,PM Peak,30.3
7600,PM Peak,23.6
7600,PM Peak,14.7
7600,PM Peak,25.6
7600,PM Peak,16.5
7600,PM Peak,15.5
7600,PM Peak,32.1
7600,PM Peak,27.1
7600,PM Peak,29.4
7600,PM Peak,29.3
7600,PM Peak,16.2
7600,PM Peak,23.6
7600,PM Peak,13.4
7600,PM Peak,16.5
7600,PM Peak,16.5
7600,PM Peak,17.2
7600,PM Peak,24.1
7600,PM Peak,24.5
7600,PM Peak,27.1
7600,PM Peak,27.6
7600,PM Peak,23
7600,PM Peak,21.8
7600,PM Peak,21.1
7600,PM Peak,21
7600,PM Peak,18.2
7600,PM Peak,23.3
7600,PM Peak,23.4
7600,PM Peak,20.3
7600,PM Peak,20.9
7600,PM Peak,26.2
7600,PM Peak,21.4
7600,PM Peak,31.5
7600,PM Peak,26.4
7600,PM Peak,24.1
7600,PM Peak,20.9
7600,PM Peak,16.6
7600,PM Peak,10
7600,PM Peak,27.8
7600,PM Peak,17.3
7600,PM Peak,23.9
7600,PM Peak,31.3
7600,PM Peak,13.9
7600,PM Peak,34.8
7600,PM Peak,21.3
7600,PM Peak,24.1
7600,PM Peak,21.7
7600,PM Peak,20.4
7600,PM Peak,18.5
7600,PM Peak,16.5
7600,PM Peak,17
7600,PM Peak,16.8
7600,PM Peak,14.4
7600,PM Peak,12.6
7600,PM Peak,28.4
7600,PM Peak,29.6
7600,PM Peak,18.7
7600,PM Peak,19.1
7600,PM Peak,27.1
7600,PM Peak,22.8
7600,PM Peak,19.6
7600,PM Peak,22.4
7600,PM Peak,29.4
7600,PM Peak,18.9
7600,PM Peak,20
7600,PM Peak,24
7600,PM Peak,28.2
7600,PM Peak,14
7600,PM Peak,14.5
7600,PM Peak,6
7600,PM Peak,22.5
7600,PM Peak,22.2
7600,PM Peak,31.1
7600,PM Peak,23.7
7600,PM Peak,12.4
7600,PM Peak,23.7
7600,PM Peak,27.9
7600,PM Peak,27.5
7600,PM Peak,27.7
7600,PM Peak,24.3
7600,PM Peak,30.3
7600,PM Peak,22.5
7600,PM Peak,27.3
7600,PM Peak,18
7600,PM Peak,19.8
7600,PM Peak,34.5
7600,PM Peak,17.1
7600,PM Peak,30
7600,PM Peak,23.5
7600,PM Peak,17.4
7600,PM Peak,31.1
7600,PM Peak,25.9
7600,PM Peak,20.1
7600,PM Peak,11.6
7600,PM Peak,29.2
7600,PM Peak,19.5
7600,PM Peak,30.3
7600,PM Peak,21
7600,PM Peak,24
7600,PM Peak,19.7
7600,PM Peak,28.7
7600,PM Peak,17
7600,PM Peak,20.3
7600,PM Peak,12.4
7600,PM Peak,23.9
7600,PM Peak,16.3
7600,PM Peak,25.3
7600,PM Peak,17.1
7600,PM Peak,26.3
7600,PM Peak,24.4
7600,PM Peak,19.7
7600,PM Peak,22.5
7600,PM Peak,18.2
7600,PM Peak,29.4
7600,PM Peak,25.4
7600,PM Peak,23.6
7600,PM Peak,25.9
7600,PM Peak,17.3
7600,PM Peak,13.5
7600,PM Peak,24.8
7600,PM Peak,26.2
7600,PM Peak,23.4
7600,PM Peak,25.9
7600,PM Peak,32.5
7600,PM Peak,25.7
7600,PM Peak,21.5
7600,PM Peak,14.9
7600,PM Peak,12.5
7604,AM Peak,11.7
7604,AM Peak,33
7604,AM Peak,23.6
7604,AM Peak,12.3
7604,AM Peak,4.5
7604,AM Peak,20.2
7604,AM Peak,21.3
7604,AM Peak,15.7
7604,AM Peak,17.4
7604,AM Peak,15.9
7604,AM Peak,22.7
7604,AM Peak,18.7
7604,AM Peak,18
7604,AM Peak,27.7
7604,AM Peak,32.7
7604,AM Peak,38.5
7604,AM Peak,12.3
7604,AM Peak,21.4
7604,AM Peak,29.5
7604,AM Peak,16.3
7604,AM Peak,31.6
7604,AM Peak,13.7
7604,AM Peak,3.6
7604,AM Peak,19.9
7604,AM Peak,35
7604,AM Peak,19.9
7604,AM Peak,36.7
7604,AM Peak,31.2
7604,AM Peak,23.2
7604,AM Peak,28.3
7604,AM Peak,23.7
7604,AM Peak,31.9
7604,AM Peak,32.9
7604,AM Peak,18.9
7604,AM Peak,22.6
7604,AM Peak,16.2
7604,AM Peak,21.7
7604,AM Peak,18.1
7604,AM Peak,24.1
7604,AM Peak,15.2
7604,AM Peak,22
7604,AM Peak,33.1
7604,AM Peak,41.6
7604,AM Peak,12
7604,AM Peak,16
7604,AM Peak,29.3
7604,AM Peak,17.5
7604,AM Peak,26.8
7604,AM Peak,20.2
7604,AM Peak,19.3
7604,AM Peak,19.7
7604,AM Peak,40.4
7604,AM Peak,17.6
7604,AM Peak,33.7
7604,AM Peak,20.7
7604,AM Peak,31
7604,AM Peak,41.6
7604,AM Peak,38.8
7604,AM Peak,20.1
7604,AM Peak,22.8
7604,AM Peak,18.5
7604,AM Peak,35
7604,AM Peak,18.8
7604,AM Peak,18.2
7604,AM Peak,19.9
7604,AM Peak,21.4
7604,AM Peak,19.2
7604,AM Peak,17.4
7604,AM Peak,23.7
7604,AM Peak,21.6
7604,AM Peak,34.9
7604,AM Peak,24.1
7604,AM Peak,22.7
7604,AM Peak,38.5
7604,AM Peak,9.2
7604,AM Peak,35.7
7604,AM Peak,31.8
7604,AM Peak,33.2
7604,AM Peak,13.8
7604,AM Peak,14.6
7604,AM Peak,31.3
7604,AM Peak,36.8
7604,AM Peak,40.6
7604,AM Peak,39.1
7604,AM Peak,36.1
7604,AM Peak,22.7
7604,AM Peak,4
7604,AM Peak,20.4
7604,AM Peak,12.9
7604,AM Peak,25.2
7604,AM Peak,36.4
7604,AM Peak,37.4
7604,AM Peak,20.4
7604,AM Peak,20.2
7604,AM Peak,18.9
7604,AM Peak,37.5
7604,AM Peak,36
7604,AM Peak,29.9
7604,AM Peak,13.9
7604,AM Peak,21.9
7604,AM Peak,34.3
7604,AM Peak,15.5
7604,AM Peak,20.3
7604,AM Peak,20.8
7604,AM Peak,17.3
7604,AM Peak,15.4
7604,AM Peak,36
7604,AM Peak,26.1
7604,AM Peak,13
7604,AM Peak,32.9
7604,AM Peak,23.7
7604,AM Peak,16
7604,AM Peak,23.2
7604,AM Peak,21.9
7604,AM Peak,35.3
7604,AM Peak,20.8
7604,AM Peak,20.6
7604,AM Peak,23.7
7604,AM Peak,34.8
7604,AM Peak,25
7604,AM Peak,19.4
7604,AM Peak,13.2
7604,AM Peak,17.7
7604,AM Peak,19.2
7604,AM Peak,14.7
7604,AM Peak,21.1
7604,AM Peak,17.1
7604,AM Peak,33.9
7604,AM Peak,12.5
7604,AM Peak,17
7604,AM Peak,36.7
7604,AM Peak,23.7
7604,AM Peak,15.2
7604,AM Peak,32.4
7604,AM Peak,34.7
7604,AM Peak,32.5
7604,AM Peak,20.4
7604,AM Peak,16.6
7604,AM Peak,18
7604,AM Peak,27.5
7604,AM Peak,21.4
7604,AM Peak,17.3
7604,AM Peak,35.2
7604,AM Peak,24.4
7604,AM Peak,37.3
7604,AM Peak,16.5
7604,AM Peak,23.3
7604,AM Peak,25.4
7604,AM Peak,23.1
7604,AM Peak,19.3
7604,AM Peak,16.1
7604,AM Peak,30.6
7604,AM Peak,17.4
7604,AM Peak,25
7604,AM Peak,31.9
7604,AM Peak,14.8
7604,AM Peak,22.7
7604,AM Peak,19.2
7604,AM Peak,34.5
7604,AM Peak,18.7
7604,AM Peak,23.3
7604,AM Peak,26.5
7604,AM Peak,29.9
7604,AM Peak,13.8
7604,AM Peak,15.1
7604,AM Peak,38.4
7604,AM Peak,35.8
7604,AM Peak,23.9
7604,AM Peak,35.7
7604,AM Peak,28.5
7604,AM Peak,21.1
7604,AM Peak,38.5
7604,AM Peak,14.6
7604,AM Peak,40.1
7604,AM Peak,19.7
7604,AM Peak,18.8
7604,AM Peak,27.5
7604,AM Peak,12.1
7604,AM Peak,35.9
7604,AM Peak,18.9
7604,AM Peak,18.9
7604,AM Peak,19.3
7604,AM Peak,40.5
7604,AM Peak,10.8
7604,AM Peak,38.3
7604,AM Peak,16.6
7604,AM Peak,34.4
7604,AM Peak,37.4
7604,AM Peak,10.9
7604,AM Peak,23.9
7604,AM Peak,17.8
7604,AM Peak,17.5
7604,AM Peak,17.4
7604,AM Peak,18.8
7604,AM Peak,35
7604,AM Peak,17.5
7604,AM Peak,39.4
7604,AM Peak,32
7604,AM Peak,17.6
7604,AM Peak,40.4
7604,AM Peak,23.4
7604,AM Peak,17.3
7604,AM Peak,34.2
7604,AM Peak,16.9
7604,AM Peak,12.7
7604,AM Peak,37.4
7604,AM Peak,14.4
7604,AM Peak,19.4
7604,AM Peak,20.2
7604,AM Peak,13
7604,AM Peak,34.6
7604,AM Peak,18
7604,AM Peak,17.4
7604,AM Peak,14.5
7604,AM Peak,21.4
7604,AM Peak,13.6
7604,AM Peak,32.4
7604,AM Peak,20.5
7604,AM Peak,22
7604,AM Peak,37.3
7604,AM Peak,36.3
7604,AM Peak,19.6
7604,AM Peak,19
7604,AM Peak,16.3
7604,AM Peak,37.2
7604,AM Peak,23.6
7604,AM Peak,19.8
7604,AM Peak,16.8
7604,AM Peak,39.1
7604,AM Peak,21.8
7604,AM Peak,18.3
7604,AM Peak,37.9
7604,AM Peak,39.9
7604,AM Peak,20.5
7604,AM Peak,17.5
7604,AM Peak,25.2
7604,AM Peak,17.9
7604,AM Peak,22.1
7604,AM Peak,18.1
7604,AM Peak,21.9
7604,AM Peak,15
7604,AM Peak,13.4
7604,AM Peak,17.5
7604,AM Peak,19.3
7604,AM Peak,18.2
7604,AM Peak,35
7604,AM Peak,13
7604,AM Peak,16.2
7604,AM Peak,19.4
7604,AM Peak,12
7604,AM Peak,3.6
7604,AM Peak,20.8
7604,AM Peak,16.1
7604,AM Peak,17.2
7604,AM Peak,25.3
7604,AM Peak,34.4
7604,AM Peak,17.2
7604,AM Peak,15.1
7604,AM Peak,14.7
7604,AM Peak,17.8
7604,AM Peak,30.4
7604,AM Peak,17.6
7604,AM Peak,14.8
7604,AM Peak,20
7604,AM Peak,28.6
7604,AM Peak,39.4
7604,AM Peak,20.4
7604,AM Peak,20.6
7604,AM Peak,22.8
7604,AM Peak,31.8
7604,AM Peak,20.2
7604,AM Peak,21.1
7604,AM Peak,38.5
7604,AM Peak,19.3
7604,AM Peak,23.2
7604,AM Peak,30.8
7604,AM Peak,39.7
7604,AM Peak,9.4
7604,AM Peak,29.4
7604,AM Peak,30.9
7604,AM Peak,22.4
7604,AM Peak,33.9
7604,AM Peak,17.5
7604,AM Peak,13.5
7604,AM Peak,25.2
7604,AM Peak,3.7
7604,AM Peak,20.9
7604,AM Peak,18.9
7604,AM Peak,35.8
7604,AM Peak,14.7
7604,AM Peak,35.4
7604,AM Peak,19
7604,AM Peak,14.6
7604,AM Peak,41
7604,AM Peak,17.7
7604,AM Peak,22.5
7604,AM Peak,19.7
7604,AM Peak,23.1
7604,AM Peak,21.5
7604,AM Peak,18.4
7604,AM Peak,16.2
7604,AM Peak,20.5
7604,AM Peak,36.2
7604,AM Peak,19
7604,AM Peak,28.5
7604,AM Peak,19.8
7604,AM Peak,10.5
7604,AM Peak,17.9
7604,AM Peak,17
7604,AM Peak,4.1
7604,AM Peak,29.2
7604,AM Peak,17.9
7604,AM Peak,15.5
7604,AM Peak,33.3
7604,AM Peak,23
7604,AM Peak,4.2
7604,AM Peak,21.6
7604,AM Peak,19.8
7604,AM Peak,14.4
7604,AM Peak,25.8
7604,AM Peak,19.7
7604,AM Peak,26.6
7604,AM Peak,24.7
7604,AM Peak,20.9
7604,AM Peak,33.4
7604,AM Peak,33.6
7604,AM Peak,19.9
7604,AM Peak,35.5
7604,AM Peak,39.1
7604,AM Peak,23.6
7604,AM Peak,35.5
7604,AM Peak,21.4
7604,AM Peak,20.3
7604,AM Peak,29.6
7604,AM Peak,14.7
7604,AM Peak,24.3
7604,AM Peak,33.7
7604,AM Peak,24.8
7604,AM Peak,17.9
7604,AM Peak,32.8
7604,AM Peak,21.3
7604,AM Peak,16.9
7604,AM Peak,38.3
7604,AM Peak,38.5
7604,AM Peak,27.8
7604,AM Peak,19.2
7604,AM Peak,21
7604,AM Peak,19
7604,AM Peak,21.2
7604,AM Peak,22.4
7604,AM Peak,38.4
7604,AM Peak,26
7604,AM Peak,39.9
7604,AM Peak,23.9
7604,AM Peak,16.3
7604,AM Peak,11.8
7604,AM Peak,16.9
7604,AM Peak,21.9
7604,AM Peak,13.7
7604,AM Peak,22.1
7604,AM Peak,30.6
7604,AM Peak,18.3
7604,AM Peak,12.9
7604,AM Peak,23.1
7604,AM Peak,12.9
7604,AM Peak,20.2
7604,AM Peak,33.7
7604,AM Peak,31
7604,AM Peak,15.7
7604,AM Peak,26.4
7604,AM Peak,19.3
7604,AM Peak,29.3
7604,AM Peak,21.1
7604,AM Peak,22.8
7604,AM Peak,18
7604,AM Peak,13
7604,AM Peak,32.9
7604,AM Peak,21.6
7604,AM Peak,35.7
7604,AM Peak,21.6
7604,AM Peak,29.2
7604,AM Peak,28.2
7604,AM Peak,20.7
7604,AM Peak,20.7
7604,AM Peak,10.8
7604,AM Peak,11.5
7604,AM Peak,27.5
7604,AM Peak,14.8
7604,AM Peak,24.4
7604,AM Peak,18.6
7604,AM Peak,13.8
7604,AM Peak,28.2
7604,AM Peak,21.3
7604,AM Peak,17.7
7604,AM Peak,35
7604,AM Peak,22.5
7604,AM Peak,16.1
7604,AM Peak,24
7604,AM Peak,33.3
7604,AM Peak,14.7
7604,AM Peak,31.8
7604,AM Peak,38.5
7604,AM Peak,27.6
7604,AM Peak,24
7604,AM Peak,35.3
7604,AM Peak,11.2
7604,AM Peak,37.3
7604,AM Peak,21.8
7604,AM Peak,18.1
7604,AM Peak,19.1
7604,AM Peak,36.9
7604,AM Peak,14.8
7604,AM Peak,10.9
7604,AM Peak,3.5
7604,AM Peak,18.3
7604,AM Peak,36.9
7604,AM Peak,32.1
7604,AM Peak,32.6
7604,AM Peak,20.7
7604,AM Peak,22.5
7604,AM Peak,16.9
7604,AM Peak,22.2
7604,AM Peak,15.7
7604,AM Peak,37
7604,AM Peak,21.5
7604,AM Peak,27.5
7604,AM Peak,11.5
7604,AM Peak,41.6
7604,AM Peak,26.4
7604,AM Peak,18.4
7604,AM Peak,21.2
7604,AM Peak,28.5
7604,AM Peak,22
7604,AM Peak,23.8
7604,AM Peak,17.7
7604,AM Peak,17.8
7604,AM Peak,35.1
7604,AM Peak,17.8
7604,AM Peak,34.1
7604,AM Peak,20.1
7604,AM Peak,20.5
7604,AM Peak,28.6
7604,AM Peak,15.1
7604,AM Peak,20.9
7604,AM Peak,32.4
7604,AM Peak,14.2
7604,AM Peak,23.1
7604,AM Peak,36.6
7604,AM Peak,31.1
7604,AM Peak,15.8
7604,AM Peak,22.9
7604,AM Peak,18.4
7604,AM Peak,14.5
7604,AM Peak,35.6
7604,AM Peak,27.8
7604,AM Peak,33.9
7604,AM Peak,25.6
7604,AM Peak,22.9
7604,AM Peak,12.4
7604,AM Peak,21.4
7604,AM Peak,27.6
7604,AM Peak,20.6
7604,AM Peak,24.3
7604,AM Peak,25.5
7604,AM Peak,34.7
7604,AM Peak,35.3
7604,AM Peak,18.5
7604,AM Peak,16.3
7604,AM Peak,20.7
7604,AM Peak,22.7
7604,AM Peak,20.9
7604,AM Peak,22
7604,AM Peak,18.8
7604,AM Peak,22.5
7604,AM Peak,20.2
7604,AM Peak,21.9
7604,AM Peak,23.8
7604,AM Peak,17.9
7604,AM Peak,9.8
7604,AM Peak,12.9
7604,AM Peak,23.6
7604,AM Peak,17.8
7604,AM Peak,21.6
7604,AM Peak,24
7604,AM Peak,18.2
7604,AM Peak,14.6
7604,AM Peak,25.3
7604,AM Peak,16.1
7604,AM Peak,40.6
7604,AM Peak,16.3
7604,AM Peak,34.7
7604,AM Peak,36.5
7604,AM Peak,19.4
7604,AM Peak,43.1
7604,AM Peak,28.9
7604,AM Peak,15.1
7604,AM Peak,38.3
7604,AM Peak,11.8
7604,AM Peak,14.5
7604,AM Peak,17.7
7604,PM Peak,21.9
7604,PM Peak,30.7
7604,PM Peak,36
7604,PM Peak,21.4
7604,PM Peak,40.2
7604,PM Peak,19.9
7604,PM Peak,26.5
7604,PM Peak,39.3
7604,PM Peak,35.7
7604,PM Peak,16.6
7604,PM Peak,40.8
7604,PM Peak,22.9
7604,PM Peak,12.8
7604,PM Peak,28.2
7604,PM Peak,34.3
7604,PM Peak,36.7
7604,PM Peak,21.7
7604,PM Peak,37
7604,PM Peak,19.1
7604,PM Peak,12.3
7604,PM Peak,13.9
7604,PM Peak,36.9
7604,PM Peak,32.6
7604,PM Peak,14.1
7604,PM Peak,36.5
7604,PM Peak,38.7
7604,PM Peak,34.5
7604,PM Peak,22.4
7604,PM Peak,18.3
7604,PM Peak,21.6
7604,PM Peak,19.2
7604,PM Peak,34.8
7604,PM Peak,21.5
7604,PM Peak,15.5
7604,PM Peak,27
7604,PM Peak,43.5
7604,PM Peak,34.7
7604,PM Peak,27.1
7604,PM Peak,36.5
7604,PM Peak,35.9
7604,PM Peak,20.9
7604,PM Peak,12.8
7604,PM Peak,32.5
7604,PM Peak,39.8
7604,PM Peak,27.1
7604,PM Peak,37.4
7604,PM Peak,36.9
7604,PM Peak,35.3
7604,PM Peak,11.2
7604,PM Peak,35.4
7604,PM Peak,38.9
7604,PM Peak,21.8
7604,PM Peak,35.6
7604,PM Peak,37.3
7604,PM Peak,26.3
7604,PM Peak,39.4
7604,PM Peak,15.3
7604,PM Peak,38.5
7604,PM Peak,34.8
7604,PM Peak,18.3
7604,PM Peak,31.8
7604,PM Peak,15.3
7604,PM Peak,9.5
7604,PM Peak,33.2
7604,PM Peak,31.2
7604,PM Peak,34.8
7604,PM Peak,12
7604,PM Peak,47.3
7604,PM Peak,7.3
7604,PM Peak,16.1
7604,PM Peak,40.9
7604,PM Peak,44.3
7604,PM Peak,19.1
7604,PM Peak,39.3
7604,PM Peak,34.5
7604,PM Peak,18.6
7604,PM Peak,26.1
7604,PM Peak,30.7
7604,PM Peak,40.5
7604,PM Peak,35.7
7604,PM Peak,20.9
7604,PM Peak,25.4
7604,PM Peak,34.6
7604,PM Peak,15.7
7604,PM Peak,35.5
7604,PM Peak,21.1
7604,PM Peak,13.8
7604,PM Peak,16.1
7604,PM Peak,13.9
7604,PM Peak,34
7604,PM Peak,17.7
7604,PM Peak,36
7604,PM Peak,34.9
7604,PM Peak,33.1
7604,PM Peak,38
7604,PM Peak,33
7604,PM Peak,22.3
7604,PM Peak,17.5
7604,PM Peak,16.7
7604,PM Peak,22.1
7604,PM Peak,39.6
7604,PM Peak,38.5
7604,PM Peak,11.7
7604,PM Peak,11.6
7604,PM Peak,33.9
7604,PM Peak,37.6
7604,PM Peak,34.9
7604,PM Peak,36.7
7604,PM Peak,36.6
7604,PM Peak,11.9
7604,PM Peak,12.5
7604,PM Peak,17.6
7604,PM Peak,38.2
7604,PM Peak,35.6
7604,PM Peak,37.4
7604,PM Peak,32.4
7604,PM Peak,35.7
7604,PM Peak,38
7604,PM Peak,30.4
7604,PM Peak,19.3
7604,PM Peak,27
7604,PM Peak,35.4
7604,PM Peak,34.1
7604,PM Peak,35.3
7604,PM Peak,25.9
7604,PM Peak,11.5
7604,PM Peak,27.3
7604,PM Peak,37.9
7604,PM Peak,42.3
7604,PM Peak,13.5
7604,PM Peak,39.7
7604,PM Peak,39
7604,PM Peak,35.3
7604,PM Peak,37.3
7604,PM Peak,25.1
7604,PM Peak,36.2
7604,PM Peak,21.1
7604,PM Peak,18.4
7604,PM Peak,20.3
7604,PM Peak,34.6
7604,PM Peak,41.8
7604,PM Peak,41.3
7604,PM Peak,17.2
7604,PM Peak,35.1
7604,PM Peak,38.8
7604,PM Peak,37.4
7604,PM Peak,15
7604,PM Peak,35.6
7604,PM Peak,4.2
7604,PM Peak,39.8
7604,PM Peak,35.9
7604,PM Peak,39.5
7604,PM Peak,40.3
7604,PM Peak,42.3
7604,PM Peak,16.3
7604,PM Peak,25.1
7604,PM Peak,35.5
7604,PM Peak,41.5
7604,PM Peak,31.8
7604,PM Peak,13.4
7604,PM Peak,15.5
7604,PM Peak,36.5
7604,PM Peak,28.2
7604,PM Peak,34.7
7604,PM Peak,37.4
7604,PM Peak,25.3
7604,PM Peak,24.4
7604,PM Peak,23.7
7604,PM Peak,35.5
7604,PM Peak,29.8
7604,PM Peak,32
7604,PM Peak,22.8
7604,PM Peak,18.9
7604,PM Peak,32.6
7604,PM Peak,35.2
7604,PM Peak,32.4
7604,PM Peak,24.6
7604,PM Peak,37.6
7604,PM Peak,31.6
7604,PM Peak,27.1
7604,PM Peak,36
7604,PM Peak,40.4
7604,PM Peak,14.6
7604,PM Peak,31.2
7604,PM Peak,12.4
7604,PM Peak,31
7604,PM Peak,40.5
7604,PM Peak,33.9
7604,PM Peak,13.4
7604,PM Peak,9.8
7604,PM Peak,32.3
7604,PM Peak,21.1
7604,PM Peak,37.2
7604,PM Peak,36.1
7604,PM Peak,39.9
7604,PM Peak,12.9
7604,PM Peak,35.7
7604,PM Peak,31.7
7604,PM Peak,16.9
7604,PM Peak,16.8
7604,PM Peak,19.4
7604,PM Peak,22.1
7604,PM Peak,29.8
7604,PM Peak,38.3
7604,PM Peak,24
7604,PM Peak,34
7604,PM Peak,16
7604,PM Peak,33
7604,PM Peak,20.3
7604,PM Peak,30
7604,PM Peak,34.3
7604,PM Peak,9.3
7604,PM Peak,39.3
7604,PM Peak,29.2
7604,PM Peak,38.2
7604,PM Peak,41.2
7604,PM Peak,28.5
7604,PM Peak,39
7604,PM Peak,37.5
7604,PM Peak,39.7
7604,PM Peak,30
7604,PM Peak,38.2
7604,PM Peak,31.3
7604,PM Peak,39.7
7604,PM Peak,22
7604,PM Peak,32.6
7604,PM Peak,22
7604,PM Peak,38.6
7604,PM Peak,38.6
7604,PM Peak,38.2
7604,PM Peak,37.5
7604,PM Peak,37.2
7604,PM Peak,35.9
7604,PM Peak,9
7604,PM Peak,37.1
7604,PM Peak,40.1
7604,PM Peak,8.4
7604,PM Peak,38
7604,PM Peak,38.1
7604,PM Peak,33.9
7604,PM Peak,22.4
7604,PM Peak,37.4
7604,PM Peak,37.7
7604,PM Peak,15.2
7604,PM Peak,20.3
7604,PM Peak,24.3
7604,PM Peak,37.9
7604,PM Peak,10.3
7604,PM Peak,35.3
7604,PM Peak,29.5
7604,PM Peak,40.3
7604,PM Peak,21
7604,PM Peak,22.1
7604,PM Peak,23.9
7604,PM Peak,21.4
7604,PM Peak,12.5
7604,PM Peak,39.3
7604,PM Peak,34.3
7604,PM Peak,22.8
7604,PM Peak,13.7
7604,PM Peak,40.2
7604,PM Peak,19.5
7604,PM Peak,20.8
7604,PM Peak,15.1
7604,PM Peak,25.9
7604,PM Peak,43.3
7604,PM Peak,35.6
7604,PM Peak,33.8
7604,PM Peak,14.7
7604,PM Peak,12.3
7604,PM Peak,37.1
7604,PM Peak,3.5
7604,PM Peak,20
7604,PM Peak,40.8
7604,PM Peak,37.3
7604,PM Peak,16.2
7604,PM Peak,34.6
7604,PM Peak,36.5
7604,PM Peak,41.7
7604,PM Peak,15
7604,PM Peak,24.8
7604,PM Peak,23.1
7604,PM Peak,31.8
7604,PM Peak,18.2
7604,PM Peak,20.9
7604,PM Peak,27.3
7604,PM Peak,12.7
7604,PM Peak,18.1
7604,PM Peak,15
7604,PM Peak,18.4
7604,PM Peak,37.9
7604,PM Peak,35.8
7604,PM Peak,40
7604,PM Peak,32.7
7604,PM Peak,27.7
7604,PM Peak,22.9
7604,PM Peak,18.1
7604,PM Peak,18.9
7604,PM Peak,39.3
7604,PM Peak,37.1
7604,PM Peak,37.1
7604,PM Peak,22.5
7604,PM Peak,42.2
7604,PM Peak,16
7604,PM Peak,33.4
7604,PM Peak,41.9
7604,PM Peak,8.8
7604,PM Peak,37
7604,PM Peak,29.4
7604,PM Peak,23.4
7604,PM Peak,35.9
7604,PM Peak,37.8
7604,PM Peak,37.4
7604,PM Peak,37.7
7604,PM Peak,32.8
7604,PM Peak,24.1
7604,PM Peak,37.3
7604,PM Peak,33.4
7604,PM Peak,39
7604,PM Peak,18.7
7604,PM Peak,39.9
7604,PM Peak,37.2
7604,PM Peak,36
7604,PM Peak,18
7604,PM Peak,16.5
7604,PM Peak,32
7604,PM Peak,38.9
7604,PM Peak,37.2
7604,PM Peak,15.1
7604,PM Peak,14.4
7604,PM Peak,26.7
7604,PM Peak,27.2
7604,PM Peak,11.9
7604,PM Peak,14.4
7604,PM Peak,13.5
7604,PM Peak,36.6
7604,PM Peak,35.9
7604,PM Peak,25.7
7604,PM Peak,36
7604,PM Peak,28.4
7604,PM Peak,33.8
7604,PM Peak,34.4
7604,PM Peak,18.8
7604,PM Peak,35.4
7604,PM Peak,15.8
7604,PM Peak,14.4
7604,PM Peak,15.6
7604,PM Peak,11
7604,PM Peak,23.5
7604,PM Peak,37.4
7604,PM Peak,22.8
7604,PM Peak,39
7604,PM Peak,13.8
7604,PM Peak,18.5
7604,PM Peak,44.6
7604,PM Peak,23.1
7604,PM Peak,15.7
7604,PM Peak,36.1
7604,PM Peak,17.5
7604,PM Peak,39.8
7604,PM Peak,10.6
7604,PM Peak,39.5
7604,PM Peak,16.2
7604,PM Peak,13.3
7604,PM Peak,23.4
7604,PM Peak,16.9
7604,PM Peak,30.2
7604,PM Peak,44.6
7604,PM Peak,29.2
7604,PM Peak,36.8
7604,PM Peak,29.5
7604,PM Peak,14.6
7604,PM Peak,37.1
7604,PM Peak,25
7604,PM Peak,38
7604,PM Peak,21.6
7604,PM Peak,38.7
7604,PM Peak,34.7
7604,PM Peak,36.8
7604,PM Peak,35.2
7604,PM Peak,43.3
7604,PM Peak,20.9
7604,PM Peak,21.1
7604,PM Peak,24.3
7604,PM Peak,36.7
7604,PM Peak,37.2
7604,PM Peak,39.4
7604,PM Peak,33.5
7604,PM Peak,39.2
7604,PM Peak,4.3
7604,PM Peak,41.5
7604,PM Peak,24.6
7604,PM Peak,18.6
7604,PM Peak,39.1
7604,PM Peak,39.2
7604,PM Peak,37.1
7604,PM Peak,28.1
7604,PM Peak,35.8
7604,PM Peak,16.2
7604,PM Peak,18
7604,PM Peak,19.2
7604,PM Peak,18.7
7604,PM Peak,11.9
7604,PM Peak,33.2
7604,PM Peak,14.9
7604,PM Peak,29.9
7604,PM Peak,36
7604,PM Peak,40.7
7604,PM Peak,18.4
7604,PM Peak,41.7
7604,PM Peak,13.8
7604,PM Peak,29.6
7604,PM Peak,30.9
7604,PM Peak,38.9
7604,PM Peak,35.8
7604,PM Peak,40.2
7604,PM Peak,18.7
7604,PM Peak,19.6
7604,PM Peak,26.8
7604,PM Peak,40.4
7604,PM Peak,31.8
7604,PM Peak,35.5
7604,PM Peak,18.7
7604,PM Peak,38.5
7604,PM Peak,10.6
7604,PM Peak,19.1
7604,PM Peak,22.4
7604,PM Peak,34.8
7604,PM Peak,20.2
7604,PM Peak,19.7
7604,PM Peak,19.5
7604,PM Peak,39.3
7604,PM Peak,19.4
7604,PM Peak,19.9
7604,PM Peak,37.8
7604,PM Peak,39.4
7604,PM Peak,22.6
7604,PM Peak,10.1
7604,PM Peak,13.4
7604,PM Peak,36.2
7604,PM Peak,19.2
7604,PM Peak,19.7
7604,PM Peak,39.2
7604,PM Peak,21.6
7604,PM Peak,22.7
7604,PM Peak,22.1
7604,PM Peak,16.5
7604,PM Peak,31.5
7604,PM Peak,41.5
7604,PM Peak,11.2
7604,PM Peak,20.1
7604,PM Peak,21.8
7604,PM Peak,42.6
7604,PM Peak,24.5
7604,PM Peak,39.1
7604,PM Peak,34.6
7604,PM Peak,34.2
7604,PM Peak,15.7
7604,PM Peak,28.9
7604,PM Peak,24.5
7604,PM Peak,37.8
7604,PM Peak,27.3
7604,PM Peak,40.1
7604,PM Peak,42.3
7604,PM Peak,27.8
7604,PM Peak,9.1
7604,PM Peak,41.2
7604,PM Peak,37.4
7604,PM Peak,35.9
7604,PM Peak,35.2
7604,PM Peak,32.6
7604,PM Peak,30.8
7604,PM Peak,35.4
7604,PM Peak,38.6
7604,PM Peak,31.1
7604,PM Peak,23
7604,PM Peak,36.2
7604,PM Peak,32.3
7604,PM Peak,29.4
7604,PM Peak,15.3
7604,PM Peak,20.7
7604,PM Peak,42.1
7604,PM Peak,19.6
7604,PM Peak,11.8
7604,PM Peak,32.3
7604,PM Peak,39.8
7604,PM Peak,7.9
7604,PM Peak,29.9
7604,PM Peak,39.8
7604,PM Peak,35.7
7604,PM Peak,35.2
7604,PM Peak,15.6
7604,PM Peak,39.2
7604,PM Peak,21.1
7604,PM Peak,33.1
7604,PM Peak,39.7
7604,PM Peak,45.3
7604,PM Peak,12.1
7604,PM Peak,36
7604,PM Peak,37.6
8172,AM Peak,21.9
8172,AM Peak,17.8
8172,AM Peak,11.1
8172,AM Peak,12.8
8172,AM Peak,23.5
8172,AM Peak,23.1
8172,AM Peak,20.1
8172,AM Peak,16.3
8172,AM Peak,11.5
8172,AM Peak,17.1
8172,AM Peak,8.7
8172,AM Peak,11.2
8172,AM Peak,17.6
8172,AM Peak,18.5
8172,AM Peak,16.6
8172,AM Peak,13.1
8172,AM Peak,24.8
8172,AM Peak,14
8172,AM Peak,13.8
8172,AM Peak,13.9
8172,AM Peak,11.1
8172,AM Peak,24.9
8172,AM Peak,9.8
8172,AM Peak,24.1
8172,AM Peak,13.6
8172,AM Peak,20.2
8172,AM Peak,20.1
8172,AM Peak,15.6
8172,AM Peak,14.7
8172,AM Peak,12.6
8172,AM Peak,6.9
8172,AM Peak,18.4
8172,AM Peak,14.4
8172,AM Peak,25.4
8172,AM Peak,4.8
8172,AM Peak,18.1
8172,AM Peak,11.8
8172,AM Peak,12
8172,AM Peak,18.5
8172,AM Peak,21
8172,AM Peak,23.9
8172,AM Peak,24.5
8172,AM Peak,12.7
8172,AM Peak,16.8
8172,AM Peak,15.5
8172,AM Peak,25.6
8172,AM Peak,11.6
8172,AM Peak,12.4
8172,AM Peak,17.2
8172,AM Peak,24.6
8172,AM Peak,16.4
8172,AM Peak,17.9
8172,AM Peak,27.3
8172,AM Peak,24.2
8172,AM Peak,25.9
8172,AM Peak,14.2
8172,AM Peak,14.6
8172,AM Peak,28.6
8172,AM Peak,16.9
8172,AM Peak,13.3
8172,AM Peak,17.3
8172,AM Peak,23
8172,AM Peak,22.8
8172,AM Peak,13.4
8172,AM Peak,18.4
8172,AM Peak,15.8
8172,AM Peak,30
8172,AM Peak,6.6
8172,AM Peak,20.3
8172,AM Peak,11.6
8172,AM Peak,29.9
8172,AM Peak,11.6
8172,AM Peak,15.4
8172,AM Peak,24.4
8172,AM Peak,21.6
8172,AM Peak,26.4
8172,AM Peak,23.7
8172,AM Peak,22.3
8172,AM Peak,20.8
8172,AM Peak,18.3
8172,AM Peak,13.9
8172,AM Peak,16.7
8172,AM Peak,6
8172,AM Peak,14.4
8172,AM Peak,28.7
8172,AM Peak,13.1
8172,AM Peak,23.4
8172,AM Peak,12.8
8172,AM Peak,12.7
8172,AM Peak,13.2
8172,AM Peak,10.9
8172,AM Peak,16.4
8172,AM Peak,9
8172,AM Peak,13.9
8172,AM Peak,20.4
8172,AM Peak,24.6
8172,AM Peak,13
8172,AM Peak,29.3
8172,AM Peak,9.6
8172,AM Peak,23
8172,AM Peak,10.7
8172,AM Peak,12.6
8172,AM Peak,16.4
8172,AM Peak,15.5
8172,AM Peak,17.3
8172,AM Peak,19
8172,AM Peak,15.7
8172,AM Peak,20.1
8172,AM Peak,12.2
8172,AM Peak,20.2
8172,AM Peak,20.4
8172,AM Peak,10.8
8172,AM Peak,23.3
8172,AM Peak,18.3
8172,AM Peak,14.4
8172,AM Peak,22.3
8172,AM Peak,10.9
8172,AM Peak,26.8
8172,AM Peak,20.7
8172,AM Peak,11.4
8172,AM Peak,28.5
8172,AM Peak,19.9
8172,AM Peak,13.1
8172,AM Peak,19.5
8172,AM Peak,17.4
8172,AM Peak,19.8
8172,AM Peak,14.6
8172,AM Peak,11.7
8172,AM Peak,16.2
8172,AM Peak,9
8172,AM Peak,12.5
8172,AM Peak,21.9
8172,AM Peak,12.2
8172,AM Peak,13.3
8172,AM Peak,14.6
8172,AM Peak,14.1
8172,AM Peak,9.9
8172,AM Peak,22.3
8172,AM Peak,14.1
8172,AM Peak,15.2
8172,AM Peak,28.1
8172,AM Peak,25.2
8172,AM Peak,22.2
8172,AM Peak,11.5
8172,AM Peak,22.9
8172,AM Peak,19
8172,AM Peak,29.4
8172,AM Peak,14.5
8172,AM Peak,16.3
8172,AM Peak,21.6
8172,AM Peak,36.2
8172,AM Peak,11.2
8172,AM Peak,19
8172,AM Peak,22.3
8172,AM Peak,19.1
8172,AM Peak,11.5
8172,AM Peak,9
8172,AM Peak,26.2
8172,AM Peak,17.1
8172,AM Peak,19.3
8172,AM Peak,13.3
8172,AM Peak,19.7
8172,AM Peak,13.4
8172,AM Peak,16.4
8172,AM Peak,23.8
8172,AM Peak,17.3
8172,AM Peak,13.2
8172,AM Peak,28.7
8172,AM Peak,11.9
8172,AM Peak,12.3
8172,AM Peak,23.6
8172,AM Peak,13.1
8172,AM Peak,31.1
8172,AM Peak,33
8172,AM Peak,26.1
8172,AM Peak,5.3
8172,AM Peak,14.5
8172,AM Peak,24.3
8172,AM Peak,28.5
8172,AM Peak,29.7
8172,AM Peak,22
8172,AM Peak,21
8172,AM Peak,22.5
8172,AM Peak,12
8172,AM Peak,13.1
8172,AM Peak,30.3
8172,AM Peak,12.2
8172,AM Peak,19
8172,AM Peak,21.9
8172,AM Peak,22.6
8172,AM Peak,21.9
8172,AM Peak,16.9
8172,AM Peak,11.6
8172,AM Peak,25.6
8172,AM Peak,20.5
8172,AM Peak,23.5
8172,AM Peak,29.5
8172,AM Peak,19.2
8172,AM Peak,15.5
8172,AM Peak,23.3
8172,AM Peak,24
8172,AM Peak,30.6
8172,AM Peak,14.2
8172,AM Peak,7
8172,AM Peak,13
8172,AM Peak,16
8172,AM Peak,22.1
8172,AM Peak,16.3
8172,AM Peak,29.1
8172,AM Peak,24.4
8172,AM Peak,13.9
8172,AM Peak,27.9
8172,AM Peak,12.8
8172,AM Peak,21
8172,AM Peak,35.2
8172,AM Peak,12.4
8172,AM Peak,18.4
8172,AM Peak,12.8
8172,AM Peak,10.8
8172,AM Peak,28.7
8172,AM Peak,10.3
8172,AM Peak,14.3
8172,AM Peak,8.2
8172,AM Peak,13.7
8172,AM Peak,8.6
8172,AM Peak,19.4
8172,AM Peak,22.5
8172,AM Peak,12.7
8172,AM Peak,7.8
8172,AM Peak,22.7
8172,AM Peak,18
8172,AM Peak,19
8172,AM Peak,15.1
8172,AM Peak,29.1
8172,AM Peak,26.9
8172,AM Peak,19.3
8172,AM Peak,15.1
8172,AM Peak,17.2
8172,AM Peak,19.7
8172,AM Peak,15.1
8172,AM Peak,19.1
8172,AM Peak,16.2
8172,AM Peak,11.9
8172,AM Peak,21.5
8172,AM Peak,27.8
8172,AM Peak,6.2
8172,AM Peak,26.4
8172,AM Peak,6.4
8172,AM Peak,12.8
8172,AM Peak,13
8172,AM Peak,32.6
8172,AM Peak,10.9
8172,AM Peak,13.3
8172,AM Peak,22
8172,AM Peak,21.4
8172,AM Peak,16.1
8172,AM Peak,13.9
8172,AM Peak,16.6
8172,AM Peak,23.4
8172,AM Peak,20.8
8172,AM Peak,25.8
8172,AM Peak,22.5
8172,AM Peak,3.2
8172,AM Peak,28
8172,AM Peak,6.3
8172,AM Peak,13.9
8172,AM Peak,29.1
8172,AM Peak,15.2
8172,AM Peak,14.7
8172,AM Peak,10.2
8172,AM Peak,10.3
8172,AM Peak,13.1
8172,AM Peak,22.5
8172,AM Peak,4.4
8172,AM Peak,18.7
8172,AM Peak,14
8172,AM Peak,11.9
8172,AM Peak,18.6
8172,AM Peak,21.9
8172,AM Peak,14.7
8172,AM Peak,8.3
8172,AM Peak,15.4
8172,AM Peak,24.8
8172,AM Peak,12.2
8172,AM Peak,18.7
8172,AM Peak,32
8172,AM Peak,19.3
8172,AM Peak,15.7
8172,AM Peak,22.3
8172,AM Peak,15.6
8172,AM Peak,16
8172,AM Peak,22.9
8172,AM Peak,16.4
8172,AM Peak,11.8
8172,AM Peak,15.3
8172,AM Peak,7.3
8172,AM Peak,12.9
8172,AM Peak,12.9
8172,AM Peak,30.9
8172,AM Peak,23.6
8172,AM Peak,19.7
8172,AM Peak,22.6
8172,AM Peak,11.4
8172,AM Peak,8.9
8172,AM Peak,22.6
8172,AM Peak,19.9
8172,AM Peak,14.3
8172,AM Peak,25.1
8172,AM Peak,27.3
8172,AM Peak,20.4
8172,AM Peak,10.1
8172,AM Peak,22.8
8172,AM Peak,23.4
8172,AM Peak,18.4
8172,AM Peak,22.2
8172,AM Peak,22.9
8172,AM Peak,24.6
8172,AM Peak,21.6
8172,AM Peak,17.9
8172,AM Peak,12
8172,AM Peak,13
8172,AM Peak,26.6
8172,AM Peak,25.1
8172,AM Peak,12
8172,AM Peak,12.9
8172,AM Peak,20
8172,AM Peak,13.7
8172,AM Peak,12.5
8172,AM Peak,10.5
8172,AM Peak,22.5
8172,AM Peak,25.9
8172,AM Peak,24.3
8172,AM Peak,27.3
8172,AM Peak,15.9
8172,AM Peak,23.7
8172,AM Peak,26.8
8172,AM Peak,19.2
8172,AM Peak,29.4
8172,AM Peak,29.9
8172,AM Peak,8.3
8172,AM Peak,24.1
8172,AM Peak,18.4
8172,AM Peak,11.8
8172,AM Peak,10
8172,AM Peak,22.4
8172,AM Peak,13.9
8172,AM Peak,23.2
8172,AM Peak,17
8172,AM Peak,29.6
8172,AM Peak,3.5
8172,AM Peak,22.7
8172,AM Peak,20.8
8172,AM Peak,25.7
8172,AM Peak,11.4
8172,AM Peak,11.1
8172,AM Peak,14.6
8172,AM Peak,30.8
8172,AM Peak,15.7
8172,AM Peak,5.2
8172,AM Peak,11.4
8172,AM Peak,16.5
8172,AM Peak,22.3
8172,AM Peak,11.6
8172,AM Peak,18.5
8172,AM Peak,23.2
8172,AM Peak,23.9
8172,AM Peak,12.9
8172,AM Peak,28.9
8172,AM Peak,21.4
8172,AM Peak,16.1
8172,AM Peak,15.3
8172,AM Peak,17.1
8172,AM Peak,23.8
8172,AM Peak,7.2
8172,AM Peak,11.8
8172,AM Peak,11.1
8172,AM Peak,19.5
8172,AM Peak,14
8172,AM Peak,7.2
8172,AM Peak,16.4
8172,AM Peak,15.7
8172,AM Peak,2.7
8172,AM Peak,16.8
8172,AM Peak,23.7
8172,AM Peak,12.9
8172,AM Peak,28.1
8172,AM Peak,22.2
8172,AM Peak,8.9
8172,AM Peak,14.2
8172,AM Peak,19
8172,AM Peak,12
8172,AM Peak,23.1
8172,AM Peak,30
8172,AM Peak,9.5
8172,AM Peak,22.8
8172,AM Peak,26.6
8172,AM Peak,21.3
8172,AM Peak,21.4
8172,AM Peak,24.9
8172,AM Peak,17.7
8172,AM Peak,30.3
8172,AM Peak,17.1
8172,AM Peak,14.8
8172,AM Peak,12.1
8172,AM Peak,11.1
8172,AM Peak,22
8172,AM Peak,19.5
8172,AM Peak,17.7
8172,AM Peak,28.6
8172,AM Peak,13.4
8172,AM Peak,16.8
8172,AM Peak,17.1
8172,AM Peak,15.1
8172,AM Peak,15.4
8172,AM Peak,15.8
8172,AM Peak,11.1
8172,AM Peak,22.5
8172,AM Peak,17.8
8172,AM Peak,21.9
8172,AM Peak,29.7
8172,AM Peak,17
8172,AM Peak,20
8172,AM Peak,15.6
8172,AM Peak,32.2
8172,AM Peak,26.5
8172,AM Peak,21.6
8172,AM Peak,18.6
8172,AM Peak,13.8
8172,AM Peak,9.3
8172,AM Peak,13.3
8172,AM Peak,19.7
8172,AM Peak,12.2
8172,AM Peak,7.4
8172,AM Peak,13.7
8172,AM Peak,20.1
8172,AM Peak,19.5
8172,AM Peak,28
8172,AM Peak,15.8
8172,AM Peak,28.3
8172,AM Peak,29.2
8172,AM Peak,13.1
8172,AM Peak,17.8
8172,AM Peak,23.9
8172,AM Peak,18.3
8172,AM Peak,25.1
8172,AM Peak,24.3
8172,AM Peak,13.7
8172,AM Peak,11.2
8172,AM Peak,29.7
8172,AM Peak,29.7
8172,AM Peak,10.9
8172,AM Peak,22.6
8172,AM Peak,14.8
8172,AM Peak,22.3
8172,AM Peak,25.4
8172,AM Peak,27.6
8172,AM Peak,16.2
8172,AM Peak,16.1
8172,AM Peak,24.3
8172,AM Peak,21.6
8172,AM Peak,14.5
8172,AM Peak,20.2
8172,AM Peak,6.6
8172,AM Peak,31.7
8172,AM Peak,20.5
8172,AM Peak,11
8172,AM Peak,13.5
8172,AM Peak,15.2
8172,AM Peak,22
8172,AM Peak,7.9
8172,AM Peak,12.9
8172,AM Peak,18.1
8172,AM Peak,13.3
8172,AM Peak,11.3
8172,AM Peak,13
8172,AM Peak,12.6
8172,AM Peak,14.9
8172,AM Peak,27.2
8172,AM Peak,15.7
8172,AM Peak,12.3
8172,AM Peak,15.8
8172,AM Peak,16
8172,AM Peak,17.3
8172,AM Peak,15.1
8172,AM Peak,18.9
8172,AM Peak,23.7
8172,AM Peak,23
8172,AM Peak,27.5
8172,AM Peak,32.6
8172,AM Peak,19.8
8172,AM Peak,26.7
8172,AM Peak,16.5
8172,AM Peak,14.1
8172,AM Peak,14.2
8172,AM Peak,23.5
8172,AM Peak,21.1
8172,AM Peak,17.7
8172,AM Peak,14.4
8172,AM Peak,19.3
8172,AM Peak,13.3
8172,PM Peak,14.6
8172,PM Peak,9.9
8172,PM Peak,28
8172,PM Peak,14.7
8172,PM Peak,12.4
8172,PM Peak,15.6
8172,PM Peak,14.4
8172,PM Peak,22.8
8172,PM Peak,14
8172,PM Peak,18.3
8172,PM Peak,25.2
8172,PM Peak,14.1
8172,PM Peak,28.7
8172,PM Peak,16.9
8172,PM Peak,24.7
8172,PM Peak,26.4
8172,PM Peak,39.2
8172,PM Peak,17.2
8172,PM Peak,10.8
8172,PM Peak,16
8172,PM Peak,27
8172,PM Peak,17.5
8172,PM Peak,17.6
8172,PM Peak,29.2
8172,PM Peak,28.9
8172,PM Peak,23.4
8172,PM Peak,9.8
8172,PM Peak,31
8172,PM Peak,25.8
8172,PM Peak,25.5
8172,PM Peak,27.4
8172,PM Peak,4.1
8172,PM Peak,25.3
8172,PM Peak,12.9
8172,PM Peak,16.3
8172,PM Peak,22.6
8172,PM Peak,20.5
8172,PM Peak,20
8172,PM Peak,17.1
8172,PM Peak,28.3
8172,PM Peak,18.6
8172,PM Peak,19.7
8172,PM Peak,25.1
8172,PM Peak,25.1
8172,PM Peak,32
8172,PM Peak,33
8172,PM Peak,15
8172,PM Peak,13.4
8172,PM Peak,13.4
8172,PM Peak,28.5
8172,PM Peak,17.9
8172,PM Peak,18.8
8172,PM Peak,17.4
8172,PM Peak,25.1
8172,PM Peak,14.4
8172,PM Peak,29.5
8172,PM Peak,20.6
8172,PM Peak,22.6
8172,PM Peak,20.5
8172,PM Peak,31.8
8172,PM Peak,26.5
8172,PM Peak,28.2
8172,PM Peak,14.4
8172,PM Peak,17.8
8172,PM Peak,29.3
8172,PM Peak,19.5
8172,PM Peak,26
8172,PM Peak,12.4
8172,PM Peak,17.9
8172,PM Peak,21.8
8172,PM Peak,12.6
8172,PM Peak,17.7
8172,PM Peak,23.7
8172,PM Peak,8
8172,PM Peak,22.8
8172,PM Peak,16.5
8172,PM Peak,15.3
8172,PM Peak,15.2
8172,PM Peak,10.2
8172,PM Peak,18.4
8172,PM Peak,13.8
8172,PM Peak,8.6
8172,PM Peak,24
8172,PM Peak,15.3
8172,PM Peak,15.2
8172,PM Peak,16.3
8172,PM Peak,33.1
8172,PM Peak,30.1
8172,PM Peak,18.8
8172,PM Peak,16.4
8172,PM Peak,31.1
8172,PM Peak,24.6
8172,PM Peak,17.8
8172,PM Peak,14.9
8172,PM Peak,22
8172,PM Peak,20.8
8172,PM Peak,6.6
8172,PM Peak,16.9
8172,PM Peak,11.5
8172,PM Peak,25
8172,PM Peak,28.9
8172,PM Peak,27.6
8172,PM Peak,14.6
8172,PM Peak,17.3
8172,PM Peak,11.6
8172,PM Peak,32.3
8172,PM Peak,30.5
8172,PM Peak,17.7
8172,PM Peak,14.4
8172,PM Peak,18.6
8172,PM Peak,11.3
8172,PM Peak,18
8172,PM Peak,12.4
8172,PM Peak,29.8
8172,PM Peak,23.9
8172,PM Peak,30
8172,PM Peak,18.7
8172,PM Peak,20.6
8172,PM Peak,18.3
8172,PM Peak,15
8172,PM Peak,14.8
8172,PM Peak,13.4
8172,PM Peak,7
8172,PM Peak,23.7
8172,PM Peak,29.7
8172,PM Peak,26.2
8172,PM Peak,16.6
8172,PM Peak,16.9
8172,PM Peak,24.1
8172,PM Peak,11.2
8172,PM Peak,10.4
8172,PM Peak,28.9
8172,PM Peak,22.2
8172,PM Peak,26.1
8172,PM Peak,34.1
8172,PM Peak,27.2
8172,PM Peak,8.2
8172,PM Peak,20.4
8172,PM Peak,26.8
8172,PM Peak,30.3
8172,PM Peak,9.4
8172,PM Peak,12.4
8172,PM Peak,13
8172,PM Peak,14
8172,PM Peak,9.3
8172,PM Peak,15.2
8172,PM Peak,35.4
8172,PM Peak,15.9
8172,PM Peak,21.6
8172,PM Peak,11.1
8172,PM Peak,15.9
8172,PM Peak,33.5
8172,PM Peak,24.1
8172,PM Peak,16.3
8172,PM Peak,17.9
8172,PM Peak,24.8
8172,PM Peak,22.5
8172,PM Peak,11.3
8172,PM Peak,25.2
8172,PM Peak,15.8
8172,PM Peak,20.8
8172,PM Peak,11.7
8172,PM Peak,14.7
8172,PM Peak,26.3
8172,PM Peak,26.5
8172,PM Peak,19.3
8172,PM Peak,22.3
8172,PM Peak,26.2
8172,PM Peak,9.4
8172,PM Peak,25.3
8172,PM Peak,17.1
8172,PM Peak,9.1
8172,PM Peak,27.9
8172,PM Peak,13
8172,PM Peak,17.6
8172,PM Peak,4.3
8172,PM Peak,13.9
8172,PM Peak,16.3
8172,PM Peak,24.9
8172,PM Peak,18.1
8172,PM Peak,14.7
8172,PM Peak,30.3
8172,PM Peak,27.9
8172,PM Peak,18.8
8172,PM Peak,10.9
8172,PM Peak,14.9
8172,PM Peak,22.1
8172,PM Peak,10.4
8172,PM Peak,11
8172,PM Peak,10.5
8172,PM Peak,31.9
8172,PM Peak,29
8172,PM Peak,13.7
8172,PM Peak,31.5
8172,PM Peak,25.2
8172,PM Peak,10.1
8172,PM Peak,21.8
8172,PM Peak,10.8
8172,PM Peak,17.8
8172,PM Peak,20
8172,PM Peak,23.3
8172,PM Peak,36.5
8172,PM Peak,9.6
8172,PM Peak,18.2
8172,PM Peak,29.6
8172,PM Peak,26.4
8172,PM Peak,20.9
8172,PM Peak,20.1
8172,PM Peak,13.9
8172,PM Peak,13.5
8172,PM Peak,10.1
8172,PM Peak,21.6
8172,PM Peak,33.9
8172,PM Peak,4.8
8172,PM Peak,19.4
8172,PM Peak,25.9
8172,PM Peak,11
8172,PM Peak,12.8
8172,PM Peak,20.4
8172,PM Peak,21.9
8172,PM Peak,22.3
8172,PM Peak,22.8
8172,PM Peak,22.1
8172,PM Peak,25.7
8172,PM Peak,21.4
8172,PM Peak,14.1
8172,PM Peak,14.3
8172,PM Peak,20.1
8172,PM Peak,12.9
8172,PM Peak,12.6
8172,PM Peak,28.2
8172,PM Peak,14.6
8172,PM Peak,13
8172,PM Peak,33.5
8172,PM Peak,24.4
8172,PM Peak,14.1
8172,PM Peak,33.4
8172,PM Peak,25.8
8172,PM Peak,10.2
8172,PM Peak,17.3
8172,PM Peak,18
8172,PM Peak,23.2
8172,PM Peak,17.8
8172,PM Peak,24.7
8172,PM Peak,28.1
8172,PM Peak,26.4
8172,PM Peak,27.7
8172,PM Peak,15
8172,PM Peak,33.4
8172,PM Peak,31.3
8172,PM Peak,32.3
8172,PM Peak,15.6
8172,PM Peak,30.2
8172,PM Peak,12.3
8172,PM Peak,10.1
8172,PM Peak,24.2
8172,PM Peak,20.4
8172,PM Peak,28.5
8172,PM Peak,21.1
8172,PM Peak,27.1
8172,PM Peak,17.6
8172,PM Peak,30.4
8172,PM Peak,23.1
8172,PM Peak,20.2
8172,PM Peak,33.2
8172,PM Peak,12.6
8172,PM Peak,29.5
8172,PM Peak,24.6
8172,PM Peak,32.9
8172,PM Peak,28.6
8172,PM Peak,13.3
8172,PM Peak,12.9
8172,PM Peak,31.4
8172,PM Peak,15.9
8172,PM Peak,34.7
8172,PM Peak,16.8
8172,PM Peak,13.4
8172,PM Peak,24.5
8172,PM Peak,18.8
8172,PM Peak,26.5
8172,PM Peak,20.5
8172,PM Peak,20.4
8172,PM Peak,9.6
8172,PM Peak,20.5
8172,PM Peak,21.3
8172,PM Peak,13.4
8172,PM Peak,31.7
8172,PM Peak,18.2
8172,PM Peak,19.6
8172,PM Peak,13.2
8172,PM Peak,22.8
8172,PM Peak,23.4
8172,PM Peak,13.7
8172,PM Peak,17.3
8172,PM Peak,13.4
8172,PM Peak,13.7
8172,PM Peak,12.1
8172,PM Peak,7.5
8172,PM Peak,10
8172,PM Peak,20.2
8172,PM Peak,31.3
8172,PM Peak,31
8172,PM Peak,29.6
8172,PM Peak,13.2
8172,PM Peak,18.3
8172,PM Peak,29.4
8172,PM Peak,13.2
8172,PM Peak,31.4
8172,PM Peak,15.7
8172,PM Peak,25.8
8172,PM Peak,31.7
8172,PM Peak,22
8172,PM Peak,18.5
8172,PM Peak,20.2
8172,PM Peak,26
8172,PM Peak,23.5
8172,PM Peak,2.9
8172,PM Peak,14.4
8172,PM Peak,17.1
8172,PM Peak,18
8172,PM Peak,3.3
8172,PM Peak,36.1
8172,PM Peak,22.3
8172,PM Peak,26.4
8172,PM Peak,14.4
8172,PM Peak,13.4
8172,PM Peak,13.7
8172,PM Peak,34.4
8172,PM Peak,16.5
8172,PM Peak,25.2
8172,PM Peak,14.4
8172,PM Peak,18.9
8172,PM Peak,22.7
8172,PM Peak,24.6
8172,PM Peak,14.4
8172,PM Peak,10.9
8172,PM Peak,26
8172,PM Peak,17.3
8172,PM Peak,12
8172,PM Peak,15.7
8172,PM Peak,19.7
8172,PM Peak,32
8172,PM Peak,28.5
8172,PM Peak,16.1
8172,PM Peak,19.3
8172,PM Peak,24.3
8172,PM Peak,16.8
8172,PM Peak,23.1
8172,PM Peak,22.5
8172,PM Peak,14.3
8172,PM Peak,11.3
8172,PM Peak,14.7
8172,PM Peak,24.2
8172,PM Peak,22.4
8172,PM Peak,15.3
8172,PM Peak,19.3
8172,PM Peak,28.5
8172,PM Peak,21.6
8172,PM Peak,23
8172,PM Peak,22.1
8172,PM Peak,14.1
8172,PM Peak,24.9
8172,PM Peak,14.5
8172,PM Peak,22.6
8172,PM Peak,9.9
8172,PM Peak,23.2
8172,PM Peak,8.1
8172,PM Peak,24.2
8172,PM Peak,17.2
8172,PM Peak,22.5
8172,PM Peak,24.4
8172,PM Peak,12.3
8172,PM Peak,22.4
8172,PM Peak,14
8172,PM Peak,13.6
8172,PM Peak,9.5
8172,PM Peak,12.4
8172,PM Peak,18
8172,PM Peak,10.7
8172,PM Peak,22.7
8172,PM Peak,19.1
8172,PM Peak,20.9
8172,PM Peak,15.7
8172,PM Peak,8.3
8172,PM Peak,21.5
8172,PM Peak,12.4
8172,PM Peak,28.6
8172,PM Peak,22.7
8172,PM Peak,34
8172,PM Peak,29.1
8172,PM Peak,21.1
8172,PM Peak,13
8172,PM Peak,14.2
8172,PM Peak,18.5
8172,PM Peak,12.3
8172,PM Peak,16.7
8172,PM Peak,15.6
8172,PM Peak,10.3
8172,PM Peak,16.9
8172,PM Peak,2.7
8172,PM Peak,21.9
8172,PM Peak,9.3
8172,PM Peak,27.3
8172,PM Peak,11.4
8172,PM Peak,27.5
8172,PM Peak,26.5
8172,PM Peak,14.8
8172,PM Peak,9.8
8172,PM Peak,18.7
8172,PM Peak,11.6
8172,PM Peak,4.1
8172,PM Peak,20.6
8172,PM Peak,13.7
8172,PM Peak,40
8172,PM Peak,17.9
8172,PM Peak,13.1
8172,PM Peak,28.6
8172,PM Peak,12.7
8172,PM Peak,25.9
8172,PM Peak,27.3
8172,PM Peak,15.5
8172,PM Peak,19.5
8172,PM Peak,32
8172,PM Peak,21.8
8172,PM Peak,27
8172,PM Peak,14.9
8172,PM Peak,30.9
8172,PM Peak,28.1
8172,PM Peak,22.8
8172,PM Peak,28
8172,PM Peak,14
8172,PM Peak,11.9
8172,PM Peak,15.5
8172,PM Peak,12.4
8172,PM Peak,10.6
8172,PM Peak,25.1
8172,PM Peak,31.5
8172,PM Peak,30.2
8172,PM Peak,14.1
8172,PM Peak,27.9
8172,PM Peak,18.8
8172,PM Peak,31.9
8172,PM Peak,12.1
8172,PM Peak,15.6
8172,PM Peak,25.9
8172,PM Peak,30.5
8172,PM Peak,33.8
8172,PM Peak,15.6
8172,PM Peak,32.5
8172,PM Peak,17.7
8172,PM Peak,27.9
8172,PM Peak,24.8
8172,PM Peak,13.2
8172,PM Peak,19.5
8172,PM Peak,12.4
8172,PM Peak,27.3
8172,PM Peak,17.9
8172,PM Peak,19.1
8172,PM Peak,31
8172,PM Peak,23.3
8172,PM Peak,18.9
8172,PM Peak,13.2
8172,PM Peak,24.7
8172,PM Peak,15
8172,PM Peak,21.4
8172,PM Peak,16
8172,PM Peak,14.2
8172,PM Peak,15.9
8172,PM Peak,17.3
8172,PM Peak,11.5
8172,PM Peak,25.7
8172,PM Peak,35.1
8172,PM Peak,13.9
8172,PM Peak,11.8
8172,PM Peak,22.2
8172,PM Peak,16.9
8172,PM Peak,31.7
8172,PM Peak,23.5
8172,PM Peak,15.4
8172,PM Peak,25.6
8172,PM Peak,15.2
8172,PM Peak,25.9
8172,PM Peak,33.6
8172,PM Peak,25.4
8172,PM Peak,12.2
8172,PM Peak,19.5
8172,PM Peak,18.7
8172,PM Peak,11.2
8172,PM Peak,12.4
8172,PM Peak,11.3
8172,PM Peak,31.6
8172,PM Peak,24.3
8172,PM Peak,23.8
8172,PM Peak,24.2
8172,PM Peak,12.1
8172,PM Peak,31.2
8172,PM Peak,20.4
8172,PM Peak,22
8172,PM Peak,18.6
8172,PM Peak,24.2
8176,AM Peak,32
8176,AM Peak,20.5
8176,AM Peak,19.3
8176,AM Peak,24.1
8176,AM Peak,25.6
8176,AM Peak,26.7
8176,AM Peak,19.5
8176,AM Peak,19.3
8176,AM Peak,18.9
8176,AM Peak,25.2
8176,AM Peak,22.6
8176,AM Peak,22.1
8176,AM Peak,20
8176,AM Peak,24.5
8176,AM Peak,6.3
8176,AM Peak,27.2
8176,AM Peak,12.5
8176,AM Peak,23.4
8176,AM Peak,21.5
8176,AM Peak,21.6
8176,AM Peak,28.9
8176,AM Peak,23.5
8176,AM Peak,28.6
8176,AM Peak,22.6
8176,AM Peak,23
8176,AM Peak,23.8
8176,AM Peak,21.3
8176,AM Peak,21.5
8176,AM Peak,13.4
8176,AM Peak,24
8176,AM Peak,29
8176,AM Peak,21.8
8176,AM Peak,33.4
8176,AM Peak,28.7
8176,AM Peak,21.6
8176,AM Peak,26.3
8176,AM Peak,19.3
8176,AM Peak,26.3
8176,AM Peak,22.9
8176,AM Peak,25.6
8176,AM Peak,27.2
8176,AM Peak,14.8
8176,AM Peak,35.5
8176,AM Peak,29.1
8176,AM Peak,22.4
8176,AM Peak,36.1
8176,AM Peak,28.3
8176,AM Peak,26.9
8176,AM Peak,26.1
8176,AM Peak,25.6
8176,AM Peak,21.7
8176,AM Peak,24.3
8176,AM Peak,24
8176,AM Peak,18.4
8176,AM Peak,24
8176,AM Peak,27.6
8176,AM Peak,16.6
8176,AM Peak,24.3
8176,AM Peak,24.5
8176,AM Peak,23.8
8176,AM Peak,22.3
8176,AM Peak,18.1
8176,AM Peak,15.4
8176,AM Peak,31.7
8176,AM Peak,14.6
8176,AM Peak,27.2
8176,AM Peak,16.5
8176,AM Peak,18.1
8176,AM Peak,18.1
8176,AM Peak,23
8176,AM Peak,6.1
8176,AM Peak,24.5
8176,AM Peak,20.6
8176,AM Peak,25.7
8176,AM Peak,31.2
8176,AM Peak,12.8
8176,AM Peak,25.4
8176,AM Peak,26
8176,AM Peak,24.2
8176,AM Peak,5.7
8176,AM Peak,27.1
8176,AM Peak,6.1
8176,AM Peak,34.2
8176,AM Peak,22.8
8176,AM Peak,22
8176,AM Peak,22
8176,AM Peak,28
8176,AM Peak,25.4
8176,AM Peak,26
8176,AM Peak,25.7
8176,AM Peak,27.5
8176,AM Peak,20.1
8176,AM Peak,14
8176,AM Peak,5.5
8176,AM Peak,22.4
8176,AM Peak,13.4
8176,AM Peak,29.4
8176,AM Peak,30
8176,AM Peak,22.7
8176,AM Peak,25.4
8176,AM Peak,21.2
8176,AM Peak,25.5
8176,AM Peak,34.4
8176,AM Peak,27
8176,AM Peak,19.5
8176,AM Peak,27.9
8176,AM Peak,18.8
8176,AM Peak,18.8
8176,AM Peak,21.7
8176,AM Peak,20.1
8176,AM Peak,22.9
8176,AM Peak,26.5
8176,AM Peak,28.2
8176,AM Peak,23.7
8176,AM Peak,19.6
8176,AM Peak,18.4
8176,AM Peak,28.2
8176,AM Peak,23.7
8176,AM Peak,21.7
8176,AM Peak,21.8
8176,AM Peak,23.2
8176,AM Peak,21.8
8176,AM Peak,16.8
8176,AM Peak,19.9
8176,AM Peak,23.4
8176,AM Peak,26.6
8176,AM Peak,22.6
8176,AM Peak,19.2
8176,AM Peak,23.6
8176,AM Peak,26.1
8176,AM Peak,21.7
8176,AM Peak,19.4
8176,AM Peak,21.1
8176,AM Peak,23.8
8176,AM Peak,27.7
8176,AM Peak,23.6
8176,AM Peak,25.7
8176,AM Peak,24
8176,AM Peak,24.6
8176,AM Peak,20.5
8176,AM Peak,15.9
8176,AM Peak,19.1
8176,AM Peak,22.3
8176,AM Peak,20.7
8176,AM Peak,19.1
8176,AM Peak,18.7
8176,AM Peak,21.4
8176,AM Peak,15.2
8176,AM Peak,21.1
8176,AM Peak,20.8
8176,AM Peak,24.3
8176,AM Peak,26.3
8176,AM Peak,9.7
8176,AM Peak,18.4
8176,AM Peak,25
8176,AM Peak,19
8176,AM Peak,10.9
8176,AM Peak,6.9
8176,AM Peak,24.7
8176,AM Peak,25
8176,AM Peak,24.8
8176,AM Peak,11.8
8176,AM Peak,29.1
8176,AM Peak,25.7
8176,AM Peak,26
8176,AM Peak,29
8176,AM Peak,20.7
8176,AM Peak,24.9
8176,AM Peak,23.1
8176,AM Peak,17.9
8176,AM Peak,20.9
8176,AM Peak,16.6
8176,AM Peak,12.4
8176,AM Peak,22.6
8176,AM Peak,23.6
8176,AM Peak,23.5
8176,AM Peak,19.2
8176,AM Peak,26.6
8176,AM Peak,24.2
8176,AM Peak,22.1
8176,AM Peak,29.9
8176,AM Peak,25.6
8176,AM Peak,22.4
8176,AM Peak,22
8176,AM Peak,24.7
8176,AM Peak,22.1
8176,AM Peak,22.2
8176,AM Peak,17.5
8176,AM Peak,23.3
8176,AM Peak,25
8176,AM Peak,23
8176,AM Peak,21.7
8176,AM Peak,20.6
8176,AM Peak,20.6
8176,AM Peak,22.7
8176,AM Peak,21
8176,AM Peak,20.8
8176,AM Peak,26
8176,AM Peak,29.3
8176,AM Peak,19.1
8176,AM Peak,26.8
8176,AM Peak,23.6
8176,AM Peak,27.2
8176,AM Peak,33.3
8176,AM Peak,23.9
8176,AM Peak,29
8176,AM Peak,10.5
8176,AM Peak,27
8176,AM Peak,22.2
8176,AM Peak,18.2
8176,AM Peak,26.8
8176,AM Peak,20.3
8176,AM Peak,31.8
8176,AM Peak,29.2
8176,AM Peak,24.9
8176,AM Peak,26.6
8176,AM Peak,21
8176,AM Peak,27.8
8176,AM Peak,17.4
8176,AM Peak,14.7
8176,AM Peak,29.6
8176,AM Peak,23.2
8176,AM Peak,20.3
8176,AM Peak,21.1
8176,AM Peak,10.7
8176,AM Peak,19.8
8176,AM Peak,21.5
8176,AM Peak,24.2
8176,AM Peak,24.6
8176,AM Peak,24.6
8176,AM Peak,18.9
8176,AM Peak,17.9
8176,AM Peak,29.6
8176,AM Peak,19.9
8176,AM Peak,26.4
8176,AM Peak,25.6
8176,AM Peak,25.4
8176,AM Peak,10.1
8176,AM Peak,22
8176,AM Peak,20.1
8176,AM Peak,4.1
8176,AM Peak,24.6
8176,AM Peak,20.2
8176,AM Peak,31.6
8176,AM Peak,13.4
8176,AM Peak,22.5
8176,AM Peak,22.7
8176,AM Peak,21
8176,AM Peak,5.8
8176,AM Peak,17.9
8176,AM Peak,25.8
8176,AM Peak,24
8176,AM Peak,26.5
8176,AM Peak,21.5
8176,AM Peak,21.6
8176,AM Peak,17.3
8176,AM Peak,24.6
8176,AM Peak,26.6
8176,AM Peak,29
8176,AM Peak,22.6
8176,AM Peak,14.4
8176,AM Peak,31
8176,AM Peak,21
8176,AM Peak,20.2
8176,AM Peak,21.7
8176,AM Peak,29.5
8176,AM Peak,21.4
8176,AM Peak,23
8176,AM Peak,23.6
8176,AM Peak,19.1
8176,AM Peak,22.2
8176,AM Peak,18.4
8176,AM Peak,22.2
8176,AM Peak,19.7
8176,AM Peak,24.3
8176,AM Peak,20
8176,AM Peak,28.5
8176,AM Peak,26.6
8176,AM Peak,15.6
8176,AM Peak,26.5
8176,AM Peak,28
8176,AM Peak,25.3
8176,AM Peak,26.1
8176,AM Peak,25
8176,AM Peak,24
8176,AM Peak,23.3
8176,AM Peak,32.8
8176,AM Peak,27
8176,AM Peak,29.1
8176,AM Peak,18
8176,AM Peak,25.3
8176,AM Peak,30.4
8176,AM Peak,21
8176,AM Peak,23
8176,AM Peak,18
8176,AM Peak,24.7
8176,AM Peak,21
8176,AM Peak,26.3
8176,AM Peak,28.6
8176,AM Peak,20.5
8176,AM Peak,25.3
8176,AM Peak,7.6
8176,AM Peak,8.3
8176,AM Peak,21
8176,AM Peak,22
8176,AM Peak,39.8
8176,AM Peak,31.6
8176,AM Peak,17.8
8176,AM Peak,14.4
8176,AM Peak,4.4
8176,AM Peak,29.2
8176,AM Peak,24.9
8176,AM Peak,28.5
8176,AM Peak,14.3
8176,AM Peak,24.1
8176,AM Peak,19.5
8176,AM Peak,12.8
8176,AM Peak,21.4
8176,AM Peak,31.2
8176,AM Peak,24.6
8176,AM Peak,27.3
8176,AM Peak,12
8176,AM Peak,25.1
8176,AM Peak,26.3
8176,AM Peak,27.1
8176,AM Peak,24.4
8176,AM Peak,24.4
8176,AM Peak,24.7
8176,AM Peak,34.3
8176,AM Peak,19.8
8176,AM Peak,11.7
8176,AM Peak,25
8176,AM Peak,21.8
8176,AM Peak,17.7
8176,AM Peak,24.5
8176,AM Peak,20.7
8176,AM Peak,27.4
8176,AM Peak,27.6
8176,AM Peak,31.3
8176,AM Peak,13.1
8176,AM Peak,20.8
8176,AM Peak,24.6
8176,AM Peak,7.9
8176,AM Peak,24.7
8176,AM Peak,23.1
8176,AM Peak,22.5
8176,AM Peak,24.4
8176,AM Peak,22.7
8176,AM Peak,12.4
8176,AM Peak,10.3
8176,AM Peak,32.3
8176,AM Peak,24.8
8176,AM Peak,17.6
8176,AM Peak,25.8
8176,AM Peak,26.5
8176,AM Peak,41.8
8176,AM Peak,19.3
8176,AM Peak,23.5
8176,AM Peak,23.4
8176,AM Peak,27.1
8176,AM Peak,15.6
8176,AM Peak,9.9
8176,AM Peak,21.9
8176,AM Peak,14.8
8176,AM Peak,23.7
8176,AM Peak,10.7
8176,AM Peak,22.5
8176,AM Peak,8.2
8176,AM Peak,17.6
8176,AM Peak,21.4
8176,AM Peak,24.6
8176,AM Peak,12.8
8176,AM Peak,19.6
8176,AM Peak,5.7
8176,AM Peak,23.1
8176,AM Peak,21.1
8176,AM Peak,22.8
8176,AM Peak,14.1
8176,AM Peak,27.1
8176,AM Peak,26.6
8176,AM Peak,22.9
8176,AM Peak,14.1
8176,AM Peak,19.1
8176,AM Peak,20.7
8176,AM Peak,27.8
8176,AM Peak,31.5
8176,AM Peak,43.6
8176,AM Peak,24.1
8176,AM Peak,22.7
8176,AM Peak,31.1
8176,AM Peak,20.9
8176,AM Peak,22.4
8176,AM Peak,23.4
8176,AM Peak,28.1
8176,AM Peak,15
8176,AM Peak,15.7
8176,AM Peak,17.1
8176,AM Peak,23.7
8176,AM Peak,19.3
8176,AM Peak,26.2
8176,AM Peak,13.2
8176,AM Peak,23.4
8176,AM Peak,29
8176,AM Peak,26.6
8176,AM Peak,27.6
8176,AM Peak,24.2
8176,AM Peak,16.2
8176,AM Peak,27.3
8176,AM Peak,24.7
8176,AM Peak,22
8176,AM Peak,26.3
8176,AM Peak,27.6
8176,AM Peak,21.5
8176,AM Peak,24.3
8176,AM Peak,24.6
8176,AM Peak,28
8176,AM Peak,23.7
8176,AM Peak,21.6
8176,AM Peak,21.2
8176,AM Peak,19
8176,AM Peak,23
8176,AM Peak,22.7
8176,AM Peak,22
8176,AM Peak,20.3
8176,AM Peak,24.1
8176,AM Peak,26.6
8176,AM Peak,18.6
8176,AM Peak,26.9
8176,AM Peak,25.4
8176,AM Peak,17.6
8176,AM Peak,16.8
8176,AM Peak,18.9
8176,AM Peak,10.9
8176,AM Peak,22.1
8176,AM Peak,16.3
8176,AM Peak,20.7
8176,AM Peak,25.8
8176,AM Peak,9.2
8176,AM Peak,24.1
8176,AM Peak,21.5
8176,AM Peak,19.3
8176,AM Peak,25.3
8176,AM Peak,21
8176,AM Peak,34.6
8176,AM Peak,22.7
8176,AM Peak,25.8
8176,AM Peak,24.9
8176,AM Peak,23.4
8176,AM Peak,23.5
8176,AM Peak,23
8176,AM Peak,24.4
8176,AM Peak,24.3
8176,AM Peak,16.8
8176,AM Peak,22.9
8176,AM Peak,11
8176,AM Peak,28.3
8176,AM Peak,21.6
8176,AM Peak,24.4
8176,AM Peak,34
8176,AM Peak,25.6
8176,AM Peak,25
8176,AM Peak,26.3
8176,AM Peak,24
8176,AM Peak,27
8176,AM Peak,21.7
8176,AM Peak,16.7
8176,AM Peak,17.3
8176,AM Peak,19.7
8176,AM Peak,21.3
8176,AM Peak,18.8
8176,AM Peak,25.9
8176,AM Peak,29
8176,AM Peak,24
8176,AM Peak,24.6
8176,AM Peak,25.7
8176,AM Peak,24.1
8176,AM Peak,23.6
8176,AM Peak,25.7
8176,AM Peak,17.4
8176,AM Peak,27.8
8176,AM Peak,23.1
8176,AM Peak,14
8176,AM Peak,23.8
8176,AM Peak,22.9
8176,AM Peak,19.5
8176,AM Peak,23.4
8176,AM Peak,20.5
8176,AM Peak,28.6
8176,AM Peak,22.4
8176,AM Peak,22.7
8176,AM Peak,30.4
8176,AM Peak,26.4
8176,AM Peak,23.5
8176,AM Peak,24.9
8176,AM Peak,20.5
8176,AM Peak,21.3
8176,AM Peak,21.9
8176,AM Peak,22.6
8176,AM Peak,22.1
8176,AM Peak,27.7
8176,PM Peak,21.2
8176,PM Peak,27.7
8176,PM Peak,23.6
8176,PM Peak,18.1
8176,PM Peak,19.2
8176,PM Peak,25.7
8176,PM Peak,25.6
8176,PM Peak,21.2
8176,PM Peak,20.2
8176,PM Peak,19.2
8176,PM Peak,19.8
8176,PM Peak,24
8176,PM Peak,18.2
8176,PM Peak,28.6
8176,PM Peak,23.7
8176,PM Peak,22.7
8176,PM Peak,20.4
8176,PM Peak,19.9
8176,PM Peak,25.9
8176,PM Peak,21.2
8176,PM Peak,14.8
8176,PM Peak,30.7
8176,PM Peak,32.4
8176,PM Peak,15.2
8176,PM Peak,26.7
8176,PM Peak,23.2
8176,PM Peak,22.4
8176,PM Peak,25.3
8176,PM Peak,18.6
8176,PM Peak,21.2
8176,PM Peak,25.2
8176,PM Peak,27.8
8176,PM Peak,19.7
8176,PM Peak,26.3
8176,PM Peak,22.7
8176,PM Peak,24.8
8176,PM Peak,29.5
8176,PM Peak,19.1
8176,PM Peak,15.1
8176,PM Peak,27.2
8176,PM Peak,31
8176,PM Peak,20.3
8176,PM Peak,28.1
8176,PM Peak,29
8176,PM Peak,24.8
8176,PM Peak,16
8176,PM Peak,22.1
8176,PM Peak,23.5
8176,PM Peak,20
8176,PM Peak,23.1
8176,PM Peak,15.7
8176,PM Peak,24.3
8176,PM Peak,35
8176,PM Peak,26
8176,PM Peak,9.9
8176,PM Peak,17.5
8176,PM Peak,26.8
8176,PM Peak,15.8
8176,PM Peak,21.3
8176,PM Peak,32.2
8176,PM Peak,23
8176,PM Peak,26.1
8176,PM Peak,30.6
8176,PM Peak,28.5
8176,PM Peak,22.3
8176,PM Peak,19.2
8176,PM Peak,19.9
8176,PM Peak,23.7
8176,PM Peak,20.2
8176,PM Peak,24.1
8176,PM Peak,24.8
8176,PM Peak,18.1
8176,PM Peak,30.4
8176,PM Peak,28.5
8176,PM Peak,30.5
8176,PM Peak,25.3
8176,PM Peak,37.1
8176,PM Peak,16.4
8176,PM Peak,18.2
8176,PM Peak,18.5
8176,PM Peak,24.1
8176,PM Peak,23.3
8176,PM Peak,20.4
8176,PM Peak,24
8176,PM Peak,19.3
8176,PM Peak,14.5
8176,PM Peak,25.7
8176,PM Peak,26.1
8176,PM Peak,14.1
8176,PM Peak,23.6
8176,PM Peak,30.1
8176,PM Peak,27.6
8176,PM Peak,30.3
8176,PM Peak,31.2
8176,PM Peak,27.3
8176,PM Peak,17.1
8176,PM Peak,26.7
8176,PM Peak,19.3
8176,PM Peak,20.5
8176,PM Peak,24.7
8176,PM Peak,28.1
8176,PM Peak,24.9
8176,PM Peak,19
8176,PM Peak,22.5
8176,PM Peak,28.4
8176,PM Peak,25.5
8176,PM Peak,25.9
8176,PM Peak,28.4
8176,PM Peak,19.6
8176,PM Peak,22.6
8176,PM Peak,22.1
8176,PM Peak,30.8
8176,PM Peak,18
8176,PM Peak,15.8
8176,PM Peak,13.1
8176,PM Peak,22.4
8176,PM Peak,20.1
8176,PM Peak,19.9
8176,PM Peak,25.1
8176,PM Peak,27.5
8176,PM Peak,20.9
8176,PM Peak,32.1
8176,PM Peak,24.7
8176,PM Peak,22.2
8176,PM Peak,29.9
8176,PM Peak,26.2
8176,PM Peak,25.5
8176,PM Peak,26.2
8176,PM Peak,19.7
8176,PM Peak,20.6
8176,PM Peak,24.1
8176,PM Peak,18.5
8176,PM Peak,23.8
8176,PM Peak,21.6
8176,PM Peak,26.1
8176,PM Peak,20.7
8176,PM Peak,27.2
8176,PM Peak,23.9
8176,PM Peak,31.6
8176,PM Peak,29.9
8176,PM Peak,17
8176,PM Peak,26.9
8176,PM Peak,25.8
8176,PM Peak,16.4
8176,PM Peak,24.2
8176,PM Peak,24.3
8176,PM Peak,24.2
8176,PM Peak,16.2
8176,PM Peak,23.5
8176,PM Peak,25.4
8176,PM Peak,15.7
8176,PM Peak,23.3
8176,PM Peak,23.7
8176,PM Peak,19.4
8176,PM Peak,28.6
8176,PM Peak,32.7
8176,PM Peak,29.1
8176,PM Peak,18.8
8176,PM Peak,24
8176,PM Peak,22.6
8176,PM Peak,24.3
8176,PM Peak,12.8
8176,PM Peak,23.9
8176,PM Peak,18
8176,PM Peak,31.8
8176,PM Peak,20.7
8176,PM Peak,29
8176,PM Peak,19.4
8176,PM Peak,37.7
8176,PM Peak,33.2
8176,PM Peak,23.3
8176,PM Peak,24.5
8176,PM Peak,24.6
8176,PM Peak,21.6
8176,PM Peak,25.5
8176,PM Peak,23.1
8176,PM Peak,26
8176,PM Peak,27.9
8176,PM Peak,21.4
8176,PM Peak,22.7
8176,PM Peak,19.1
8176,PM Peak,22.6
8176,PM Peak,15.1
8176,PM Peak,30.6
8176,PM Peak,25.3
8176,PM Peak,30.5
8176,PM Peak,16.1
8176,PM Peak,29.2
8176,PM Peak,43.1
8176,PM Peak,34.2
8176,PM Peak,23
8176,PM Peak,23.4
8176,PM Peak,35.2
8176,PM Peak,26.6
8176,PM Peak,18.8
8176,PM Peak,26.7
8176,PM Peak,14.7
8176,PM Peak,22.9
8176,PM Peak,26.8
8176,PM Peak,14.8
8176,PM Peak,32.7
8176,PM Peak,5.2
8176,PM Peak,22.3
8176,PM Peak,27.9
8176,PM Peak,17.6
8176,PM Peak,20.2
8176,PM Peak,19
8176,PM Peak,35.4
8176,PM Peak,29.9
8176,PM Peak,24.2
8176,PM Peak,24.5
8176,PM Peak,14.7
8176,PM Peak,22.4
8176,PM Peak,13
8176,PM Peak,24.8
8176,PM Peak,26.2
8176,PM Peak,12.6
8176,PM Peak,23.4
8176,PM Peak,27.5
8176,PM Peak,26
8176,PM Peak,36.3
8176,PM Peak,23.6
8176,PM Peak,19.4
8176,PM Peak,21.3
8176,PM Peak,23.2
8176,PM Peak,17.6
8176,PM Peak,11.3
8176,PM Peak,26.6
8176,PM Peak,26.7
8176,PM Peak,30.1
8176,PM Peak,22.8
8176,PM Peak,23.5
8176,PM Peak,25.7
8176,PM Peak,28.4
8176,PM Peak,21.1
8176,PM Peak,27.9
8176,PM Peak,23
8176,PM Peak,20.6
8176,PM Peak,22.5
8176,PM Peak,26.4
8176,PM Peak,28.4
8176,PM Peak,22.9
8176,PM Peak,28.7
8176,PM Peak,27.5
8176,PM Peak,30.9
8176,PM Peak,21.1
8176,PM Peak,15.5
8176,PM Peak,26.1
8176,PM Peak,32.3
8176,PM Peak,27
8176,PM Peak,30.8
8176,PM Peak,21.5
8176,PM Peak,27.4
8176,PM Peak,19.8
8176,PM Peak,24.6
8176,PM Peak,19.9
8176,PM Peak,22.6
8176,PM Peak,28.4
8176,PM Peak,28.1
8176,PM Peak,24.1
8176,PM Peak,25.6
8176,PM Peak,24.6
8176,PM Peak,26.8
8176,PM Peak,27.4
8176,PM Peak,21.9
8176,PM Peak,25.4
8176,PM Peak,31.2
8176,PM Peak,17.6
8176,PM Peak,17.9
8176,PM Peak,21.9
8176,PM Peak,12.4
8176,PM Peak,22.8
8176,PM Peak,23
8176,PM Peak,21.8
8176,PM Peak,21.5
8176,PM Peak,28.3
8176,PM Peak,17.6
8176,PM Peak,24.9
8176,PM Peak,31.3
8176,PM Peak,14.8
8176,PM Peak,30.8
8176,PM Peak,23.9
8176,PM Peak,14
8176,PM Peak,20.2
8176,PM Peak,27
8176,PM Peak,32.7
8176,PM Peak,24.7
8176,PM Peak,29
8176,PM Peak,22.1
8176,PM Peak,29.2
8176,PM Peak,29.1
8176,PM Peak,25.3
8176,PM Peak,19.4
8176,PM Peak,17.1
8176,PM Peak,14.5
8176,PM Peak,21.9
8176,PM Peak,22.5
8176,PM Peak,18.4
8176,PM Peak,22.1
8176,PM Peak,15.2
8176,PM Peak,24.4
8176,PM Peak,23
8176,PM Peak,26.1
8176,PM Peak,19.9
8176,PM Peak,20.8
8176,PM Peak,28.9
8176,PM Peak,22.2
8176,PM Peak,5.2
8176,PM Peak,30
8176,PM Peak,22.3
8176,PM Peak,20.4
8176,PM Peak,27.2
8176,PM Peak,21.1
8176,PM Peak,32.7
8176,PM Peak,27
8176,PM Peak,23.7
8176,PM Peak,38.2
8176,PM Peak,16.5
8176,PM Peak,28.1
8176,PM Peak,23
8176,PM Peak,13.8
8176,PM Peak,21.9
8176,PM Peak,21.2
8176,PM Peak,31.3
8176,PM Peak,19.8
8176,PM Peak,18.5
8176,PM Peak,24.3
8176,PM Peak,20.4
8176,PM Peak,26.8
8176,PM Peak,25.7
8176,PM Peak,13.9
8176,PM Peak,19.3
8176,PM Peak,24.1
8176,PM Peak,22.5
8176,PM Peak,19.1
8176,PM Peak,23.8
8176,PM Peak,20.8
8176,PM Peak,18.5
8176,PM Peak,25.6
8176,PM Peak,23.7
8176,PM Peak,21.8
8176,PM Peak,11.2
8176,PM Peak,13
8176,PM Peak,18.4
8176,PM Peak,20.3
8176,PM Peak,29.6
8176,PM Peak,14.4
8176,PM Peak,21.6
8176,PM Peak,14.5
8176,PM Peak,20.5
8176,PM Peak,22.2
8176,PM Peak,20.6
8176,PM Peak,25.2
8176,PM Peak,24.5
8176,PM Peak,21.8
8176,PM Peak,10.7
8176,PM Peak,25.7
8176,PM Peak,21.3
8176,PM Peak,25.4
8176,PM Peak,25.5
8176,PM Peak,18.2
8176,PM Peak,24.1
8176,PM Peak,18.8
8176,PM Peak,23.8
8176,PM Peak,24.5
8176,PM Peak,16.9
8176,PM Peak,31.8
8176,PM Peak,19.5
8176,PM Peak,25.2
8176,PM Peak,23.2
8176,PM Peak,27.2
8176,PM Peak,24.8
8176,PM Peak,19
8176,PM Peak,27.3
8176,PM Peak,21
8176,PM Peak,18.9
8176,PM Peak,27.7
8176,PM Peak,24
8176,PM Peak,23.6
8176,PM Peak,34.3
8176,PM Peak,24.7
8176,PM Peak,29
8176,PM Peak,23.2
8176,PM Peak,19.5
8176,PM Peak,23.3
8176,PM Peak,11.9
8176,PM Peak,26.2
8176,PM Peak,31.5
8176,PM Peak,21.8
8176,PM Peak,35.4
8176,PM Peak,27.6
8176,PM Peak,18.9
8176,PM Peak,22.5
8176,PM Peak,15.2
8176,PM Peak,20.9
8176,PM Peak,25.2
8176,PM Peak,21.1
8176,PM Peak,23.9
8176,PM Peak,16.5
8176,PM Peak,24.3
8176,PM Peak,27.7
8176,PM Peak,28.2
8176,PM Peak,25.5
8176,PM Peak,23.2
8176,PM Peak,28.9
8176,PM Peak,22.8
8176,PM Peak,24
8176,PM Peak,28
8176,PM Peak,20.8
8176,PM Peak,22.8
8176,PM Peak,17.9
8176,PM Peak,23.7
8176,PM Peak,7.5
8176,PM Peak,33.6
8176,PM Peak,32.6
8176,PM Peak,24.1
8176,PM Peak,8.8
8176,PM Peak,26.3
8176,PM Peak,22.8
8176,PM Peak,17.4
8176,PM Peak,17.7
8176,PM Peak,15.3
8176,PM Peak,14.2
8176,PM Peak,27.3
8176,PM Peak,28
8176,PM Peak,24.6
8176,PM Peak,21.8
8176,PM Peak,33
8176,PM Peak,19.1
8176,PM Peak,22.9
8176,PM Peak,20.6
8176,PM Peak,21.8
8176,PM Peak,29.6
8176,PM Peak,29
8176,PM Peak,16.4
8176,PM Peak,26
8176,PM Peak,13.4
8176,PM Peak,26
8176,PM Peak,21.2
8176,PM Peak,22.1
8176,PM Peak,26.4
8176,PM Peak,24
8176,PM Peak,16.1
8176,PM Peak,28.1
8176,PM Peak,10.6
8176,PM Peak,26.9
8176,PM Peak,10.3
8176,PM Peak,22.6
8176,PM Peak,33.8
8176,PM Peak,19.4
8176,PM Peak,24.4
8176,PM Peak,20.7
8176,PM Peak,32.5
8176,PM Peak,22.6
8176,PM Peak,20.9
8176,PM Peak,11.4
8176,PM Peak,18.7
8176,PM Peak,21.9
8176,PM Peak,24.8
8176,PM Peak,24.2
8176,PM Peak,25.4
8176,PM Peak,24.5
8176,PM Peak,22
8176,PM Peak,27.8
8176,PM Peak,25.5
8176,PM Peak,28.6
8176,PM Peak,23.5
8176,PM Peak,21
8176,PM Peak,22.7
8176,PM Peak,18.3
8176,PM Peak,16.6
8176,PM Peak,19.1
8176,PM Peak,29.2
8176,PM Peak,23.1
8176,PM Peak,36.1
8176,PM Peak,22.8
8176,PM Peak,25.8
8176,PM Peak,25.5
8176,PM Peak,24.4
8176,PM Peak,28.6
8176,PM Peak,25.7
8176,PM Peak,23
8176,PM Peak,25.8
8176,PM Peak,19.8
8176,PM Peak,18.7
8176,PM Peak,12.3
8176,PM Peak,26.4
8176,PM Peak,14.9
8176,PM Peak,24.7
8176,PM Peak,24.4
8176,PM Peak,21.5
8176,PM Peak,19.6
8176,PM Peak,15.9
8176,PM Peak,23.3
8176,PM Peak,14.6
8176,PM Peak,22.9
8176,PM Peak,24.8
8176,PM Peak,22.9
8176,PM Peak,24.2
8176,PM Peak,24.2
8180,AM Peak,21
8180,AM Peak,17.1
8180,AM Peak,19.7
8180,AM Peak,18.4
8180,AM Peak,15.2
8180,AM Peak,17.1
8180,AM Peak,13.8
8180,AM Peak,9.5
8180,AM Peak,16.7
8180,AM Peak,15
8180,AM Peak,13.2
8180,AM Peak,16.2
8180,AM Peak,15.9
8180,AM Peak,11.3
8180,AM Peak,20.1
8180,AM Peak,17.4
8180,AM Peak,20.8
8180,AM Peak,19.1
8180,AM Peak,19.2
8180,AM Peak,22.6
8180,AM Peak,22.4
8180,AM Peak,15.7
8180,AM Peak,12.4
8180,AM Peak,16.9
8180,AM Peak,18.9
8180,AM Peak,16.7
8180,AM Peak,19.3
8180,AM Peak,16.9
8180,AM Peak,18.7
8180,AM Peak,16.7
8180,AM Peak,23.3
8180,AM Peak,18.2
8180,AM Peak,18.8
8180,AM Peak,20.9
8180,AM Peak,19.7
8180,AM Peak,20
8180,AM Peak,17.4
8180,AM Peak,22.9
8180,AM Peak,14
8180,AM Peak,16.9
8180,AM Peak,24.7
8180,AM Peak,16
8180,AM Peak,15.4
8180,AM Peak,20.1
8180,AM Peak,16.8
8180,AM Peak,18.4
8180,AM Peak,21.7
8180,AM Peak,24.2
8180,AM Peak,19.6
8180,AM Peak,21.7
8180,AM Peak,20.6
8180,AM Peak,19.9
8180,AM Peak,17.5
8180,AM Peak,12.8
8180,AM Peak,17.4
8180,AM Peak,11.4
8180,AM Peak,13.3
8180,AM Peak,15.3
8180,AM Peak,19.4
8180,AM Peak,24.2
8180,AM Peak,15.1
8180,AM Peak,23.1
8180,AM Peak,21.9
8180,AM Peak,17.1
8180,AM Peak,10.2
8180,AM Peak,17.4
8180,AM Peak,24.2
8180,AM Peak,15.8
8180,AM Peak,18.5
8180,AM Peak,19.9
8180,AM Peak,14.1
8180,AM Peak,10.4
8180,AM Peak,17.7
8180,AM Peak,20.2
8180,AM Peak,20.6
8180,AM Peak,21.9
8180,AM Peak,19.7
8180,AM Peak,19.8
8180,AM Peak,14.8
8180,AM Peak,16.1
8180,AM Peak,19.4
8180,AM Peak,16.5
8180,AM Peak,21.6
8180,AM Peak,19.4
8180,AM Peak,19.3
8180,AM Peak,1.9
8180,AM Peak,19.6
8180,AM Peak,14.2
8180,AM Peak,17
8180,AM Peak,15.3
8180,AM Peak,14.7
8180,AM Peak,19.3
8180,AM Peak,17.8
8180,AM Peak,25.2
8180,AM Peak,16.5
8180,AM Peak,10.4
8180,AM Peak,15.1
8180,AM Peak,17.1
8180,AM Peak,16.7
8180,AM Peak,19
8180,AM Peak,16.8
8180,AM Peak,19.7
8180,AM Peak,8.1
8180,AM Peak,17.4
8180,AM Peak,19.6
8180,AM Peak,21.1
8180,AM Peak,24.6
8180,AM Peak,14.6
8180,AM Peak,16.1
8180,AM Peak,14.9
8180,AM Peak,16.9
8180,AM Peak,13.9
8180,AM Peak,17.3
8180,AM Peak,19.3
8180,AM Peak,19.7
8180,AM Peak,15.2
8180,AM Peak,16.4
8180,AM Peak,22.6
8180,AM Peak,19.1
8180,AM Peak,15.8
8180,AM Peak,16.5
8180,AM Peak,13.4
8180,AM Peak,17.6
8180,AM Peak,14.5
8180,AM Peak,17.2
8180,AM Peak,1.9
8180,AM Peak,18
8180,AM Peak,22.6
8180,AM Peak,16.6
8180,AM Peak,19.7
8180,AM Peak,17.7
8180,AM Peak,15.4
8180,AM Peak,17.7
8180,AM Peak,14.4
8180,AM Peak,24.9
8180,AM Peak,10.7
8180,AM Peak,20.1
8180,AM Peak,18.9
8180,AM Peak,20.3
8180,AM Peak,22.2
8180,AM Peak,18.2
8180,AM Peak,16.9
8180,AM Peak,21.9
8180,AM Peak,17
8180,AM Peak,20
8180,AM Peak,3.8
8180,AM Peak,21.5
8180,AM Peak,21.5
8180,AM Peak,15
8180,AM Peak,19.3
8180,AM Peak,19.7
8180,AM Peak,23.5
8180,AM Peak,21.5
8180,AM Peak,22.8
8180,AM Peak,24.4
8180,AM Peak,21.5
8180,AM Peak,17.6
8180,AM Peak,20.1
8180,AM Peak,19.4
8180,AM Peak,18.3
8180,AM Peak,16.4
8180,AM Peak,16.7
8180,AM Peak,16
8180,AM Peak,18.6
8180,AM Peak,13.3
8180,AM Peak,15
8180,AM Peak,22.2
8180,AM Peak,17.3
8180,AM Peak,19.7
8180,AM Peak,20.5
8180,AM Peak,29.3
8180,AM Peak,4.8
8180,AM Peak,17.7
8180,AM Peak,14.5
8180,AM Peak,18.7
8180,AM Peak,19.2
8180,AM Peak,17
8180,AM Peak,16.3
8180,AM Peak,18
8180,AM Peak,4.8
8180,AM Peak,22.7
8180,AM Peak,18.7
8180,AM Peak,19.9
8180,AM Peak,24.2
8180,AM Peak,21.7
8180,AM Peak,18.7
8180,AM Peak,17.8
8180,AM Peak,20.5
8180,AM Peak,18.5
8180,AM Peak,13.8
8180,AM Peak,20.5
8180,AM Peak,19.8
8180,AM Peak,18.9
8180,AM Peak,20
8180,AM Peak,11.9
8180,AM Peak,19
8180,AM Peak,22.8
8180,AM Peak,24.7
8180,AM Peak,15.9
8180,AM Peak,10.6
8180,AM Peak,22.8
8180,AM Peak,14.4
8180,AM Peak,23
8180,AM Peak,17.5
8180,AM Peak,21.8
8180,AM Peak,15.7
8180,AM Peak,20.2
8180,AM Peak,18.7
8180,AM Peak,20.9
8180,AM Peak,18.4
8180,AM Peak,18.4
8180,AM Peak,16.2
8180,AM Peak,19.4
8180,AM Peak,13.9
8180,AM Peak,15.3
8180,AM Peak,19.5
8180,AM Peak,20.5
8180,AM Peak,25.3
8180,AM Peak,20.5
8180,AM Peak,20.1
8180,AM Peak,14.9
8180,AM Peak,16.5
8180,AM Peak,22.4
8180,AM Peak,22.7
8180,AM Peak,17
8180,AM Peak,17.4
8180,AM Peak,18.8
8180,AM Peak,22.8
8180,AM Peak,19.7
8180,AM Peak,23.6
8180,AM Peak,15.2
8180,AM Peak,22.1
8180,AM Peak,17.2
8180,AM Peak,20.4
8180,AM Peak,23
8180,AM Peak,15
8180,AM Peak,23.8
8180,AM Peak,25
8180,AM Peak,18.1
8180,AM Peak,18.3
8180,AM Peak,19.5
8180,AM Peak,17.6
8180,AM Peak,17.1
8180,AM Peak,19.8
8180,AM Peak,13.5
8180,AM Peak,16.1
8180,AM Peak,18.9
8180,AM Peak,18.1
8180,AM Peak,15.2
8180,AM Peak,17.5
8180,AM Peak,23.3
8180,AM Peak,20.2
8180,AM Peak,15.6
8180,AM Peak,23
8180,AM Peak,19.2
8180,AM Peak,15.3
8180,AM Peak,21.8
8180,AM Peak,21.2
8180,AM Peak,20.8
8180,AM Peak,19
8180,AM Peak,17.6
8180,AM Peak,19.3
8180,AM Peak,19.8
8180,AM Peak,23.3
8180,AM Peak,20.1
8180,AM Peak,19.2
8180,AM Peak,17.2
8180,AM Peak,21.4
8180,AM Peak,20.6
8180,AM Peak,19.9
8180,AM Peak,21.5
8180,AM Peak,17
8180,AM Peak,24.3
8180,AM Peak,19.5
8180,AM Peak,22.5
8180,AM Peak,5
8180,AM Peak,13.5
8180,AM Peak,22
8180,AM Peak,17.3
8180,AM Peak,17.3
8180,AM Peak,18.2
8180,AM Peak,23.8
8180,AM Peak,12.6
8180,AM Peak,17.8
8180,AM Peak,21.2
8180,AM Peak,18.6
8180,AM Peak,14.2
8180,AM Peak,20.3
8180,AM Peak,15.2
8180,AM Peak,14.1
8180,AM Peak,14.7
8180,AM Peak,18.8
8180,AM Peak,22.3
8180,AM Peak,17.8
8180,AM Peak,19.1
8180,AM Peak,17.7
8180,AM Peak,16
8180,AM Peak,21.1
8180,AM Peak,22.1
8180,AM Peak,25.2
8180,AM Peak,23.9
8180,AM Peak,17.2
8180,AM Peak,17.8
8180,AM Peak,18.1
8180,AM Peak,16.8
8180,AM Peak,21.7
8180,AM Peak,17.4
8180,AM Peak,16.8
8180,AM Peak,20.1
8180,AM Peak,17.4
8180,AM Peak,20.8
8180,AM Peak,19.4
8180,AM Peak,15.4
8180,AM Peak,10.5
8180,AM Peak,18.4
8180,AM Peak,14.5
8180,AM Peak,19.2
8180,AM Peak,19.7
8180,AM Peak,21.4
8180,AM Peak,19.7
8180,AM Peak,15.8
8180,AM Peak,21.1
8180,AM Peak,20.5
8180,AM Peak,24.8
8180,AM Peak,17.1
8180,AM Peak,21.7
8180,AM Peak,19.8
8180,AM Peak,21.9
8180,AM Peak,25.7
8180,AM Peak,18
8180,AM Peak,17.4
8180,AM Peak,11.9
8180,AM Peak,16.3
8180,AM Peak,11.6
8180,AM Peak,19.4
8180,AM Peak,7
8180,AM Peak,15.5
8180,AM Peak,21.9
8180,AM Peak,19.8
8180,AM Peak,23.3
8180,AM Peak,14.1
8180,AM Peak,18
8180,AM Peak,21.4
8180,AM Peak,16.1
8180,AM Peak,14.7
8180,AM Peak,17.5
8180,AM Peak,13.6
8180,AM Peak,11.5
8180,AM Peak,15.2
8180,AM Peak,19.1
8180,AM Peak,25.8
8180,AM Peak,20.7
8180,AM Peak,26.3
8180,AM Peak,18.8
8180,AM Peak,21.1
8180,AM Peak,19.4
8180,AM Peak,21.2
8180,AM Peak,14.1
8180,AM Peak,18.3
8180,AM Peak,11.5
8180,AM Peak,18.8
8180,AM Peak,20.2
8180,AM Peak,18
8180,AM Peak,20.2
8180,AM Peak,12.8
8180,AM Peak,18.6
8180,AM Peak,25.5
8180,AM Peak,12.6
8180,AM Peak,17.9
8180,AM Peak,16.8
8180,AM Peak,17
8180,AM Peak,17.4
8180,AM Peak,22.4
8180,AM Peak,17.3
8180,AM Peak,19
8180,AM Peak,18.9
8180,AM Peak,21.3
8180,AM Peak,15.2
8180,AM Peak,17.5
8180,AM Peak,21.3
8180,AM Peak,17
8180,AM Peak,22.4
8180,AM Peak,12.9
8180,AM Peak,20.3
8180,AM Peak,19.3
8180,AM Peak,3.7
8180,AM Peak,17.8
8180,AM Peak,18.7
8180,AM Peak,21.6
8180,AM Peak,19.6
8180,AM Peak,17.6
8180,AM Peak,16.4
8180,AM Peak,12.4
8180,AM Peak,22.6
8180,AM Peak,24.1
8180,AM Peak,17.9
8180,AM Peak,13.2
8180,AM Peak,19.1
8180,AM Peak,14.6
8180,AM Peak,18.9
8180,AM Peak,18
8180,AM Peak,18.9
8180,AM Peak,18.6
8180,AM Peak,21.6
8180,AM Peak,15.7
8180,AM Peak,13.8
8180,AM Peak,18.7
8180,AM Peak,17.1
8180,AM Peak,23.6
8180,AM Peak,15.2
8180,AM Peak,20.5
8180,AM Peak,19.1
8180,AM Peak,16.3
8180,AM Peak,21.4
8180,AM Peak,20.4
8180,AM Peak,28.3
8180,AM Peak,20
8180,AM Peak,18.1
8180,AM Peak,16.2
8180,AM Peak,14.7
8180,AM Peak,9.9
8180,AM Peak,19.2
8180,AM Peak,18
8180,AM Peak,21.9
8180,AM Peak,20.3
8180,AM Peak,16.9
8180,AM Peak,22.9
8180,AM Peak,20.3
8180,AM Peak,17.5
8180,AM Peak,19.9
8180,AM Peak,19
8180,AM Peak,20.8
8180,AM Peak,17.9
8180,AM Peak,5.6
8180,AM Peak,18.2
8180,AM Peak,18.8
8180,AM Peak,24.3
8180,AM Peak,24.5
8180,AM Peak,18
8180,AM Peak,16.6
8180,AM Peak,15.6
8180,AM Peak,17
8180,AM Peak,17
8180,AM Peak,23.8
8180,AM Peak,21.5
8180,AM Peak,14.3
8180,AM Peak,21.2
8180,AM Peak,21.5
8180,AM Peak,17.2
8180,AM Peak,16.4
8180,AM Peak,21.1
8180,AM Peak,13.9
8180,AM Peak,19.3
8180,AM Peak,20.7
8180,AM Peak,20.2
8180,AM Peak,16.4
8180,AM Peak,19.1
8180,AM Peak,13.5
8180,AM Peak,15.9
8180,AM Peak,16.1
8180,AM Peak,18.7
8180,AM Peak,22.4
8180,AM Peak,15.5
8180,AM Peak,17.8
8180,AM Peak,15.9
8180,AM Peak,18.2
8180,AM Peak,19.8
8180,AM Peak,21.8
8180,AM Peak,18.6
8180,AM Peak,21.7
8180,AM Peak,23.5
8180,AM Peak,20.3
8180,AM Peak,11.3
8180,AM Peak,17.2
8180,AM Peak,17.7
8180,AM Peak,26.7
8180,AM Peak,15
8180,AM Peak,17.5
8180,AM Peak,24.2
8180,AM Peak,17
8180,AM Peak,21.3
8180,AM Peak,19.2
8180,AM Peak,20.6
8180,AM Peak,18.5
8180,AM Peak,13.6
8180,AM Peak,21.4
8180,AM Peak,28.5
8180,AM Peak,17.3
8180,AM Peak,24.9
8180,AM Peak,9.9
8180,AM Peak,22.4
8180,AM Peak,15.8
8180,AM Peak,18.8
8180,AM Peak,18
8180,AM Peak,16.1
8180,AM Peak,18.7
8180,AM Peak,20.6
8180,AM Peak,15.6
8180,AM Peak,22.8
8180,AM Peak,17.9
8180,PM Peak,28.3
8180,PM Peak,13.9
8180,PM Peak,15.9
8180,PM Peak,20.9
8180,PM Peak,17.5
8180,PM Peak,14.1
8180,PM Peak,17.5
8180,PM Peak,17.1
8180,PM Peak,10.4
8180,PM Peak,12.4
8180,PM Peak,19
8180,PM Peak,21.4
8180,PM Peak,19.1
8180,PM Peak,15.1
8180,PM Peak,18.8
8180,PM Peak,13.8
8180,PM Peak,4.5
8180,PM Peak,19.5
8180,PM Peak,11.7
8180,PM Peak,16.3
8180,PM Peak,27
8180,PM Peak,14.3
8180,PM Peak,20.8
8180,PM Peak,10.8
8180,PM Peak,20
8180,PM Peak,12.5
8180,PM Peak,19.3
8180,PM Peak,14
8180,PM Peak,14.4
8180,PM Peak,18.7
8180,PM Peak,14.6
8180,PM Peak,14.3
8180,PM Peak,20.4
8180,PM Peak,17.6
8180,PM Peak,16.6
8180,PM Peak,16
8180,PM Peak,2.3
8180,PM Peak,14.5
8180,PM Peak,24.9
8180,PM Peak,13.9
8180,PM Peak,22.4
8180,PM Peak,16.3
8180,PM Peak,7.5
8180,PM Peak,19.8
8180,PM Peak,15
8180,PM Peak,18.8
8180,PM Peak,7.7
8180,PM Peak,11
8180,PM Peak,17.8
8180,PM Peak,17.5
8180,PM Peak,13.6
8180,PM Peak,17.9
8180,PM Peak,15.6
8180,PM Peak,19.2
8180,PM Peak,15.2
8180,PM Peak,18.8
8180,PM Peak,10.2
8180,PM Peak,15.8
8180,PM Peak,18.3
8180,PM Peak,14.4
8180,PM Peak,10.4
8180,PM Peak,19.3
8180,PM Peak,15.9
8180,PM Peak,15.6
8180,PM Peak,19.5
8180,PM Peak,24
8180,PM Peak,14.5
8180,PM Peak,16.9
8180,PM Peak,16
8180,PM Peak,11.5
8180,PM Peak,15.1
8180,PM Peak,15
8180,PM Peak,17.2
8180,PM Peak,14.3
8180,PM Peak,15.3
8180,PM Peak,16.3
8180,PM Peak,20.9
8180,PM Peak,19.5
8180,PM Peak,9.3
8180,PM Peak,15.9
8180,PM Peak,23.1
8180,PM Peak,17
8180,PM Peak,18.5
8180,PM Peak,18.1
8180,PM Peak,15.6
8180,PM Peak,24.2
8180,PM Peak,15.9
8180,PM Peak,11.3
8180,PM Peak,23.5
8180,PM Peak,19.1
8180,PM Peak,13.6
8180,PM Peak,18.6
8180,PM Peak,4.9
8180,PM Peak,10.8
8180,PM Peak,20.4
8180,PM Peak,18.7
8180,PM Peak,18
8180,PM Peak,18.3
8180,PM Peak,15.6
8180,PM Peak,21
8180,PM Peak,23.3
8180,PM Peak,18.3
8180,PM Peak,23.7
8180,PM Peak,13
8180,PM Peak,13.1
8180,PM Peak,21.2
8180,PM Peak,19.1
8180,PM Peak,16.2
8180,PM Peak,17.9
8180,PM Peak,20.2
8180,PM Peak,17.6
8180,PM Peak,12.8
8180,PM Peak,22.4
8180,PM Peak,18.6
8180,PM Peak,21.7
8180,PM Peak,20.3
8180,PM Peak,21.5
8180,PM Peak,15.3
8180,PM Peak,13.5
8180,PM Peak,18.6
8180,PM Peak,22.6
8180,PM Peak,16.4
8180,PM Peak,17.1
8180,PM Peak,13.6
8180,PM Peak,17.5
8180,PM Peak,13.1
8180,PM Peak,24.9
8180,PM Peak,11.2
8180,PM Peak,14.1
8180,PM Peak,15.5
8180,PM Peak,14.7
8180,PM Peak,12.3
8180,PM Peak,19
8180,PM Peak,11.9
8180,PM Peak,22.5
8180,PM Peak,23.2
8180,PM Peak,18.3
8180,PM Peak,16.8
8180,PM Peak,15.4
8180,PM Peak,14.8
8180,PM Peak,14.8
8180,PM Peak,13
8180,PM Peak,25.1
8180,PM Peak,14.1
8180,PM Peak,20.5
8180,PM Peak,18.5
8180,PM Peak,19.3
8180,PM Peak,15.2
8180,PM Peak,16.6
8180,PM Peak,19.2
8180,PM Peak,15.9
8180,PM Peak,13.8
8180,PM Peak,11.3
8180,PM Peak,19.1
8180,PM Peak,16.6
8180,PM Peak,20.2
8180,PM Peak,17.8
8180,PM Peak,13.1
8180,PM Peak,18.6
8180,PM Peak,24.1
8180,PM Peak,18.1
8180,PM Peak,16.3
8180,PM Peak,24.6
8180,PM Peak,16.8
8180,PM Peak,19.4
8180,PM Peak,16.6
8180,PM Peak,12.4
8180,PM Peak,11.3
8180,PM Peak,16.4
8180,PM Peak,12
8180,PM Peak,17.8
8180,PM Peak,17
8180,PM Peak,22.1
8180,PM Peak,17.7
8180,PM Peak,11.7
8180,PM Peak,10.4
8180,PM Peak,13.7
8180,PM Peak,13.4
8180,PM Peak,9.8
8180,PM Peak,22.2
8180,PM Peak,15.1
8180,PM Peak,10.9
8180,PM Peak,20.4
8180,PM Peak,18.7
8180,PM Peak,11.6
8180,PM Peak,16.8
8180,PM Peak,14.8
8180,PM Peak,19.2
8180,PM Peak,14
8180,PM Peak,13.9
8180,PM Peak,19
8180,PM Peak,28.6
8180,PM Peak,18.1
8180,PM Peak,23.2
8180,PM Peak,15.4
8180,PM Peak,16.7
8180,PM Peak,13.8
8180,PM Peak,13.8
8180,PM Peak,18
8180,PM Peak,18.2
8180,PM Peak,10.7
8180,PM Peak,15.2
8180,PM Peak,13.5
8180,PM Peak,6.3
8180,PM Peak,20.8
8180,PM Peak,20.3
8180,PM Peak,17.5
8180,PM Peak,15.8
8180,PM Peak,13.6
8180,PM Peak,19.4
8180,PM Peak,20
8180,PM Peak,15.3
8180,PM Peak,11
8180,PM Peak,13
8180,PM Peak,15.5
8180,PM Peak,20.9
8180,PM Peak,15.4
8180,PM Peak,13.6
8180,PM Peak,25.3
8180,PM Peak,18.8
8180,PM Peak,14.6
8180,PM Peak,21.8
8180,PM Peak,13.7
8180,PM Peak,16.8
8180,PM Peak,18.6
8180,PM Peak,18
8180,PM Peak,15.4
8180,PM Peak,19.4
8180,PM Peak,7
8180,PM Peak,27.3
8180,PM Peak,22.1
8180,PM Peak,14.9
8180,PM Peak,24.1
8180,PM Peak,18.8
8180,PM Peak,14.7
8180,PM Peak,12.1
8180,PM Peak,20
8180,PM Peak,12
8180,PM Peak,17.7
8180,PM Peak,25.7
8180,PM Peak,13.4
8180,PM Peak,27.1
8180,PM Peak,21.1
8180,PM Peak,13.5
8180,PM Peak,11.2
8180,PM Peak,13.1
8180,PM Peak,13.5
8180,PM Peak,12.1
8180,PM Peak,17
8180,PM Peak,18.3
8180,PM Peak,17.1
8180,PM Peak,21.6
8180,PM Peak,3.8
8180,PM Peak,12
8180,PM Peak,17.7
8180,PM Peak,21.9
8180,PM Peak,16.6
8180,PM Peak,15.6
8180,PM Peak,8.9
8180,PM Peak,22.3
8180,PM Peak,14.1
8180,PM Peak,17.5
8180,PM Peak,22.6
8180,PM Peak,19.7
8180,PM Peak,16.7
8180,PM Peak,13.3
8180,PM Peak,17.9
8180,PM Peak,18.5
8180,PM Peak,16.1
8180,PM Peak,11.8
8180,PM Peak,9.9
8180,PM Peak,17.3
8180,PM Peak,11.3
8180,PM Peak,12.6
8180,PM Peak,15.7
8180,PM Peak,17.7
8180,PM Peak,20
8180,PM Peak,12.9
8180,PM Peak,17.3
8180,PM Peak,21.5
8180,PM Peak,15.9
8180,PM Peak,19.4
8180,PM Peak,14.1
8180,PM Peak,19.8
8180,PM Peak,18.5
8180,PM Peak,22.7
8180,PM Peak,24
8180,PM Peak,12.9
8180,PM Peak,20.3
8180,PM Peak,16.3
8180,PM Peak,20.2
8180,PM Peak,18.3
8180,PM Peak,21.5
8180,PM Peak,14.9
8180,PM Peak,16.6
8180,PM Peak,15
8180,PM Peak,12.6
8180,PM Peak,21.6
8180,PM Peak,11.5
8180,PM Peak,21.9
8180,PM Peak,12.3
8180,PM Peak,16.1
8180,PM Peak,26.7
8180,PM Peak,18.1
8180,PM Peak,14.6
8180,PM Peak,19.1
8180,PM Peak,15
8180,PM Peak,14.2
8180,PM Peak,17.4
8180,PM Peak,17.2
8180,PM Peak,23
8180,PM Peak,17.3
8180,PM Peak,24.8
8180,PM Peak,14.2
8180,PM Peak,15.2
8180,PM Peak,13.5
8180,PM Peak,17.6
8180,PM Peak,16.5
8180,PM Peak,20.5
8180,PM Peak,12.5
8180,PM Peak,18.9
8180,PM Peak,15.1
8180,PM Peak,14.8
8180,PM Peak,20.4
8180,PM Peak,20
8180,PM Peak,19.5
8180,PM Peak,11.5
8180,PM Peak,15
8180,PM Peak,18
8180,PM Peak,12.4
8180,PM Peak,13.4
8180,PM Peak,16.6
8180,PM Peak,16.9
8180,PM Peak,14.2
8180,PM Peak,20.4
8180,PM Peak,14.5
8180,PM Peak,13
8180,PM Peak,17.2
8180,PM Peak,13.1
8180,PM Peak,12.4
8180,PM Peak,11.2
8180,PM Peak,14.7
8180,PM Peak,22.4
8180,PM Peak,16.4
8180,PM Peak,18.9
8180,PM Peak,22.5
8180,PM Peak,19.6
8180,PM Peak,13.2
8180,PM Peak,30.3
8180,PM Peak,14.5
8180,PM Peak,28.5
8180,PM Peak,16.1
8180,PM Peak,14.5
8180,PM Peak,27
8180,PM Peak,16.2
8180,PM Peak,15.4
8180,PM Peak,9.6
8180,PM Peak,18.5
8180,PM Peak,17.6
8180,PM Peak,18.7
8180,PM Peak,11.2
8180,PM Peak,12
8180,PM Peak,15.8
8180,PM Peak,22.4
8180,PM Peak,22.9
8180,PM Peak,9
8180,PM Peak,19.6
8180,PM Peak,15.1
8180,PM Peak,19.3
8180,PM Peak,19.6
8180,PM Peak,7.4
8180,PM Peak,19.5
8180,PM Peak,11.4
8180,PM Peak,17.5
8180,PM Peak,18.6
8180,PM Peak,21.6
8180,PM Peak,19.9
8180,PM Peak,21.4
8180,PM Peak,18.4
8180,PM Peak,14.7
8180,PM Peak,23.3
8180,PM Peak,17.2
8180,PM Peak,14.6
8180,PM Peak,16.1
8180,PM Peak,12.8
8180,PM Peak,14
8180,PM Peak,13.9
8180,PM Peak,17.3
8180,PM Peak,15.5
8180,PM Peak,21.3
8180,PM Peak,16.6
8180,PM Peak,17.6
8180,PM Peak,18.9
8180,PM Peak,10.7
8180,PM Peak,11
8180,PM Peak,21.7
8180,PM Peak,14
8180,PM Peak,15.1
8180,PM Peak,17.5
8180,PM Peak,19.5
8180,PM Peak,15.6
8180,PM Peak,18.2
8180,PM Peak,16.2
8180,PM Peak,18.6
8180,PM Peak,16
8180,PM Peak,18.8
8180,PM Peak,12.8
8180,PM Peak,14.4
8180,PM Peak,18.2
8180,PM Peak,17.7
8180,PM Peak,16.8
8180,PM Peak,19.6
8180,PM Peak,16.5
8180,PM Peak,22.2
8180,PM Peak,8.2
8180,PM Peak,5.8
8180,PM Peak,18.1
8180,PM Peak,17.8
8180,PM Peak,19.3
8180,PM Peak,15.4
8180,PM Peak,16.1
8180,PM Peak,17
8180,PM Peak,14.6
8180,PM Peak,17.6
8180,PM Peak,22.2
8180,PM Peak,17.8
8180,PM Peak,16.1
8180,PM Peak,14.7
8180,PM Peak,20
8180,PM Peak,17.3
8180,PM Peak,22.8
8180,PM Peak,16.6
8180,PM Peak,13.3
8180,PM Peak,17.9
8180,PM Peak,13.8
8180,PM Peak,21.8
8180,PM Peak,18
8180,PM Peak,23.5
8180,PM Peak,13
8180,PM Peak,28.1
8180,PM Peak,6.3
8180,PM Peak,17.1
8180,PM Peak,10.1
8180,PM Peak,12.6
8180,PM Peak,17.6
8180,PM Peak,24.5
8180,PM Peak,19.8
8180,PM Peak,21
8180,PM Peak,16.1
8180,PM Peak,14.9
8180,PM Peak,10.7
8180,PM Peak,16.2
8180,PM Peak,13.9
8180,PM Peak,15
8180,PM Peak,20.4
8180,PM Peak,11.1
8180,PM Peak,20.8
8180,PM Peak,21.6
8180,PM Peak,16.4
8180,PM Peak,16.2
8180,PM Peak,11.4
8180,PM Peak,23.1
8180,PM Peak,16.7
8180,PM Peak,20
8180,PM Peak,14
8180,PM Peak,14.6
8180,PM Peak,18.3
8180,PM Peak,18.1
8180,PM Peak,14.8
8180,PM Peak,11.4
8180,PM Peak,15.4
8180,PM Peak,12.2
8180,PM Peak,18.2
8180,PM Peak,19.6
8180,PM Peak,22.3
8180,PM Peak,30.1
8180,PM Peak,21
8180,PM Peak,14.3
8180,PM Peak,15.9
8180,PM Peak,22.5
8180,PM Peak,13.1
8180,PM Peak,23.1
8180,PM Peak,10.5
8180,PM Peak,14.6
8180,PM Peak,17.4
8180,PM Peak,20.3
8180,PM Peak,15.4
8180,PM Peak,11
8180,PM Peak,16.7
8180,PM Peak,6.8
8180,PM Peak,13.7
8180,PM Peak,17.5
8180,PM Peak,11.5
8180,PM Peak,13.9
8180,PM Peak,19.7
8180,PM Peak,11.6
8180,PM Peak,21.8
8180,PM Peak,22.1
8180,PM Peak,12.3
8180,PM Peak,20.9
8184,AM Peak,30.8
8184,AM Peak,30.5
8184,AM Peak,22.3
8184,AM Peak,9.8
8184,AM Peak,28.2
8184,AM Peak,14.9
8184,AM Peak,26.5
8184,AM Peak,25.1
8184,AM Peak,32.2
8184,AM Peak,24.6
8184,AM Peak,16.5
8184,AM Peak,30.3
8184,AM Peak,31.3
8184,AM Peak,24.8
8184,AM Peak,11.2
8184,AM Peak,14.5
8184,AM Peak,27.8
8184,AM Peak,15.8
8184,AM Peak,19.4
8184,AM Peak,17.2
8184,AM Peak,9.4
8184,AM Peak,16.9
8184,AM Peak,30.4
8184,AM Peak,18.1
8184,AM Peak,31.8
8184,AM Peak,22.3
8184,AM Peak,21.9
8184,AM Peak,29.7
8184,AM Peak,19.8
8184,AM Peak,10.5
8184,AM Peak,8.7
8184,AM Peak,16
8184,AM Peak,22.4
8184,AM Peak,23.8
8184,AM Peak,23.4
8184,AM Peak,23.8
8184,AM Peak,33.4
8184,AM Peak,12.3
8184,AM Peak,19.2
8184,AM Peak,31.7
8184,AM Peak,13.3
8184,AM Peak,20.8
8184,AM Peak,9
8184,AM Peak,27.3
8184,AM Peak,15.3
8184,AM Peak,26.8
8184,AM Peak,27.2
8184,AM Peak,21.6
8184,AM Peak,15.8
8184,AM Peak,25.4
8184,AM Peak,23.2
8184,AM Peak,12.9
8184,AM Peak,31.5
8184,AM Peak,23.5
8184,AM Peak,16.9
8184,AM Peak,30.2
8184,AM Peak,24.6
8184,AM Peak,24.4
8184,AM Peak,27.7
8184,AM Peak,24.6
8184,AM Peak,26.3
8184,AM Peak,23.6
8184,AM Peak,23.2
8184,AM Peak,34.3
8184,AM Peak,22.4
8184,AM Peak,29.9
8184,AM Peak,22
8184,AM Peak,17.4
8184,AM Peak,17.5
8184,AM Peak,28.1
8184,AM Peak,11.1
8184,AM Peak,21.5
8184,AM Peak,22.9
8184,AM Peak,21.9
8184,AM Peak,10.1
8184,AM Peak,13.1
8184,AM Peak,29.7
8184,AM Peak,29.7
8184,AM Peak,22.3
8184,AM Peak,28.5
8184,AM Peak,22.1
8184,AM Peak,30
8184,AM Peak,14.2
8184,AM Peak,18.4
8184,AM Peak,11.6
8184,AM Peak,19.8
8184,AM Peak,17.7
8184,AM Peak,30.4
8184,AM Peak,7.8
8184,AM Peak,22.9
8184,AM Peak,29
8184,AM Peak,29.1
8184,AM Peak,17.9
8184,AM Peak,14.2
8184,AM Peak,24.5
8184,AM Peak,30.4
8184,AM Peak,18.2
8184,AM Peak,25.6
8184,AM Peak,29.3
8184,AM Peak,34.3
8184,AM Peak,8.4
8184,AM Peak,15.6
8184,AM Peak,27.8
8184,AM Peak,17.7
8184,AM Peak,16.7
8184,AM Peak,27.9
8184,AM Peak,16.7
8184,AM Peak,36.9
8184,AM Peak,22.6
8184,AM Peak,26.6
8184,AM Peak,16.6
8184,AM Peak,16.8
8184,AM Peak,19.1
8184,AM Peak,17.5
8184,AM Peak,17.8
8184,AM Peak,26
8184,AM Peak,31
8184,AM Peak,26.3
8184,AM Peak,14.7
8184,AM Peak,26.4
8184,AM Peak,26.1
8184,AM Peak,27.2
8184,AM Peak,20.1
8184,AM Peak,31.2
8184,AM Peak,16.5
8184,AM Peak,12
8184,AM Peak,30.4
8184,AM Peak,33.7
8184,AM Peak,22.6
8184,AM Peak,31.9
8184,AM Peak,20.4
8184,AM Peak,27.8
8184,AM Peak,21.1
8184,AM Peak,29.1
8184,AM Peak,21.1
8184,AM Peak,27.9
8184,AM Peak,22.6
8184,AM Peak,14.3
8184,AM Peak,32.1
8184,AM Peak,20.9
8184,AM Peak,28.8
8184,AM Peak,14
8184,AM Peak,14.6
8184,AM Peak,22.5
8184,AM Peak,29.1
8184,AM Peak,20.3
8184,AM Peak,25
8184,AM Peak,13.6
8184,AM Peak,24.8
8184,AM Peak,27.9
8184,AM Peak,19.1
8184,AM Peak,16
8184,AM Peak,21.2
8184,AM Peak,14.8
8184,AM Peak,11.5
8184,AM Peak,12.7
8184,AM Peak,31.4
8184,AM Peak,25.1
8184,AM Peak,28.9
8184,AM Peak,18.8
8184,AM Peak,32.3
8184,AM Peak,30.6
8184,AM Peak,12.6
8184,AM Peak,16
8184,AM Peak,17.4
8184,AM Peak,33.3
8184,AM Peak,18.9
8184,AM Peak,12.4
8184,AM Peak,26.6
8184,AM Peak,11.6
8184,AM Peak,15.2
8184,AM Peak,20.7
8184,AM Peak,31.7
8184,AM Peak,21.8
8184,AM Peak,15.5
8184,AM Peak,31.6
8184,AM Peak,33.6
8184,AM Peak,11.2
8184,AM Peak,22.3
8184,AM Peak,29.6
8184,AM Peak,30
8184,AM Peak,21.9
8184,AM Peak,17.4
8184,AM Peak,24.1
8184,AM Peak,24.2
8184,AM Peak,32
8184,AM Peak,17.4
8184,AM Peak,26.9
8184,AM Peak,12.5
8184,AM Peak,30.5
8184,AM Peak,19
8184,AM Peak,25.7
8184,AM Peak,19.8
8184,AM Peak,26.9
8184,AM Peak,22.1
8184,AM Peak,31.4
8184,AM Peak,16.4
8184,AM Peak,30.5
8184,AM Peak,26
8184,AM Peak,15.2
8184,AM Peak,28.5
8184,AM Peak,31.5
8184,AM Peak,20.4
8184,AM Peak,21.4
8184,AM Peak,16.9
8184,AM Peak,16.1
8184,AM Peak,12.8
8184,AM Peak,21.2
8184,AM Peak,25.9
8184,AM Peak,21.9
8184,AM Peak,30.1
8184,AM Peak,27.9
8184,AM Peak,9.7
8184,AM Peak,25.5
8184,AM Peak,31.2
8184,AM Peak,33.8
8184,AM Peak,30.5
8184,AM Peak,12.2
8184,AM Peak,30.2
8184,AM Peak,18
8184,AM Peak,9.2
8184,AM Peak,25.1
8184,AM Peak,30.6
8184,AM Peak,30.6
8184,AM Peak,16.9
8184,AM Peak,23.2
8184,AM Peak,30.8
8184,AM Peak,20.8
8184,AM Peak,13.9
8184,AM Peak,29.3
8184,AM Peak,22.5
8184,AM Peak,23.2
8184,AM Peak,34.6
8184,AM Peak,24.4
8184,AM Peak,32.7
8184,AM Peak,31.6
8184,AM Peak,20
8184,AM Peak,28.8
8184,AM Peak,11.9
8184,AM Peak,9.7
8184,AM Peak,16.4
8184,AM Peak,28.4
8184,AM Peak,25.6
8184,AM Peak,27.1
8184,AM Peak,11.3
8184,AM Peak,22.4
8184,AM Peak,35.6
8184,AM Peak,26.9
8184,AM Peak,20.2
8184,AM Peak,26.8
8184,AM Peak,22
8184,AM Peak,28.3
8184,AM Peak,22.8
8184,AM Peak,17.8
8184,AM Peak,16.2
8184,AM Peak,37.1
8184,AM Peak,11.3
8184,AM Peak,27.7
8184,AM Peak,19.5
8184,AM Peak,26.6
8184,AM Peak,32.7
8184,AM Peak,20.8
8184,AM Peak,18.7
8184,AM Peak,16.5
8184,AM Peak,32.4
8184,AM Peak,11.3
8184,AM Peak,30.3
8184,AM Peak,20.8
8184,AM Peak,26.1
8184,AM Peak,26.5
8184,AM Peak,30.2
8184,AM Peak,26.4
8184,AM Peak,34.6
8184,AM Peak,18.7
8184,AM Peak,27.3
8184,AM Peak,22.1
8184,AM Peak,17.6
8184,AM Peak,14.9
8184,AM Peak,30.9
8184,AM Peak,28.7
8184,AM Peak,31.1
8184,AM Peak,28.7
8184,AM Peak,24.2
8184,AM Peak,29.4
8184,AM Peak,33.2
8184,AM Peak,26.2
8184,AM Peak,30.9
8184,AM Peak,19.4
8184,AM Peak,31
8184,AM Peak,19
8184,AM Peak,32.6
8184,AM Peak,27.5
8184,AM Peak,18.6
8184,AM Peak,20.1
8184,AM Peak,26.7
8184,AM Peak,28.5
8184,AM Peak,29.3
8184,AM Peak,31.8
8184,AM Peak,20.8
8184,AM Peak,14.5
8184,AM Peak,25.4
8184,AM Peak,32.4
8184,AM Peak,16.6
8184,AM Peak,25
8184,AM Peak,28.7
8184,AM Peak,26.4
8184,AM Peak,31.9
8184,AM Peak,12.2
8184,AM Peak,25.4
8184,AM Peak,15.6
8184,AM Peak,16.4
8184,AM Peak,30.5
8184,AM Peak,28.1
8184,AM Peak,23.7
8184,AM Peak,19.8
8184,AM Peak,12.3
8184,AM Peak,28.9
8184,AM Peak,13.8
8184,AM Peak,23.6
8184,AM Peak,31
8184,AM Peak,23.8
8184,AM Peak,18.5
8184,AM Peak,18.6
8184,AM Peak,24.8
8184,AM Peak,20.1
8184,AM Peak,25.2
8184,AM Peak,25.6
8184,AM Peak,18.1
8184,AM Peak,22.3
8184,AM Peak,30.6
8184,AM Peak,31.6
8184,AM Peak,11.4
8184,AM Peak,13.6
8184,AM Peak,16.1
8184,AM Peak,16.1
8184,AM Peak,24.7
8184,AM Peak,21.3
8184,AM Peak,18.3
8184,AM Peak,17.2
8184,AM Peak,32.7
8184,AM Peak,29.5
8184,AM Peak,2.6
8184,AM Peak,30
8184,AM Peak,31.3
8184,AM Peak,27.3
8184,AM Peak,20.4
8184,AM Peak,15.4
8184,AM Peak,19.6
8184,AM Peak,20
8184,AM Peak,29.7
8184,AM Peak,17.2
8184,AM Peak,20.1
8184,AM Peak,24.8
8184,AM Peak,29.4
8184,AM Peak,18.4
8184,AM Peak,15.1
8184,AM Peak,17.7
8184,AM Peak,19.8
8184,AM Peak,32
8184,AM Peak,14.5
8184,AM Peak,24.4
8184,AM Peak,11.3
8184,AM Peak,23.2
8184,AM Peak,17.8
8184,AM Peak,32.5
8184,AM Peak,19.5
8184,AM Peak,26.7
8184,AM Peak,28.1
8184,AM Peak,30.9
8184,AM Peak,20.6
8184,AM Peak,26.4
8184,AM Peak,25.4
8184,AM Peak,13.7
8184,AM Peak,34.5
8184,AM Peak,5.2
8184,AM Peak,20.8
8184,AM Peak,15.6
8184,AM Peak,26
8184,AM Peak,28.7
8184,AM Peak,17.2
8184,AM Peak,24.9
8184,AM Peak,27.3
8184,AM Peak,21.2
8184,AM Peak,29.7
8184,AM Peak,24.3
8184,AM Peak,23.2
8184,AM Peak,31.8
8184,AM Peak,25.5
8184,AM Peak,16
8184,AM Peak,13.1
8184,AM Peak,16.4
8184,AM Peak,30.2
8184,AM Peak,21.7
8184,AM Peak,16.3
8184,AM Peak,17.7
8184,AM Peak,18
8184,AM Peak,29.9
8184,AM Peak,26.7
8184,AM Peak,24.5
8184,AM Peak,21
8184,AM Peak,33.7
8184,AM Peak,24.5
8184,AM Peak,12
8184,AM Peak,27.4
8184,AM Peak,20.3
8184,AM Peak,19.9
8184,AM Peak,19.5
8184,AM Peak,26.8
8184,AM Peak,10.2
8184,AM Peak,15.9
8184,AM Peak,32.2
8184,AM Peak,13.4
8184,AM Peak,18
8184,AM Peak,24.8
8184,AM Peak,26.4
8184,AM Peak,28.4
8184,AM Peak,18.4
8184,AM Peak,28.5
8184,AM Peak,21.8
8184,AM Peak,21.7
8184,AM Peak,20.9
8184,AM Peak,33.3
8184,AM Peak,15.2
8184,AM Peak,34
8184,AM Peak,26.4
8184,AM Peak,7.4
8184,AM Peak,26.2
8184,AM Peak,25.1
8184,AM Peak,22
8184,AM Peak,28.6
8184,AM Peak,20.7
8184,AM Peak,22
8184,AM Peak,23.8
8184,AM Peak,28.5
8184,AM Peak,30.6
8184,AM Peak,29
8184,AM Peak,29.1
8184,AM Peak,14.5
8184,AM Peak,14.8
8184,AM Peak,20.6
8184,AM Peak,25.7
8184,AM Peak,22.2
8184,AM Peak,12.4
8184,AM Peak,27.1
8184,AM Peak,26.6
8184,AM Peak,16.4
8184,AM Peak,20.1
8184,AM Peak,33.2
8184,AM Peak,20.4
8184,AM Peak,19.1
8184,AM Peak,32.8
8184,AM Peak,12
8184,AM Peak,18.9
8184,AM Peak,17.6
8184,AM Peak,18.1
8184,AM Peak,24.7
8184,AM Peak,13.2
8184,AM Peak,21
8184,AM Peak,30.4
8184,AM Peak,30.9
8184,AM Peak,20.3
8184,AM Peak,28.3
8184,AM Peak,28.2
8184,AM Peak,20.4
8184,AM Peak,30
8184,AM Peak,22.7
8184,AM Peak,26.8
8184,AM Peak,19.3
8184,AM Peak,24.8
8184,AM Peak,31
8184,AM Peak,37.1
8184,AM Peak,26.4
8184,AM Peak,35.6
8184,AM Peak,30.5
8184,AM Peak,18.7
8184,AM Peak,32.6
8184,AM Peak,28.5
8184,AM Peak,18
8184,AM Peak,15.9
8184,AM Peak,19
8184,AM Peak,19.3
8184,AM Peak,13.2
8184,AM Peak,28.1
8184,AM Peak,18.7
8184,AM Peak,31.4
8184,AM Peak,23.5
8184,AM Peak,26.9
8184,AM Peak,12.2
8184,AM Peak,30.6
8184,AM Peak,28.8
8184,AM Peak,19.3
8184,AM Peak,19.2
8184,AM Peak,17.6
8184,AM Peak,28
8184,AM Peak,27.7
8184,AM Peak,12.5
8184,AM Peak,22.3
8184,AM Peak,21.9
8184,AM Peak,14.8
8184,AM Peak,16.4
8184,PM Peak,31.5
8184,PM Peak,11.5
8184,PM Peak,25.5
8184,PM Peak,26.8
8184,PM Peak,24.7
8184,PM Peak,22.7
8184,PM Peak,27.5
8184,PM Peak,24.8
8184,PM Peak,20.8
8184,PM Peak,28.6
8184,PM Peak,17.3
8184,PM Peak,26.2
8184,PM Peak,27
8184,PM Peak,26.7
8184,PM Peak,26.1
8184,PM Peak,26.3
8184,PM Peak,17.8
8184,PM Peak,14.6
8184,PM Peak,18
8184,PM Peak,30.3
8184,PM Peak,8.4
8184,PM Peak,18.8
8184,PM Peak,34
8184,PM Peak,19.1
8184,PM Peak,24.3
8184,PM Peak,21.9
8184,PM Peak,15.6
8184,PM Peak,25.7
8184,PM Peak,21.1
8184,PM Peak,18.5
8184,PM Peak,24.7
8184,PM Peak,27.6
8184,PM Peak,17.3
8184,PM Peak,23.9
8184,PM Peak,16.5
8184,PM Peak,23.5
8184,PM Peak,23.6
8184,PM Peak,24.4
8184,PM Peak,24.2
8184,PM Peak,25.4
8184,PM Peak,17.5
8184,PM Peak,26.1
8184,PM Peak,22.5
8184,PM Peak,22.8
8184,PM Peak,25.6
8184,PM Peak,19.5
8184,PM Peak,33
8184,PM Peak,26.9
8184,PM Peak,29.8
8184,PM Peak,13.7
8184,PM Peak,30.9
8184,PM Peak,24.4
8184,PM Peak,28.5
8184,PM Peak,25.1
8184,PM Peak,33.1
8184,PM Peak,20
8184,PM Peak,29.2
8184,PM Peak,16.9
8184,PM Peak,22.5
8184,PM Peak,11.6
8184,PM Peak,27.2
8184,PM Peak,31.1
8184,PM Peak,26.9
8184,PM Peak,18.2
8184,PM Peak,22.8
8184,PM Peak,25.1
8184,PM Peak,28.4
8184,PM Peak,21.7
8184,PM Peak,25.2
8184,PM Peak,26.5
8184,PM Peak,24.9
8184,PM Peak,23.1
8184,PM Peak,10.1
8184,PM Peak,22.2
8184,PM Peak,11.8
8184,PM Peak,27.1
8184,PM Peak,29.2
8184,PM Peak,26.6
8184,PM Peak,11.2
8184,PM Peak,16.7
8184,PM Peak,21.2
8184,PM Peak,21.3
8184,PM Peak,23.7
8184,PM Peak,14.4
8184,PM Peak,18.1
8184,PM Peak,29
8184,PM Peak,28.1
8184,PM Peak,26.9
8184,PM Peak,26.8
8184,PM Peak,33
8184,PM Peak,22.8
8184,PM Peak,28.7
8184,PM Peak,16.4
8184,PM Peak,17.4
8184,PM Peak,25.2
8184,PM Peak,29.6
8184,PM Peak,13.5
8184,PM Peak,15.3
8184,PM Peak,22.1
8184,PM Peak,13.6
8184,PM Peak,25
8184,PM Peak,23.4
8184,PM Peak,34.2
8184,PM Peak,23
8184,PM Peak,25.5
8184,PM Peak,25.8
8184,PM Peak,22.2
8184,PM Peak,18.2
8184,PM Peak,10.7
8184,PM Peak,15.4
8184,PM Peak,20.8
8184,PM Peak,23.1
8184,PM Peak,24.5
8184,PM Peak,23.8
8184,PM Peak,21.6
8184,PM Peak,31.9
8184,PM Peak,19.5
8184,PM Peak,27.1
8184,PM Peak,5.4
8184,PM Peak,19.3
8184,PM Peak,16.5
8184,PM Peak,25.2
8184,PM Peak,18.9
8184,PM Peak,20.4
8184,PM Peak,23.4
8184,PM Peak,17.6
8184,PM Peak,24.7
8184,PM Peak,24.7
8184,PM Peak,28.1
8184,PM Peak,18.2
8184,PM Peak,25.5
8184,PM Peak,16.2
8184,PM Peak,30.7
8184,PM Peak,22.9
8184,PM Peak,19.1
8184,PM Peak,19.9
8184,PM Peak,24.5
8184,PM Peak,30.4
8184,PM Peak,15
8184,PM Peak,33
8184,PM Peak,26.5
8184,PM Peak,17.4
8184,PM Peak,25.6
8184,PM Peak,15
8184,PM Peak,20.5
8184,PM Peak,11
8184,PM Peak,25.4
8184,PM Peak,20.2
8184,PM Peak,21
8184,PM Peak,23.1
8184,PM Peak,25.7
8184,PM Peak,30.9
8184,PM Peak,17.6
8184,PM Peak,23.9
8184,PM Peak,19.5
8184,PM Peak,19.8
8184,PM Peak,21.5
8184,PM Peak,14.1
8184,PM Peak,29.3
8184,PM Peak,26.8
8184,PM Peak,14.3
8184,PM Peak,31.4
8184,PM Peak,21.4
8184,PM Peak,16.8
8184,PM Peak,23.9
8184,PM Peak,17.1
8184,PM Peak,18.6
8184,PM Peak,16.7
8184,PM Peak,32.9
8184,PM Peak,15.9
8184,PM Peak,23.8
8184,PM Peak,22.3
8184,PM Peak,27
8184,PM Peak,23.8
8184,PM Peak,27.5
8184,PM Peak,20.8
8184,PM Peak,25.8
8184,PM Peak,26.7
8184,PM Peak,19.7
8184,PM Peak,23.5
8184,PM Peak,22.5
8184,PM Peak,13.3
8184,PM Peak,26.1
8184,PM Peak,23.7
8184,PM Peak,22.2
8184,PM Peak,24.8
8184,PM Peak,23.5
8184,PM Peak,29.7
8184,PM Peak,28.1
8184,PM Peak,31.3
8184,PM Peak,26.5
8184,PM Peak,23
8184,PM Peak,34
8184,PM Peak,25
8184,PM Peak,27.8
8184,PM Peak,17.1
8184,PM Peak,30.4
8184,PM Peak,24.8
8184,PM Peak,23.5
8184,PM Peak,18
8184,PM Peak,22.7
8184,PM Peak,20.1
8184,PM Peak,26.5
8184,PM Peak,12.2
8184,PM Peak,31.9
8184,PM Peak,11.2
8184,PM Peak,23.6
8184,PM Peak,28.3
8184,PM Peak,28
8184,PM Peak,25.4
8184,PM Peak,28.9
8184,PM Peak,20.1
8184,PM Peak,25.8
8184,PM Peak,20.8
8184,PM Peak,27.4
8184,PM Peak,13.5
8184,PM Peak,12.9
8184,PM Peak,8.9
8184,PM Peak,24.7
8184,PM Peak,20.1
8184,PM Peak,23
8184,PM Peak,24.6
8184,PM Peak,24.1
8184,PM Peak,29.4
8184,PM Peak,29.7
8184,PM Peak,21.4
8184,PM Peak,30.3
8184,PM Peak,10.8
8184,PM Peak,16.5
8184,PM Peak,24
8184,PM Peak,18.4
8184,PM Peak,25.6
8184,PM Peak,14.5
8184,PM Peak,20.6
8184,PM Peak,16
8184,PM Peak,26
8184,PM Peak,28.8
8184,PM Peak,24.4
8184,PM Peak,11
8184,PM Peak,29
8184,PM Peak,16.1
8184,PM Peak,10.9
8184,PM Peak,24.6
8184,PM Peak,25.5
8184,PM Peak,31.6
8184,PM Peak,20.1
8184,PM Peak,13.4
8184,PM Peak,24.1
8184,PM Peak,14
8184,PM Peak,21.7
8184,PM Peak,28.2
8184,PM Peak,28
8184,PM Peak,21.6
8184,PM Peak,30.7
8184,PM Peak,20.2
8184,PM Peak,21
8184,PM Peak,19.7
8184,PM Peak,27.8
8184,PM Peak,19.8
8184,PM Peak,30.3
8184,PM Peak,19.9
8184,PM Peak,11.6
8184,PM Peak,20.7
8184,PM Peak,13
8184,PM Peak,21
8184,PM Peak,21.3
8184,PM Peak,25.6
8184,PM Peak,29
8184,PM Peak,17
8184,PM Peak,25.6
8184,PM Peak,28.4
8184,PM Peak,24.3
8184,PM Peak,21.4
8184,PM Peak,28.9
8184,PM Peak,22.1
8184,PM Peak,29.8
8184,PM Peak,22.1
8184,PM Peak,29.3
8184,PM Peak,25.4
8184,PM Peak,27.3
8184,PM Peak,25.6
8184,PM Peak,21.9
8184,PM Peak,29.4
8184,PM Peak,24.8
8184,PM Peak,28.1
8184,PM Peak,22.8
8184,PM Peak,15.4
8184,PM Peak,22.4
8184,PM Peak,31.4
8184,PM Peak,16.7
8184,PM Peak,12.4
8184,PM Peak,30.9
8184,PM Peak,12.9
8184,PM Peak,23.6
8184,PM Peak,29.8
8184,PM Peak,10.8
8184,PM Peak,22.4
8184,PM Peak,16
8184,PM Peak,16.3
8184,PM Peak,18.7
8184,PM Peak,27.6
8184,PM Peak,21
8184,PM Peak,21.9
8184,PM Peak,21.8
8184,PM Peak,25.8
8184,PM Peak,13.2
8184,PM Peak,25.7
8184,PM Peak,19.2
8184,PM Peak,31.8
8184,PM Peak,23.2
8184,PM Peak,26.9
8184,PM Peak,27.8
8184,PM Peak,24.9
8184,PM Peak,22.4
8184,PM Peak,23
8184,PM Peak,22.8
8184,PM Peak,18.8
8184,PM Peak,23.7
8184,PM Peak,24.4
8184,PM Peak,16.6
8184,PM Peak,24.6
8184,PM Peak,20.7
8184,PM Peak,19.6
8184,PM Peak,26.8
8184,PM Peak,20.5
8184,PM Peak,27.1
8184,PM Peak,24.1
8184,PM Peak,23
8184,PM Peak,28.9
8184,PM Peak,24.2
8184,PM Peak,31.5
8184,PM Peak,27.6
8184,PM Peak,30.3
8184,PM Peak,25.8
8184,PM Peak,33.5
8184,PM Peak,30.5
8184,PM Peak,29
8184,PM Peak,25.2
8184,PM Peak,20.6
8184,PM Peak,25.5
8184,PM Peak,31.1
8184,PM Peak,26.8
8184,PM Peak,23.1
8184,PM Peak,25.1
8184,PM Peak,24.4
8184,PM Peak,23.9
8184,PM Peak,30.6
8184,PM Peak,27.1
8184,PM Peak,27.7
8184,PM Peak,22.3
8184,PM Peak,14.2
8184,PM Peak,13.7
8184,PM Peak,18.4
8184,PM Peak,21.2
8184,PM Peak,24.7
8184,PM Peak,14.8
8184,PM Peak,23.4
8184,PM Peak,27.9
8184,PM Peak,20.6
8184,PM Peak,23.9
8184,PM Peak,26.7
8184,PM Peak,25.8
8184,PM Peak,18.4
8184,PM Peak,30.6
8184,PM Peak,16.9
8184,PM Peak,26.4
8184,PM Peak,22.8
8184,PM Peak,21.4
8184,PM Peak,22.5
8184,PM Peak,26
8184,PM Peak,23.7
8184,PM Peak,29.9
8184,PM Peak,27.5
8184,PM Peak,21.1
8184,PM Peak,26.6
8184,PM Peak,24
8184,PM Peak,26.1
8184,PM Peak,17.5
8184,PM Peak,18.2
8184,PM Peak,14
8184,PM Peak,17
8184,PM Peak,2.1
8184,PM Peak,28.2
8184,PM Peak,26.6
8184,PM Peak,29.3
8184,PM Peak,13.8
8184,PM Peak,10.8
8184,PM Peak,10.6
8184,PM Peak,9.2
8184,PM Peak,30.6
8184,PM Peak,24.6
8184,PM Peak,24.8
8184,PM Peak,27.3
8184,PM Peak,2.5
8184,PM Peak,18.7
8184,PM Peak,26.2
8184,PM Peak,23.3
8184,PM Peak,22.2
8184,PM Peak,19.9
8184,PM Peak,13.5
8184,PM Peak,30.8
8184,PM Peak,21
8184,PM Peak,30.7
8184,PM Peak,26.3
8184,PM Peak,23
8184,PM Peak,29.7
8184,PM Peak,23.5
8184,PM Peak,21.6
8184,PM Peak,15.3
8184,PM Peak,30.3
8184,PM Peak,20.9
8184,PM Peak,29.1
8184,PM Peak,10.9
8184,PM Peak,30.6
8184,PM Peak,24.5
8184,PM Peak,23.5
8184,PM Peak,30.3
8184,PM Peak,13.5
8184,PM Peak,24.4
8184,PM Peak,31.4
8184,PM Peak,32.2
8184,PM Peak,29.5
8184,PM Peak,23.2
8184,PM Peak,27
8184,PM Peak,20.6
8184,PM Peak,25.6
8184,PM Peak,23.3
8184,PM Peak,15.6
8184,PM Peak,22.8
8184,PM Peak,28.6
8184,PM Peak,32.2
8184,PM Peak,34.8
8184,PM Peak,24
8184,PM Peak,25.6
8184,PM Peak,24.1
8184,PM Peak,25.8
8184,PM Peak,30.7
8184,PM Peak,30.5
8184,PM Peak,15.7
8184,PM Peak,11.9
8184,PM Peak,27.6
8184,PM Peak,22.3
8184,PM Peak,17.6
8184,PM Peak,26.7
8184,PM Peak,25.1
8184,PM Peak,13.5
8184,PM Peak,16.5
8184,PM Peak,23
8184,PM Peak,29.5
8184,PM Peak,23.3
8184,PM Peak,16.4
8184,PM Peak,21.6
8184,PM Peak,28
8184,PM Peak,23.7
8184,PM Peak,27.9
8184,PM Peak,21.4
8184,PM Peak,28
8184,PM Peak,26.1
8184,PM Peak,19.8
8184,PM Peak,23.4
8184,PM Peak,24.9
8184,PM Peak,31.2
8184,PM Peak,18.7
8184,PM Peak,26.4
8184,PM Peak,33.3
8184,PM Peak,19.2
8184,PM Peak,30.9
8184,PM Peak,22.2
8184,PM Peak,28.9
8184,PM Peak,31.3
8184,PM Peak,35.3
8184,PM Peak,28.1
8184,PM Peak,16.4
8184,PM Peak,26
8184,PM Peak,31.5
8184,PM Peak,12.7
8184,PM Peak,25.9
8184,PM Peak,10.8
8184,PM Peak,29.4
8184,PM Peak,24
8184,PM Peak,22
8184,PM Peak,28
8184,PM Peak,23.8
8184,PM Peak,11.2
8184,PM Peak,20.9
8184,PM Peak,26.1
8184,PM Peak,23.4
8184,PM Peak,18.6
8184,PM Peak,32.8
8184,PM Peak,22.6
8184,PM Peak,18.1
8184,PM Peak,14.5
8184,PM Peak,30.4
8184,PM Peak,30.5
8184,PM Peak,22
8184,PM Peak,22.5
8184,PM Peak,13.4
8184,PM Peak,23.9
8184,PM Peak,22.7
8184,PM Peak,28.6
8188,AM Peak,28.3
8188,AM Peak,26.8
8188,AM Peak,26.6
8188,AM Peak,26.4
8188,AM Peak,21.6
8188,AM Peak,32
8188,AM Peak,24.8
8188,AM Peak,24.4
8188,AM Peak,28.4
8188,AM Peak,24.9
8188,AM Peak,4.6
8188,AM Peak,20.4
8188,AM Peak,24.4
8188,AM Peak,24
8188,AM Peak,25.2
8188,AM Peak,27.8
8188,AM Peak,29
8188,AM Peak,21.3
8188,AM Peak,22.6
8188,AM Peak,25.1
8188,AM Peak,30
8188,AM Peak,24
8188,AM Peak,25.9
8188,AM Peak,26.7
8188,AM Peak,21.8
8188,AM Peak,20.7
8188,AM Peak,25.3
8188,AM Peak,23.1
8188,AM Peak,22.2
8188,AM Peak,16.3
8188,AM Peak,27.7
8188,AM Peak,28.7
8188,AM Peak,28.2
8188,AM Peak,16.2
8188,AM Peak,27.5
8188,AM Peak,23.9
8188,AM Peak,32.3
8188,AM Peak,33.6
8188,AM Peak,25.3
8188,AM Peak,24.6
8188,AM Peak,21.3
8188,AM Peak,30.3
8188,AM Peak,19.4
8188,AM Peak,29.4
8188,AM Peak,23.5
8188,AM Peak,17.1
8188,AM Peak,28.2
8188,AM Peak,19.9
8188,AM Peak,24.4
8188,AM Peak,18.5
8188,AM Peak,18.8
8188,AM Peak,22.4
8188,AM Peak,14.3
8188,AM Peak,18
8188,AM Peak,17.3
8188,AM Peak,20.7
8188,AM Peak,27.9
8188,AM Peak,24
8188,AM Peak,22.1
8188,AM Peak,31.2
8188,AM Peak,30.4
8188,AM Peak,23.6
8188,AM Peak,30.6
8188,AM Peak,27.5
8188,AM Peak,21.6
8188,AM Peak,28.5
8188,AM Peak,24.1
8188,AM Peak,21.7
8188,AM Peak,20.9
8188,AM Peak,23.3
8188,AM Peak,20.1
8188,AM Peak,21.2
8188,AM Peak,24.4
8188,AM Peak,31.5
8188,AM Peak,17.8
8188,AM Peak,17.3
8188,AM Peak,26.3
8188,AM Peak,19.6
8188,AM Peak,21.7
8188,AM Peak,29.2
8188,AM Peak,24.9
8188,AM Peak,16.8
8188,AM Peak,26
8188,AM Peak,27
8188,AM Peak,26.3
8188,AM Peak,25.5
8188,AM Peak,23.4
8188,AM Peak,19.5
8188,AM Peak,22.4
8188,AM Peak,20.2
8188,AM Peak,37.3
8188,AM Peak,24.1
8188,AM Peak,24.4
8188,AM Peak,25.3
8188,AM Peak,24.6
8188,AM Peak,30.1
8188,AM Peak,16.6
8188,AM Peak,31
8188,AM Peak,25.5
8188,AM Peak,24.6
8188,AM Peak,18.5
8188,AM Peak,19.5
8188,AM Peak,28
8188,AM Peak,31.5
8188,AM Peak,28
8188,AM Peak,30.7
8188,AM Peak,23.1
8188,AM Peak,25.6
8188,AM Peak,18.5
8188,AM Peak,33.9
8188,AM Peak,26
8188,AM Peak,18.7
8188,AM Peak,24.5
8188,AM Peak,25.1
8188,AM Peak,17.5
8188,AM Peak,30.6
8188,AM Peak,27.7
8188,AM Peak,18.2
8188,AM Peak,14.2
8188,AM Peak,24.7
8188,AM Peak,14.8
8188,AM Peak,27.1
8188,AM Peak,27.9
8188,AM Peak,20.3
8188,AM Peak,21.6
8188,AM Peak,17.5
8188,AM Peak,21.6
8188,AM Peak,24.6
8188,AM Peak,39.4
8188,AM Peak,24.4
8188,AM Peak,15.6
8188,AM Peak,16.4
8188,AM Peak,26.5
8188,AM Peak,28.8
8188,AM Peak,25.5
8188,AM Peak,25.4
8188,AM Peak,32.1
8188,AM Peak,25
8188,AM Peak,29.3
8188,AM Peak,24.4
8188,AM Peak,29.1
8188,AM Peak,19
8188,AM Peak,23.8
8188,AM Peak,26.1
8188,AM Peak,26.3
8188,AM Peak,21.2
8188,AM Peak,20.8
8188,AM Peak,22.9
8188,AM Peak,6.6
8188,AM Peak,18.2
8188,AM Peak,33.1
8188,AM Peak,22.6
8188,AM Peak,27.3
8188,AM Peak,29.5
8188,AM Peak,26.5
8188,AM Peak,23.7
8188,AM Peak,22.3
8188,AM Peak,16.3
8188,AM Peak,19.1
8188,AM Peak,16.2
8188,AM Peak,22.9
8188,AM Peak,18.2
8188,AM Peak,34.7
8188,AM Peak,18
8188,AM Peak,21.4
8188,AM Peak,28.4
8188,AM Peak,23.5
8188,AM Peak,28.1
8188,AM Peak,22.5
8188,AM Peak,28.9
8188,AM Peak,23.8
8188,AM Peak,31
8188,AM Peak,23.3
8188,AM Peak,22.2
8188,AM Peak,24.1
8188,AM Peak,19.8
8188,AM Peak,32.5
8188,AM Peak,22.7
8188,AM Peak,23.9
8188,AM Peak,18.9
8188,AM Peak,29.5
8188,AM Peak,21.1
8188,AM Peak,24.2
8188,AM Peak,32.9
8188,AM Peak,12.3
8188,AM Peak,17.9
8188,AM Peak,49.6
8188,AM Peak,26.5
8188,AM Peak,19.5
8188,AM Peak,20.2
8188,AM Peak,15.5
8188,AM Peak,26.7
8188,AM Peak,30.9
8188,AM Peak,26.4
8188,AM Peak,17.4
8188,AM Peak,29.4
8188,AM Peak,19.6
8188,AM Peak,12.9
8188,AM Peak,28.2
8188,AM Peak,20.6
8188,AM Peak,31.3
8188,AM Peak,28.2
8188,AM Peak,24.2
8188,AM Peak,19.3
8188,AM Peak,19.5
8188,AM Peak,31
8188,AM Peak,23.8
8188,AM Peak,31.8
8188,AM Peak,26.8
8188,AM Peak,23.8
8188,AM Peak,37.9
8188,AM Peak,26.6
8188,AM Peak,29.6
8188,AM Peak,20
8188,AM Peak,19.5
8188,AM Peak,29.9
8188,AM Peak,24.2
8188,AM Peak,22.9
8188,AM Peak,15.5
8188,AM Peak,13
8188,AM Peak,24.2
8188,AM Peak,11.7
8188,AM Peak,30.1
8188,AM Peak,31.5
8188,AM Peak,26.9
8188,AM Peak,17
8188,AM Peak,23.1
8188,AM Peak,34.9
8188,AM Peak,15
8188,AM Peak,20.3
8188,AM Peak,27.5
8188,AM Peak,22.4
8188,AM Peak,16.3
8188,AM Peak,28.7
8188,AM Peak,14
8188,AM Peak,16.3
8188,AM Peak,25.5
8188,AM Peak,20.1
8188,AM Peak,34.1
8188,AM Peak,21.7
8188,AM Peak,24
8188,AM Peak,37.1
8188,AM Peak,20.9
8188,AM Peak,18
8188,AM Peak,26.9
8188,AM Peak,23.5
8188,AM Peak,24.7
8188,AM Peak,21.3
8188,AM Peak,25.3
8188,AM Peak,21
8188,AM Peak,21.6
8188,AM Peak,24.8
8188,AM Peak,28
8188,AM Peak,19.4
8188,AM Peak,23.1
8188,AM Peak,17.4
8188,AM Peak,23.6
8188,AM Peak,25.9
8188,AM Peak,22.2
8188,AM Peak,20.2
8188,AM Peak,20.4
8188,AM Peak,25.4
8188,AM Peak,22.9
8188,AM Peak,35.3
8188,AM Peak,22.3
8188,AM Peak,22.7
8188,AM Peak,19.5
8188,AM Peak,27.1
8188,AM Peak,26.2
8188,AM Peak,19.2
8188,AM Peak,32.1
8188,AM Peak,21.9
8188,AM Peak,24.6
8188,AM Peak,26
8188,AM Peak,18.3
8188,AM Peak,19.3
8188,AM Peak,22.2
8188,AM Peak,28
8188,AM Peak,31.8
8188,AM Peak,29.1
8188,AM Peak,26.2
8188,AM Peak,20.3
8188,AM Peak,14.7
8188,AM Peak,25
8188,AM Peak,27.8
8188,AM Peak,23.5
8188,AM Peak,29.8
8188,AM Peak,28.7
8188,AM Peak,21.7
8188,AM Peak,18.8
8188,AM Peak,25.5
8188,AM Peak,19.2
8188,AM Peak,24.3
8188,AM Peak,23.5
8188,AM Peak,21.2
8188,AM Peak,27.7
8188,AM Peak,23.2
8188,AM Peak,14.3
8188,AM Peak,13.4
8188,AM Peak,24.5
8188,AM Peak,28.7
8188,AM Peak,28.2
8188,AM Peak,22.6
8188,AM Peak,25.5
8188,AM Peak,24.5
8188,AM Peak,31.7
8188,AM Peak,14.5
8188,AM Peak,13.5
8188,AM Peak,26.7
8188,AM Peak,25.2
8188,AM Peak,19.6
8188,AM Peak,19.6
8188,AM Peak,19.5
8188,AM Peak,22.9
8188,AM Peak,22.3
8188,AM Peak,23.4
8188,AM Peak,18.1
8188,AM Peak,28
8188,AM Peak,20.6
8188,AM Peak,29.5
8188,AM Peak,18.5
8188,AM Peak,25.9
8188,AM Peak,23.2
8188,AM Peak,20.9
8188,AM Peak,26.4
8188,AM Peak,30.8
8188,AM Peak,22.5
8188,AM Peak,24.1
8188,AM Peak,30.8
8188,AM Peak,5.5
8188,AM Peak,18.7
8188,AM Peak,18.2
8188,AM Peak,29.4
8188,AM Peak,25.7
8188,AM Peak,25.5
8188,AM Peak,18.9
8188,AM Peak,17.8
8188,AM Peak,28.4
8188,AM Peak,28.3
8188,AM Peak,22.2
8188,AM Peak,24.5
8188,AM Peak,17.8
8188,AM Peak,20.5
8188,AM Peak,24.9
8188,AM Peak,25.7
8188,AM Peak,24.5
8188,AM Peak,22.9
8188,AM Peak,22.6
8188,AM Peak,22
8188,AM Peak,15.9
8188,AM Peak,13
8188,AM Peak,25
8188,AM Peak,7.6
8188,AM Peak,22
8188,AM Peak,21
8188,AM Peak,23.2
8188,AM Peak,26.7
8188,AM Peak,30.6
8188,AM Peak,36.9
8188,AM Peak,21
8188,AM Peak,20
8188,AM Peak,21.3
8188,AM Peak,25.6
8188,AM Peak,28.7
8188,AM Peak,23.1
8188,AM Peak,37.9
8188,AM Peak,24.9
8188,AM Peak,24.3
8188,AM Peak,29
8188,AM Peak,24.8
8188,AM Peak,27.3
8188,AM Peak,21.3
8188,AM Peak,25.4
8188,AM Peak,26.1
8188,AM Peak,18.8
8188,AM Peak,26.8
8188,AM Peak,28.7
8188,AM Peak,21.1
8188,AM Peak,27.8
8188,AM Peak,25.4
8188,AM Peak,25
8188,AM Peak,17.8
8188,AM Peak,13.2
8188,AM Peak,23.8
8188,AM Peak,24.5
8188,AM Peak,34.8
8188,AM Peak,19
8188,AM Peak,25.7
8188,AM Peak,12.4
8188,AM Peak,21.7
8188,AM Peak,19
8188,AM Peak,22.5
8188,AM Peak,23.3
8188,AM Peak,14.5
8188,AM Peak,25.3
8188,AM Peak,12
8188,AM Peak,24.8
8188,AM Peak,22.7
8188,AM Peak,22.3
8188,AM Peak,21.3
8188,AM Peak,29.3
8188,AM Peak,27.2
8188,AM Peak,33
8188,AM Peak,33.2
8188,AM Peak,13.9
8188,AM Peak,29.1
8188,AM Peak,24.4
8188,AM Peak,26.4
8188,AM Peak,24.7
8188,AM Peak,26.8
8188,AM Peak,11.7
8188,AM Peak,32.5
8188,AM Peak,24.5
8188,AM Peak,25.7
8188,AM Peak,29.8
8188,AM Peak,32.2
8188,AM Peak,21.4
8188,AM Peak,22.9
8188,AM Peak,19.7
8188,AM Peak,30.8
8188,AM Peak,29.3
8188,AM Peak,21.5
8188,AM Peak,21.5
8188,AM Peak,18.5
8188,AM Peak,30.1
8188,AM Peak,28
8188,AM Peak,30.1
8188,AM Peak,26
8188,AM Peak,21.8
8188,AM Peak,19.9
8188,AM Peak,30.5
8188,AM Peak,22.5
8188,AM Peak,28.1
8188,AM Peak,17.8
8188,AM Peak,20.5
8188,AM Peak,26.1
8188,AM Peak,22.5
8188,AM Peak,24.3
8188,AM Peak,20.1
8188,AM Peak,28.7
8188,AM Peak,25.7
8188,AM Peak,18.2
8188,AM Peak,24.8
8188,AM Peak,31
8188,AM Peak,21.4
8188,AM Peak,17.9
8188,AM Peak,24
8188,AM Peak,19.3
8188,AM Peak,26.2
8188,AM Peak,28.4
8188,AM Peak,26.3
8188,AM Peak,30.7
8188,AM Peak,33.4
8188,AM Peak,34.6
8188,AM Peak,33.7
8188,AM Peak,28.5
8188,AM Peak,18.5
8188,AM Peak,29.3
8188,AM Peak,22.1
8188,AM Peak,19.8
8188,AM Peak,20
8188,AM Peak,22
8188,AM Peak,28.8
8188,AM Peak,28.1
8188,AM Peak,24.3
8188,AM Peak,31.8
8188,AM Peak,24.1
8188,AM Peak,22.1
8188,AM Peak,14.4
8188,AM Peak,23.4
8188,AM Peak,27.1
8188,AM Peak,22.3
8188,AM Peak,24.3
8188,AM Peak,25.3
8188,AM Peak,14.9
8188,AM Peak,30.8
8188,AM Peak,17.9
8188,AM Peak,26.9
8188,AM Peak,20.6
8188,AM Peak,13.1
8188,AM Peak,30.9
8188,AM Peak,22.1
8188,AM Peak,21.2
8188,AM Peak,19.5
8188,AM Peak,24.9
8188,AM Peak,22.4
8188,AM Peak,16.7
8188,AM Peak,25.4
8188,AM Peak,19.7
8188,AM Peak,25
8188,AM Peak,33.9
8188,AM Peak,24
8188,AM Peak,18.8
8188,AM Peak,26.8
8188,AM Peak,25.9
8188,AM Peak,24.2
8188,AM Peak,22.6
8188,AM Peak,28.5
8188,AM Peak,28.9
8188,AM Peak,23.6
8188,PM Peak,23.1
8188,PM Peak,23.4
8188,PM Peak,19.4
8188,PM Peak,24.7
8188,PM Peak,21.4
8188,PM Peak,26.4
8188,PM Peak,27.4
8188,PM Peak,20.3
8188,PM Peak,20.2
8188,PM Peak,22
8188,PM Peak,38.6
8188,PM Peak,21.4
8188,PM Peak,26.8
8188,PM Peak,19.6
8188,PM Peak,26
8188,PM Peak,17.1
8188,PM Peak,18.6
8188,PM Peak,30.9
8188,PM Peak,22.8
8188,PM Peak,18.2
8188,PM Peak,31
8188,PM Peak,17.1
8188,PM Peak,23.4
8188,PM Peak,29.7
8188,PM Peak,23.3
8188,PM Peak,20
8188,PM Peak,22.7
8188,PM Peak,18.9
8188,PM Peak,21.2
8188,PM Peak,34.4
8188,PM Peak,21.8
8188,PM Peak,24.2
8188,PM Peak,23.3
8188,PM Peak,30.5
8188,PM Peak,26.3
8188,PM Peak,20
8188,PM Peak,24.1
8188,PM Peak,33.6
8188,PM Peak,24.2
8188,PM Peak,17.4
8188,PM Peak,17.1
8188,PM Peak,28.5
8188,PM Peak,23.4
8188,PM Peak,17.7
8188,PM Peak,21.1
8188,PM Peak,29.8
8188,PM Peak,11.6
8188,PM Peak,28.7
8188,PM Peak,16.8
8188,PM Peak,28.1
8188,PM Peak,30.3
8188,PM Peak,22
8188,PM Peak,23.7
8188,PM Peak,18.7
8188,PM Peak,29.6
8188,PM Peak,17.5
8188,PM Peak,18.3
8188,PM Peak,23.4
8188,PM Peak,26
8188,PM Peak,23.1
8188,PM Peak,24.8
8188,PM Peak,22.2
8188,PM Peak,19.5
8188,PM Peak,24.8
8188,PM Peak,20.5
8188,PM Peak,27.4
8188,PM Peak,23.7
8188,PM Peak,39.6
8188,PM Peak,24.9
8188,PM Peak,13.8
8188,PM Peak,24
8188,PM Peak,23.5
8188,PM Peak,24.6
8188,PM Peak,13.3
8188,PM Peak,23.9
8188,PM Peak,29.7
8188,PM Peak,25.1
8188,PM Peak,38.4
8188,PM Peak,17.6
8188,PM Peak,11.1
8188,PM Peak,23
8188,PM Peak,27.1
8188,PM Peak,21.3
8188,PM Peak,19
8188,PM Peak,19.4
8188,PM Peak,17.9
8188,PM Peak,17.3
8188,PM Peak,35.3
8188,PM Peak,27.1
8188,PM Peak,25.5
8188,PM Peak,14.9
8188,PM Peak,20.9
8188,PM Peak,33.6
8188,PM Peak,21.4
8188,PM Peak,26.2
8188,PM Peak,21.4
8188,PM Peak,18.7
8188,PM Peak,19.4
8188,PM Peak,22.6
8188,PM Peak,24
8188,PM Peak,35.9
8188,PM Peak,27.1
8188,PM Peak,22.5
8188,PM Peak,30.6
8188,PM Peak,16.7
8188,PM Peak,25.2
8188,PM Peak,28.5
8188,PM Peak,25.8
8188,PM Peak,23.1
8188,PM Peak,29.9
8188,PM Peak,17.9
8188,PM Peak,26.1
8188,PM Peak,37.6
8188,PM Peak,19.9
8188,PM Peak,40.3
8188,PM Peak,26
8188,PM Peak,27.1
8188,PM Peak,26.5
8188,PM Peak,25.8
8188,PM Peak,19.7
8188,PM Peak,25
8188,PM Peak,23.5
8188,PM Peak,24
8188,PM Peak,24.1
8188,PM Peak,26.5
8188,PM Peak,37.1
8188,PM Peak,46.6
8188,PM Peak,25.2
8188,PM Peak,20.3
8188,PM Peak,22.7
8188,PM Peak,19.1
8188,PM Peak,27.4
8188,PM Peak,31.6
8188,PM Peak,31
8188,PM Peak,29.5
8188,PM Peak,24.5
8188,PM Peak,18.9
8188,PM Peak,26.3
8188,PM Peak,26
8188,PM Peak,23
8188,PM Peak,24.1
8188,PM Peak,23.2
8188,PM Peak,22.9
8188,PM Peak,25
8188,PM Peak,18.8
8188,PM Peak,26.9
8188,PM Peak,20.6
8188,PM Peak,22.7
8188,PM Peak,24.5
8188,PM Peak,37.3
8188,PM Peak,16.5
8188,PM Peak,24.2
8188,PM Peak,22.9
8188,PM Peak,21.8
8188,PM Peak,25.8
8188,PM Peak,28.7
8188,PM Peak,19.2
8188,PM Peak,25.9
8188,PM Peak,23.3
8188,PM Peak,30.5
8188,PM Peak,25.5
8188,PM Peak,22.8
8188,PM Peak,18.1
8188,PM Peak,23
8188,PM Peak,22.9
8188,PM Peak,23
8188,PM Peak,27.8
8188,PM Peak,23.9
8188,PM Peak,21.2
8188,PM Peak,22.9
8188,PM Peak,28.2
8188,PM Peak,39.9
8188,PM Peak,22.6
8188,PM Peak,27
8188,PM Peak,23.7
8188,PM Peak,20.3
8188,PM Peak,17.4
8188,PM Peak,25.3
8188,PM Peak,36.3
8188,PM Peak,23
8188,PM Peak,29.2
8188,PM Peak,35
8188,PM Peak,14.6
8188,PM Peak,35.5
8188,PM Peak,30.7
8188,PM Peak,15.5
8188,PM Peak,22.6
8188,PM Peak,28.5
8188,PM Peak,29.3
8188,PM Peak,22.5
8188,PM Peak,20
8188,PM Peak,5.9
8188,PM Peak,35
8188,PM Peak,27.2
8188,PM Peak,25.1
8188,PM Peak,18.3
8188,PM Peak,21.5
8188,PM Peak,26.7
8188,PM Peak,25.7
8188,PM Peak,17.6
8188,PM Peak,27
8188,PM Peak,30.4
8188,PM Peak,27.2
8188,PM Peak,37.5
8188,PM Peak,27
8188,PM Peak,25.2
8188,PM Peak,27.3
8188,PM Peak,24.5
8188,PM Peak,27.7
8188,PM Peak,29.1
8188,PM Peak,24.9
8188,PM Peak,19.1
8188,PM Peak,24.4
8188,PM Peak,19.4
8188,PM Peak,21.1
8188,PM Peak,58
8188,PM Peak,22.4
8188,PM Peak,17.7
8188,PM Peak,17.4
8188,PM Peak,25.1
8188,PM Peak,16.6
8188,PM Peak,17.7
8188,PM Peak,18.1
8188,PM Peak,20
8188,PM Peak,22.2
8188,PM Peak,27.3
8188,PM Peak,27
8188,PM Peak,25.5
8188,PM Peak,25.4
8188,PM Peak,37.5
8188,PM Peak,23.3
8188,PM Peak,15.3
8188,PM Peak,44.9
8188,PM Peak,35.5
8188,PM Peak,16.2
8188,PM Peak,18.6
8188,PM Peak,24.7
8188,PM Peak,20.4
8188,PM Peak,15.9
8188,PM Peak,24.9
8188,PM Peak,16.4
8188,PM Peak,47.5
8188,PM Peak,23.2
8188,PM Peak,60.6
8188,PM Peak,22.3
8188,PM Peak,29.9
8188,PM Peak,16.2
8188,PM Peak,24.1
8188,PM Peak,13
8188,PM Peak,10.8
8188,PM Peak,25.3
8188,PM Peak,29.3
8188,PM Peak,17.5
8188,PM Peak,36.2
8188,PM Peak,16.5
8188,PM Peak,23
8188,PM Peak,29
8188,PM Peak,25.8
8188,PM Peak,23
8188,PM Peak,21.4
8188,PM Peak,25
8188,PM Peak,28.6
8188,PM Peak,15.9
8188,PM Peak,20
8188,PM Peak,27
8188,PM Peak,29.3
8188,PM Peak,18.9
8188,PM Peak,28.3
8188,PM Peak,23.5
8188,PM Peak,17.8
8188,PM Peak,26.6
8188,PM Peak,26.6
8188,PM Peak,23.6
8188,PM Peak,30.1
8188,PM Peak,27.7
8188,PM Peak,25.8
8188,PM Peak,24.5
8188,PM Peak,22.1
8188,PM Peak,19.4
8188,PM Peak,10.6
8188,PM Peak,20
8188,PM Peak,25.7
8188,PM Peak,25.9
8188,PM Peak,23.9
8188,PM Peak,20.3
8188,PM Peak,21.8
8188,PM Peak,31.2
8188,PM Peak,20.2
8188,PM Peak,19.9
8188,PM Peak,18.8
8188,PM Peak,20.1
8188,PM Peak,23.2
8188,PM Peak,25
8188,PM Peak,22
8188,PM Peak,25.1
8188,PM Peak,29.2
8188,PM Peak,13.2
8188,PM Peak,36
8188,PM Peak,27.8
8188,PM Peak,23.8
8188,PM Peak,24.6
8188,PM Peak,15
8188,PM Peak,18.4
8188,PM Peak,17.7
8188,PM Peak,25.8
8188,PM Peak,19.3
8188,PM Peak,21.9
8188,PM Peak,31.2
8188,PM Peak,17.6
8188,PM Peak,27.3
8188,PM Peak,27.4
8188,PM Peak,32.1
8188,PM Peak,23
8188,PM Peak,39.6
8188,PM Peak,23.1
8188,PM Peak,27.6
8188,PM Peak,18.1
8188,PM Peak,25.5
8188,PM Peak,28.3
8188,PM Peak,26.3
8188,PM Peak,14.5
8188,PM Peak,24.8
8188,PM Peak,27.5
8188,PM Peak,19.3
8188,PM Peak,21.6
8188,PM Peak,21.7
8188,PM Peak,44.2
8188,PM Peak,16.6
8188,PM Peak,11.7
8188,PM Peak,24.1
8188,PM Peak,31.2
8188,PM Peak,12.8
8188,PM Peak,29.8
8188,PM Peak,29.3
8188,PM Peak,24.4
8188,PM Peak,17.5
8188,PM Peak,26.5
8188,PM Peak,17.6
8188,PM Peak,30.9
8188,PM Peak,12.6
8188,PM Peak,24.8
8188,PM Peak,23.5
8188,PM Peak,29.7
8188,PM Peak,27.9
8188,PM Peak,21.2
8188,PM Peak,24.4
8188,PM Peak,18.8
8188,PM Peak,21.7
8188,PM Peak,23.8
8188,PM Peak,17.7
8188,PM Peak,30.3
8188,PM Peak,29.4
8188,PM Peak,26
8188,PM Peak,24.2
8188,PM Peak,29.1
8188,PM Peak,17.7
8188,PM Peak,24.1
8188,PM Peak,21.9
8188,PM Peak,22
8188,PM Peak,14.7
8188,PM Peak,27.3
8188,PM Peak,23.7
8188,PM Peak,15.5
8188,PM Peak,27
8188,PM Peak,13.7
8188,PM Peak,30.7
8188,PM Peak,23.5
8188,PM Peak,13.9
8188,PM Peak,24.8
8188,PM Peak,32.5
8188,PM Peak,30.9
8188,PM Peak,35.1
8188,PM Peak,20.4
8188,PM Peak,25.9
8188,PM Peak,28.8
8188,PM Peak,31.8
8188,PM Peak,35.3
8188,PM Peak,21.5
8188,PM Peak,22.1
8188,PM Peak,24.1
8188,PM Peak,12.9
8188,PM Peak,22.7
8188,PM Peak,36.5
8188,PM Peak,35.3
8188,PM Peak,16.4
8188,PM Peak,23.8
8188,PM Peak,16
8188,PM Peak,7.1
8188,PM Peak,22.7
8188,PM Peak,36.5
8188,PM Peak,24.7
8188,PM Peak,17
8188,PM Peak,25.2
8188,PM Peak,20.4
8188,PM Peak,24.8
8188,PM Peak,25.1
8188,PM Peak,12.8
8188,PM Peak,30.9
8188,PM Peak,23.4
8188,PM Peak,15.9
8188,PM Peak,13.1
8188,PM Peak,33.7
8188,PM Peak,23.4
8188,PM Peak,15.2
8188,PM Peak,27.4
8188,PM Peak,16.9
8188,PM Peak,22.5
8188,PM Peak,19.8
8188,PM Peak,26.9
8188,PM Peak,28
8188,PM Peak,24.2
8188,PM Peak,24.3
8188,PM Peak,23.1
8188,PM Peak,20
8188,PM Peak,23.8
8188,PM Peak,28.3
8188,PM Peak,23.7
8188,PM Peak,26.4
8188,PM Peak,25
8188,PM Peak,15
8188,PM Peak,22.9
8188,PM Peak,20.3
8188,PM Peak,25
8188,PM Peak,29.4
8188,PM Peak,23
8188,PM Peak,27.3
8188,PM Peak,28.5
8188,PM Peak,25.2
8188,PM Peak,28.9
8188,PM Peak,17.1
8188,PM Peak,24.8
8188,PM Peak,26.5
8188,PM Peak,25.8
8188,PM Peak,18
8188,PM Peak,21.5
8188,PM Peak,15.8
8188,PM Peak,15.3
8188,PM Peak,19.9
8188,PM Peak,28.7
8188,PM Peak,24.8
8188,PM Peak,16.4
8188,PM Peak,22.3
8188,PM Peak,18.1
8188,PM Peak,25.5
8188,PM Peak,26.6
8188,PM Peak,26.2
8188,PM Peak,29.5
8188,PM Peak,27
8188,PM Peak,23.1
8188,PM Peak,27.3
8188,PM Peak,24.2
8188,PM Peak,18.3
8188,PM Peak,24.5
8188,PM Peak,17.8
8188,PM Peak,25.8
8188,PM Peak,21.4
8188,PM Peak,21.4
8188,PM Peak,26.6
8188,PM Peak,21.1
8188,PM Peak,27.1
8188,PM Peak,22.9
8188,PM Peak,28.2
8188,PM Peak,26.5
8188,PM Peak,20
8188,PM Peak,24
8188,PM Peak,20.9
8188,PM Peak,26.9
8188,PM Peak,29
8188,PM Peak,27.7
8188,PM Peak,20.1
8188,PM Peak,14.5
8188,PM Peak,22.4
8188,PM Peak,16.9
8188,PM Peak,17.7
8188,PM Peak,17.8
8188,PM Peak,22.3
8188,PM Peak,19
8188,PM Peak,18.8
8188,PM Peak,18.6
8188,PM Peak,18.9
8188,PM Peak,22.9
8188,PM Peak,21.2
8188,PM Peak,13.8
8188,PM Peak,19.5
8188,PM Peak,23.2
8188,PM Peak,34.6
8188,PM Peak,23.7
8188,PM Peak,25.8
8188,PM Peak,24.4
8188,PM Peak,19.3
8188,PM Peak,31
8188,PM Peak,28.4
8188,PM Peak,15.7
8188,PM Peak,18.4
8188,PM Peak,18.2
8188,PM Peak,23.9
8188,PM Peak,24.2
8188,PM Peak,19.1
8188,PM Peak,23.6
8188,PM Peak,21.4
8192,AM Peak,22.9
8192,AM Peak,21.4
8192,AM Peak,23.4
8192,AM Peak,20.3
8192,AM Peak,26.3
8192,AM Peak,15.3
8192,AM Peak,5.1
8192,AM Peak,27.8
8192,AM Peak,25.4
8192,AM Peak,18.7
8192,AM Peak,23.4
8192,AM Peak,29.3
8192,AM Peak,23
8192,AM Peak,27.2
8192,AM Peak,17.7
8192,AM Peak,19
8192,AM Peak,28.6
8192,AM Peak,21.9
8192,AM Peak,18.8
8192,AM Peak,29.2
8192,AM Peak,23.6
8192,AM Peak,22.3
8192,AM Peak,22.8
8192,AM Peak,19.3
8192,AM Peak,21.8
8192,AM Peak,17.8
8192,AM Peak,25.7
8192,AM Peak,28.2
8192,AM Peak,22.7
8192,AM Peak,25.5
8192,AM Peak,24.6
8192,AM Peak,18.5
8192,AM Peak,21.4
8192,AM Peak,33.4
8192,AM Peak,20.5
8192,AM Peak,23.8
8192,AM Peak,22.3
8192,AM Peak,18.8
8192,AM Peak,22.8
8192,AM Peak,18.4
8192,AM Peak,29.1
8192,AM Peak,22.5
8192,AM Peak,31.7
8192,AM Peak,18.7
8192,AM Peak,16.2
8192,AM Peak,20.7
8192,AM Peak,28.3
8192,AM Peak,15.4
8192,AM Peak,22.2
8192,AM Peak,20.6
8192,AM Peak,20.3
8192,AM Peak,27.2
8192,AM Peak,30.1
8192,AM Peak,19
8192,AM Peak,15
8192,AM Peak,18
8192,AM Peak,20.4
8192,AM Peak,27.7
8192,AM Peak,27.7
8192,AM Peak,23.6
8192,AM Peak,23.7
8192,AM Peak,27.1
8192,AM Peak,23
8192,AM Peak,22
8192,AM Peak,21.3
8192,AM Peak,24.1
8192,AM Peak,18.3
8192,AM Peak,27.7
8192,AM Peak,21.7
8192,AM Peak,24.3
8192,AM Peak,15.1
8192,AM Peak,17.7
8192,AM Peak,24.2
8192,AM Peak,25.6
8192,AM Peak,24.3
8192,AM Peak,19.7
8192,AM Peak,21.7
8192,AM Peak,21.1
8192,AM Peak,17.9
8192,AM Peak,21.5
8192,AM Peak,27.7
8192,AM Peak,26.6
8192,AM Peak,25.6
8192,AM Peak,23.4
8192,AM Peak,23.7
8192,AM Peak,20.4
8192,AM Peak,23.8
8192,AM Peak,16.2
8192,AM Peak,19.5
8192,AM Peak,21.5
8192,AM Peak,19.7
8192,AM Peak,14.8
8192,AM Peak,20.6
8192,AM Peak,27
8192,AM Peak,26
8192,AM Peak,16.5
8192,AM Peak,19.9
8192,AM Peak,26.3
8192,AM Peak,20.8
8192,AM Peak,30.7
8192,AM Peak,13.9
8192,AM Peak,24.5
8192,AM Peak,20.4
8192,AM Peak,20
8192,AM Peak,22.8
8192,AM Peak,20.5
8192,AM Peak,4.9
8192,AM Peak,13
8192,AM Peak,18
8192,AM Peak,15.1
8192,AM Peak,23.8
8192,AM Peak,29.1
8192,AM Peak,23.1
8192,AM Peak,28.9
8192,AM Peak,26
8192,AM Peak,27.4
8192,AM Peak,14.2
8192,AM Peak,26.6
8192,AM Peak,14.3
8192,AM Peak,21.7
8192,AM Peak,24.5
8192,AM Peak,21.6
8192,AM Peak,24.8
8192,AM Peak,26.5
8192,AM Peak,22
8192,AM Peak,19.6
8192,AM Peak,31.4
8192,AM Peak,23.1
8192,AM Peak,19.7
8192,AM Peak,3.3
8192,AM Peak,22.1
8192,AM Peak,10.9
8192,AM Peak,23.9
8192,AM Peak,15.9
8192,AM Peak,16.6
8192,AM Peak,23.7
8192,AM Peak,24.3
8192,AM Peak,31.9
8192,AM Peak,23
8192,AM Peak,28.3
8192,AM Peak,26.7
8192,AM Peak,23
8192,AM Peak,23.6
8192,AM Peak,24.8
8192,AM Peak,29.1
8192,AM Peak,3
8192,AM Peak,28.3
8192,AM Peak,29.1
8192,AM Peak,19.5
8192,AM Peak,22.6
8192,AM Peak,27
8192,AM Peak,32.5
8192,AM Peak,5.4
8192,AM Peak,25.3
8192,AM Peak,21.8
8192,AM Peak,28.3
8192,AM Peak,21.3
8192,AM Peak,23.9
8192,AM Peak,17
8192,AM Peak,29.8
8192,AM Peak,17.3
8192,AM Peak,23.8
8192,AM Peak,21.3
8192,AM Peak,23.9
8192,AM Peak,19.9
8192,AM Peak,28.5
8192,AM Peak,16.9
8192,AM Peak,17.7
8192,AM Peak,27.3
8192,AM Peak,22.2
8192,AM Peak,22.5
8192,AM Peak,27.2
8192,AM Peak,26.4
8192,AM Peak,22.6
8192,AM Peak,24.8
8192,AM Peak,18
8192,AM Peak,28.3
8192,AM Peak,22.8
8192,AM Peak,27.8
8192,AM Peak,27.1
8192,AM Peak,13.5
8192,AM Peak,22.9
8192,AM Peak,30.7
8192,AM Peak,14.6
8192,AM Peak,18.3
8192,AM Peak,23.4
8192,AM Peak,32.7
8192,AM Peak,30
8192,AM Peak,15.3
8192,AM Peak,20.5
8192,AM Peak,25.2
8192,AM Peak,23.7
8192,AM Peak,24.4
8192,AM Peak,30.1
8192,AM Peak,4.7
8192,AM Peak,21.9
8192,AM Peak,27.4
8192,AM Peak,21.8
8192,AM Peak,25.7
8192,AM Peak,21.7
8192,AM Peak,28.4
8192,AM Peak,24.7
8192,AM Peak,17.9
8192,AM Peak,21.3
8192,AM Peak,33.4
8192,AM Peak,25.1
8192,AM Peak,32.3
8192,AM Peak,22.4
8192,AM Peak,23
8192,AM Peak,28.5
8192,AM Peak,26.2
8192,AM Peak,25.1
8192,AM Peak,20.7
8192,AM Peak,27.5
8192,AM Peak,25.8
8192,AM Peak,22.9
8192,AM Peak,30.1
8192,AM Peak,21.4
8192,AM Peak,28.1
8192,AM Peak,23.9
8192,AM Peak,27.7
8192,AM Peak,24
8192,AM Peak,17.2
8192,AM Peak,17.6
8192,AM Peak,17.9
8192,AM Peak,21.4
8192,AM Peak,23.8
8192,AM Peak,29.8
8192,AM Peak,21.2
8192,AM Peak,25.1
8192,AM Peak,27.2
8192,AM Peak,23.1
8192,AM Peak,26.2
8192,AM Peak,18.7
8192,AM Peak,21.3
8192,AM Peak,18.2
8192,AM Peak,25.8
8192,AM Peak,25.3
8192,AM Peak,21.9
8192,AM Peak,17.5
8192,AM Peak,30.7
8192,AM Peak,17.1
8192,AM Peak,24.7
8192,AM Peak,26.9
8192,AM Peak,31
8192,AM Peak,6.1
8192,AM Peak,21.9
8192,AM Peak,23.1
8192,AM Peak,20.8
8192,AM Peak,15.7
8192,AM Peak,20.5
8192,AM Peak,20.4
8192,AM Peak,24.8
8192,AM Peak,26.7
8192,AM Peak,19.1
8192,AM Peak,18.9
8192,AM Peak,22.4
8192,AM Peak,19.6
8192,AM Peak,24.2
8192,AM Peak,19.5
8192,AM Peak,30.7
8192,AM Peak,9.4
8192,AM Peak,21.3
8192,AM Peak,20.6
8192,AM Peak,21.4
8192,AM Peak,22.8
8192,AM Peak,26.1
8192,AM Peak,18.7
8192,AM Peak,22.9
8192,AM Peak,25.2
8192,AM Peak,25.1
8192,AM Peak,19.5
8192,AM Peak,25
8192,AM Peak,13.5
8192,AM Peak,29
8192,AM Peak,25.7
8192,AM Peak,19.5
8192,AM Peak,23.5
8192,AM Peak,29.4
8192,AM Peak,30.3
8192,AM Peak,22.7
8192,AM Peak,16.8
8192,AM Peak,18.7
8192,AM Peak,35
8192,AM Peak,31
8192,AM Peak,24.7
8192,AM Peak,26.8
8192,AM Peak,19.2
8192,AM Peak,22.2
8192,AM Peak,25
8192,AM Peak,4.5
8192,AM Peak,20.3
8192,AM Peak,20.4
8192,AM Peak,22.5
8192,AM Peak,16
8192,AM Peak,18.3
8192,AM Peak,20.4
8192,AM Peak,25.3
8192,AM Peak,18.4
8192,AM Peak,20.6
8192,AM Peak,26.6
8192,AM Peak,22.2
8192,AM Peak,24.8
8192,AM Peak,32.5
8192,AM Peak,17.3
8192,AM Peak,16.4
8192,AM Peak,24.4
8192,AM Peak,5
8192,AM Peak,20.4
8192,AM Peak,22
8192,AM Peak,26.7
8192,AM Peak,16.7
8192,AM Peak,22.7
8192,AM Peak,26.9
8192,AM Peak,16.3
8192,AM Peak,26.7
8192,AM Peak,26.7
8192,AM Peak,19.1
8192,AM Peak,24
8192,AM Peak,29.5
8192,AM Peak,19.7
8192,AM Peak,13.4
8192,AM Peak,17.7
8192,AM Peak,17.8
8192,AM Peak,27
8192,AM Peak,30.3
8192,AM Peak,23.8
8192,AM Peak,23.3
8192,AM Peak,24.8
8192,AM Peak,22.4
8192,AM Peak,20
8192,AM Peak,23.4
8192,AM Peak,22.4
8192,AM Peak,30.2
8192,AM Peak,25.4
8192,AM Peak,32.9
8192,AM Peak,32.8
8192,AM Peak,27.7
8192,AM Peak,25.1
8192,AM Peak,24
8192,AM Peak,17.7
8192,AM Peak,24.5
8192,AM Peak,16.2
8192,AM Peak,26.2
8192,AM Peak,18
8192,AM Peak,29.3
8192,AM Peak,30.1
8192,AM Peak,22.4
8192,AM Peak,23.6
8192,AM Peak,23.4
8192,AM Peak,15.2
8192,AM Peak,20.7
8192,AM Peak,29.4
8192,AM Peak,23.1
8192,AM Peak,15.4
8192,AM Peak,24.4
8192,AM Peak,29.7
8192,AM Peak,29.7
8192,AM Peak,19.1
8192,AM Peak,21.8
8192,AM Peak,30.8
8192,AM Peak,23
8192,AM Peak,24.7
8192,AM Peak,31.2
8192,AM Peak,25.3
8192,AM Peak,27
8192,AM Peak,25.2
8192,AM Peak,25.8
8192,AM Peak,12.2
8192,AM Peak,22.6
8192,AM Peak,23
8192,AM Peak,18.4
8192,AM Peak,4.6
8192,AM Peak,19.3
8192,AM Peak,24.2
8192,AM Peak,31.8
8192,AM Peak,4.3
8192,AM Peak,28.1
8192,AM Peak,18.9
8192,AM Peak,9.6
8192,AM Peak,16.7
8192,AM Peak,22.6
8192,AM Peak,23
8192,AM Peak,26.9
8192,AM Peak,20.7
8192,AM Peak,20.9
8192,AM Peak,10.1
8192,AM Peak,22.7
8192,AM Peak,24.8
8192,AM Peak,24.1
8192,AM Peak,24.1
8192,AM Peak,23.3
8192,AM Peak,21.6
8192,AM Peak,26
8192,AM Peak,16.3
8192,AM Peak,20.3
8192,AM Peak,24.5
8192,AM Peak,26.2
8192,AM Peak,28.9
8192,AM Peak,4.2
8192,AM Peak,22.8
8192,AM Peak,14.8
8192,AM Peak,6.2
8192,AM Peak,22
8192,AM Peak,25.5
8192,AM Peak,18.7
8192,AM Peak,20.6
8192,AM Peak,23.5
8192,AM Peak,29.3
8192,AM Peak,21.5
8192,AM Peak,32
8192,AM Peak,13.6
8192,AM Peak,25.4
8192,AM Peak,21.6
8192,AM Peak,22.9
8192,AM Peak,25.1
8192,AM Peak,33.3
8192,AM Peak,21.2
8192,AM Peak,27.7
8192,AM Peak,22.9
8192,AM Peak,21.9
8192,AM Peak,25.9
8192,AM Peak,23.6
8192,AM Peak,17.1
8192,AM Peak,10.9
8192,AM Peak,15.3
8192,AM Peak,23.5
8192,AM Peak,25.5
8192,AM Peak,21.8
8192,AM Peak,22.9
8192,AM Peak,22.2
8192,AM Peak,22.7
8192,AM Peak,21.6
8192,AM Peak,29.5
8192,AM Peak,20
8192,AM Peak,2.9
8192,AM Peak,28.6
8192,AM Peak,25.2
8192,AM Peak,18.1
8192,AM Peak,22.5
8192,AM Peak,27.8
8192,AM Peak,21.6
8192,AM Peak,29.6
8192,AM Peak,24.9
8192,AM Peak,18.8
8192,AM Peak,25.7
8192,AM Peak,22.3
8192,AM Peak,25.3
8192,AM Peak,18.2
8192,AM Peak,20.5
8192,AM Peak,10.7
8192,AM Peak,27.7
8192,AM Peak,17
8192,AM Peak,9.5
8192,AM Peak,27.8
8192,AM Peak,22.2
8192,AM Peak,18.2
8192,AM Peak,31.6
8192,AM Peak,18.7
8192,AM Peak,26.4
8192,AM Peak,49.2
8192,AM Peak,24.7
8192,AM Peak,22.6
8192,AM Peak,24.1
8192,AM Peak,23.5
8192,AM Peak,18.5
8192,AM Peak,26.9
8192,AM Peak,17
8192,AM Peak,17.8
8192,AM Peak,20.7
8192,AM Peak,27.2
8192,AM Peak,24.6
8192,AM Peak,10.7
8192,AM Peak,19.7
8192,AM Peak,21.5
8192,AM Peak,22.4
8192,AM Peak,23.2
8192,AM Peak,22.4
8192,AM Peak,12.3
8192,AM Peak,18.3
8192,AM Peak,24.1
8192,AM Peak,27.2
8192,AM Peak,18.1
8192,AM Peak,21.2
8192,AM Peak,17.9
8192,AM Peak,19.2
8192,AM Peak,25
8192,AM Peak,16.4
8192,AM Peak,18.6
8192,AM Peak,25.8
8192,AM Peak,16.5
8192,AM Peak,26.8
8192,AM Peak,25.6
8192,AM Peak,22.7
8192,AM Peak,17.3
8192,AM Peak,27.1
8192,AM Peak,31.3
8192,AM Peak,20.2
8192,AM Peak,24.1
8192,AM Peak,17.6
8192,PM Peak,25.8
8192,PM Peak,23.1
8192,PM Peak,19.6
8192,PM Peak,22
8192,PM Peak,21.5
8192,PM Peak,20.7
8192,PM Peak,31.7
8192,PM Peak,26.6
8192,PM Peak,16
8192,PM Peak,18.1
8192,PM Peak,25.2
8192,PM Peak,28.9
8192,PM Peak,23.8
8192,PM Peak,13.1
8192,PM Peak,16.7
8192,PM Peak,20.3
8192,PM Peak,24.2
8192,PM Peak,25.6
8192,PM Peak,18.2
8192,PM Peak,21.4
8192,PM Peak,12.5
8192,PM Peak,13.3
8192,PM Peak,21
8192,PM Peak,26.7
8192,PM Peak,17.4
8192,PM Peak,19.7
8192,PM Peak,27
8192,PM Peak,25.1
8192,PM Peak,24.5
8192,PM Peak,9.7
8192,PM Peak,19.1
8192,PM Peak,20.3
8192,PM Peak,27.9
8192,PM Peak,21.4
8192,PM Peak,18.2
8192,PM Peak,22.8
8192,PM Peak,20.8
8192,PM Peak,17.6
8192,PM Peak,26.1
8192,PM Peak,21.1
8192,PM Peak,17.1
8192,PM Peak,19.9
8192,PM Peak,23.3
8192,PM Peak,24.6
8192,PM Peak,23
8192,PM Peak,16
8192,PM Peak,20.4
8192,PM Peak,20.7
8192,PM Peak,15.2
8192,PM Peak,27
8192,PM Peak,24.5
8192,PM Peak,29.5
8192,PM Peak,24.1
8192,PM Peak,18.4
8192,PM Peak,22.3
8192,PM Peak,18
8192,PM Peak,25.1
8192,PM Peak,19.6
8192,PM Peak,21.7
8192,PM Peak,21.5
8192,PM Peak,24.1
8192,PM Peak,31.2
8192,PM Peak,26.4
8192,PM Peak,25.2
8192,PM Peak,25.2
8192,PM Peak,13.6
8192,PM Peak,21.7
8192,PM Peak,26.4
8192,PM Peak,28.5
8192,PM Peak,29.5
8192,PM Peak,25.4
8192,PM Peak,25.5
8192,PM Peak,16.3
8192,PM Peak,24.6
8192,PM Peak,26.7
8192,PM Peak,15.6
8192,PM Peak,24.1
8192,PM Peak,25.8
8192,PM Peak,23.1
8192,PM Peak,26.9
8192,PM Peak,18.4
8192,PM Peak,16.9
8192,PM Peak,24
8192,PM Peak,23.7
8192,PM Peak,19.8
8192,PM Peak,23
8192,PM Peak,26.8
8192,PM Peak,4
8192,PM Peak,21.5
8192,PM Peak,23.1
8192,PM Peak,22.6
8192,PM Peak,22.3
8192,PM Peak,16.3
8192,PM Peak,24.6
8192,PM Peak,21.9
8192,PM Peak,20.7
8192,PM Peak,21
8192,PM Peak,17.4
8192,PM Peak,19.6
8192,PM Peak,27.1
8192,PM Peak,26.9
8192,PM Peak,28.2
8192,PM Peak,15.1
8192,PM Peak,18.8
8192,PM Peak,17.9
8192,PM Peak,21.4
8192,PM Peak,26.7
8192,PM Peak,17.2
8192,PM Peak,23.6
8192,PM Peak,23
8192,PM Peak,23.2
8192,PM Peak,23.9
8192,PM Peak,17.3
8192,PM Peak,19.2
8192,PM Peak,14.7
8192,PM Peak,14.5
8192,PM Peak,28.6
8192,PM Peak,25.6
8192,PM Peak,29.1
8192,PM Peak,16.6
8192,PM Peak,23.2
8192,PM Peak,21.8
8192,PM Peak,24.1
8192,PM Peak,21.6
8192,PM Peak,15.8
8192,PM Peak,25.4
8192,PM Peak,19.3
8192,PM Peak,20.1
8192,PM Peak,20.4
8192,PM Peak,32.7
8192,PM Peak,22.8
8192,PM Peak,19.7
8192,PM Peak,24
8192,PM Peak,17.6
8192,PM Peak,2.9
8192,PM Peak,25.7
8192,PM Peak,24.6
8192,PM Peak,19.2
8192,PM Peak,18
8192,PM Peak,30.3
8192,PM Peak,22.9
8192,PM Peak,22.3
8192,PM Peak,24.6
8192,PM Peak,22.1
8192,PM Peak,25
8192,PM Peak,17.8
8192,PM Peak,17.8
8192,PM Peak,21.6
8192,PM Peak,12.8
8192,PM Peak,22.6
8192,PM Peak,23.4
8192,PM Peak,29.7
8192,PM Peak,17.1
8192,PM Peak,22.3
8192,PM Peak,22.4
8192,PM Peak,32.3
8192,PM Peak,20.1
8192,PM Peak,25.7
8192,PM Peak,24.7
8192,PM Peak,25.7
8192,PM Peak,36.9
8192,PM Peak,15.3
8192,PM Peak,24.4
8192,PM Peak,23.8
8192,PM Peak,24.9
8192,PM Peak,23.6
8192,PM Peak,14.9
8192,PM Peak,28.7
8192,PM Peak,22.4
8192,PM Peak,25.3
8192,PM Peak,25.1
8192,PM Peak,25.8
8192,PM Peak,22.3
8192,PM Peak,8.6
8192,PM Peak,25.5
8192,PM Peak,19
8192,PM Peak,11.8
8192,PM Peak,18.6
8192,PM Peak,21.9
8192,PM Peak,19.8
8192,PM Peak,22.4
8192,PM Peak,26.8
8192,PM Peak,23.4
8192,PM Peak,16.8
8192,PM Peak,28.3
8192,PM Peak,23.4
8192,PM Peak,23.5
8192,PM Peak,5.3
8192,PM Peak,21.2
8192,PM Peak,21.6
8192,PM Peak,20
8192,PM Peak,17.5
8192,PM Peak,18
8192,PM Peak,16.8
8192,PM Peak,28.5
8192,PM Peak,23.9
8192,PM Peak,31.6
8192,PM Peak,24.6
8192,PM Peak,26.9
8192,PM Peak,23.6
8192,PM Peak,20.4
8192,PM Peak,31.8
8192,PM Peak,19.4
8192,PM Peak,24.3
8192,PM Peak,20.5
8192,PM Peak,28.3
8192,PM Peak,23.7
8192,PM Peak,14.6
8192,PM Peak,20.3
8192,PM Peak,19.7
8192,PM Peak,21.2
8192,PM Peak,18.7
8192,PM Peak,13.3
8192,PM Peak,23.9
8192,PM Peak,20.2
8192,PM Peak,31.7
8192,PM Peak,17.2
8192,PM Peak,25.8
8192,PM Peak,18.7
8192,PM Peak,18.5
8192,PM Peak,21.5
8192,PM Peak,25.8
8192,PM Peak,18.6
8192,PM Peak,19.5
8192,PM Peak,20.8
8192,PM Peak,19.3
8192,PM Peak,21.9
8192,PM Peak,17.3
8192,PM Peak,24.8
8192,PM Peak,20.9
8192,PM Peak,28.7
8192,PM Peak,25.3
8192,PM Peak,20.8
8192,PM Peak,21.6
8192,PM Peak,27.7
8192,PM Peak,28.3
8192,PM Peak,28.5
8192,PM Peak,15.9
8192,PM Peak,19.9
8192,PM Peak,29.4
8192,PM Peak,16.6
8192,PM Peak,28.1
8192,PM Peak,23.5
8192,PM Peak,28.1
8192,PM Peak,25
8192,PM Peak,23.2
8192,PM Peak,31.6
8192,PM Peak,28.7
8192,PM Peak,24
8192,PM Peak,16.9
8192,PM Peak,26
8192,PM Peak,24.9
8192,PM Peak,19.6
8192,PM Peak,26.4
8192,PM Peak,1.9
8192,PM Peak,17.7
8192,PM Peak,13.1
8192,PM Peak,23.6
8192,PM Peak,19.6
8192,PM Peak,19.5
8192,PM Peak,17.4
8192,PM Peak,31.2
8192,PM Peak,20.9
8192,PM Peak,16.9
8192,PM Peak,28.3
8192,PM Peak,24.4
8192,PM Peak,23.2
8192,PM Peak,18.5
8192,PM Peak,17
8192,PM Peak,25.8
8192,PM Peak,23.7
8192,PM Peak,16.2
8192,PM Peak,30.4
8192,PM Peak,20
8192,PM Peak,23.1
8192,PM Peak,21.3
8192,PM Peak,23.6
8192,PM Peak,23.7
8192,PM Peak,23.1
8192,PM Peak,27.8
8192,PM Peak,3.6
8192,PM Peak,20.8
8192,PM Peak,26.5
8192,PM Peak,15.9
8192,PM Peak,22.5
8192,PM Peak,21.6
8192,PM Peak,22.4
8192,PM Peak,20
8192,PM Peak,22.2
8192,PM Peak,22.8
8192,PM Peak,16.9
8192,PM Peak,20.1
8192,PM Peak,21.6
8192,PM Peak,8.2
8192,PM Peak,15.2
8192,PM Peak,17.5
8192,PM Peak,21.1
8192,PM Peak,20.8
8192,PM Peak,29.6
8192,PM Peak,21.1
8192,PM Peak,26.8
8192,PM Peak,16.4
8192,PM Peak,26.5
8192,PM Peak,23.8
8192,PM Peak,25.3
8192,PM Peak,18.3
8192,PM Peak,19.2
8192,PM Peak,24.8
8192,PM Peak,23.6
8192,PM Peak,21.1
8192,PM Peak,23.1
8192,PM Peak,23.1
8192,PM Peak,24.1
8192,PM Peak,23.8
8192,PM Peak,22
8192,PM Peak,23.4
8192,PM Peak,20.8
8192,PM Peak,24.1
8192,PM Peak,25.4
8192,PM Peak,22.2
8192,PM Peak,24.5
8192,PM Peak,31.1
8192,PM Peak,26
8192,PM Peak,24.8
8192,PM Peak,20.3
8192,PM Peak,18.9
8192,PM Peak,25.8
8192,PM Peak,25.8
8192,PM Peak,22.6
8192,PM Peak,24.8
8192,PM Peak,17
8192,PM Peak,19.3
8192,PM Peak,21.4
8192,PM Peak,27.9
8192,PM Peak,24
8192,PM Peak,24
8192,PM Peak,25
8192,PM Peak,27.4
8192,PM Peak,23.5
8192,PM Peak,31.7
8192,PM Peak,23.9
8192,PM Peak,23.8
8192,PM Peak,23.2
8192,PM Peak,22.3
8192,PM Peak,25.4
8192,PM Peak,14.9
8192,PM Peak,22.6
8192,PM Peak,32.1
8192,PM Peak,22.2
8192,PM Peak,20.4
8192,PM Peak,13.8
8192,PM Peak,25.4
8192,PM Peak,23.7
8192,PM Peak,30.6
8192,PM Peak,22.4
8192,PM Peak,13.2
8192,PM Peak,26.2
8192,PM Peak,26.2
8192,PM Peak,19.4
8192,PM Peak,21.9
8192,PM Peak,18.7
8192,PM Peak,23.3
8192,PM Peak,22.5
8192,PM Peak,20.5
8192,PM Peak,22.4
8192,PM Peak,28.5
8192,PM Peak,24.9
8192,PM Peak,26.9
8192,PM Peak,20.7
8192,PM Peak,23.4
8192,PM Peak,19.7
8192,PM Peak,14.9
8192,PM Peak,23.3
8192,PM Peak,24.5
8192,PM Peak,22.6
8192,PM Peak,22.9
8192,PM Peak,26
8192,PM Peak,23
8192,PM Peak,21.8
8192,PM Peak,23.5
8192,PM Peak,23.5
8192,PM Peak,18.1
8192,PM Peak,22.6
8192,PM Peak,18.3
8192,PM Peak,22.5
8192,PM Peak,21
8192,PM Peak,24
8192,PM Peak,20.1
8192,PM Peak,28.8
8192,PM Peak,15.8
8192,PM Peak,17.6
8192,PM Peak,25.2
8192,PM Peak,33
8192,PM Peak,20.8
8192,PM Peak,24.7
8192,PM Peak,29.2
8192,PM Peak,18.3
8192,PM Peak,19.4
8192,PM Peak,26.8
8192,PM Peak,27.8
8192,PM Peak,23.9
8192,PM Peak,21
8192,PM Peak,22.4
8192,PM Peak,26.6
8192,PM Peak,27.1
8192,PM Peak,25
8192,PM Peak,28
8192,PM Peak,25
8192,PM Peak,20.5
8192,PM Peak,19.7
8192,PM Peak,16.7
8192,PM Peak,29.5
8192,PM Peak,15
8192,PM Peak,12.4
8192,PM Peak,21.1
8192,PM Peak,33.1
8192,PM Peak,25.9
8192,PM Peak,22.3
8192,PM Peak,5.4
8192,PM Peak,23.2
8192,PM Peak,23.8
8192,PM Peak,20.5
8192,PM Peak,14.2
8192,PM Peak,24.1
8192,PM Peak,19.8
8192,PM Peak,29
8192,PM Peak,21.8
8192,PM Peak,13.3
8192,PM Peak,26.7
8192,PM Peak,23.3
8192,PM Peak,19.5
8192,PM Peak,20.1
8192,PM Peak,19.9
8192,PM Peak,19.4
8192,PM Peak,26
8192,PM Peak,22.1
8192,PM Peak,19.9
8192,PM Peak,15.7
8192,PM Peak,22.9
8192,PM Peak,20.3
8192,PM Peak,26.3
8192,PM Peak,19.9
8192,PM Peak,33.4
8192,PM Peak,21.7
8192,PM Peak,23.4
8192,PM Peak,4.8
8192,PM Peak,11.4
8192,PM Peak,26.5
8192,PM Peak,23.2
8192,PM Peak,4.4
8192,PM Peak,17
8192,PM Peak,22.9
8192,PM Peak,23.6
8192,PM Peak,18
8192,PM Peak,25.5
8192,PM Peak,19.3
8192,PM Peak,18.4
8192,PM Peak,19.3
8192,PM Peak,26.7
8192,PM Peak,19.9
8192,PM Peak,25.6
8192,PM Peak,22.1
8192,PM Peak,19.8
8192,PM Peak,24.4
8192,PM Peak,20.2
8192,PM Peak,20.8
8192,PM Peak,19.3
8192,PM Peak,23
8192,PM Peak,1.6
8192,PM Peak,8.4
8192,PM Peak,30.9
8192,PM Peak,26.1
8192,PM Peak,22.9
8192,PM Peak,26.6
8192,PM Peak,18.8
8192,PM Peak,15
8192,PM Peak,30.4
8192,PM Peak,18.2
8192,PM Peak,23.5
8192,PM Peak,23
8192,PM Peak,21.4
8192,PM Peak,17.7
8192,PM Peak,29.7
8192,PM Peak,19.9
8192,PM Peak,13.6
8192,PM Peak,20.2
8192,PM Peak,28.3
8192,PM Peak,26
8192,PM Peak,23.3
8192,PM Peak,27.3
8192,PM Peak,26
8192,PM Peak,16.9
8192,PM Peak,23.9
8192,PM Peak,18.9
8192,PM Peak,23.1
8192,PM Peak,31.1
8192,PM Peak,27.4
8192,PM Peak,29.1
8192,PM Peak,19.5
8192,PM Peak,6.7
8196,AM Peak,24.5
8196,AM Peak,24
8196,AM Peak,24.2
8196,AM Peak,24.5
8196,AM Peak,16.9
8196,AM Peak,18.5
8196,AM Peak,20
8196,AM Peak,21.1
8196,AM Peak,9.8
8196,AM Peak,18.7
8196,AM Peak,16.8
8196,AM Peak,17.2
8196,AM Peak,24.3
8196,AM Peak,21
8196,AM Peak,28.4
8196,AM Peak,5.4
8196,AM Peak,12.2
8196,AM Peak,21.1
8196,AM Peak,22.9
8196,AM Peak,18.6
8196,AM Peak,19.9
8196,AM Peak,23
8196,AM Peak,8.4
8196,AM Peak,14.7
8196,AM Peak,17.4
8196,AM Peak,21.2
8196,AM Peak,5.4
8196,AM Peak,23.9
8196,AM Peak,29.9
8196,AM Peak,4.2
8196,AM Peak,19.5
8196,AM Peak,20.4
8196,AM Peak,12.9
8196,AM Peak,18.9
8196,AM Peak,4.8
8196,AM Peak,19.4
8196,AM Peak,24.9
8196,AM Peak,20.1
8196,AM Peak,6.8
8196,AM Peak,21.7
8196,AM Peak,12.9
8196,AM Peak,14.6
8196,AM Peak,15.5
8196,AM Peak,20.4
8196,AM Peak,21
8196,AM Peak,9.6
8196,AM Peak,17
8196,AM Peak,17.5
8196,AM Peak,21.8
8196,AM Peak,17.7
8196,AM Peak,17.9
8196,AM Peak,24
8196,AM Peak,21.9
8196,AM Peak,21
8196,AM Peak,18.4
8196,AM Peak,13.5
8196,AM Peak,5.9
8196,AM Peak,14.2
8196,AM Peak,18.1
8196,AM Peak,20
8196,AM Peak,11.9
8196,AM Peak,28.6
8196,AM Peak,25.5
8196,AM Peak,10.8
8196,AM Peak,19
8196,AM Peak,20
8196,AM Peak,24.7
8196,AM Peak,17.1
8196,AM Peak,13.1
8196,AM Peak,25.8
8196,AM Peak,28.1
8196,AM Peak,18.9
8196,AM Peak,15.3
8196,AM Peak,21.4
8196,AM Peak,5.9
8196,AM Peak,16.6
8196,AM Peak,18.1
8196,AM Peak,21.7
8196,AM Peak,16.6
8196,AM Peak,20.9
8196,AM Peak,27
8196,AM Peak,16.3
8196,AM Peak,6.1
8196,AM Peak,22.9
8196,AM Peak,27.5
8196,AM Peak,20.7
8196,AM Peak,18.4
8196,AM Peak,13.9
8196,AM Peak,23.1
8196,AM Peak,12.6
8196,AM Peak,15.9
8196,AM Peak,9.7
8196,AM Peak,10.7
8196,AM Peak,14.7
8196,AM Peak,18.2
8196,AM Peak,15.3
8196,AM Peak,13.2
8196,AM Peak,15.7
8196,AM Peak,16.2
8196,AM Peak,16.2
8196,AM Peak,6.9
8196,AM Peak,16.4
8196,AM Peak,20.6
8196,AM Peak,20.7
8196,AM Peak,11
8196,AM Peak,20.3
8196,AM Peak,12.8
8196,AM Peak,20.3
8196,AM Peak,15.2
8196,AM Peak,19.7
8196,AM Peak,11.3
8196,AM Peak,16
8196,AM Peak,20.7
8196,AM Peak,19
8196,AM Peak,20.7
8196,AM Peak,18.6
8196,AM Peak,24.1
8196,AM Peak,18.9
8196,AM Peak,25.9
8196,AM Peak,12.4
8196,AM Peak,12.4
8196,AM Peak,10.5
8196,AM Peak,16.5
8196,AM Peak,13.1
8196,AM Peak,23.9
8196,AM Peak,12.2
8196,AM Peak,21.6
8196,AM Peak,16
8196,AM Peak,3.9
8196,AM Peak,18.2
8196,AM Peak,20.8
8196,AM Peak,14.7
8196,AM Peak,17.7
8196,AM Peak,20.3
8196,AM Peak,18.8
8196,AM Peak,16
8196,AM Peak,16.5
8196,AM Peak,15.9
8196,AM Peak,21.3
8196,AM Peak,17.2
8196,AM Peak,26.2
8196,AM Peak,12.5
8196,AM Peak,20
8196,AM Peak,16.2
8196,AM Peak,15.6
8196,AM Peak,19.6
8196,AM Peak,30
8196,AM Peak,14.4
8196,AM Peak,11.9
8196,AM Peak,23.8
8196,AM Peak,18.5
8196,AM Peak,18.9
8196,AM Peak,12.1
8196,AM Peak,32.8
8196,AM Peak,22.2
8196,AM Peak,16.4
8196,AM Peak,20.7
8196,AM Peak,5.5
8196,AM Peak,21.3
8196,AM Peak,17
8196,AM Peak,6.3
8196,AM Peak,10.8
8196,AM Peak,16.4
8196,AM Peak,2.8
8196,AM Peak,3
8196,AM Peak,26.6
8196,AM Peak,11.6
8196,AM Peak,14.7
8196,AM Peak,18.5
8196,AM Peak,22
8196,AM Peak,26.8
8196,AM Peak,28.6
8196,AM Peak,23.3
8196,AM Peak,18.2
8196,AM Peak,19.2
8196,AM Peak,16.5
8196,AM Peak,23.2
8196,AM Peak,14.7
8196,AM Peak,15.3
8196,AM Peak,20
8196,AM Peak,18.2
8196,AM Peak,18.6
8196,AM Peak,17.5
8196,AM Peak,10.3
8196,AM Peak,20.6
8196,AM Peak,15.8
8196,AM Peak,21.3
8196,AM Peak,17.6
8196,AM Peak,19.4
8196,AM Peak,18.3
8196,AM Peak,17.8
8196,AM Peak,26.4
8196,AM Peak,30.7
8196,AM Peak,29.4
8196,AM Peak,27.6
8196,AM Peak,12.1
8196,AM Peak,12.3
8196,AM Peak,18.9
8196,AM Peak,16.5
8196,AM Peak,25.7
8196,AM Peak,17.2
8196,AM Peak,13
8196,AM Peak,24.5
8196,AM Peak,13.5
8196,AM Peak,24.6
8196,AM Peak,18.2
8196,AM Peak,17.2
8196,AM Peak,13.6
8196,AM Peak,16.7
8196,AM Peak,4.8
8196,AM Peak,10.3
8196,AM Peak,18.5
8196,AM Peak,17.4
8196,AM Peak,4.6
8196,AM Peak,19.9
8196,AM Peak,26.3
8196,AM Peak,16
8196,AM Peak,18
8196,AM Peak,18.3
8196,AM Peak,18.3
8196,AM Peak,18.1
8196,AM Peak,28.2
8196,AM Peak,2.8
8196,AM Peak,22.8
8196,AM Peak,20.6
8196,AM Peak,24
8196,AM Peak,19.5
8196,AM Peak,16.6
8196,AM Peak,17.5
8196,AM Peak,14.6
8196,AM Peak,17.9
8196,AM Peak,20.8
8196,AM Peak,14
8196,AM Peak,19.1
8196,AM Peak,15.7
8196,AM Peak,22.3
8196,AM Peak,14.2
8196,AM Peak,21.6
8196,AM Peak,18.7
8196,AM Peak,25.5
8196,AM Peak,18.6
8196,AM Peak,16.1
8196,AM Peak,18
8196,AM Peak,16.1
8196,AM Peak,30
8196,AM Peak,18.9
8196,AM Peak,16
8196,AM Peak,15
8196,AM Peak,22.6
8196,AM Peak,15.7
8196,AM Peak,19.6
8196,AM Peak,22.5
8196,AM Peak,20
8196,AM Peak,24.5
8196,AM Peak,17.6
8196,AM Peak,12
8196,AM Peak,17.9
8196,AM Peak,17.7
8196,AM Peak,23.6
8196,AM Peak,14.2
8196,AM Peak,16.6
8196,AM Peak,13.4
8196,AM Peak,16.6
8196,AM Peak,22.5
8196,AM Peak,23.1
8196,AM Peak,13.2
8196,AM Peak,16.7
8196,AM Peak,18.2
8196,AM Peak,16.6
8196,AM Peak,20.2
8196,AM Peak,9.8
8196,AM Peak,20.4
8196,AM Peak,14.9
8196,AM Peak,18.3
8196,AM Peak,18.3
8196,AM Peak,16.9
8196,AM Peak,16.8
8196,AM Peak,2
8196,AM Peak,26.3
8196,AM Peak,13.7
8196,AM Peak,26.7
8196,AM Peak,14.3
8196,AM Peak,19.4
8196,AM Peak,21.9
8196,AM Peak,24.3
8196,AM Peak,14.6
8196,AM Peak,5.6
8196,AM Peak,11.9
8196,AM Peak,19
8196,AM Peak,24.1
8196,AM Peak,19.1
8196,AM Peak,16.2
8196,AM Peak,3.4
8196,AM Peak,14.9
8196,AM Peak,23.4
8196,AM Peak,3.2
8196,AM Peak,21.1
8196,AM Peak,19.7
8196,AM Peak,19.5
8196,AM Peak,21.2
8196,AM Peak,26.2
8196,AM Peak,10.9
8196,AM Peak,17.7
8196,AM Peak,20.2
8196,AM Peak,16.5
8196,AM Peak,24.3
8196,AM Peak,6.2
8196,AM Peak,9.8
8196,AM Peak,18.9
8196,AM Peak,18.5
8196,AM Peak,22.9
8196,AM Peak,16.3
8196,AM Peak,5.5
8196,AM Peak,14.8
8196,AM Peak,16.8
8196,AM Peak,22.1
8196,AM Peak,13.1
8196,AM Peak,17
8196,AM Peak,19.2
8196,AM Peak,18.8
8196,AM Peak,24
8196,AM Peak,25.4
8196,AM Peak,23.4
8196,AM Peak,22.1
8196,AM Peak,18.2
8196,AM Peak,20.9
8196,AM Peak,9.5
8196,AM Peak,25.8
8196,AM Peak,21.9
8196,AM Peak,14.3
8196,AM Peak,18.5
8196,AM Peak,18.6
8196,AM Peak,22.4
8196,AM Peak,25.6
8196,AM Peak,17.5
8196,AM Peak,16.8
8196,AM Peak,5.5
8196,AM Peak,21.4
8196,AM Peak,15.1
8196,AM Peak,20.4
8196,AM Peak,12
8196,AM Peak,24.4
8196,AM Peak,12.4
8196,AM Peak,7.2
8196,AM Peak,12.4
8196,AM Peak,22.7
8196,AM Peak,16.4
8196,AM Peak,15.2
8196,AM Peak,21.9
8196,AM Peak,16.8
8196,AM Peak,17.8
8196,AM Peak,18.1
8196,AM Peak,12.8
8196,AM Peak,21.7
8196,AM Peak,17.6
8196,AM Peak,22.7
8196,AM Peak,12.6
8196,AM Peak,23
8196,AM Peak,16.1
8196,AM Peak,16.4
8196,AM Peak,21.5
8196,AM Peak,19.8
8196,AM Peak,19.8
8196,AM Peak,19.2
8196,AM Peak,12.8
8196,AM Peak,20.9
8196,AM Peak,14.2
8196,AM Peak,15.1
8196,AM Peak,21.5
8196,AM Peak,18.5
8196,AM Peak,19.8
8196,AM Peak,20
8196,AM Peak,12
8196,AM Peak,12.6
8196,AM Peak,5.4
8196,AM Peak,20.5
8196,AM Peak,20.9
8196,AM Peak,6.6
8196,AM Peak,30.5
8196,AM Peak,18.1
8196,AM Peak,5.2
8196,AM Peak,16.3
8196,AM Peak,17.6
8196,AM Peak,14.7
8196,AM Peak,18.1
8196,AM Peak,16
8196,AM Peak,19.3
8196,AM Peak,22.6
8196,AM Peak,15
8196,AM Peak,19.7
8196,AM Peak,24.4
8196,AM Peak,15.6
8196,AM Peak,6.1
8196,AM Peak,25.8
8196,AM Peak,19.2
8196,AM Peak,21.5
8196,AM Peak,18.9
8196,AM Peak,14.7
8196,AM Peak,14.4
8196,AM Peak,21.9
8196,AM Peak,22.8
8196,AM Peak,15.5
8196,AM Peak,18.8
8196,AM Peak,19.9
8196,AM Peak,22.6
8196,AM Peak,19.5
8196,AM Peak,16
8196,AM Peak,13.6
8196,AM Peak,8.6
8196,AM Peak,21
8196,AM Peak,4.9
8196,AM Peak,14.9
8196,AM Peak,14.5
8196,AM Peak,21.6
8196,AM Peak,5
8196,AM Peak,4.5
8196,AM Peak,21.3
8196,AM Peak,27.4
8196,AM Peak,25.3
8196,AM Peak,7.4
8196,AM Peak,25.5
8196,AM Peak,18.6
8196,AM Peak,21.1
8196,AM Peak,8.9
8196,AM Peak,17
8196,AM Peak,15.3
8196,AM Peak,23.3
8196,AM Peak,19.7
8196,AM Peak,16.4
8196,AM Peak,17.9
8196,AM Peak,3.4
8196,AM Peak,15.2
8196,AM Peak,3.8
8196,AM Peak,6.7
8196,AM Peak,4.9
8196,AM Peak,25.2
8196,AM Peak,18.7
8196,AM Peak,18.6
8196,AM Peak,20.8
8196,AM Peak,29.6
8196,AM Peak,20.4
8196,AM Peak,21.5
8196,AM Peak,16.2
8196,AM Peak,18.7
8196,AM Peak,14.9
8196,AM Peak,15.5
8196,AM Peak,20.1
8196,AM Peak,13.3
8196,AM Peak,18.6
8196,AM Peak,25.8
8196,AM Peak,17.9
8196,AM Peak,16.3
8196,AM Peak,13.2
8196,AM Peak,16.7
8196,AM Peak,23.1
8196,AM Peak,14.3
8196,AM Peak,20.6
8196,AM Peak,17.7
8196,AM Peak,19
8196,AM Peak,19.3
8196,AM Peak,15.1
8196,AM Peak,22.9
8196,AM Peak,20.4
8196,AM Peak,6.7
8196,AM Peak,13.5
8196,AM Peak,26.7
8196,AM Peak,17.6
8196,AM Peak,21.4
8196,AM Peak,4.3
8196,AM Peak,21.7
8196,AM Peak,3.8
8196,AM Peak,26
8196,AM Peak,24.6
8196,AM Peak,15.7
8196,AM Peak,14.8
8196,AM Peak,21.9
8196,AM Peak,18.4
8196,AM Peak,31.6
8196,AM Peak,11.4
8196,AM Peak,25
8196,AM Peak,17.6
8196,AM Peak,27.2
8196,AM Peak,16.8
8196,AM Peak,15.8
8196,AM Peak,24.8
8196,AM Peak,21.2
8196,AM Peak,13.2
8196,AM Peak,17.1
8196,AM Peak,15.9
8196,AM Peak,18.9
8196,AM Peak,16.5
8196,AM Peak,13.4
8196,AM Peak,21.1
8196,AM Peak,5.4
8196,AM Peak,16.4
8196,AM Peak,16.8
8196,AM Peak,18.9
8196,AM Peak,18.5
8196,AM Peak,19.9
8196,AM Peak,22.5
8196,PM Peak,14.8
8196,PM Peak,20.6
8196,PM Peak,17
8196,PM Peak,19.2
8196,PM Peak,12.6
8196,PM Peak,18.6
8196,PM Peak,22.3
8196,PM Peak,15.2
8196,PM Peak,7.2
8196,PM Peak,17
8196,PM Peak,23
8196,PM Peak,19.7
8196,PM Peak,20.6
8196,PM Peak,4
8196,PM Peak,7.5
8196,PM Peak,26.7
8196,PM Peak,15.5
8196,PM Peak,24.1
8196,PM Peak,24.3
8196,PM Peak,7.3
8196,PM Peak,11.5
8196,PM Peak,23.5
8196,PM Peak,14.9
8196,PM Peak,18.1
8196,PM Peak,19.4
8196,PM Peak,3.5
8196,PM Peak,18.2
8196,PM Peak,20.6
8196,PM Peak,12.9
8196,PM Peak,17.8
8196,PM Peak,21.8
8196,PM Peak,8.9
8196,PM Peak,10.4
8196,PM Peak,22.1
8196,PM Peak,25.8
8196,PM Peak,9.6
8196,PM Peak,15.2
8196,PM Peak,8.8
8196,PM Peak,28.5
8196,PM Peak,9.6
8196,PM Peak,13.9
8196,PM Peak,21.6
8196,PM Peak,11.7
8196,PM Peak,20.9
8196,PM Peak,27.3
8196,PM Peak,25.8
8196,PM Peak,18.5
8196,PM Peak,5
8196,PM Peak,15.8
8196,PM Peak,12.8
8196,PM Peak,25.4
8196,PM Peak,13.8
8196,PM Peak,10.9
8196,PM Peak,30.1
8196,PM Peak,15.4
8196,PM Peak,16.5
8196,PM Peak,12.4
8196,PM Peak,18.7
8196,PM Peak,13.9
8196,PM Peak,15.1
8196,PM Peak,15.7
8196,PM Peak,16.8
8196,PM Peak,20.4
8196,PM Peak,12.6
8196,PM Peak,22.8
8196,PM Peak,20.1
8196,PM Peak,20.4
8196,PM Peak,18.4
8196,PM Peak,15.8
8196,PM Peak,18
8196,PM Peak,11.1
8196,PM Peak,8.8
8196,PM Peak,19.2
8196,PM Peak,12.5
8196,PM Peak,9.8
8196,PM Peak,15.8
8196,PM Peak,15.9
8196,PM Peak,35
8196,PM Peak,19.6
8196,PM Peak,19
8196,PM Peak,12.9
8196,PM Peak,22.4
8196,PM Peak,21.1
8196,PM Peak,16.7
8196,PM Peak,15.7
8196,PM Peak,17.8
8196,PM Peak,17
8196,PM Peak,15.3
8196,PM Peak,22
8196,PM Peak,15.5
8196,PM Peak,20.5
8196,PM Peak,14.3
8196,PM Peak,20.5
8196,PM Peak,11.7
8196,PM Peak,15.9
8196,PM Peak,16.7
8196,PM Peak,22.6
8196,PM Peak,18.6
8196,PM Peak,19.9
8196,PM Peak,11
8196,PM Peak,20.3
8196,PM Peak,22.2
8196,PM Peak,14.7
8196,PM Peak,43.1
8196,PM Peak,13.5
8196,PM Peak,23.9
8196,PM Peak,23.9
8196,PM Peak,18.5
8196,PM Peak,22.6
8196,PM Peak,23.5
8196,PM Peak,24.6
8196,PM Peak,23.6
8196,PM Peak,6.4
8196,PM Peak,18.7
8196,PM Peak,17.1
8196,PM Peak,16.8
8196,PM Peak,11.8
8196,PM Peak,18.8
8196,PM Peak,31.7
8196,PM Peak,23.4
8196,PM Peak,20.1
8196,PM Peak,15.8
8196,PM Peak,15.8
8196,PM Peak,18.6
8196,PM Peak,5.5
8196,PM Peak,30.6
8196,PM Peak,11.2
8196,PM Peak,20
8196,PM Peak,11.2
8196,PM Peak,12.4
8196,PM Peak,23.7
8196,PM Peak,16
8196,PM Peak,17.5
8196,PM Peak,8.1
8196,PM Peak,22.8
8196,PM Peak,24.3
8196,PM Peak,19.1
8196,PM Peak,23.2
8196,PM Peak,15.1
8196,PM Peak,33.3
8196,PM Peak,17.9
8196,PM Peak,10.2
8196,PM Peak,16.3
8196,PM Peak,22.7
8196,PM Peak,17.2
8196,PM Peak,10.6
8196,PM Peak,31.5
8196,PM Peak,14.1
8196,PM Peak,30.3
8196,PM Peak,14
8196,PM Peak,16.3
8196,PM Peak,21.8
8196,PM Peak,22.8
8196,PM Peak,28.1
8196,PM Peak,26.3
8196,PM Peak,22.9
8196,PM Peak,11.6
8196,PM Peak,15.5
8196,PM Peak,20.8
8196,PM Peak,17.5
8196,PM Peak,22.2
8196,PM Peak,22.1
8196,PM Peak,27
8196,PM Peak,22.2
8196,PM Peak,16.5
8196,PM Peak,21.7
8196,PM Peak,12.2
8196,PM Peak,29.5
8196,PM Peak,8.1
8196,PM Peak,14.1
8196,PM Peak,14.1
8196,PM Peak,26.5
8196,PM Peak,18.1
8196,PM Peak,17.7
8196,PM Peak,16.5
8196,PM Peak,28.1
8196,PM Peak,9.9
8196,PM Peak,15
8196,PM Peak,13
8196,PM Peak,17.1
8196,PM Peak,21.8
8196,PM Peak,23.5
8196,PM Peak,18.7
8196,PM Peak,24.2
8196,PM Peak,15
8196,PM Peak,18.3
8196,PM Peak,18.8
8196,PM Peak,17.2
8196,PM Peak,21.3
8196,PM Peak,26.9
8196,PM Peak,21.5
8196,PM Peak,17.7
8196,PM Peak,15.1
8196,PM Peak,16.9
8196,PM Peak,26.3
8196,PM Peak,32.5
8196,PM Peak,12
8196,PM Peak,37.5
8196,PM Peak,13.1
8196,PM Peak,15.1
8196,PM Peak,21.4
8196,PM Peak,34.5
8196,PM Peak,16.6
8196,PM Peak,32.7
8196,PM Peak,28
8196,PM Peak,31
8196,PM Peak,9.9
8196,PM Peak,17.6
8196,PM Peak,21.7
8196,PM Peak,17.8
8196,PM Peak,10.9
8196,PM Peak,24.1
8196,PM Peak,14.1
8196,PM Peak,24
8196,PM Peak,28.4
8196,PM Peak,15.7
8196,PM Peak,10.6
8196,PM Peak,13.8
8196,PM Peak,16.5
8196,PM Peak,30.6
8196,PM Peak,15
8196,PM Peak,19.8
8196,PM Peak,32.3
8196,PM Peak,14.5
8196,PM Peak,18.6
8196,PM Peak,12.6
8196,PM Peak,21
8196,PM Peak,26
8196,PM Peak,3.5
8196,PM Peak,16.1
8196,PM Peak,20.4
8196,PM Peak,23.3
8196,PM Peak,6.4
8196,PM Peak,27.2
8196,PM Peak,16.8
8196,PM Peak,21.9
8196,PM Peak,16.4
8196,PM Peak,19.8
8196,PM Peak,5.2
8196,PM Peak,10.1
8196,PM Peak,12
8196,PM Peak,24.8
8196,PM Peak,28
8196,PM Peak,16.2
8196,PM Peak,22.1
8196,PM Peak,21.2
8196,PM Peak,16.4
8196,PM Peak,20
8196,PM Peak,6.6
8196,PM Peak,16.1
8196,PM Peak,15.4
8196,PM Peak,10.7
8196,PM Peak,11.1
8196,PM Peak,20.4
8196,PM Peak,16.8
8196,PM Peak,17.1
8196,PM Peak,17
8196,PM Peak,21.6
8196,PM Peak,16
8196,PM Peak,17.5
8196,PM Peak,17.3
8196,PM Peak,18.6
8196,PM Peak,19.8
8196,PM Peak,15.6
8196,PM Peak,18.7
8196,PM Peak,16.8
8196,PM Peak,25.1
8196,PM Peak,14.1
8196,PM Peak,15.2
8196,PM Peak,17.4
8196,PM Peak,20.6
8196,PM Peak,12.9
8196,PM Peak,19.2
8196,PM Peak,22.6
8196,PM Peak,19.4
8196,PM Peak,20.9
8196,PM Peak,14.3
8196,PM Peak,19.6
8196,PM Peak,26.1
8196,PM Peak,19.2
8196,PM Peak,20.5
8196,PM Peak,9.2
8196,PM Peak,14.1
8196,PM Peak,13.7
8196,PM Peak,16.5
8196,PM Peak,14
8196,PM Peak,18.1
8196,PM Peak,22.8
8196,PM Peak,13.4
8196,PM Peak,22.1
8196,PM Peak,15.7
8196,PM Peak,20.8
8196,PM Peak,20.7
8196,PM Peak,17.3
8196,PM Peak,13.2
8196,PM Peak,18.3
8196,PM Peak,26.1
8196,PM Peak,18.3
8196,PM Peak,28.3
8196,PM Peak,6.4
8196,PM Peak,11.6
8196,PM Peak,25.5
8196,PM Peak,27
8196,PM Peak,14.8
8196,PM Peak,12.8
8196,PM Peak,21.1
8196,PM Peak,21.8
8196,PM Peak,17
8196,PM Peak,26.5
8196,PM Peak,15.4
8196,PM Peak,30.3
8196,PM Peak,15.7
8196,PM Peak,14.5
8196,PM Peak,13.8
8196,PM Peak,20
8196,PM Peak,15
8196,PM Peak,14.4
8196,PM Peak,7.2
8196,PM Peak,11.7
8196,PM Peak,9.5
8196,PM Peak,13.7
8196,PM Peak,19.7
8196,PM Peak,23.1
8196,PM Peak,16.7
8196,PM Peak,16.3
8196,PM Peak,17.6
8196,PM Peak,16.4
8196,PM Peak,27.9
8196,PM Peak,21
8196,PM Peak,5.4
8196,PM Peak,21.2
8196,PM Peak,20.5
8196,PM Peak,6.8
8196,PM Peak,21.2
8196,PM Peak,9.6
8196,PM Peak,19.9
8196,PM Peak,13.2
8196,PM Peak,15.6
8196,PM Peak,19.8
8196,PM Peak,21.1
8196,PM Peak,17.8
8196,PM Peak,28.7
8196,PM Peak,16.1
8196,PM Peak,32.5
8196,PM Peak,15.2
8196,PM Peak,21
8196,PM Peak,21.3
8196,PM Peak,44.1
8196,PM Peak,8.9
8196,PM Peak,19.3
8196,PM Peak,22.6
8196,PM Peak,24.6
8196,PM Peak,16.3
8196,PM Peak,13
8196,PM Peak,23.5
8196,PM Peak,13.9
8196,PM Peak,13.1
8196,PM Peak,26.7
8196,PM Peak,14.1
8196,PM Peak,14.3
8196,PM Peak,16.5
8196,PM Peak,21.3
8196,PM Peak,12.2
8196,PM Peak,22.3
8196,PM Peak,24.6
8196,PM Peak,25
8196,PM Peak,26.7
8196,PM Peak,15.7
8196,PM Peak,14.4
8196,PM Peak,24.6
8196,PM Peak,19.1
8196,PM Peak,19.8
8196,PM Peak,10.1
8196,PM Peak,14.3
8196,PM Peak,19.6
8196,PM Peak,18.9
8196,PM Peak,14
8196,PM Peak,24.3
8196,PM Peak,36
8196,PM Peak,15.9
8196,PM Peak,13.7
8196,PM Peak,16.1
8196,PM Peak,23.7
8196,PM Peak,11.5
8196,PM Peak,17.2
8196,PM Peak,13.8
8196,PM Peak,19.8
8196,PM Peak,14
8196,PM Peak,20.2
8196,PM Peak,16.2
8196,PM Peak,12.5
8196,PM Peak,13.5
8196,PM Peak,23.9
8196,PM Peak,22.1
8196,PM Peak,18.8
8196,PM Peak,9.1
8196,PM Peak,20.8
8196,PM Peak,23.2
8196,PM Peak,18.8
8196,PM Peak,20.5
8196,PM Peak,18.5
8196,PM Peak,21.5
8196,PM Peak,14.7
8196,PM Peak,23.9
8196,PM Peak,13.1
8196,PM Peak,25.6
8196,PM Peak,20.5
8196,PM Peak,18.6
8196,PM Peak,7.6
8196,PM Peak,11.4
8196,PM Peak,24.4
8196,PM Peak,17.3
8196,PM Peak,21.3
8196,PM Peak,21.1
8196,PM Peak,18.8
8196,PM Peak,8.1
8196,PM Peak,12.4
8196,PM Peak,14.8
8196,PM Peak,22.5
8196,PM Peak,27.9
8196,PM Peak,11.6
8196,PM Peak,14.9
8196,PM Peak,16.5
8196,PM Peak,21.3
8196,PM Peak,13.6
8196,PM Peak,28.9
8196,PM Peak,22.9
8196,PM Peak,32.3
8196,PM Peak,17.7
8196,PM Peak,19
8196,PM Peak,15.6
8196,PM Peak,15.5
8196,PM Peak,29.5
8196,PM Peak,21.9
8196,PM Peak,17.1
8196,PM Peak,12.8
8196,PM Peak,41.2
8196,PM Peak,9.7
8196,PM Peak,22.9
8196,PM Peak,16.5
8196,PM Peak,15.3
8196,PM Peak,21.3
8196,PM Peak,14.1
8196,PM Peak,15.1
8196,PM Peak,21.9
8196,PM Peak,17.6
8196,PM Peak,13
8196,PM Peak,19.7
8196,PM Peak,15.6
8196,PM Peak,24.8
8196,PM Peak,18.4
8196,PM Peak,2.3
8196,PM Peak,23
8196,PM Peak,12
8196,PM Peak,26.4
8196,PM Peak,12.4
8196,PM Peak,24.3
8196,PM Peak,9.5
8196,PM Peak,16
8196,PM Peak,10.3
8196,PM Peak,10.3
8196,PM Peak,20.9
8196,PM Peak,19.8
8196,PM Peak,21.3
8196,PM Peak,16.4
8196,PM Peak,18
8196,PM Peak,12.1
8196,PM Peak,17.5
8196,PM Peak,15.9
8196,PM Peak,26.5
8196,PM Peak,14.7
8196,PM Peak,32.9
8196,PM Peak,26
8196,PM Peak,18.6
8196,PM Peak,4.1
8196,PM Peak,17
8196,PM Peak,17.6
8196,PM Peak,20
8196,PM Peak,19.3
8196,PM Peak,11.5
8196,PM Peak,30.7
8196,PM Peak,30.1
8196,PM Peak,18.6
8196,PM Peak,11.1
8196,PM Peak,20.4
8196,PM Peak,7.9
8196,PM Peak,23
8196,PM Peak,12.2
8196,PM Peak,16.1
8196,PM Peak,18.4
8196,PM Peak,8.6
8196,PM Peak,20.1
8196,PM Peak,31
8196,PM Peak,10.8
8196,PM Peak,24.2
8196,PM Peak,10.4
8196,PM Peak,30
8196,PM Peak,18.6
8196,PM Peak,11.2
8196,PM Peak,7.7
9077,AM Peak,16.4
9077,AM Peak,20.4
9077,AM Peak,18.6
9077,AM Peak,27.6
9077,AM Peak,9.9
9077,AM Peak,21.9
9077,AM Peak,9.1
9077,AM Peak,18.6
9077,AM Peak,18
9077,AM Peak,21.1
9077,AM Peak,15.3
9077,AM Peak,21.6
9077,AM Peak,18.8
9077,AM Peak,16.3
9077,AM Peak,13
9077,AM Peak,18.2
9077,AM Peak,18.4
9077,AM Peak,17.5
9077,AM Peak,13.1
9077,AM Peak,21.2
9077,AM Peak,17.5
9077,AM Peak,19.6
9077,AM Peak,19.1
9077,AM Peak,13.5
9077,AM Peak,19.5
9077,AM Peak,19.3
9077,AM Peak,17.5
9077,AM Peak,21.2
9077,AM Peak,23.2
9077,AM Peak,24.7
9077,AM Peak,20.1
9077,AM Peak,17.5
9077,AM Peak,13.5
9077,AM Peak,19.5
9077,AM Peak,27.8
9077,AM Peak,29.5
9077,AM Peak,20.2
9077,AM Peak,16
9077,AM Peak,17.5
9077,AM Peak,17.5
9077,AM Peak,33.9
9077,AM Peak,20.4
9077,AM Peak,17.2
9077,AM Peak,21
9077,AM Peak,27.4
9077,AM Peak,29.1
9077,AM Peak,23.3
9077,AM Peak,22.2
9077,AM Peak,19.2
9077,AM Peak,23
9077,AM Peak,15.4
9077,AM Peak,14.4
9077,AM Peak,12.8
9077,AM Peak,20.4
9077,AM Peak,14.1
9077,AM Peak,27.1
9077,AM Peak,19.7
9077,AM Peak,14.8
9077,AM Peak,33.6
9077,AM Peak,14.2
9077,AM Peak,17.6
9077,AM Peak,30.4
9077,AM Peak,21.4
9077,AM Peak,19.6
9077,AM Peak,11.5
9077,AM Peak,14.2
9077,AM Peak,20.6
9077,AM Peak,17.1
9077,AM Peak,16.7
9077,AM Peak,25.3
9077,AM Peak,18.5
9077,AM Peak,15.5
9077,AM Peak,19.8
9077,AM Peak,21.1
9077,AM Peak,21.8
9077,AM Peak,17.9
9077,AM Peak,19.4
9077,AM Peak,17.8
9077,AM Peak,25.7
9077,AM Peak,20.1
9077,AM Peak,19.6
9077,AM Peak,14
9077,AM Peak,22.7
9077,AM Peak,12.2
9077,AM Peak,28.1
9077,AM Peak,15.7
9077,AM Peak,16.8
9077,AM Peak,20.3
9077,AM Peak,18.9
9077,AM Peak,25.5
9077,AM Peak,23.8
9077,AM Peak,19.4
9077,AM Peak,17.3
9077,AM Peak,15.4
9077,AM Peak,18.6
9077,AM Peak,17.8
9077,AM Peak,19.4
9077,AM Peak,12.8
9077,AM Peak,27
9077,AM Peak,22.1
9077,AM Peak,16.9
9077,AM Peak,23.2
9077,AM Peak,16
9077,AM Peak,23.5
9077,AM Peak,10.4
9077,AM Peak,20
9077,AM Peak,17.8
9077,AM Peak,18.6
9077,AM Peak,16.8
9077,AM Peak,16.1
9077,AM Peak,22.3
9077,AM Peak,17.3
9077,AM Peak,31.2
9077,AM Peak,19.9
9077,AM Peak,19.4
9077,AM Peak,24.9
9077,AM Peak,15.9
9077,AM Peak,15.3
9077,AM Peak,23.4
9077,AM Peak,32
9077,AM Peak,16.8
9077,AM Peak,22
9077,AM Peak,23.1
9077,AM Peak,21.5
9077,AM Peak,24.6
9077,AM Peak,20.3
9077,AM Peak,20.6
9077,AM Peak,18.3
9077,AM Peak,17.8
9077,AM Peak,13.7
9077,AM Peak,23.6
9077,AM Peak,18.6
9077,AM Peak,17.6
9077,AM Peak,21.3
9077,AM Peak,14.3
9077,AM Peak,17.3
9077,AM Peak,19.1
9077,AM Peak,14.8
9077,AM Peak,14.2
9077,AM Peak,26.8
9077,AM Peak,11.9
9077,AM Peak,15.8
9077,AM Peak,32.8
9077,AM Peak,15.3
9077,AM Peak,24
9077,AM Peak,20.2
9077,AM Peak,18.3
9077,AM Peak,20.5
9077,AM Peak,15
9077,AM Peak,24.3
9077,AM Peak,11.1
9077,AM Peak,24.4
9077,AM Peak,15.3
9077,AM Peak,15.4
9077,AM Peak,21.1
9077,AM Peak,24
9077,AM Peak,22.3
9077,AM Peak,16.6
9077,AM Peak,19.1
9077,AM Peak,25.6
9077,AM Peak,21.1
9077,AM Peak,15.6
9077,AM Peak,17.4
9077,AM Peak,25.2
9077,AM Peak,18.3
9077,AM Peak,13.3
9077,AM Peak,22.8
9077,AM Peak,15.3
9077,AM Peak,12.4
9077,AM Peak,11.9
9077,AM Peak,25
9077,AM Peak,20
9077,AM Peak,15.4
9077,AM Peak,15.9
9077,AM Peak,20.5
9077,AM Peak,14.4
9077,AM Peak,18.7
9077,AM Peak,18.2
9077,AM Peak,19.7
9077,AM Peak,16
9077,AM Peak,16.6
9077,AM Peak,24.4
9077,AM Peak,16.5
9077,AM Peak,18.3
9077,AM Peak,13.4
9077,AM Peak,13.1
9077,AM Peak,13.4
9077,AM Peak,23
9077,AM Peak,16.7
9077,AM Peak,23.5
9077,AM Peak,14.6
9077,AM Peak,17
9077,AM Peak,20.1
9077,AM Peak,19.1
9077,AM Peak,15.4
9077,AM Peak,18.9
9077,AM Peak,23.9
9077,AM Peak,26
9077,AM Peak,18.5
9077,AM Peak,15.8
9077,AM Peak,10.8
9077,AM Peak,20.6
9077,AM Peak,16.8
9077,AM Peak,20.4
9077,AM Peak,20.9
9077,AM Peak,23
9077,AM Peak,23.1
9077,AM Peak,19
9077,AM Peak,14.8
9077,AM Peak,19.7
9077,AM Peak,29.4
9077,AM Peak,25.9
9077,AM Peak,19.7
9077,AM Peak,12.3
9077,AM Peak,22.4
9077,AM Peak,30.6
9077,AM Peak,23.4
9077,AM Peak,17.4
9077,AM Peak,16
9077,AM Peak,21
9077,AM Peak,16.1
9077,AM Peak,19.7
9077,AM Peak,29.9
9077,AM Peak,14.7
9077,AM Peak,17.5
9077,AM Peak,19.2
9077,AM Peak,22.8
9077,AM Peak,25.1
9077,AM Peak,15.7
9077,AM Peak,25.5
9077,AM Peak,18.4
9077,AM Peak,22.1
9077,AM Peak,19.8
9077,AM Peak,17.9
9077,AM Peak,21.1
9077,AM Peak,17.7
9077,AM Peak,15.3
9077,AM Peak,14.5
9077,AM Peak,21.6
9077,AM Peak,20.9
9077,AM Peak,20.6
9077,AM Peak,20.2
9077,AM Peak,18.4
9077,AM Peak,19.2
9077,AM Peak,15.9
9077,AM Peak,19.1
9077,AM Peak,21.2
9077,AM Peak,24.8
9077,AM Peak,22.1
9077,AM Peak,32.8
9077,AM Peak,21
9077,AM Peak,22.1
9077,AM Peak,17.2
9077,AM Peak,22.4
9077,AM Peak,13.5
9077,AM Peak,26
9077,AM Peak,18.1
9077,AM Peak,20.7
9077,AM Peak,16.5
9077,AM Peak,19.3
9077,AM Peak,18.7
9077,AM Peak,21.7
9077,AM Peak,24.9
9077,AM Peak,28.7
9077,AM Peak,16.3
9077,AM Peak,24.9
9077,AM Peak,18.5
9077,AM Peak,13.1
9077,AM Peak,18.7
9077,AM Peak,20.9
9077,AM Peak,17
9077,AM Peak,12.9
9077,AM Peak,20.8
9077,AM Peak,24.2
9077,AM Peak,19.7
9077,AM Peak,17.6
9077,AM Peak,16.5
9077,AM Peak,12.7
9077,AM Peak,28.2
9077,AM Peak,11.5
9077,AM Peak,18.1
9077,AM Peak,18.2
9077,AM Peak,20.8
9077,AM Peak,12.6
9077,AM Peak,21.8
9077,AM Peak,25.9
9077,AM Peak,23.4
9077,AM Peak,13.9
9077,AM Peak,23.7
9077,AM Peak,19.4
9077,AM Peak,16.5
9077,AM Peak,23.2
9077,AM Peak,18.9
9077,AM Peak,22.6
9077,AM Peak,17.8
9077,AM Peak,21.5
9077,AM Peak,20.2
9077,AM Peak,11.8
9077,AM Peak,12.3
9077,AM Peak,19.3
9077,AM Peak,13.3
9077,AM Peak,26.8
9077,AM Peak,23.1
9077,AM Peak,17.2
9077,AM Peak,12.4
9077,AM Peak,18.7
9077,AM Peak,12.6
9077,AM Peak,18.6
9077,AM Peak,23.6
9077,AM Peak,21.5
9077,AM Peak,18.2
9077,AM Peak,18.5
9077,AM Peak,18.8
9077,AM Peak,10.7
9077,AM Peak,23.1
9077,AM Peak,21.1
9077,AM Peak,25.5
9077,AM Peak,18.4
9077,AM Peak,16.5
9077,AM Peak,17
9077,AM Peak,18.9
9077,AM Peak,20.2
9077,AM Peak,20.5
9077,AM Peak,27.4
9077,AM Peak,26.9
9077,AM Peak,21.9
9077,AM Peak,16.4
9077,AM Peak,12.6
9077,AM Peak,28.3
9077,AM Peak,14.5
9077,AM Peak,20.7
9077,AM Peak,20.5
9077,AM Peak,20.6
9077,AM Peak,24.5
9077,AM Peak,13.7
9077,AM Peak,23.4
9077,AM Peak,10.8
9077,AM Peak,23.4
9077,AM Peak,20.2
9077,AM Peak,20.7
9077,AM Peak,22
9077,AM Peak,23.1
9077,AM Peak,23.8
9077,AM Peak,8.1
9077,AM Peak,15.9
9077,AM Peak,17.7
9077,AM Peak,13.5
9077,AM Peak,23.6
9077,AM Peak,20.7
9077,AM Peak,19.7
9077,AM Peak,21.1
9077,AM Peak,7.2
9077,AM Peak,21.4
9077,AM Peak,14.2
9077,AM Peak,14.2
9077,AM Peak,17.2
9077,AM Peak,23.3
9077,AM Peak,21.7
9077,AM Peak,20.4
9077,AM Peak,14.4
9077,AM Peak,21.5
9077,AM Peak,20
9077,AM Peak,22.7
9077,AM Peak,22.2
9077,AM Peak,15
9077,AM Peak,14.8
9077,AM Peak,16.5
9077,AM Peak,15.1
9077,AM Peak,16.4
9077,AM Peak,23.8
9077,AM Peak,24.1
9077,AM Peak,16.6
9077,AM Peak,20.1
9077,AM Peak,12.6
9077,AM Peak,29
9077,AM Peak,28.2
9077,AM Peak,22.4
9077,AM Peak,27.3
9077,AM Peak,17.2
9077,AM Peak,20.5
9077,AM Peak,18.3
9077,AM Peak,26.1
9077,AM Peak,16.9
9077,AM Peak,21
9077,AM Peak,18.7
9077,AM Peak,20.2
9077,AM Peak,19.4
9077,AM Peak,10.4
9077,AM Peak,16.1
9077,AM Peak,21.1
9077,AM Peak,20.1
9077,AM Peak,13.5
9077,AM Peak,15.9
9077,AM Peak,19.5
9077,AM Peak,14.6
9077,AM Peak,15
9077,AM Peak,19
9077,AM Peak,23.5
9077,AM Peak,23.5
9077,AM Peak,21.9
9077,AM Peak,17.9
9077,AM Peak,24
9077,AM Peak,20
9077,AM Peak,22.7
9077,AM Peak,26.1
9077,AM Peak,15.9
9077,AM Peak,12.4
9077,AM Peak,22
9077,AM Peak,19
9077,AM Peak,26.4
9077,AM Peak,22
9077,AM Peak,14.6
9077,AM Peak,18.2
9077,AM Peak,20.8
9077,AM Peak,21.5
9077,AM Peak,20.7
9077,AM Peak,19.3
9077,AM Peak,14.5
9077,AM Peak,22
9077,AM Peak,21.4
9077,AM Peak,20.3
9077,AM Peak,25.2
9077,AM Peak,22.1
9077,AM Peak,23.8
9077,AM Peak,19.8
9077,AM Peak,19.7
9077,AM Peak,20.5
9077,AM Peak,20
9077,AM Peak,20.1
9077,AM Peak,9.7
9077,AM Peak,22.1
9077,AM Peak,16.9
9077,AM Peak,21.2
9077,AM Peak,17.7
9077,AM Peak,23
9077,AM Peak,18.6
9077,AM Peak,13.1
9077,AM Peak,19.1
9077,AM Peak,12.9
9077,AM Peak,25.6
9077,AM Peak,17.6
9077,AM Peak,23.8
9077,AM Peak,20.6
9077,AM Peak,20.6
9077,AM Peak,14
9077,AM Peak,14.5
9077,AM Peak,24
9077,AM Peak,16
9077,AM Peak,25.4
9077,AM Peak,20.4
9077,AM Peak,27.4
9077,AM Peak,23
9077,AM Peak,18.4
9077,AM Peak,23.9
9077,AM Peak,20.8
9077,AM Peak,19.5
9077,AM Peak,18
9077,AM Peak,17.6
9077,AM Peak,19.8
9077,AM Peak,17.2
9077,AM Peak,14.2
9077,AM Peak,16.8
9077,AM Peak,21.4
9077,AM Peak,18.9
9077,AM Peak,11.6
9077,AM Peak,19.8
9077,AM Peak,16.7
9077,AM Peak,17.9
9077,AM Peak,19.8
9077,AM Peak,21.8
9077,AM Peak,17.4
9077,AM Peak,37.5
9077,AM Peak,18.3
9077,AM Peak,22.6
9077,AM Peak,17.6
9077,AM Peak,11.9
9077,AM Peak,11.2
9077,AM Peak,24.2
9077,AM Peak,17.5
9077,AM Peak,17.9
9077,AM Peak,19.4
9077,AM Peak,21.5
9077,AM Peak,16.9
9077,AM Peak,21.3
9077,AM Peak,15.1
9077,AM Peak,20.1
9077,AM Peak,11.9
9077,AM Peak,18.5
9077,AM Peak,23.9
9077,AM Peak,21.2
9077,AM Peak,18.9
9077,AM Peak,16.5
9077,AM Peak,28
9077,AM Peak,12.6
9077,AM Peak,19.1
9077,AM Peak,15.5
9077,AM Peak,21.3
9077,AM Peak,20.9
9077,AM Peak,30.1
9077,AM Peak,20.7
9077,PM Peak,20.9
9077,PM Peak,21.5
9077,PM Peak,20
9077,PM Peak,28
9077,PM Peak,33.4
9077,PM Peak,20
9077,PM Peak,12.8
9077,PM Peak,33.8
9077,PM Peak,18.2
9077,PM Peak,23.9
9077,PM Peak,16.5
9077,PM Peak,24.3
9077,PM Peak,16.9
9077,PM Peak,16.9
9077,PM Peak,27.7
9077,PM Peak,21.1
9077,PM Peak,20.4
9077,PM Peak,26.4
9077,PM Peak,16
9077,PM Peak,30
9077,PM Peak,28.5
9077,PM Peak,17.6
9077,PM Peak,22.1
9077,PM Peak,21
9077,PM Peak,21.3
9077,PM Peak,25
9077,PM Peak,28
9077,PM Peak,12.8
9077,PM Peak,18.5
9077,PM Peak,28.2
9077,PM Peak,27.9
9077,PM Peak,22.8
9077,PM Peak,18.6
9077,PM Peak,19.1
9077,PM Peak,19.4
9077,PM Peak,10.1
9077,PM Peak,20.9
9077,PM Peak,21
9077,PM Peak,37.2
9077,PM Peak,21.4
9077,PM Peak,20.1
9077,PM Peak,18.6
9077,PM Peak,21.8
9077,PM Peak,17.5
9077,PM Peak,29.9
9077,PM Peak,18.3
9077,PM Peak,21.9
9077,PM Peak,19.1
9077,PM Peak,27.2
9077,PM Peak,23.8
9077,PM Peak,20.3
9077,PM Peak,26.9
9077,PM Peak,25
9077,PM Peak,30.6
9077,PM Peak,24.5
9077,PM Peak,22.1
9077,PM Peak,26.1
9077,PM Peak,24.4
9077,PM Peak,27.8
9077,PM Peak,29.4
9077,PM Peak,26.9
9077,PM Peak,25.3
9077,PM Peak,22
9077,PM Peak,29
9077,PM Peak,17.6
9077,PM Peak,28.9
9077,PM Peak,14.3
9077,PM Peak,19.1
9077,PM Peak,20.1
9077,PM Peak,28.5
9077,PM Peak,16.8
9077,PM Peak,26
9077,PM Peak,21.3
9077,PM Peak,24.2
9077,PM Peak,27.1
9077,PM Peak,22.6
9077,PM Peak,21.2
9077,PM Peak,21.2
9077,PM Peak,25.8
9077,PM Peak,25.8
9077,PM Peak,16.3
9077,PM Peak,25.9
9077,PM Peak,21.1
9077,PM Peak,20.7
9077,PM Peak,24.4
9077,PM Peak,19.1
9077,PM Peak,22.5
9077,PM Peak,25.1
9077,PM Peak,26.7
9077,PM Peak,20.6
9077,PM Peak,21.8
9077,PM Peak,27.1
9077,PM Peak,21.3
9077,PM Peak,24.7
9077,PM Peak,31.5
9077,PM Peak,34.1
9077,PM Peak,22.2
9077,PM Peak,20.1
9077,PM Peak,24.3
9077,PM Peak,14.2
9077,PM Peak,23.2
9077,PM Peak,25.4
9077,PM Peak,23.3
9077,PM Peak,20.7
9077,PM Peak,26.4
9077,PM Peak,21.4
9077,PM Peak,21.1
9077,PM Peak,31.7
9077,PM Peak,20.6
9077,PM Peak,20.2
9077,PM Peak,22.9
9077,PM Peak,21.8
9077,PM Peak,25.6
9077,PM Peak,16.8
9077,PM Peak,21.5
9077,PM Peak,20.2
9077,PM Peak,24.3
9077,PM Peak,28.7
9077,PM Peak,14.7
9077,PM Peak,13.5
9077,PM Peak,21
9077,PM Peak,26.1
9077,PM Peak,24.3
9077,PM Peak,28.2
9077,PM Peak,27.5
9077,PM Peak,12
9077,PM Peak,23.6
9077,PM Peak,22.2
9077,PM Peak,18.8
9077,PM Peak,27.6
9077,PM Peak,22.8
9077,PM Peak,23.7
9077,PM Peak,25.8
9077,PM Peak,24.3
9077,PM Peak,31.8
9077,PM Peak,25
9077,PM Peak,30.7
9077,PM Peak,22
9077,PM Peak,14.1
9077,PM Peak,21.7
9077,PM Peak,16
9077,PM Peak,20
9077,PM Peak,17.6
9077,PM Peak,27.6
9077,PM Peak,18.3
9077,PM Peak,25.1
9077,PM Peak,35.4
9077,PM Peak,18.2
9077,PM Peak,14.2
9077,PM Peak,21.2
9077,PM Peak,22.1
9077,PM Peak,15
9077,PM Peak,23.9
9077,PM Peak,20.9
9077,PM Peak,17.9
9077,PM Peak,27.6
9077,PM Peak,18.7
9077,PM Peak,18.8
9077,PM Peak,20.8
9077,PM Peak,20.9
9077,PM Peak,22.9
9077,PM Peak,20.8
9077,PM Peak,19.5
9077,PM Peak,17.5
9077,PM Peak,20.2
9077,PM Peak,23
9077,PM Peak,25.6
9077,PM Peak,12.5
9077,PM Peak,25
9077,PM Peak,19.4
9077,PM Peak,19.4
9077,PM Peak,19
9077,PM Peak,23.5
9077,PM Peak,21.6
9077,PM Peak,22.3
9077,PM Peak,22.7
9077,PM Peak,16.3
9077,PM Peak,13.1
9077,PM Peak,20
9077,PM Peak,25.5
9077,PM Peak,23.8
9077,PM Peak,21.2
9077,PM Peak,19.4
9077,PM Peak,24.4
9077,PM Peak,18.1
9077,PM Peak,26.1
9077,PM Peak,25.1
9077,PM Peak,26.9
9077,PM Peak,19.8
9077,PM Peak,23.9
9077,PM Peak,21.6
9077,PM Peak,24.1
9077,PM Peak,27
9077,PM Peak,24.7
9077,PM Peak,18.3
9077,PM Peak,26.4
9077,PM Peak,13.4
9077,PM Peak,25.8
9077,PM Peak,28.8
9077,PM Peak,23.8
9077,PM Peak,22
9077,PM Peak,25.1
9077,PM Peak,25.1
9077,PM Peak,27
9077,PM Peak,29.7
9077,PM Peak,22.8
9077,PM Peak,18
9077,PM Peak,21.1
9077,PM Peak,22.8
9077,PM Peak,12.1
9077,PM Peak,30
9077,PM Peak,24.1
9077,PM Peak,22.1
9077,PM Peak,28.3
9077,PM Peak,23.7
9077,PM Peak,18.3
9077,PM Peak,23.4
9077,PM Peak,19.4
9077,PM Peak,22.1
9077,PM Peak,23.3
9077,PM Peak,14.7
9077,PM Peak,18.6
9077,PM Peak,20.5
9077,PM Peak,24.3
9077,PM Peak,23.8
9077,PM Peak,25.1
9077,PM Peak,19.2
9077,PM Peak,31.5
9077,PM Peak,16.9
9077,PM Peak,26.6
9077,PM Peak,21.9
9077,PM Peak,16
9077,PM Peak,14.4
9077,PM Peak,20.9
9077,PM Peak,26.4
9077,PM Peak,18.5
9077,PM Peak,33.6
9077,PM Peak,24.7
9077,PM Peak,21.2
9077,PM Peak,12.2
9077,PM Peak,18.3
9077,PM Peak,35.8
9077,PM Peak,21
9077,PM Peak,20.4
9077,PM Peak,17.2
9077,PM Peak,25
9077,PM Peak,20.8
9077,PM Peak,11.7
9077,PM Peak,26.2
9077,PM Peak,15.6
9077,PM Peak,25.3
9077,PM Peak,27.9
9077,PM Peak,23.5
9077,PM Peak,14.3
9077,PM Peak,13.8
9077,PM Peak,17.3
9077,PM Peak,23.6
9077,PM Peak,23.1
9077,PM Peak,17.9
9077,PM Peak,22.3
9077,PM Peak,23
9077,PM Peak,14.9
9077,PM Peak,28.7
9077,PM Peak,20
9077,PM Peak,20.6
9077,PM Peak,25.3
9077,PM Peak,21.3
9077,PM Peak,23.1
9077,PM Peak,20.9
9077,PM Peak,19.6
9077,PM Peak,26.5
9077,PM Peak,23
9077,PM Peak,17.5
9077,PM Peak,27.1
9077,PM Peak,13.9
9077,PM Peak,18.6
9077,PM Peak,20.6
9077,PM Peak,21.7
9077,PM Peak,27.6
9077,PM Peak,14.9
9077,PM Peak,22.2
9077,PM Peak,21.5
9077,PM Peak,17.2
9077,PM Peak,24.3
9077,PM Peak,19.1
9077,PM Peak,25.2
9077,PM Peak,30.2
9077,PM Peak,18.5
9077,PM Peak,27.6
9077,PM Peak,11.4
9077,PM Peak,22.5
9077,PM Peak,26.5
9077,PM Peak,13.5
9077,PM Peak,15.1
9077,PM Peak,24.1
9077,PM Peak,21
9077,PM Peak,27
9077,PM Peak,20.2
9077,PM Peak,26.4
9077,PM Peak,17.2
9077,PM Peak,17
9077,PM Peak,23.2
9077,PM Peak,24.5
9077,PM Peak,27.6
9077,PM Peak,22.5
9077,PM Peak,24.3
9077,PM Peak,30.1
9077,PM Peak,27
9077,PM Peak,30.7
9077,PM Peak,23.9
9077,PM Peak,20.8
9077,PM Peak,19.4
9077,PM Peak,22.7
9077,PM Peak,31.8
9077,PM Peak,26.9
9077,PM Peak,20.3
9077,PM Peak,18.5
9077,PM Peak,20.2
9077,PM Peak,20.9
9077,PM Peak,11.9
9077,PM Peak,21
9077,PM Peak,21.5
9077,PM Peak,24.1
9077,PM Peak,17.7
9077,PM Peak,26.4
9077,PM Peak,14.4
9077,PM Peak,21.6
9077,PM Peak,22.5
9077,PM Peak,23
9077,PM Peak,19.7
9077,PM Peak,17.6
9077,PM Peak,14
9077,PM Peak,22.7
9077,PM Peak,24.3
9077,PM Peak,29.9
9077,PM Peak,26.3
9077,PM Peak,16.7
9077,PM Peak,25.6
9077,PM Peak,25.9
9077,PM Peak,21.8
9077,PM Peak,19.4
9077,PM Peak,24.1
9077,PM Peak,23
9077,PM Peak,25.2
9077,PM Peak,24.1
9077,PM Peak,13
9077,PM Peak,21
9077,PM Peak,14.7
9077,PM Peak,16.5
9077,PM Peak,20.2
9077,PM Peak,14.2
9077,PM Peak,21.2
9077,PM Peak,18.6
9077,PM Peak,23.3
9077,PM Peak,15.4
9077,PM Peak,23.6
9077,PM Peak,27.4
9077,PM Peak,21.4
9077,PM Peak,25.9
9077,PM Peak,15.2
9077,PM Peak,23.6
9077,PM Peak,17.9
9077,PM Peak,21.4
9077,PM Peak,23.6
9077,PM Peak,19
9077,PM Peak,16.9
9077,PM Peak,24.6
9077,PM Peak,23.3
9077,PM Peak,21.2
9077,PM Peak,14.8
9077,PM Peak,12.8
9077,PM Peak,19.7
9077,PM Peak,20.5
9077,PM Peak,24
9077,PM Peak,18.3
9077,PM Peak,22.8
9077,PM Peak,20.2
9077,PM Peak,20.6
9077,PM Peak,15
9077,PM Peak,13.7
9077,PM Peak,14.3
9077,PM Peak,20.7
9077,PM Peak,13.1
9077,PM Peak,24.2
9077,PM Peak,13.9
9077,PM Peak,22.2
9077,PM Peak,23.2
9077,PM Peak,24.6
9077,PM Peak,25.6
9077,PM Peak,21.3
9077,PM Peak,41.7
9077,PM Peak,20.8
9077,PM Peak,28.2
9077,PM Peak,28.1
9077,PM Peak,26.1
9077,PM Peak,24.2
9077,PM Peak,27.9
9077,PM Peak,19.6
9077,PM Peak,21.1
9077,PM Peak,20.6
9077,PM Peak,20.4
9077,PM Peak,23.9
9077,PM Peak,25.7
9077,PM Peak,16.7
9077,PM Peak,23.9
9077,PM Peak,19.8
9077,PM Peak,16.9
9077,PM Peak,20.9
9077,PM Peak,22.3
9077,PM Peak,26.8
9077,PM Peak,13.7
9077,PM Peak,28.5
9077,PM Peak,21.2
9077,PM Peak,19.6
9077,PM Peak,26
9077,PM Peak,23
9077,PM Peak,22.3
9077,PM Peak,26.1
9077,PM Peak,24.9
9077,PM Peak,23.8
9077,PM Peak,13.1
9077,PM Peak,23
9077,PM Peak,21.9
9077,PM Peak,20.8
9077,PM Peak,23.6
9077,PM Peak,25.6
9077,PM Peak,23
9077,PM Peak,25.5
9077,PM Peak,13.7
9077,PM Peak,19.5
9077,PM Peak,21.9
9077,PM Peak,24.1
9077,PM Peak,21.4
9077,PM Peak,22.5
9077,PM Peak,18.8
9077,PM Peak,22.5
9077,PM Peak,25.2
9077,PM Peak,21
9077,PM Peak,23
9077,PM Peak,29.3
9077,PM Peak,29.6
9077,PM Peak,20.9
9077,PM Peak,18.8
9077,PM Peak,22.1
9077,PM Peak,20.8
9077,PM Peak,22
9077,PM Peak,20.8
9077,PM Peak,13.3
9077,PM Peak,22.2
9077,PM Peak,29.4
9077,PM Peak,29
9077,PM Peak,16.5
9077,PM Peak,21.7
9077,PM Peak,30.2
9077,PM Peak,18
9077,PM Peak,22
9077,PM Peak,24.5
9077,PM Peak,19.6
9077,PM Peak,22.7
9077,PM Peak,15.2
9077,PM Peak,22.9
9077,PM Peak,15.4
9077,PM Peak,37.1
9077,PM Peak,17
9077,PM Peak,19.4
9077,PM Peak,22.1
9077,PM Peak,4.6
9077,PM Peak,22.3
9077,PM Peak,21.8
9077,PM Peak,21.7
9077,PM Peak,20
9077,PM Peak,18.4
9077,PM Peak,26.8
9077,PM Peak,21.3
9077,PM Peak,23.6
9077,PM Peak,15.7
9077,PM Peak,28.8
9077,PM Peak,22.7
9077,PM Peak,26
9077,PM Peak,21.4
9077,PM Peak,23.9
9077,PM Peak,30.1
9077,PM Peak,20.3
9077,PM Peak,13
9077,PM Peak,19.9
9077,PM Peak,20
9077,PM Peak,28.8
9077,PM Peak,18.5
9077,PM Peak,24.3
9077,PM Peak,28
9077,PM Peak,32.2
9077,PM Peak,13.4
9077,PM Peak,29.6
9077,PM Peak,19.5
9077,PM Peak,22.8
9077,PM Peak,19.6
9077,PM Peak,22.1
9077,PM Peak,34.9
9077,PM Peak,31.8
9077,PM Peak,17.4
9079,AM Peak,24.2
9079,AM Peak,32.1
9079,AM Peak,17.6
9079,AM Peak,18
9079,AM Peak,28.5
9079,AM Peak,28.3
9079,AM Peak,27
9079,AM Peak,15.2
9079,AM Peak,18
9079,AM Peak,24.8
9079,AM Peak,24
9079,AM Peak,21.4
9079,AM Peak,21.4
9079,AM Peak,11.9
9079,AM Peak,22.1
9079,AM Peak,31.6
9079,AM Peak,18.6
9079,AM Peak,26
9079,AM Peak,13.9
9079,AM Peak,17.1
9079,AM Peak,23.7
9079,AM Peak,18.5
9079,AM Peak,15.6
9079,AM Peak,18.4
9079,AM Peak,22
9079,AM Peak,20.4
9079,AM Peak,26.7
9079,AM Peak,31
9079,AM Peak,26.3
9079,AM Peak,24.8
9079,AM Peak,23.9
9079,AM Peak,8.8
9079,AM Peak,23.9
9079,AM Peak,16.9
9079,AM Peak,19.4
9079,AM Peak,18.6
9079,AM Peak,24.6
9079,AM Peak,15.9
9079,AM Peak,27.8
9079,AM Peak,16.9
9079,AM Peak,19.6
9079,AM Peak,19.3
9079,AM Peak,28.6
9079,AM Peak,26.1
9079,AM Peak,18
9079,AM Peak,23.9
9079,AM Peak,14.8
9079,AM Peak,26.4
9079,AM Peak,11.3
9079,AM Peak,8.8
9079,AM Peak,16
9079,AM Peak,25.1
9079,AM Peak,23.1
9079,AM Peak,10
9079,AM Peak,30
9079,AM Peak,26.1
9079,AM Peak,5
9079,AM Peak,27.2
9079,AM Peak,27.5
9079,AM Peak,25.8
9079,AM Peak,20.1
9079,AM Peak,14.6
9079,AM Peak,16.9
9079,AM Peak,17.5
9079,AM Peak,22.8
9079,AM Peak,18.9
9079,AM Peak,14.3
9079,AM Peak,29.4
9079,AM Peak,24.8
9079,AM Peak,15.3
9079,AM Peak,25.3
9079,AM Peak,14.1
9079,AM Peak,12.5
9079,AM Peak,19.7
9079,AM Peak,17.2
9079,AM Peak,22.4
9079,AM Peak,4.1
9079,AM Peak,21
9079,AM Peak,16.5
9079,AM Peak,10.1
9079,AM Peak,26.4
9079,AM Peak,12.6
9079,AM Peak,23.7
9079,AM Peak,20.6
9079,AM Peak,25.8
9079,AM Peak,22.4
9079,AM Peak,21.3
9079,AM Peak,13.7
9079,AM Peak,24
9079,AM Peak,28.3
9079,AM Peak,25.1
9079,AM Peak,15.7
9079,AM Peak,25.2
9079,AM Peak,21
9079,AM Peak,24.5
9079,AM Peak,13.9
9079,AM Peak,22.1
9079,AM Peak,20.8
9079,AM Peak,17.2
9079,AM Peak,13.4
9079,AM Peak,21.1
9079,AM Peak,17.8
9079,AM Peak,22.7
9079,AM Peak,19.4
9079,AM Peak,17.1
9079,AM Peak,26.3
9079,AM Peak,18.6
9079,AM Peak,28.8
9079,AM Peak,16.8
9079,AM Peak,20.4
9079,AM Peak,21
9079,AM Peak,21.4
9079,AM Peak,11.2
9079,AM Peak,23.1
9079,AM Peak,29
9079,AM Peak,21.7
9079,AM Peak,22.7
9079,AM Peak,20
9079,AM Peak,29.3
9079,AM Peak,23.4
9079,AM Peak,19.3
9079,AM Peak,25.4
9079,AM Peak,23.5
9079,AM Peak,19.6
9079,AM Peak,27.4
9079,AM Peak,20.9
9079,AM Peak,15.7
9079,AM Peak,12.5
9079,AM Peak,14.1
9079,AM Peak,20.7
9079,AM Peak,21.6
9079,AM Peak,3.5
9079,AM Peak,23.9
9079,AM Peak,14.1
9079,AM Peak,11.1
9079,AM Peak,25
9079,AM Peak,25.8
9079,AM Peak,23.3
9079,AM Peak,31.3
9079,AM Peak,19.1
9079,AM Peak,24.1
9079,AM Peak,23.9
9079,AM Peak,26.4
9079,AM Peak,14.7
9079,AM Peak,13.3
9079,AM Peak,23.8
9079,AM Peak,23.6
9079,AM Peak,26.4
9079,AM Peak,11.4
9079,AM Peak,23.1
9079,AM Peak,18.3
9079,AM Peak,28.5
9079,AM Peak,13.8
9079,AM Peak,16.2
9079,AM Peak,25
9079,AM Peak,21.2
9079,AM Peak,26.9
9079,AM Peak,21
9079,AM Peak,18.5
9079,AM Peak,22.7
9079,AM Peak,19.8
9079,AM Peak,27.2
9079,AM Peak,22.6
9079,AM Peak,13.2
9079,AM Peak,25.8
9079,AM Peak,29.2
9079,AM Peak,30.5
9079,AM Peak,16.2
9079,AM Peak,20.4
9079,AM Peak,22.3
9079,AM Peak,18.2
9079,AM Peak,16.2
9079,AM Peak,22.5
9079,AM Peak,14.2
9079,AM Peak,17.3
9079,AM Peak,31.4
9079,AM Peak,15.4
9079,AM Peak,16
9079,AM Peak,15.9
9079,AM Peak,28
9079,AM Peak,14.2
9079,AM Peak,10.8
9079,AM Peak,18.9
9079,AM Peak,22.3
9079,AM Peak,30.5
9079,AM Peak,17.6
9079,AM Peak,14.1
9079,AM Peak,17.4
9079,AM Peak,28.2
9079,AM Peak,28
9079,AM Peak,32.5
9079,AM Peak,11.1
9079,AM Peak,21.3
9079,AM Peak,25.3
9079,AM Peak,12.4
9079,AM Peak,24.3
9079,AM Peak,20.7
9079,AM Peak,22.5
9079,AM Peak,15.7
9079,AM Peak,17
9079,AM Peak,26.4
9079,AM Peak,26.3
9079,AM Peak,15.2
9079,AM Peak,16.7
9079,AM Peak,22.5
9079,AM Peak,28
9079,AM Peak,22.2
9079,AM Peak,12.8
9079,AM Peak,31
9079,AM Peak,22.2
9079,AM Peak,17.8
9079,AM Peak,24.4
9079,AM Peak,13.9
9079,AM Peak,29.3
9079,AM Peak,31.3
9079,AM Peak,13.6
9079,AM Peak,16.6
9079,AM Peak,17.1
9079,AM Peak,11.1
9079,AM Peak,15.9
9079,AM Peak,17
9079,AM Peak,27
9079,AM Peak,18.8
9079,AM Peak,23.2
9079,AM Peak,15
9079,AM Peak,15.1
9079,AM Peak,19.3
9079,AM Peak,20.9
9079,AM Peak,21.3
9079,AM Peak,16.5
9079,AM Peak,15.8
9079,AM Peak,24.4
9079,AM Peak,19.5
9079,AM Peak,25.1
9079,AM Peak,33.1
9079,AM Peak,32.2
9079,AM Peak,18.1
9079,AM Peak,13.1
9079,AM Peak,19.4
9079,AM Peak,20.1
9079,AM Peak,31.6
9079,AM Peak,13.6
9079,AM Peak,19.7
9079,AM Peak,26.3
9079,AM Peak,16.4
9079,AM Peak,22.6
9079,AM Peak,30
9079,AM Peak,29.4
9079,AM Peak,23
9079,AM Peak,13.1
9079,AM Peak,21
9079,AM Peak,10.3
9079,AM Peak,13.8
9079,AM Peak,18.4
9079,AM Peak,12.9
9079,AM Peak,24.4
9079,AM Peak,26.2
9079,AM Peak,20.3
9079,AM Peak,18.7
9079,AM Peak,16.1
9079,AM Peak,17.2
9079,AM Peak,18.7
9079,AM Peak,21.5
9079,AM Peak,21.3
9079,AM Peak,28.9
9079,AM Peak,18.3
9079,AM Peak,22.7
9079,AM Peak,23.7
9079,AM Peak,26.4
9079,AM Peak,9.6
9079,AM Peak,11.1
9079,AM Peak,16.8
9079,AM Peak,26.8
9079,AM Peak,18.9
9079,AM Peak,24
9079,AM Peak,18.3
9079,AM Peak,22.3
9079,AM Peak,17.1
9079,AM Peak,25.1
9079,AM Peak,26.1
9079,AM Peak,28
9079,AM Peak,26.3
9079,AM Peak,20.2
9079,AM Peak,16.4
9079,AM Peak,13
9079,AM Peak,29
9079,AM Peak,15.9
9079,AM Peak,20.7
9079,AM Peak,16.2
9079,AM Peak,17.3
9079,AM Peak,20.7
9079,AM Peak,26.6
9079,AM Peak,31.1
9079,AM Peak,23.6
9079,AM Peak,23.5
9079,AM Peak,15.4
9079,AM Peak,21.5
9079,AM Peak,19
9079,AM Peak,22.1
9079,AM Peak,24.1
9079,AM Peak,30.9
9079,AM Peak,24.2
9079,AM Peak,24
9079,AM Peak,20.4
9079,AM Peak,23
9079,AM Peak,11.7
9079,AM Peak,11.3
9079,AM Peak,21.4
9079,AM Peak,14.2
9079,AM Peak,21.1
9079,AM Peak,16.9
9079,AM Peak,5.2
9079,AM Peak,29.1
9079,AM Peak,28.9
9079,AM Peak,17.3
9079,AM Peak,13.5
9079,AM Peak,35.5
9079,AM Peak,17.4
9079,AM Peak,25.6
9079,AM Peak,16.6
9079,AM Peak,18.3
9079,AM Peak,12.6
9079,AM Peak,25
9079,AM Peak,26
9079,AM Peak,28.4
9079,AM Peak,31.3
9079,AM Peak,28.3
9079,AM Peak,23.5
9079,AM Peak,27.1
9079,AM Peak,16.9
9079,AM Peak,11.8
9079,AM Peak,8.9
9079,AM Peak,14.4
9079,AM Peak,24.2
9079,AM Peak,10.1
9079,AM Peak,26.9
9079,AM Peak,15
9079,AM Peak,16.4
9079,AM Peak,24.5
9079,AM Peak,28.5
9079,AM Peak,14.4
9079,AM Peak,10.6
9079,AM Peak,23.8
9079,AM Peak,20.7
9079,AM Peak,25.1
9079,AM Peak,21.5
9079,AM Peak,27.6
9079,AM Peak,15.2
9079,AM Peak,34
9079,AM Peak,3.5
9079,AM Peak,27.2
9079,AM Peak,30.5
9079,AM Peak,15.6
9079,AM Peak,18.8
9079,AM Peak,16.9
9079,AM Peak,26.1
9079,AM Peak,18.4
9079,AM Peak,26.9
9079,AM Peak,27.8
9079,AM Peak,22.2
9079,AM Peak,16.1
9079,AM Peak,15.6
9079,AM Peak,15.3
9079,AM Peak,14.4
9079,AM Peak,25.9
9079,AM Peak,20.9
9079,AM Peak,22.3
9079,AM Peak,20.6
9079,AM Peak,26.4
9079,AM Peak,30.5
9079,AM Peak,24.7
9079,AM Peak,23.6
9079,AM Peak,16.5
9079,AM Peak,24.5
9079,AM Peak,27.5
9079,AM Peak,12.9
9079,AM Peak,19.3
9079,AM Peak,31.6
9079,AM Peak,26.8
9079,AM Peak,16.1
9079,AM Peak,6.7
9079,AM Peak,24
9079,AM Peak,15.9
9079,AM Peak,16.1
9079,AM Peak,16.8
9079,AM Peak,23.9
9079,AM Peak,14.3
9079,AM Peak,29.1
9079,AM Peak,17.7
9079,AM Peak,12.8
9079,AM Peak,28.2
9079,AM Peak,22.7
9079,AM Peak,4.7
9079,AM Peak,27.1
9079,AM Peak,14.2
9079,AM Peak,4.2
9079,AM Peak,13.7
9079,AM Peak,21.3
9079,AM Peak,21.7
9079,AM Peak,16.3
9079,AM Peak,24.1
9079,AM Peak,19.2
9079,AM Peak,26.9
9079,AM Peak,5.7
9079,AM Peak,12.4
9079,AM Peak,16.6
9079,AM Peak,12.2
9079,AM Peak,30.4
9079,AM Peak,13.7
9079,AM Peak,22.8
9079,AM Peak,17.3
9079,AM Peak,24.6
9079,AM Peak,25.4
9079,AM Peak,16.5
9079,AM Peak,22.6
9079,AM Peak,28.3
9079,AM Peak,24.5
9079,AM Peak,12.5
9079,AM Peak,18.3
9079,AM Peak,12.9
9079,AM Peak,30
9079,AM Peak,21.2
9079,AM Peak,23.2
9079,AM Peak,21.4
9079,AM Peak,24.1
9079,AM Peak,30.5
9079,AM Peak,26.8
9079,AM Peak,23.2
9079,AM Peak,22.2
9079,AM Peak,13
9079,AM Peak,25
9079,AM Peak,20.2
9079,AM Peak,24.6
9079,AM Peak,26.8
9079,AM Peak,29.7
9079,AM Peak,31.1
9079,AM Peak,24.1
9079,AM Peak,21.2
9079,AM Peak,13.8
9079,AM Peak,24.3
9079,AM Peak,19.6
9079,AM Peak,24.4
9079,AM Peak,24.2
9079,AM Peak,28.6
9079,AM Peak,24.9
9079,AM Peak,20.6
9079,AM Peak,16.9
9079,AM Peak,27.9
9079,AM Peak,16.7
9079,AM Peak,21.5
9079,AM Peak,17.7
9079,AM Peak,16.2
9079,AM Peak,25.3
9079,AM Peak,16.4
9079,AM Peak,4.8
9079,AM Peak,22
9079,AM Peak,24.9
9079,AM Peak,18.3
9079,AM Peak,31
9079,AM Peak,20.1
9079,AM Peak,27.9
9079,AM Peak,16.3
9079,AM Peak,22.5
9079,AM Peak,24
9079,AM Peak,22.4
9079,AM Peak,30.7
9079,AM Peak,18.9
9079,AM Peak,16
9079,AM Peak,7.7
9079,AM Peak,19.1
9079,AM Peak,13.8
9079,AM Peak,14
9079,AM Peak,22.8
9079,AM Peak,17.6
9079,AM Peak,26.3
9079,AM Peak,12.1
9079,AM Peak,16
9079,AM Peak,15.2
9079,AM Peak,19.5
9079,AM Peak,31.7
9079,AM Peak,8.1
9079,AM Peak,12.1
9079,AM Peak,29.3
9079,AM Peak,26.6
9079,AM Peak,24.3
9079,AM Peak,30.6
9079,AM Peak,24.3
9079,AM Peak,19.4
9079,AM Peak,30.4
9079,AM Peak,20.4
9079,AM Peak,24.7
9079,AM Peak,26.1
9079,AM Peak,14.8
9079,AM Peak,27.2
9079,AM Peak,26.7
9079,AM Peak,9.2
9079,AM Peak,14.7
9079,AM Peak,23.7
9079,AM Peak,18.4
9079,AM Peak,30.5
9079,PM Peak,19.7
9079,PM Peak,15.6
9079,PM Peak,32.3
9079,PM Peak,23.2
9079,PM Peak,20.3
9079,PM Peak,7.9
9079,PM Peak,18.7
9079,PM Peak,13.5
9079,PM Peak,2.8
9079,PM Peak,29.7
9079,PM Peak,14.3
9079,PM Peak,19.1
9079,PM Peak,23.7
9079,PM Peak,16.4
9079,PM Peak,19.9
9079,PM Peak,16.4
9079,PM Peak,24.2
9079,PM Peak,17.2
9079,PM Peak,17.5
9079,PM Peak,17.2
9079,PM Peak,23.3
9079,PM Peak,15.9
9079,PM Peak,23.5
9079,PM Peak,8.8
9079,PM Peak,28.9
9079,PM Peak,18.8
9079,PM Peak,3.4
9079,PM Peak,15.4
9079,PM Peak,16.8
9079,PM Peak,5.6
9079,PM Peak,16.1
9079,PM Peak,18.2
9079,PM Peak,17.2
9079,PM Peak,16.3
9079,PM Peak,31.6
9079,PM Peak,28.6
9079,PM Peak,17.7
9079,PM Peak,31.7
9079,PM Peak,16
9079,PM Peak,22.5
9079,PM Peak,20
9079,PM Peak,19.3
9079,PM Peak,14.6
9079,PM Peak,21.6
9079,PM Peak,12.2
9079,PM Peak,14.5
9079,PM Peak,15.6
9079,PM Peak,18.1
9079,PM Peak,25.2
9079,PM Peak,21.1
9079,PM Peak,21.5
9079,PM Peak,24.5
9079,PM Peak,15.5
9079,PM Peak,16.8
9079,PM Peak,14.3
9079,PM Peak,19.3
9079,PM Peak,22.1
9079,PM Peak,14.4
9079,PM Peak,23
9079,PM Peak,24.4
9079,PM Peak,15.3
9079,PM Peak,26.7
9079,PM Peak,18.6
9079,PM Peak,9.6
9079,PM Peak,27.2
9079,PM Peak,27.5
9079,PM Peak,32.3
9079,PM Peak,15.6
9079,PM Peak,13.1
9079,PM Peak,5.2
9079,PM Peak,12.8
9079,PM Peak,10.7
9079,PM Peak,18.9
9079,PM Peak,19.2
9079,PM Peak,24.8
9079,PM Peak,27
9079,PM Peak,14.3
9079,PM Peak,16.4
9079,PM Peak,18.2
9079,PM Peak,13.2
9079,PM Peak,34.9
9079,PM Peak,28.3
9079,PM Peak,18.5
9079,PM Peak,13.5
9079,PM Peak,13.5
9079,PM Peak,27.8
9079,PM Peak,14.2
9079,PM Peak,20.7
9079,PM Peak,26.9
9079,PM Peak,22
9079,PM Peak,26.5
9079,PM Peak,18.8
9079,PM Peak,14.8
9079,PM Peak,10.8
9079,PM Peak,15.3
9079,PM Peak,28.4
9079,PM Peak,31.2
9079,PM Peak,27
9079,PM Peak,20.4
9079,PM Peak,24.8
9079,PM Peak,14.9
9079,PM Peak,10.7
9079,PM Peak,7.2
9079,PM Peak,19.2
9079,PM Peak,25.7
9079,PM Peak,26.9
9079,PM Peak,10.2
9079,PM Peak,23.7
9079,PM Peak,10.8
9079,PM Peak,11.8
9079,PM Peak,4.7
9079,PM Peak,18.5
9079,PM Peak,18.8
9079,PM Peak,15.9
9079,PM Peak,15.5
9079,PM Peak,28.4
9079,PM Peak,13.5
9079,PM Peak,20.4
9079,PM Peak,28.1
9079,PM Peak,27.3
9079,PM Peak,22.7
9079,PM Peak,11
9079,PM Peak,31
9079,PM Peak,12.2
9079,PM Peak,5.2
9079,PM Peak,15.3
9079,PM Peak,26
9079,PM Peak,13.2
9079,PM Peak,17.2
9079,PM Peak,31.8
9079,PM Peak,18
9079,PM Peak,13.3
9079,PM Peak,9.1
9079,PM Peak,9.5
9079,PM Peak,21.7
9079,PM Peak,29.7
9079,PM Peak,17.9
9079,PM Peak,17.6
9079,PM Peak,21
9079,PM Peak,14.9
9079,PM Peak,21
9079,PM Peak,25.2
9079,PM Peak,23.1
9079,PM Peak,31.6
9079,PM Peak,20.9
9079,PM Peak,20.7
9079,PM Peak,28.1
9079,PM Peak,25.4
9079,PM Peak,28.6
9079,PM Peak,16.2
9079,PM Peak,12.7
9079,PM Peak,20.4
9079,PM Peak,15.8
9079,PM Peak,15.8
9079,PM Peak,24.2
9079,PM Peak,18.6
9079,PM Peak,11.4
9079,PM Peak,22.6
9079,PM Peak,16
9079,PM Peak,5.4
9079,PM Peak,30.2
9079,PM Peak,15.7
9079,PM Peak,17.1
9079,PM Peak,19
9079,PM Peak,28.6
9079,PM Peak,25.4
9079,PM Peak,13.6
9079,PM Peak,17.3
9079,PM Peak,16.4
9079,PM Peak,19.7
9079,PM Peak,11.9
9079,PM Peak,14.8
9079,PM Peak,23.4
9079,PM Peak,4.7
9079,PM Peak,18.3
9079,PM Peak,7.3
9079,PM Peak,19.1
9079,PM Peak,13.7
9079,PM Peak,16.4
9079,PM Peak,28.8
9079,PM Peak,16.1
9079,PM Peak,19
9079,PM Peak,27.2
9079,PM Peak,14.4
9079,PM Peak,28.5
9079,PM Peak,17.2
9079,PM Peak,29.3
9079,PM Peak,26.4
9079,PM Peak,24.2
9079,PM Peak,16.2
9079,PM Peak,22.8
9079,PM Peak,29.1
9079,PM Peak,24.4
9079,PM Peak,14.9
9079,PM Peak,20.1
9079,PM Peak,18.5
9079,PM Peak,15.2
9079,PM Peak,15.9
9079,PM Peak,24.5
9079,PM Peak,18.1
9079,PM Peak,3.3
9079,PM Peak,21.2
9079,PM Peak,11.9
9079,PM Peak,18.9
9079,PM Peak,15.1
9079,PM Peak,16.6
9079,PM Peak,31.6
9079,PM Peak,16
9079,PM Peak,29.4
9079,PM Peak,22
9079,PM Peak,4.2
9079,PM Peak,24.5
9079,PM Peak,28.5
9079,PM Peak,34.4
9079,PM Peak,26.9
9079,PM Peak,25.6
9079,PM Peak,26.7
9079,PM Peak,25.4
9079,PM Peak,23.8
9079,PM Peak,10.2
9079,PM Peak,13
9079,PM Peak,24.1
9079,PM Peak,21.7
9079,PM Peak,14.1
9079,PM Peak,29.8
9079,PM Peak,16.5
9079,PM Peak,20.9
9079,PM Peak,14.2
9079,PM Peak,16
9079,PM Peak,22.2
9079,PM Peak,3.9
9079,PM Peak,18.4
9079,PM Peak,28.6
9079,PM Peak,6.6
9079,PM Peak,18.3
9079,PM Peak,17.8
9079,PM Peak,20.5
9079,PM Peak,21.9
9079,PM Peak,20.1
9079,PM Peak,33.6
9079,PM Peak,21.3
9079,PM Peak,18
9079,PM Peak,22.7
9079,PM Peak,28.5
9079,PM Peak,20
9079,PM Peak,24
9079,PM Peak,27.5
9079,PM Peak,23.5
9079,PM Peak,30.5
9079,PM Peak,12.7
9079,PM Peak,15
9079,PM Peak,14.6
9079,PM Peak,17.8
9079,PM Peak,14.6
9079,PM Peak,25.1
9079,PM Peak,14.3
9079,PM Peak,16.6
9079,PM Peak,24
9079,PM Peak,15.7
9079,PM Peak,18
9079,PM Peak,9.1
9079,PM Peak,14.8
9079,PM Peak,24.9
9079,PM Peak,4
9079,PM Peak,30.8
9079,PM Peak,17.4
9079,PM Peak,11.4
9079,PM Peak,5
9079,PM Peak,23
9079,PM Peak,19.8
9079,PM Peak,28.5
9079,PM Peak,21.3
9079,PM Peak,10.7
9079,PM Peak,11
9079,PM Peak,20
9079,PM Peak,16.6
9079,PM Peak,15.3
9079,PM Peak,19.7
9079,PM Peak,27.6
9079,PM Peak,22.2
9079,PM Peak,21.2
9079,PM Peak,4.5
9079,PM Peak,25.6
9079,PM Peak,23.5
9079,PM Peak,26.4
9079,PM Peak,31
9079,PM Peak,22.5
9079,PM Peak,16.7
9079,PM Peak,22.1
9079,PM Peak,16.9
9079,PM Peak,23
9079,PM Peak,15.4
9079,PM Peak,16.9
9079,PM Peak,16.4
9079,PM Peak,23.3
9079,PM Peak,5.5
9079,PM Peak,21.9
9079,PM Peak,3.7
9079,PM Peak,17.2
9079,PM Peak,18.2
9079,PM Peak,23.8
9079,PM Peak,29.6
9079,PM Peak,2.2
9079,PM Peak,18.1
9079,PM Peak,33.5
9079,PM Peak,10
9079,PM Peak,22.8
9079,PM Peak,15.7
9079,PM Peak,13.8
9079,PM Peak,22.4
9079,PM Peak,17.2
9079,PM Peak,15
9079,PM Peak,31.6
9079,PM Peak,9.8
9079,PM Peak,22.8
9079,PM Peak,25
9079,PM Peak,17.6
9079,PM Peak,15.2
9079,PM Peak,13
9079,PM Peak,11.9
9079,PM Peak,22.6
9079,PM Peak,12.6
9079,PM Peak,25.7
9079,PM Peak,11.1
9079,PM Peak,20.1
9079,PM Peak,19.1
9079,PM Peak,23.4
9079,PM Peak,16.1
9079,PM Peak,22.7
9079,PM Peak,13.3
9079,PM Peak,15
9079,PM Peak,29.4
9079,PM Peak,22.8
9079,PM Peak,9.4
9079,PM Peak,16.2
9079,PM Peak,21.1
9079,PM Peak,26.1
9079,PM Peak,19
9079,PM Peak,26
9079,PM Peak,17.1
9079,PM Peak,21.7
9079,PM Peak,26.1
9079,PM Peak,29.4
9079,PM Peak,24.4
9079,PM Peak,11.2
9079,PM Peak,15.7
9079,PM Peak,24.2
9079,PM Peak,26.7
9079,PM Peak,20.4
9079,PM Peak,11.5
9079,PM Peak,25.7
9079,PM Peak,15
9079,PM Peak,7.5
9079,PM Peak,24.6
9079,PM Peak,17.5
9079,PM Peak,28
9079,PM Peak,19.2
9079,PM Peak,25.8
9079,PM Peak,30.3
9079,PM Peak,28.1
9079,PM Peak,15.1
9079,PM Peak,25.2
9079,PM Peak,14.7
9079,PM Peak,17.6
9079,PM Peak,16.1
9079,PM Peak,16.7
9079,PM Peak,26.3
9079,PM Peak,25.2
9079,PM Peak,13.9
9079,PM Peak,15.1
9079,PM Peak,20.9
9079,PM Peak,18.5
9079,PM Peak,24.1
9079,PM Peak,23.7
9079,PM Peak,27.1
9079,PM Peak,26.4
9079,PM Peak,17.7
9079,PM Peak,16.8
9079,PM Peak,17.7
9079,PM Peak,12.9
9079,PM Peak,29.2
9079,PM Peak,20.6
9079,PM Peak,22
9079,PM Peak,21.3
9079,PM Peak,26.2
9079,PM Peak,11.6
9079,PM Peak,11.6
9079,PM Peak,9.9
9079,PM Peak,14
9079,PM Peak,17.3
9079,PM Peak,15.8
9079,PM Peak,18.9
9079,PM Peak,25.7
9079,PM Peak,23.6
9079,PM Peak,27.5
9079,PM Peak,18.5
9079,PM Peak,15.7
9079,PM Peak,28.7
9079,PM Peak,9.8
9079,PM Peak,14.9
9079,PM Peak,5.2
9079,PM Peak,16.2
9079,PM Peak,24.8
9079,PM Peak,28.6
9079,PM Peak,11.4
9079,PM Peak,32.2
9079,PM Peak,15.3
9079,PM Peak,17.6
9079,PM Peak,16.4
9079,PM Peak,13.8
9079,PM Peak,18.4
9079,PM Peak,22.3
9079,PM Peak,13.9
9079,PM Peak,21.4
9079,PM Peak,24.9
9079,PM Peak,16.7
9079,PM Peak,13.8
9079,PM Peak,16
9079,PM Peak,20.8
9079,PM Peak,22.9
9079,PM Peak,12.9
9079,PM Peak,17.6
9079,PM Peak,22.1
9079,PM Peak,25.6
9079,PM Peak,19.3
9079,PM Peak,17.6
9079,PM Peak,22.9
9079,PM Peak,29
9079,PM Peak,17.5
9079,PM Peak,27.5
9079,PM Peak,14.8
9079,PM Peak,32.1
9079,PM Peak,13.3
9079,PM Peak,27.7
9079,PM Peak,30
9079,PM Peak,13
9079,PM Peak,27.5
9079,PM Peak,11
9079,PM Peak,27.1
9079,PM Peak,28.6
9079,PM Peak,12.8
9079,PM Peak,16.8
9079,PM Peak,25.6
9079,PM Peak,20.9
9079,PM Peak,15.3
9079,PM Peak,11.2
9079,PM Peak,16
9079,PM Peak,4
9079,PM Peak,18
9079,PM Peak,31.8
9079,PM Peak,15.3
9079,PM Peak,24.4
9079,PM Peak,24.1
9079,PM Peak,15.2
9079,PM Peak,17.3
9079,PM Peak,24.2
9079,PM Peak,19.9
9079,PM Peak,23.4
9079,PM Peak,27.6
9079,PM Peak,10.9
9079,PM Peak,19.4
9079,PM Peak,21.4
9079,PM Peak,21.2
9079,PM Peak,15.8
9079,PM Peak,19.5
9079,PM Peak,21.5
9079,PM Peak,26
9079,PM Peak,6.6
9079,PM Peak,25.3
9079,PM Peak,16.8
9079,PM Peak,25.5
9079,PM Peak,8.7
9079,PM Peak,14.9
9079,PM Peak,4.8
9079,PM Peak,13.5
9079,PM Peak,23.9
9079,PM Peak,16.2
9079,PM Peak,30.8
9079,PM Peak,25.1
9079,PM Peak,17.4
9079,PM Peak,22.2
9079,PM Peak,7.3
9079,PM Peak,9.6
9079,PM Peak,14
9079,PM Peak,18.1
9079,PM Peak,11.6
9079,PM Peak,22.9
9079,PM Peak,24.6
9079,PM Peak,15.5
9079,PM Peak,26.8
9079,PM Peak,35.1
9079,PM Peak,5.6
9079,PM Peak,17.4
9079,PM Peak,30.3
9079,PM Peak,14.9
9079,PM Peak,29.8
9079,PM Peak,18.2
9079,PM Peak,28.7
9079,PM Peak,14.6
9079,PM Peak,19.9
9999,AM Peak,21.7
9999,AM Peak,30.7
9999,AM Peak,24.5
9999,AM Peak,16.1
9999,AM Peak,23
9999,AM Peak,41.4
9999,AM Peak,17.1
9999,AM Peak,20.7
9999,AM Peak,21.7
9999,AM Peak,22
9999,AM Peak,23
9999,AM Peak,21.6
9999,AM Peak,30.5
9999,AM Peak,26.8
9999,AM Peak,22
9999,AM Peak,33
9999,AM Peak,23.2
9999,AM Peak,30.9
9999,AM Peak,29.2
9999,AM Peak,24.8
9999,AM Peak,22.8
9999,AM Peak,25
9999,AM Peak,33.2
9999,AM Peak,26.1
9999,AM Peak,23.9
9999,AM Peak,22.4
9999,AM Peak,20.8
9999,AM Peak,22.4
9999,AM Peak,26.3
9999,AM Peak,24.8
9999,AM Peak,22.1
9999,AM Peak,18.6
9999,AM Peak,21
9999,AM Peak,16.3
9999,AM Peak,21.9
9999,AM Peak,18.4
9999,AM Peak,21.5
9999,AM Peak,23.2
9999,AM Peak,25.7
9999,AM Peak,19.6
9999,AM Peak,28.4
9999,AM Peak,29.5
9999,AM Peak,22.1
9999,AM Peak,27.6
9999,AM Peak,21.3
9999,AM Peak,18.9
9999,AM Peak,20
9999,AM Peak,17
9999,AM Peak,25.9
9999,AM Peak,23.5
9999,AM Peak,29.5
9999,AM Peak,25.3
9999,AM Peak,25.9
9999,AM Peak,24.9
9999,AM Peak,21.1
9999,AM Peak,16.4
9999,AM Peak,34.7
9999,AM Peak,23.5
9999,AM Peak,29.6
9999,AM Peak,16.4
9999,AM Peak,24.3
9999,AM Peak,25.9
9999,AM Peak,32.7
9999,AM Peak,30.6
9999,AM Peak,27.7
9999,AM Peak,27.2
9999,AM Peak,25.9
9999,AM Peak,19.7
9999,AM Peak,22.1
9999,AM Peak,20.5
9999,AM Peak,28.2
9999,AM Peak,20.7
9999,AM Peak,26.7
9999,AM Peak,30
9999,AM Peak,21.1
9999,AM Peak,26.1
9999,AM Peak,23.8
9999,AM Peak,22
9999,AM Peak,30
9999,AM Peak,27
9999,AM Peak,27.3
9999,AM Peak,27.7
9999,AM Peak,26.8
9999,AM Peak,27.7
9999,AM Peak,25.4
9999,AM Peak,26.8
9999,AM Peak,20.7
9999,AM Peak,18.6
9999,AM Peak,18.1
9999,AM Peak,20.5
9999,AM Peak,23.3
9999,AM Peak,23.8
9999,AM Peak,25.6
9999,AM Peak,23
9999,AM Peak,26.4
9999,AM Peak,31.5
9999,AM Peak,16.6
9999,AM Peak,32.3
9999,AM Peak,18.3
9999,AM Peak,20.5
9999,AM Peak,27
9999,AM Peak,24.2
9999,AM Peak,34.8
9999,AM Peak,24.7
9999,AM Peak,31.4
9999,AM Peak,26.9
9999,AM Peak,20.3
9999,AM Peak,37.8
9999,AM Peak,27.9
9999,AM Peak,20.6
9999,AM Peak,18.2
9999,AM Peak,27
9999,AM Peak,17.4
9999,AM Peak,23.8
9999,AM Peak,30.7
9999,AM Peak,26.7
9999,AM Peak,24.2
9999,AM Peak,28
9999,AM Peak,22.5
9999,AM Peak,24
9999,AM Peak,34.4
9999,AM Peak,23.1
9999,AM Peak,20.7
9999,AM Peak,24
9999,AM Peak,25.5
9999,AM Peak,19.4
9999,AM Peak,29.3
9999,AM Peak,31.6
9999,AM Peak,26.3
9999,AM Peak,27.3
9999,AM Peak,31.9
9999,AM Peak,23.3
9999,AM Peak,25.2
9999,AM Peak,22.2
9999,AM Peak,18.8
9999,AM Peak,21.2
9999,AM Peak,30.6
9999,AM Peak,22.7
9999,AM Peak,26.2
9999,AM Peak,21.8
9999,AM Peak,24.7
9999,AM Peak,20.6
9999,AM Peak,22.4
9999,AM Peak,33.3
9999,AM Peak,25.4
9999,AM Peak,21
9999,AM Peak,22
9999,AM Peak,23.7
9999,AM Peak,22.2
9999,AM Peak,29.8
9999,AM Peak,15.1
9999,AM Peak,21.3
9999,AM Peak,21.2
9999,AM Peak,18.6
9999,AM Peak,22.3
9999,AM Peak,29.9
9999,AM Peak,27.6
9999,AM Peak,28.2
9999,AM Peak,25.9
9999,AM Peak,23
9999,AM Peak,20.8
9999,AM Peak,26.7
9999,AM Peak,38.3
9999,AM Peak,16.8
9999,AM Peak,29.7
9999,AM Peak,33.2
9999,AM Peak,22.8
9999,AM Peak,18.9
9999,AM Peak,24.3
9999,AM Peak,33.6
9999,AM Peak,35.2
9999,AM Peak,19.5
9999,AM Peak,39.4
9999,AM Peak,22.1
9999,AM Peak,18.7
9999,AM Peak,32.5
9999,AM Peak,21.6
9999,AM Peak,28.2
9999,AM Peak,20.1
9999,AM Peak,24.6
9999,AM Peak,15.1
9999,AM Peak,26.3
9999,AM Peak,26.8
9999,AM Peak,31.5
9999,AM Peak,25.9
9999,AM Peak,20.8
9999,AM Peak,24.7
9999,AM Peak,28.1
9999,AM Peak,25.9
9999,AM Peak,23.8
9999,AM Peak,21.8
9999,AM Peak,16.6
9999,AM Peak,29.1
9999,AM Peak,20.1
9999,AM Peak,23.2
9999,AM Peak,21.3
9999,AM Peak,17.2
9999,AM Peak,31.7
9999,AM Peak,28.8
9999,AM Peak,28.2
9999,AM Peak,22.3
9999,AM Peak,29.1
9999,AM Peak,21.6
9999,AM Peak,14.5
9999,AM Peak,25.6
9999,AM Peak,23.5
9999,AM Peak,25.8
9999,AM Peak,22.5
9999,AM Peak,28.7
9999,AM Peak,24
9999,AM Peak,29.5
9999,AM Peak,22.1
9999,AM Peak,27.5
9999,AM Peak,32.3
9999,AM Peak,22.7
9999,AM Peak,28.3
9999,AM Peak,14.7
9999,AM Peak,20.2
9999,AM Peak,23.7
9999,AM Peak,31.1
9999,AM Peak,27.1
9999,AM Peak,18.4
9999,AM Peak,27
9999,AM Peak,20
9999,AM Peak,24.4
9999,AM Peak,25.8
9999,AM Peak,26.9
9999,AM Peak,18.3
9999,AM Peak,28.4
9999,AM Peak,17.5
9999,AM Peak,38.2
9999,AM Peak,24.3
9999,AM Peak,35.8
9999,AM Peak,28.9
9999,AM Peak,21.2
9999,AM Peak,21.2
9999,AM Peak,26.6
9999,AM Peak,25.2
9999,AM Peak,23.1
9999,AM Peak,21.7
9999,AM Peak,26.4
9999,AM Peak,24.9
9999,AM Peak,29.7
9999,AM Peak,22
9999,AM Peak,24.1
9999,AM Peak,31
9999,AM Peak,19.5
9999,AM Peak,15
9999,AM Peak,24.2
9999,AM Peak,23.1
9999,AM Peak,25.2
9999,AM Peak,18.2
9999,AM Peak,25.8
9999,AM Peak,18.8
9999,AM Peak,25.8
9999,AM Peak,22.8
9999,AM Peak,27.4
9999,AM Peak,24.2
9999,AM Peak,16.2
9999,AM Peak,21.4
9999,AM Peak,24.2
9999,AM Peak,22.1
9999,AM Peak,32.3
9999,AM Peak,24.7
9999,AM Peak,23
9999,AM Peak,30.2
9999,AM Peak,22.2
9999,AM Peak,25.1
9999,AM Peak,31.8
9999,AM Peak,24.4
9999,AM Peak,13.9
9999,AM Peak,18.4
9999,AM Peak,22.2
9999,AM Peak,26.9
9999,AM Peak,20.2
9999,AM Peak,29.6
9999,AM Peak,26.6
9999,AM Peak,21.4
9999,AM Peak,15.2
9999,AM Peak,24.2
9999,AM Peak,26.6
9999,AM Peak,22.3
9999,AM Peak,23
9999,AM Peak,24.7
9999,AM Peak,30.7
9999,AM Peak,30.3
9999,AM Peak,22.1
9999,AM Peak,23.5
9999,AM Peak,33
9999,AM Peak,25
9999,AM Peak,31.5
9999,AM Peak,17.7
9999,AM Peak,21.3
9999,AM Peak,40.1
9999,AM Peak,23.4
9999,AM Peak,21.8
9999,AM Peak,23.4
9999,AM Peak,20.3
9999,AM Peak,19.2
9999,AM Peak,23.3
9999,AM Peak,31.6
9999,AM Peak,27.1
9999,AM Peak,41.9
9999,AM Peak,23.2
9999,AM Peak,15.4
9999,AM Peak,21.4
9999,AM Peak,32
9999,AM Peak,30
9999,AM Peak,26
9999,AM Peak,28.4
9999,AM Peak,30.6
9999,AM Peak,22.8
9999,AM Peak,27.7
9999,AM Peak,30.7
9999,AM Peak,28.8
9999,AM Peak,21.6
9999,AM Peak,24.9
9999,AM Peak,20.7
9999,AM Peak,30.5
9999,AM Peak,21.4
9999,AM Peak,18.7
9999,AM Peak,25.3
9999,AM Peak,24.6
9999,AM Peak,21
9999,AM Peak,25.7
9999,AM Peak,26.1
9999,AM Peak,22.8
9999,AM Peak,33.3
9999,AM Peak,23
9999,AM Peak,20.5
9999,AM Peak,25
9999,AM Peak,20.6
9999,AM Peak,21.8
9999,AM Peak,25
9999,AM Peak,29.7
9999,AM Peak,30.9
9999,AM Peak,25.8
9999,AM Peak,33.8
9999,AM Peak,27.3
9999,AM Peak,19.8
9999,AM Peak,21.1
9999,AM Peak,30.7
9999,AM Peak,21.2
9999,AM Peak,21.9
9999,AM Peak,24
9999,AM Peak,26.9
9999,AM Peak,23.9
9999,AM Peak,25.5
9999,AM Peak,21.8
9999,AM Peak,22.9
9999,AM Peak,23.4
9999,AM Peak,29.1
9999,AM Peak,21.1
9999,AM Peak,32.2
9999,AM Peak,22.8
9999,AM Peak,33.9
9999,AM Peak,26.7
9999,AM Peak,29.1
9999,AM Peak,22.6
9999,AM Peak,28.6
9999,AM Peak,24.9
9999,AM Peak,23.7
9999,AM Peak,32.2
9999,AM Peak,26.5
9999,AM Peak,27.1
9999,AM Peak,21.7
9999,AM Peak,27.7
9999,AM Peak,21.3
9999,AM Peak,26.8
9999,AM Peak,26
9999,AM Peak,30.8
9999,AM Peak,24.2
9999,AM Peak,18.3
9999,AM Peak,21.6
9999,AM Peak,30.9
9999,AM Peak,23.1
9999,AM Peak,31.8
9999,AM Peak,30.7
9999,AM Peak,15.6
9999,AM Peak,29.6
9999,AM Peak,26.5
9999,AM Peak,29.1
9999,AM Peak,29.3
9999,AM Peak,20.1
9999,AM Peak,29.5
9999,AM Peak,21
9999,AM Peak,32.2
9999,AM Peak,24.1
9999,AM Peak,28.1
9999,AM Peak,24.4
9999,AM Peak,22.1
9999,AM Peak,21
9999,AM Peak,23.9
9999,AM Peak,20.7
9999,AM Peak,13
9999,AM Peak,30.3
9999,AM Peak,20.6
9999,AM Peak,30.9
9999,AM Peak,26.8
9999,AM Peak,14.8
9999,AM Peak,27.3
9999,AM Peak,10.7
9999,AM Peak,24.4
9999,AM Peak,25.9
9999,AM Peak,29.9
9999,AM Peak,23.7
9999,AM Peak,18.1
9999,AM Peak,24.5
9999,AM Peak,26.5
9999,AM Peak,20.5
9999,AM Peak,22.3
9999,AM Peak,19.3
9999,AM Peak,20
9999,AM Peak,14.6
9999,AM Peak,30.5
9999,AM Peak,27.4
9999,AM Peak,24.4
9999,AM Peak,27.7
9999,AM Peak,19.8
9999,AM Peak,23.1
9999,AM Peak,21.9
9999,AM Peak,32.3
9999,AM Peak,19.2
9999,AM Peak,21.6
9999,AM Peak,27.2
9999,AM Peak,20.7
9999,AM Peak,23.9
9999,AM Peak,22.1
9999,AM Peak,28.7
9999,AM Peak,22.7
9999,AM Peak,18.9
9999,AM Peak,31.8
9999,AM Peak,29.3
9999,AM Peak,20.8
9999,AM Peak,30.6
9999,AM Peak,24.6
9999,AM Peak,31.8
9999,AM Peak,21
9999,AM Peak,29.1
9999,AM Peak,32.2
9999,AM Peak,21.4
9999,AM Peak,21.9
9999,AM Peak,27.4
9999,AM Peak,22.9
9999,AM Peak,18.3
9999,AM Peak,18.7
9999,AM Peak,22.4
9999,AM Peak,28.7
9999,AM Peak,20
9999,AM Peak,28.9
9999,AM Peak,22.5
9999,AM Peak,27.3
9999,AM Peak,21.1
9999,AM Peak,25.4
9999,AM Peak,28.3
9999,AM Peak,19.9
9999,AM Peak,24.8
9999,AM Peak,23.8
9999,AM Peak,26.6
9999,AM Peak,21.5
9999,AM Peak,24.3
9999,AM Peak,28.7
9999,AM Peak,25.4
9999,AM Peak,22
9999,AM Peak,21.6
9999,AM Peak,20.9
9999,AM Peak,37.4
9999,AM Peak,24.4
9999,AM Peak,29.1
9999,AM Peak,23
9999,AM Peak,22.3
9999,AM Peak,35.8
9999,AM Peak,32.3
9999,AM Peak,21.1
9999,AM Peak,24.5
9999,AM Peak,32.4
9999,AM Peak,29.6
9999,AM Peak,18.5
9999,AM Peak,28.7
9999,AM Peak,19.9
9999,AM Peak,23.8
9999,AM Peak,28.6
9999,AM Peak,18.7
9999,AM Peak,23.9
9999,AM Peak,21.7
9999,AM Peak,16
9999,AM Peak,24
9999,AM Peak,23.3
9999,AM Peak,17.5
9999,AM Peak,16.6
9999,AM Peak,39.2
9999,AM Peak,32.1
9999,AM Peak,22.2
9999,AM Peak,19.2
9999,AM Peak,19.4
9999,AM Peak,21.6
9999,AM Peak,21.7
9999,AM Peak,20.4
9999,AM Peak,20.9
9999,AM Peak,25.3
9999,PM Peak,20.2
9999,PM Peak,21.4
9999,PM Peak,21.2
9999,PM Peak,18.8
9999,PM Peak,18.8
9999,PM Peak,26.1
9999,PM Peak,23.7
9999,PM Peak,24
9999,PM Peak,20.5
9999,PM Peak,17.9
9999,PM Peak,21
9999,PM Peak,23.2
9999,PM Peak,20
9999,PM Peak,23.8
9999,PM Peak,25.7
9999,PM Peak,24
9999,PM Peak,29.3
9999,PM Peak,27.8
9999,PM Peak,11.4
9999,PM Peak,21.1
9999,PM Peak,29.9
9999,PM Peak,34.2
9999,PM Peak,24.4
9999,PM Peak,23.9
9999,PM Peak,24.5
9999,PM Peak,23.7
9999,PM Peak,24.8
9999,PM Peak,23
9999,PM Peak,25.4
9999,PM Peak,24.3
9999,PM Peak,30.7
9999,PM Peak,30.7
9999,PM Peak,21.5
9999,PM Peak,28.2
9999,PM Peak,27
9999,PM Peak,16.4
9999,PM Peak,16.4
9999,PM Peak,14
9999,PM Peak,28.3
9999,PM Peak,21
9999,PM Peak,19.1
9999,PM Peak,21.8
9999,PM Peak,25.3
9999,PM Peak,23
9999,PM Peak,25.3
9999,PM Peak,27.9
9999,PM Peak,22.1
9999,PM Peak,38.7
9999,PM Peak,22
9999,PM Peak,21.4
9999,PM Peak,21.8
9999,PM Peak,28.3
9999,PM Peak,20.3
9999,PM Peak,15.3
9999,PM Peak,23.7
9999,PM Peak,19.5
9999,PM Peak,22.9
9999,PM Peak,24.5
9999,PM Peak,22
9999,PM Peak,17.3
9999,PM Peak,25.1
9999,PM Peak,27.4
9999,PM Peak,18.8
9999,PM Peak,22.3
9999,PM Peak,22.5
9999,PM Peak,22.5
9999,PM Peak,28.4
9999,PM Peak,23.8
9999,PM Peak,20.8
9999,PM Peak,25.2
9999,PM Peak,29.1
9999,PM Peak,22.8
9999,PM Peak,20.2
9999,PM Peak,28
9999,PM Peak,18.4
9999,PM Peak,23
9999,PM Peak,23.5
9999,PM Peak,22.6
9999,PM Peak,25.8
9999,PM Peak,20.9
9999,PM Peak,26.4
9999,PM Peak,17.7
9999,PM Peak,16.1
9999,PM Peak,20.9
9999,PM Peak,28.6
9999,PM Peak,21.8
9999,PM Peak,15.4
9999,PM Peak,23.2
9999,PM Peak,22.7
9999,PM Peak,23.2
9999,PM Peak,30.1
9999,PM Peak,31.1
9999,PM Peak,14.5
9999,PM Peak,27.2
9999,PM Peak,21.8
9999,PM Peak,25.1
9999,PM Peak,30.8
9999,PM Peak,22.7
9999,PM Peak,20.2
9999,PM Peak,24.7
9999,PM Peak,24.5
9999,PM Peak,25.4
9999,PM Peak,32.4
9999,PM Peak,22.7
9999,PM Peak,30.1
9999,PM Peak,29.1
9999,PM Peak,24.8
9999,PM Peak,25.4
9999,PM Peak,29.8
9999,PM Peak,22.1
9999,PM Peak,29.8
9999,PM Peak,26.6
9999,PM Peak,18.8
9999,PM Peak,20
9999,PM Peak,19.2
9999,PM Peak,24.7
9999,PM Peak,25.3
9999,PM Peak,35.1
9999,PM Peak,11.9
9999,PM Peak,30.7
9999,PM Peak,22.4
9999,PM Peak,21.8
9999,PM Peak,20.6
9999,PM Peak,21.9
9999,PM Peak,32.7
9999,PM Peak,23.5
9999,PM Peak,18
9999,PM Peak,27.9
9999,PM Peak,21.6
9999,PM Peak,31.9
9999,PM Peak,20.6
9999,PM Peak,17.4
9999,PM Peak,18.5
9999,PM Peak,36
9999,PM Peak,23
9999,PM Peak,16.1
9999,PM Peak,25.5
9999,PM Peak,25.3
9999,PM Peak,36.1
9999,PM Peak,15.3
9999,PM Peak,17
9999,PM Peak,20.4
9999,PM Peak,21.1
9999,PM Peak,25.7
9999,PM Peak,21.3
9999,PM Peak,29.7
9999,PM Peak,33.2
9999,PM Peak,27.2
9999,PM Peak,24.8
9999,PM Peak,15.8
9999,PM Peak,15
9999,PM Peak,24.4
9999,PM Peak,21.6
9999,PM Peak,31
9999,PM Peak,31.5
9999,PM Peak,20.4
9999,PM Peak,28.6
9999,PM Peak,23.6
9999,PM Peak,27.4
9999,PM Peak,27.9
9999,PM Peak,24.3
9999,PM Peak,28
9999,PM Peak,21.6
9999,PM Peak,25.9
9999,PM Peak,25.3
9999,PM Peak,26.7
9999,PM Peak,24.5
9999,PM Peak,39.6
9999,PM Peak,29.6
9999,PM Peak,22.5
9999,PM Peak,29.3
9999,PM Peak,24.7
9999,PM Peak,28.4
9999,PM Peak,21.2
9999,PM Peak,25.3
9999,PM Peak,24.5
9999,PM Peak,16.3
9999,PM Peak,20.1
9999,PM Peak,22.3
9999,PM Peak,16.9
9999,PM Peak,25.2
9999,PM Peak,26.1
9999,PM Peak,23.5
9999,PM Peak,22
9999,PM Peak,12.1
9999,PM Peak,20.3
9999,PM Peak,12.6
9999,PM Peak,23
9999,PM Peak,27.9
9999,PM Peak,35.4
9999,PM Peak,26.2
9999,PM Peak,23.8
9999,PM Peak,13.9
9999,PM Peak,22.8
9999,PM Peak,31.9
9999,PM Peak,34.2
9999,PM Peak,31.6
9999,PM Peak,25.7
9999,PM Peak,23.2
9999,PM Peak,20.2
9999,PM Peak,24.9
9999,PM Peak,18.1
9999,PM Peak,12.1
9999,PM Peak,24
9999,PM Peak,23.5
9999,PM Peak,23.5
9999,PM Peak,21.1
9999,PM Peak,23.4
9999,PM Peak,30.8
9999,PM Peak,16
9999,PM Peak,23.1
9999,PM Peak,41.2
9999,PM Peak,22.6
9999,PM Peak,22.5
9999,PM Peak,25.3
9999,PM Peak,12.2
9999,PM Peak,17.4
9999,PM Peak,27.9
9999,PM Peak,28
9999,PM Peak,22.4
9999,PM Peak,18.7
9999,PM Peak,18.9
9999,PM Peak,26.9
9999,PM Peak,19.4
9999,PM Peak,20.7
9999,PM Peak,17.4
9999,PM Peak,29.5
9999,PM Peak,33.1
9999,PM Peak,15.7
9999,PM Peak,26.1
9999,PM Peak,24.7
9999,PM Peak,21.8
9999,PM Peak,23.7
9999,PM Peak,20.6
9999,PM Peak,23.3
9999,PM Peak,23
9999,PM Peak,23.2
9999,PM Peak,23.5
9999,PM Peak,33.9
9999,PM Peak,17.1
9999,PM Peak,23.8
9999,PM Peak,26.6
9999,PM Peak,19.2
9999,PM Peak,26.5
9999,PM Peak,32.3
9999,PM Peak,16.2
9999,PM Peak,26.5
9999,PM Peak,32.3
9999,PM Peak,20.9
9999,PM Peak,23.4
9999,PM Peak,23.8
9999,PM Peak,26
9999,PM Peak,24.4
9999,PM Peak,15.2
9999,PM Peak,18.1
9999,PM Peak,17.5
9999,PM Peak,19.4
9999,PM Peak,27.4
9999,PM Peak,24.8
9999,PM Peak,25.7
9999,PM Peak,22.6
9999,PM Peak,23.9
9999,PM Peak,24.7
9999,PM Peak,24.8
9999,PM Peak,12.7
9999,PM Peak,19
9999,PM Peak,24.5
9999,PM Peak,25.9
9999,PM Peak,22.2
9999,PM Peak,23.3
9999,PM Peak,24.9
9999,PM Peak,35.8
9999,PM Peak,24.4
9999,PM Peak,22.5
9999,PM Peak,25.9
9999,PM Peak,30
9999,PM Peak,20.5
9999,PM Peak,18.3
9999,PM Peak,30.6
9999,PM Peak,34.1
9999,PM Peak,29.8
9999,PM Peak,26.1
9999,PM Peak,23
9999,PM Peak,31.6
9999,PM Peak,25.4
9999,PM Peak,31.7
9999,PM Peak,30.2
9999,PM Peak,19.2
9999,PM Peak,30.8
9999,PM Peak,23.7
9999,PM Peak,23.7
9999,PM Peak,26.6
9999,PM Peak,15.1
9999,PM Peak,27.3
9999,PM Peak,28.2
9999,PM Peak,25.5
9999,PM Peak,27.8
9999,PM Peak,23.9
9999,PM Peak,28.6
9999,PM Peak,23.1
9999,PM Peak,27.2
9999,PM Peak,28.9
9999,PM Peak,24.2
9999,PM Peak,22.8
9999,PM Peak,29.9
9999,PM Peak,33.1
9999,PM Peak,38.7
9999,PM Peak,22.1
9999,PM Peak,25.5
9999,PM Peak,20
9999,PM Peak,23.8
9999,PM Peak,26.4
9999,PM Peak,18.4
9999,PM Peak,23.1
9999,PM Peak,16.6
9999,PM Peak,16.8
9999,PM Peak,28.5
9999,PM Peak,23.4
9999,PM Peak,12.7
9999,PM Peak,24.9
9999,PM Peak,24.3
9999,PM Peak,26.6
9999,PM Peak,22.1
9999,PM Peak,22.1
9999,PM Peak,25.4
9999,PM Peak,23.5
9999,PM Peak,24.8
9999,PM Peak,33.6
9999,PM Peak,24.9
9999,PM Peak,19.8
9999,PM Peak,32.6
9999,PM Peak,22
9999,PM Peak,23.4
9999,PM Peak,23
9999,PM Peak,23.1
9999,PM Peak,21.7
9999,PM Peak,21.5
9999,PM Peak,22.9
9999,PM Peak,18.8
9999,PM Peak,22.8
9999,PM Peak,21.9
9999,PM Peak,38.3
9999,PM Peak,22.4
9999,PM Peak,16.3
9999,PM Peak,22
9999,PM Peak,20.8
9999,PM Peak,27.7
9999,PM Peak,29.9
9999,PM Peak,27.5
9999,PM Peak,25.3
9999,PM Peak,26.4
9999,PM Peak,20.4
9999,PM Peak,20.9
9999,PM Peak,20
9999,PM Peak,12.2
9999,PM Peak,34.9
9999,PM Peak,19.6
9999,PM Peak,26
9999,PM Peak,24.3
9999,PM Peak,21.5
9999,PM Peak,24.9
9999,PM Peak,28
9999,PM Peak,21.8
9999,PM Peak,29.1
9999,PM Peak,17.4
9999,PM Peak,22.2
9999,PM Peak,22.1
9999,PM Peak,19
9999,PM Peak,18.6
9999,PM Peak,18.3
9999,PM Peak,21.6
9999,PM Peak,21.7
9999,PM Peak,26.3
9999,PM Peak,29.6
9999,PM Peak,25.5
9999,PM Peak,27.8
9999,PM Peak,25.2
9999,PM Peak,22
9999,PM Peak,21.8
9999,PM Peak,28.5
9999,PM Peak,16.7
9999,PM Peak,22.9
9999,PM Peak,15
9999,PM Peak,32.7
9999,PM Peak,37.9
9999,PM Peak,35.8
9999,PM Peak,23
9999,PM Peak,24.6
9999,PM Peak,20.3
9999,PM Peak,27.7
9999,PM Peak,36.8
9999,PM Peak,25.3
9999,PM Peak,23.9
9999,PM Peak,16.8
9999,PM Peak,25.6
9999,PM Peak,26.4
9999,PM Peak,14
9999,PM Peak,47.7
9999,PM Peak,28.7
9999,PM Peak,26.6
9999,PM Peak,24.3
9999,PM Peak,23.5
9999,PM Peak,22.2
9999,PM Peak,21.2
9999,PM Peak,29
9999,PM Peak,19.6
9999,PM Peak,22.3
9999,PM Peak,19.2
9999,PM Peak,27.3
9999,PM Peak,22.6
9999,PM Peak,36.1
9999,PM Peak,23.7
9999,PM Peak,21.3
9999,PM Peak,28.5
9999,PM Peak,23.7
9999,PM Peak,15.6
9999,PM Peak,24.3
9999,PM Peak,30.2
9999,PM Peak,22.1
9999,PM Peak,23.4
9999,PM Peak,19.6
9999,PM Peak,19.3
9999,PM Peak,28.7
9999,PM Peak,35.5
9999,PM Peak,27.9
9999,PM Peak,23
9999,PM Peak,26.6
9999,PM Peak,29.4
9999,PM Peak,23.7
9999,PM Peak,29.3
9999,PM Peak,18.6
9999,PM Peak,21.2
9999,PM Peak,27.2
9999,PM Peak,28.7
9999,PM Peak,22.4
9999,PM Peak,22
9999,PM Peak,26.1
9999,PM Peak,24.9
9999,PM Peak,24.7
9999,PM Peak,21.9
9999,PM Peak,22.2
9999,PM Peak,32.2
9999,PM Peak,19.7
9999,PM Peak,30.6
9999,PM Peak,27.5
9999,PM Peak,23.6
9999,PM Peak,18.2
9999,PM Peak,22.8
9999,PM Peak,25.7
9999,PM Peak,30.3
9999,PM Peak,50.8
9999,PM Peak,20.7
9999,PM Peak,25.2
9999,PM Peak,21.2
9999,PM Peak,25.3
9999,PM Peak,25
9999,PM Peak,17.1
9999,PM Peak,21
9999,PM Peak,32.6
9999,PM Peak,20.9
9999,PM Peak,25.3
9999,PM Peak,18.2
9999,PM Peak,25.3
9999,PM Peak,19.8
9999,PM Peak,23.4
9999,PM Peak,28.8
9999,PM Peak,25.4
9999,PM Peak,20.7
9999,PM Peak,21.2
9999,PM Peak,32.2
9999,PM Peak,30.5
9999,PM Peak,21.9
9999,PM Peak,27.6
9999,PM Peak,30.5
9999,PM Peak,30.7
9999,PM Peak,14.8
9999,PM Peak,20.8
9999,PM Peak,25.6
9999,PM Peak,22.3
9999,PM Peak,38.9
9999,PM Peak,18.8
9999,PM Peak,12.3
9999,PM Peak,23
9999,PM Peak,18.5
9999,PM Peak,18.8
9999,PM Peak,23.8
9999,PM Peak,20.4
9999,PM Peak,22.5
9999,PM Peak,25.9
9999,PM Peak,23.7
9999,PM Peak,25.4
9999,PM Peak,21.1
9999,PM Peak,25.1
9999,PM Peak,14.1
9999,PM Peak,19.4
9999,PM Peak,23.3
9999,PM Peak,22.6
9999,PM Peak,24.4
9999,PM Peak,24.9
9999,PM Peak,32.2
10223,AM Peak,19.3
10223,AM Peak,30.2
10223,AM Peak,4.4
10223,AM Peak,23.5
10223,AM Peak,20.4
10223,AM Peak,18.4
10223,AM Peak,21.1
10223,AM Peak,7.2
10223,AM Peak,24
10223,AM Peak,34.1
10223,AM Peak,25.4
10223,AM Peak,29.4
10223,AM Peak,27.7
10223,AM Peak,30.4
10223,AM Peak,28.5
10223,AM Peak,28.8
10223,AM Peak,21.4
10223,AM Peak,24.5
10223,AM Peak,13.6
10223,AM Peak,17.6
10223,AM Peak,28.8
10223,AM Peak,24.4
10223,AM Peak,16.1
10223,AM Peak,14.6
10223,AM Peak,6.2
10223,AM Peak,35
10223,AM Peak,31.5
10223,AM Peak,17.5
10223,AM Peak,28.6
10223,AM Peak,23.3
10223,AM Peak,22
10223,AM Peak,23.1
10223,AM Peak,20
10223,AM Peak,21.5
10223,AM Peak,24.2
10223,AM Peak,27.2
10223,AM Peak,8.6
10223,AM Peak,18.7
10223,AM Peak,29.7
10223,AM Peak,33.1
10223,AM Peak,23
10223,AM Peak,14.1
10223,AM Peak,22.4
10223,AM Peak,18.4
10223,AM Peak,23.6
10223,AM Peak,27.4
10223,AM Peak,30.2
10223,AM Peak,5.2
10223,AM Peak,16.9
10223,AM Peak,7.9
10223,AM Peak,20.7
10223,AM Peak,7.2
10223,AM Peak,6.2
10223,AM Peak,13.2
10223,AM Peak,20.4
10223,AM Peak,22.6
10223,AM Peak,12.3
10223,AM Peak,18.2
10223,AM Peak,5
10223,AM Peak,30.3
10223,AM Peak,24.9
10223,AM Peak,13.8
10223,AM Peak,9.4
10223,AM Peak,24.2
10223,AM Peak,21.5
10223,AM Peak,24.9
10223,AM Peak,18.7
10223,AM Peak,21.5
10223,AM Peak,23
10223,AM Peak,17.7
10223,AM Peak,23.1
10223,AM Peak,19.2
10223,AM Peak,6.7
10223,AM Peak,22.7
10223,AM Peak,16.8
10223,AM Peak,16.5
10223,AM Peak,28.6
10223,AM Peak,10.7
10223,AM Peak,18.7
10223,AM Peak,16.9
10223,AM Peak,26.8
10223,AM Peak,18.5
10223,AM Peak,23.4
10223,AM Peak,15.5
10223,AM Peak,28.3
10223,AM Peak,19
10223,AM Peak,25.8
10223,AM Peak,15
10223,AM Peak,22.1
10223,AM Peak,19.4
10223,AM Peak,17
10223,AM Peak,15.4
10223,AM Peak,17.8
10223,AM Peak,30.3
10223,AM Peak,21
10223,AM Peak,17.2
10223,AM Peak,34.3
10223,AM Peak,21.7
10223,AM Peak,21.2
10223,AM Peak,15.2
10223,AM Peak,26.7
10223,AM Peak,19.3
10223,AM Peak,4.4
10223,AM Peak,27.3
10223,AM Peak,21.5
10223,AM Peak,15.9
10223,AM Peak,20
10223,AM Peak,20.8
10223,AM Peak,13.7
10223,AM Peak,23.3
10223,AM Peak,15
10223,AM Peak,26.6
10223,AM Peak,25
10223,AM Peak,20.7
10223,AM Peak,26.8
10223,AM Peak,20.9
10223,AM Peak,23.5
10223,AM Peak,23.6
10223,AM Peak,20.9
10223,AM Peak,11.6
10223,AM Peak,14.8
10223,AM Peak,22.3
10223,AM Peak,24.8
10223,AM Peak,18.4
10223,AM Peak,21.3
10223,AM Peak,25.4
10223,AM Peak,18.1
10223,AM Peak,30.1
10223,AM Peak,19.2
10223,AM Peak,24.3
10223,AM Peak,14.6
10223,AM Peak,15.7
10223,AM Peak,26
10223,AM Peak,18.3
10223,AM Peak,12.8
10223,AM Peak,22.1
10223,AM Peak,19
10223,AM Peak,32.4
10223,AM Peak,5.1
10223,AM Peak,22.9
10223,AM Peak,23.4
10223,AM Peak,25.3
10223,AM Peak,23.4
10223,AM Peak,13.3
10223,AM Peak,25.3
10223,AM Peak,21.4
10223,AM Peak,25.6
10223,AM Peak,19.6
10223,AM Peak,20.4
10223,AM Peak,11.9
10223,AM Peak,27.5
10223,AM Peak,23.7
10223,AM Peak,15.1
10223,AM Peak,9.9
10223,AM Peak,29.6
10223,AM Peak,15.6
10223,AM Peak,15.9
10223,AM Peak,28.9
10223,AM Peak,8.6
10223,AM Peak,20.5
10223,AM Peak,22
10223,AM Peak,25.9
10223,AM Peak,18.8
10223,AM Peak,15.6
10223,AM Peak,19.5
10223,AM Peak,21.1
10223,AM Peak,23.3
10223,AM Peak,21.8
10223,AM Peak,31.8
10223,AM Peak,17.1
10223,AM Peak,6.3
10223,AM Peak,3.6
10223,AM Peak,19.8
10223,AM Peak,13.5
10223,AM Peak,4.5
10223,AM Peak,22.6
10223,AM Peak,24.2
10223,AM Peak,15.5
10223,AM Peak,24.6
10223,AM Peak,22.4
10223,AM Peak,26.2
10223,AM Peak,12.5
10223,AM Peak,23.4
10223,AM Peak,26.3
10223,AM Peak,22.4
10223,AM Peak,20.1
10223,AM Peak,17.3
10223,AM Peak,17.6
10223,AM Peak,23.2
10223,AM Peak,7.9
10223,AM Peak,18.8
10223,AM Peak,15.3
10223,AM Peak,14.4
10223,AM Peak,26.5
10223,AM Peak,19.6
10223,AM Peak,16.6
10223,AM Peak,24.4
10223,AM Peak,18.7
10223,AM Peak,28.6
10223,AM Peak,31.1
10223,AM Peak,17.9
10223,AM Peak,19.8
10223,AM Peak,18
10223,AM Peak,16.7
10223,AM Peak,16.1
10223,AM Peak,18.9
10223,AM Peak,22.8
10223,AM Peak,14.5
10223,AM Peak,17.4
10223,AM Peak,17.3
10223,AM Peak,20
10223,AM Peak,10.8
10223,AM Peak,29.9
10223,AM Peak,15.4
10223,AM Peak,22.3
10223,AM Peak,23.3
10223,AM Peak,24.6
10223,AM Peak,23.8
10223,AM Peak,19.3
10223,AM Peak,17.1
10223,AM Peak,21.3
10223,AM Peak,19.7
10223,AM Peak,17.8
10223,AM Peak,19.3
10223,AM Peak,34.8
10223,AM Peak,23.1
10223,AM Peak,29.4
10223,AM Peak,31.1
10223,AM Peak,31.9
10223,AM Peak,15.7
10223,AM Peak,23.7
10223,AM Peak,27.9
10223,AM Peak,25.2
10223,AM Peak,31
10223,AM Peak,12.1
10223,AM Peak,18.3
10223,AM Peak,27.3
10223,AM Peak,13.7
10223,AM Peak,18.6
10223,AM Peak,14.9
10223,AM Peak,9.1
10223,AM Peak,21.6
10223,AM Peak,25.3
10223,AM Peak,17
10223,AM Peak,19.7
10223,AM Peak,27.1
10223,AM Peak,17.3
10223,AM Peak,17.1
10223,AM Peak,21.6
10223,AM Peak,14.9
10223,AM Peak,17.6
10223,AM Peak,17.3
10223,AM Peak,19.8
10223,AM Peak,28
10223,AM Peak,18.4
10223,AM Peak,22.3
10223,AM Peak,23.6
10223,AM Peak,15.5
10223,AM Peak,26
10223,AM Peak,22.6
10223,AM Peak,27.4
10223,AM Peak,17.8
10223,AM Peak,21.4
10223,AM Peak,17.7
10223,AM Peak,21.8
10223,AM Peak,19.5
10223,AM Peak,14.8
10223,AM Peak,23.3
10223,AM Peak,22.5
10223,AM Peak,21.3
10223,AM Peak,23.9
10223,AM Peak,23.6
10223,AM Peak,11.7
10223,AM Peak,25.2
10223,AM Peak,22
10223,AM Peak,24
10223,AM Peak,20.1
10223,AM Peak,18.2
10223,AM Peak,3.1
10223,AM Peak,28.5
10223,AM Peak,20.2
10223,AM Peak,11.4
10223,AM Peak,18.7
10223,AM Peak,20.8
10223,AM Peak,14.9
10223,AM Peak,11.8
10223,AM Peak,23.3
10223,AM Peak,16.2
10223,AM Peak,25.6
10223,AM Peak,15.4
10223,AM Peak,28.5
10223,AM Peak,17.1
10223,AM Peak,24.9
10223,AM Peak,10.7
10223,AM Peak,19.2
10223,AM Peak,11.3
10223,AM Peak,16
10223,AM Peak,23.2
10223,AM Peak,22.4
10223,AM Peak,2.7
10223,AM Peak,21.7
10223,AM Peak,25.3
10223,AM Peak,15.2
10223,AM Peak,32.2
10223,AM Peak,29.6
10223,AM Peak,19.2
10223,AM Peak,13.5
10223,AM Peak,13.9
10223,AM Peak,22.9
10223,AM Peak,20.8
10223,AM Peak,29.1
10223,AM Peak,28.2
10223,AM Peak,28.5
10223,AM Peak,19
10223,AM Peak,18.3
10223,AM Peak,31.2
10223,AM Peak,17.2
10223,AM Peak,27.3
10223,AM Peak,31.4
10223,AM Peak,25.6
10223,AM Peak,25.2
10223,AM Peak,21.8
10223,AM Peak,27.2
10223,AM Peak,16.6
10223,AM Peak,15.7
10223,AM Peak,16
10223,AM Peak,16.8
10223,AM Peak,26.4
10223,AM Peak,25.7
10223,AM Peak,15.9
10223,AM Peak,19.9
10223,AM Peak,17
10223,AM Peak,11.9
10223,AM Peak,22.8
10223,AM Peak,16.1
10223,AM Peak,24.8
10223,AM Peak,17.2
10223,AM Peak,26
10223,AM Peak,24.9
10223,AM Peak,16.6
10223,AM Peak,17.3
10223,AM Peak,23.1
10223,AM Peak,16.6
10223,AM Peak,21.8
10223,AM Peak,14.7
10223,AM Peak,17.8
10223,AM Peak,24.1
10223,AM Peak,5.7
10223,AM Peak,10.4
10223,AM Peak,17.8
10223,AM Peak,5.1
10223,AM Peak,25.1
10223,AM Peak,24.8
10223,AM Peak,24.7
10223,AM Peak,16.4
10223,AM Peak,33.1
10223,AM Peak,18.9
10223,AM Peak,13.2
10223,AM Peak,16.6
10223,AM Peak,20.7
10223,AM Peak,16.7
10223,AM Peak,21.7
10223,AM Peak,9.5
10223,AM Peak,11.2
10223,AM Peak,23.1
10223,AM Peak,16.9
10223,AM Peak,23.4
10223,AM Peak,13
10223,AM Peak,24.2
10223,AM Peak,16.5
10223,AM Peak,26.3
10223,AM Peak,12.7
10223,AM Peak,16.1
10223,AM Peak,28.1
10223,AM Peak,23.4
10223,AM Peak,17.1
10223,AM Peak,5.9
10223,AM Peak,22.8
10223,AM Peak,28.7
10223,AM Peak,15.3
10223,AM Peak,20.7
10223,AM Peak,14.1
10223,AM Peak,14.1
10223,AM Peak,24.6
10223,AM Peak,23
10223,AM Peak,20.3
10223,AM Peak,29.1
10223,AM Peak,19.8
10223,AM Peak,23.2
10223,AM Peak,24.3
10223,AM Peak,18.1
10223,AM Peak,21.7
10223,AM Peak,12.5
10223,AM Peak,2.7
10223,AM Peak,16
10223,AM Peak,12.5
10223,AM Peak,20.8
10223,AM Peak,29.9
10223,AM Peak,4.2
10223,AM Peak,27.3
10223,AM Peak,20.1
10223,AM Peak,25.8
10223,AM Peak,22.9
10223,AM Peak,19.2
10223,AM Peak,27.3
10223,AM Peak,18.7
10223,AM Peak,3
10223,AM Peak,21.9
10223,AM Peak,17.5
10223,AM Peak,14.3
10223,AM Peak,18.6
10223,AM Peak,19.5
10223,AM Peak,22.4
10223,AM Peak,15.5
10223,AM Peak,29.8
10223,AM Peak,18.9
10223,AM Peak,19.3
10223,AM Peak,21.9
10223,AM Peak,15.5
10223,AM Peak,23.2
10223,AM Peak,20.8
10223,AM Peak,22.5
10223,AM Peak,23.7
10223,AM Peak,17
10223,AM Peak,17.4
10223,AM Peak,17.5
10223,AM Peak,23.9
10223,AM Peak,26.7
10223,AM Peak,25.5
10223,AM Peak,20.8
10223,AM Peak,1.8
10223,AM Peak,31.9
10223,AM Peak,24.1
10223,AM Peak,18.7
10223,AM Peak,21.7
10223,AM Peak,13
10223,AM Peak,18.9
10223,AM Peak,19.7
10223,AM Peak,24.7
10223,AM Peak,20.3
10223,AM Peak,23.6
10223,AM Peak,17.6
10223,AM Peak,22.2
10223,AM Peak,17.5
10223,AM Peak,11.2
10223,AM Peak,13.9
10223,AM Peak,27.6
10223,AM Peak,21.1
10223,AM Peak,18.8
10223,AM Peak,15.2
10223,AM Peak,5.5
10223,AM Peak,23.3
10223,AM Peak,17.2
10223,AM Peak,4.9
10223,AM Peak,17
10223,AM Peak,26.7
10223,AM Peak,21.2
10223,AM Peak,16.9
10223,AM Peak,18.2
10223,AM Peak,19.8
10223,AM Peak,11.8
10223,AM Peak,20.4
10223,AM Peak,17.6
10223,AM Peak,26.4
10223,AM Peak,12.3
10223,AM Peak,25.1
10223,AM Peak,17.7
10223,AM Peak,19.8
10223,AM Peak,23.7
10223,AM Peak,17.8
10223,AM Peak,4
10223,AM Peak,4.8
10223,AM Peak,18.2
10223,AM Peak,25
10223,AM Peak,26.1
10223,AM Peak,20
10223,AM Peak,18
10223,AM Peak,30.2
10223,AM Peak,12.9
10223,AM Peak,17.5
10223,AM Peak,14
10223,AM Peak,34.5
10223,AM Peak,29.1
10223,AM Peak,18.3
10223,AM Peak,20.8
10223,AM Peak,32.5
10223,AM Peak,25.5
10223,AM Peak,27.1
10223,AM Peak,18.2
10223,AM Peak,20.6
10223,AM Peak,23.5
10223,AM Peak,19.1
10223,AM Peak,15.8
10223,AM Peak,26
10223,AM Peak,24.4
10223,AM Peak,18.6
10223,AM Peak,15.3
10223,AM Peak,23
10223,AM Peak,16.5
10223,AM Peak,13.7
10223,PM Peak,23.9
10223,PM Peak,15.3
10223,PM Peak,30.7
10223,PM Peak,21.1
10223,PM Peak,12.7
10223,PM Peak,14
10223,PM Peak,18.1
10223,PM Peak,22.7
10223,PM Peak,18.9
10223,PM Peak,14.7
10223,PM Peak,29
10223,PM Peak,23.7
10223,PM Peak,12.9
10223,PM Peak,25.4
10223,PM Peak,15.5
10223,PM Peak,21.6
10223,PM Peak,17.7
10223,PM Peak,17.4
10223,PM Peak,23.3
10223,PM Peak,14.9
10223,PM Peak,26.6
10223,PM Peak,17.8
10223,PM Peak,27.8
10223,PM Peak,14.2
10223,PM Peak,20
10223,PM Peak,18.3
10223,PM Peak,28.7
10223,PM Peak,19.9
10223,PM Peak,16.3
10223,PM Peak,24.9
10223,PM Peak,26.5
10223,PM Peak,35.6
10223,PM Peak,22.9
10223,PM Peak,28
10223,PM Peak,29.5
10223,PM Peak,13.4
10223,PM Peak,22.4
10223,PM Peak,35
10223,PM Peak,21.2
10223,PM Peak,24.8
10223,PM Peak,22.7
10223,PM Peak,12.1
10223,PM Peak,26.1
10223,PM Peak,16.9
10223,PM Peak,12.9
10223,PM Peak,32.5
10223,PM Peak,13.7
10223,PM Peak,22.7
10223,PM Peak,23.2
10223,PM Peak,13.7
10223,PM Peak,25.9
10223,PM Peak,25.2
10223,PM Peak,18.3
10223,PM Peak,12.7
10223,PM Peak,19
10223,PM Peak,21.9
10223,PM Peak,33.2
10223,PM Peak,10.3
10223,PM Peak,22.1
10223,PM Peak,19.9
10223,PM Peak,8.6
10223,PM Peak,21.3
10223,PM Peak,15.6
10223,PM Peak,25.3
10223,PM Peak,27
10223,PM Peak,10.6
10223,PM Peak,2.2
10223,PM Peak,27.4
10223,PM Peak,6.3
10223,PM Peak,22.3
10223,PM Peak,20.3
10223,PM Peak,12.2
10223,PM Peak,22.8
10223,PM Peak,13.5
10223,PM Peak,5.8
10223,PM Peak,20.9
10223,PM Peak,26.7
10223,PM Peak,23.9
10223,PM Peak,21.5
10223,PM Peak,32.2
10223,PM Peak,25.2
10223,PM Peak,27.2
10223,PM Peak,20.2
10223,PM Peak,30.7
10223,PM Peak,21.5
10223,PM Peak,22
10223,PM Peak,14.5
10223,PM Peak,22.4
10223,PM Peak,29.5
10223,PM Peak,9.6
10223,PM Peak,5.5
10223,PM Peak,22.4
10223,PM Peak,26.9
10223,PM Peak,28.3
10223,PM Peak,15.9
10223,PM Peak,19.4
10223,PM Peak,23.9
10223,PM Peak,13.8
10223,PM Peak,21.7
10223,PM Peak,29.8
10223,PM Peak,12.2
10223,PM Peak,22.5
10223,PM Peak,19.3
10223,PM Peak,19.4
10223,PM Peak,19.4
10223,PM Peak,28.3
10223,PM Peak,12.9
10223,PM Peak,31.3
10223,PM Peak,27
10223,PM Peak,12.2
10223,PM Peak,24.5
10223,PM Peak,13.1
10223,PM Peak,21.9
10223,PM Peak,21.2
10223,PM Peak,25.5
10223,PM Peak,6.9
10223,PM Peak,31
10223,PM Peak,20.6
10223,PM Peak,22.5
10223,PM Peak,15.4
10223,PM Peak,18.7
10223,PM Peak,31.9
10223,PM Peak,24.9
10223,PM Peak,23.2
10223,PM Peak,29.5
10223,PM Peak,24.3
10223,PM Peak,10.1
10223,PM Peak,20.5
10223,PM Peak,27.9
10223,PM Peak,12.9
10223,PM Peak,38.4
10223,PM Peak,15.6
10223,PM Peak,19.2
10223,PM Peak,29.5
10223,PM Peak,38.6
10223,PM Peak,29
10223,PM Peak,16.9
10223,PM Peak,13
10223,PM Peak,31.6
10223,PM Peak,24.7
10223,PM Peak,18
10223,PM Peak,27
10223,PM Peak,25.2
10223,PM Peak,12.9
10223,PM Peak,24.9
10223,PM Peak,30.3
10223,PM Peak,36.7
10223,PM Peak,22.1
10223,PM Peak,10.2
10223,PM Peak,16.8
10223,PM Peak,27.4
10223,PM Peak,11.4
10223,PM Peak,21.6
10223,PM Peak,23
10223,PM Peak,16.9
10223,PM Peak,20.6
10223,PM Peak,23.3
10223,PM Peak,20.9
10223,PM Peak,26.6
10223,PM Peak,20.9
10223,PM Peak,24.1
10223,PM Peak,13.5
10223,PM Peak,17.8
10223,PM Peak,24.2
10223,PM Peak,31.5
10223,PM Peak,25.5
10223,PM Peak,11.1
10223,PM Peak,28.8
10223,PM Peak,14.4
10223,PM Peak,26.2
10223,PM Peak,22.9
10223,PM Peak,9.2
10223,PM Peak,28.2
10223,PM Peak,32.4
10223,PM Peak,22.8
10223,PM Peak,26
10223,PM Peak,22
10223,PM Peak,17.9
10223,PM Peak,31.5
10223,PM Peak,23.9
10223,PM Peak,19
10223,PM Peak,18.9
10223,PM Peak,3.7
10223,PM Peak,19.9
10223,PM Peak,13.1
10223,PM Peak,13.2
10223,PM Peak,26
10223,PM Peak,19.7
10223,PM Peak,8.8
10223,PM Peak,24.7
10223,PM Peak,33.7
10223,PM Peak,13.7
10223,PM Peak,22.4
10223,PM Peak,14.8
10223,PM Peak,28.5
10223,PM Peak,18.5
10223,PM Peak,24.9
10223,PM Peak,12.9
10223,PM Peak,15.1
10223,PM Peak,21.4
10223,PM Peak,17.4
10223,PM Peak,16.1
10223,PM Peak,15.2
10223,PM Peak,21.1
10223,PM Peak,20.6
10223,PM Peak,24.5
10223,PM Peak,28.6
10223,PM Peak,30.2
10223,PM Peak,23.9
10223,PM Peak,21.8
10223,PM Peak,16.9
10223,PM Peak,8.7
10223,PM Peak,27.5
10223,PM Peak,25
10223,PM Peak,7.7
10223,PM Peak,23.6
10223,PM Peak,12.7
10223,PM Peak,10.4
10223,PM Peak,21.7
10223,PM Peak,18.4
10223,PM Peak,16.8
10223,PM Peak,14.2
10223,PM Peak,17.7
10223,PM Peak,36.2
10223,PM Peak,24.3
10223,PM Peak,23.8
10223,PM Peak,5.2
10223,PM Peak,24.8
10223,PM Peak,24.4
10223,PM Peak,17.9
10223,PM Peak,22.6
10223,PM Peak,32.1
10223,PM Peak,13.9
10223,PM Peak,25.6
10223,PM Peak,7.1
10223,PM Peak,9.7
10223,PM Peak,19
10223,PM Peak,26.2
10223,PM Peak,12.7
10223,PM Peak,13.1
10223,PM Peak,20.5
10223,PM Peak,26
10223,PM Peak,9
10223,PM Peak,16.1
10223,PM Peak,22.9
10223,PM Peak,23.5
10223,PM Peak,14.6
10223,PM Peak,25.1
10223,PM Peak,18.9
10223,PM Peak,9
10223,PM Peak,11.1
10223,PM Peak,24.2
10223,PM Peak,20
10223,PM Peak,15
10223,PM Peak,15.5
10223,PM Peak,19.2
10223,PM Peak,23.8
10223,PM Peak,22.2
10223,PM Peak,21.7
10223,PM Peak,12.1
10223,PM Peak,27.5
10223,PM Peak,16.9
10223,PM Peak,20.9
10223,PM Peak,24.5
10223,PM Peak,24.5
10223,PM Peak,14.9
10223,PM Peak,21.8
10223,PM Peak,21.9
10223,PM Peak,42.4
10223,PM Peak,5.5
10223,PM Peak,35.3
10223,PM Peak,25
10223,PM Peak,14.1
10223,PM Peak,19.2
10223,PM Peak,17.2
10223,PM Peak,24.9
10223,PM Peak,28.9
10223,PM Peak,16.7
10223,PM Peak,23.2
10223,PM Peak,24.6
10223,PM Peak,24.2
10223,PM Peak,19
10223,PM Peak,30.8
10223,PM Peak,29.4
10223,PM Peak,30.7
10223,PM Peak,18.5
10223,PM Peak,5.4
10223,PM Peak,27.1
10223,PM Peak,21.6
10223,PM Peak,30.9
10223,PM Peak,27.2
10223,PM Peak,15.4
10223,PM Peak,22.1
10223,PM Peak,25.5
10223,PM Peak,20.8
10223,PM Peak,20.1
10223,PM Peak,16.3
10223,PM Peak,21.8
10223,PM Peak,11.1
10223,PM Peak,27
10223,PM Peak,10
10223,PM Peak,21.9
10223,PM Peak,25.4
10223,PM Peak,4.2
10223,PM Peak,14.3
10223,PM Peak,13.3
10223,PM Peak,24.7
10223,PM Peak,24.8
10223,PM Peak,17.2
10223,PM Peak,19.1
10223,PM Peak,34
10223,PM Peak,18.7
10223,PM Peak,25.2
10223,PM Peak,19.3
10223,PM Peak,27.2
10223,PM Peak,10.1
10223,PM Peak,11.9
10223,PM Peak,14.1
10223,PM Peak,26.7
10223,PM Peak,21.5
10223,PM Peak,14.5
10223,PM Peak,27.8
10223,PM Peak,11.7
10223,PM Peak,22.1
10223,PM Peak,27.4
10223,PM Peak,31.4
10223,PM Peak,16.6
10223,PM Peak,24.7
10223,PM Peak,23.7
10223,PM Peak,20.8
10223,PM Peak,29.5
10223,PM Peak,26.1
10223,PM Peak,25.4
10223,PM Peak,16
10223,PM Peak,23.9
10223,PM Peak,30.3
10223,PM Peak,6.6
10223,PM Peak,5.3
10223,PM Peak,14
10223,PM Peak,23.3
10223,PM Peak,6.8
10223,PM Peak,17.3
10223,PM Peak,23.8
10223,PM Peak,31.8
10223,PM Peak,26.8
10223,PM Peak,18.2
10223,PM Peak,11.9
10223,PM Peak,29.4
10223,PM Peak,26.7
10223,PM Peak,28
10223,PM Peak,15.4
10223,PM Peak,13.2
10223,PM Peak,21.5
10223,PM Peak,24.4
10223,PM Peak,8.7
10223,PM Peak,10.5
10223,PM Peak,22.1
10223,PM Peak,26
10223,PM Peak,21.9
10223,PM Peak,25.8
10223,PM Peak,14.1
10223,PM Peak,11.3
10223,PM Peak,21.8
10223,PM Peak,13.4
10223,PM Peak,24.3
10223,PM Peak,16.4
10223,PM Peak,9.7
10223,PM Peak,4.5
10223,PM Peak,25.6
10223,PM Peak,23.4
10223,PM Peak,21.8
10223,PM Peak,24.7
10223,PM Peak,27
10223,PM Peak,14
10223,PM Peak,19.8
10223,PM Peak,2.6
10223,PM Peak,31.9
10223,PM Peak,9.1
10223,PM Peak,15
10223,PM Peak,10.4
10223,PM Peak,22.3
10223,PM Peak,19.7
10223,PM Peak,28.1
10223,PM Peak,16.1
10223,PM Peak,30.2
10223,PM Peak,20.9
10223,PM Peak,13.4
10223,PM Peak,18.6
10223,PM Peak,12.5
10223,PM Peak,18.6
10223,PM Peak,15.5
10223,PM Peak,25.7
10223,PM Peak,11.2
10223,PM Peak,28
10223,PM Peak,22.7
10223,PM Peak,16.5
10223,PM Peak,26.5
10223,PM Peak,26.9
10223,PM Peak,31.6
10223,PM Peak,18.5
10223,PM Peak,21.5
10223,PM Peak,22.6
10223,PM Peak,14.5
10223,PM Peak,21.4
10223,PM Peak,17.6
10223,PM Peak,22.5
10223,PM Peak,21.6
10223,PM Peak,16.7
10223,PM Peak,15.8
10223,PM Peak,13.8
10223,PM Peak,7.4
10223,PM Peak,15.6
10223,PM Peak,24.1
10223,PM Peak,13
10223,PM Peak,14.3
10223,PM Peak,26.2
10223,PM Peak,21.3
10223,PM Peak,16.4
10223,PM Peak,21.7
10223,PM Peak,19.3
10223,PM Peak,27
10223,PM Peak,17.4
10223,PM Peak,28.7
10223,PM Peak,17.5
10223,PM Peak,22.7
10223,PM Peak,28.9
10223,PM Peak,24.9
10223,PM Peak,22.8
10223,PM Peak,10.2
10223,PM Peak,16.8
10223,PM Peak,15.7
10223,PM Peak,27
10223,PM Peak,22.9
10223,PM Peak,26.8
10223,PM Peak,30
10223,PM Peak,21.5
10223,PM Peak,27.4
10223,PM Peak,32.3
10223,PM Peak,15.9
10223,PM Peak,26.7
10223,PM Peak,32.2
10223,PM Peak,23
10223,PM Peak,22.7
10223,PM Peak,14.9
10223,PM Peak,16.6
10223,PM Peak,28.3
10223,PM Peak,11.2
10223,PM Peak,30.7
10223,PM Peak,40.3
10223,PM Peak,2.4
10223,PM Peak,30.3
10223,PM Peak,18.8
10223,PM Peak,22.1
10223,PM Peak,24.9
10223,PM Peak,24.8
10223,PM Peak,16.4
10223,PM Peak,24.5
10223,PM Peak,25.7
10223,PM Peak,25.6
10223,PM Peak,1.9
10223,PM Peak,21.8
10223,PM Peak,31.9
10223,PM Peak,13.2
10223,PM Peak,16.3
10223,PM Peak,19.5
10223,PM Peak,8.6
10223,PM Peak,25.2
10223,PM Peak,10.1
10223,PM Peak,28.6
10223,PM Peak,10.9
10223,PM Peak,15
10223,PM Peak,12.4
10223,PM Peak,17
10223,PM Peak,27.2
10223,PM Peak,29.9
10223,PM Peak,24.6
10223,PM Peak,18.6
10223,PM Peak,24.7
10223,PM Peak,28.7
10223,PM Peak,25
10223,PM Peak,25.9
10223,PM Peak,13.8
10223,PM Peak,27.2
10223,PM Peak,24.3
10223,PM Peak,28.4
10223,PM Peak,18
10223,PM Peak,17.8
10223,PM Peak,19.1
10223,PM Peak,41.4
10223,PM Peak,39.3
10223,PM Peak,33.1
10223,PM Peak,23.7
10223,PM Peak,19
10223,PM Peak,26.6
10223,PM Peak,24.9
10223,PM Peak,17.8
10223,PM Peak,25.9
10223,PM Peak,19.6
10223,PM Peak,25
10223,PM Peak,17.2
10225,AM Peak,12.4
10225,AM Peak,19.1
10225,AM Peak,17.2
10225,AM Peak,15
10225,AM Peak,18.4
10225,AM Peak,34.9
10225,AM Peak,19.3
10225,AM Peak,14.4
10225,AM Peak,12.7
10225,AM Peak,23.8
10225,AM Peak,13.3
10225,AM Peak,17.7
10225,AM Peak,16.6
10225,AM Peak,14
10225,AM Peak,12.8
10225,AM Peak,17.9
10225,AM Peak,13.2
10225,AM Peak,36.8
10225,AM Peak,31.3
10225,AM Peak,23.5
10225,AM Peak,20.6
10225,AM Peak,19.5
10225,AM Peak,10.9
10225,AM Peak,14.9
10225,AM Peak,10.8
10225,AM Peak,19.8
10225,AM Peak,12.4
10225,AM Peak,11.4
10225,AM Peak,13.5
10225,AM Peak,32.3
10225,AM Peak,13.3
10225,AM Peak,15.2
10225,AM Peak,16.7
10225,AM Peak,9.6
10225,AM Peak,25.1
10225,AM Peak,13.5
10225,AM Peak,18.2
10225,AM Peak,13.3
10225,AM Peak,17.8
10225,AM Peak,19.5
10225,AM Peak,24.1
10225,AM Peak,14.7
10225,AM Peak,17.1
10225,AM Peak,17
10225,AM Peak,33.5
10225,AM Peak,16.1
10225,AM Peak,17.1
10225,AM Peak,16.6
10225,AM Peak,26.1
10225,AM Peak,15.3
10225,AM Peak,22.8
10225,AM Peak,19.3
10225,AM Peak,11.9
10225,AM Peak,24.7
10225,AM Peak,18.5
10225,AM Peak,23
10225,AM Peak,19
10225,AM Peak,26.4
10225,AM Peak,36.1
10225,AM Peak,16.2
10225,AM Peak,15.9
10225,AM Peak,16.2
10225,AM Peak,12.2
10225,AM Peak,22.3
10225,AM Peak,25.9
10225,AM Peak,16.4
10225,AM Peak,9.7
10225,AM Peak,12.8
10225,AM Peak,32.5
10225,AM Peak,17.5
10225,AM Peak,15.4
10225,AM Peak,18.9
10225,AM Peak,18.9
10225,AM Peak,17.5
10225,AM Peak,15.9
10225,AM Peak,21.3
10225,AM Peak,12.1
10225,AM Peak,17.9
10225,AM Peak,15.3
10225,AM Peak,13.9
10225,AM Peak,15.4
10225,AM Peak,22
10225,AM Peak,30.7
10225,AM Peak,24.5
10225,AM Peak,19.8
10225,AM Peak,13
10225,AM Peak,16.6
10225,AM Peak,18.9
10225,AM Peak,16.1
10225,AM Peak,14.1
10225,AM Peak,18.8
10225,AM Peak,15.3
10225,AM Peak,17.4
10225,AM Peak,7.1
10225,AM Peak,19.8
10225,AM Peak,19.6
10225,AM Peak,17.5
10225,AM Peak,15
10225,AM Peak,16.6
10225,AM Peak,16.6
10225,AM Peak,17.6
10225,AM Peak,23.9
10225,AM Peak,17.7
10225,AM Peak,21
10225,AM Peak,14.4
10225,AM Peak,18.6
10225,AM Peak,15.9
10225,AM Peak,17.7
10225,AM Peak,15.2
10225,AM Peak,15
10225,AM Peak,24.6
10225,AM Peak,16.2
10225,AM Peak,16.7
10225,AM Peak,17.4
10225,AM Peak,15.9
10225,AM Peak,14.5
10225,AM Peak,12.8
10225,AM Peak,17.4
10225,AM Peak,19.9
10225,AM Peak,20.4
10225,AM Peak,18
10225,AM Peak,19.1
10225,AM Peak,17.2
10225,AM Peak,21.1
10225,AM Peak,17.9
10225,AM Peak,25.7
10225,AM Peak,16.4
10225,AM Peak,23.9
10225,AM Peak,24.3
10225,AM Peak,18.9
10225,AM Peak,23.2
10225,AM Peak,23
10225,AM Peak,17.2
10225,AM Peak,27.1
10225,AM Peak,24.6
10225,AM Peak,18.3
10225,AM Peak,20.6
10225,AM Peak,25.4
10225,AM Peak,13.1
10225,AM Peak,22.9
10225,AM Peak,31
10225,AM Peak,16.7
10225,AM Peak,32.4
10225,AM Peak,17.2
10225,AM Peak,26.3
10225,AM Peak,21.7
10225,AM Peak,20.7
10225,AM Peak,15.5
10225,AM Peak,30.9
10225,AM Peak,18.9
10225,AM Peak,18.8
10225,AM Peak,10.2
10225,AM Peak,11.9
10225,AM Peak,11.5
10225,AM Peak,23.9
10225,AM Peak,19.3
10225,AM Peak,17.5
10225,AM Peak,18.4
10225,AM Peak,28.5
10225,AM Peak,13.7
10225,AM Peak,14.3
10225,AM Peak,34.5
10225,AM Peak,18.3
10225,AM Peak,29
10225,AM Peak,17.4
10225,AM Peak,17
10225,AM Peak,16.5
10225,AM Peak,33.2
10225,AM Peak,17.7
10225,AM Peak,15.6
10225,AM Peak,13.8
10225,AM Peak,24.5
10225,AM Peak,22.7
10225,AM Peak,18.4
10225,AM Peak,27.2
10225,AM Peak,26.5
10225,AM Peak,24.7
10225,AM Peak,12.3
10225,AM Peak,13.1
10225,AM Peak,20.7
10225,AM Peak,13.9
10225,AM Peak,16
10225,AM Peak,18.2
10225,AM Peak,20.5
10225,AM Peak,17.1
10225,AM Peak,13.8
10225,AM Peak,20.4
10225,AM Peak,18.2
10225,AM Peak,34.9
10225,AM Peak,21
10225,AM Peak,24.1
10225,AM Peak,23.9
10225,AM Peak,17.3
10225,AM Peak,10.8
10225,AM Peak,11.5
10225,AM Peak,16.6
10225,AM Peak,32.8
10225,AM Peak,15.6
10225,AM Peak,17.3
10225,AM Peak,16.4
10225,AM Peak,17.4
10225,AM Peak,19.6
10225,AM Peak,18.7
10225,AM Peak,17.9
10225,AM Peak,5.2
10225,AM Peak,18.1
10225,AM Peak,14.3
10225,AM Peak,19.3
10225,AM Peak,14.7
10225,AM Peak,12.5
10225,AM Peak,16.7
10225,AM Peak,18
10225,AM Peak,16.6
10225,AM Peak,19.3
10225,AM Peak,21.4
10225,AM Peak,19.7
10225,AM Peak,27
10225,AM Peak,30.6
10225,AM Peak,18.9
10225,AM Peak,14.7
10225,AM Peak,20.1
10225,AM Peak,22
10225,AM Peak,14.2
10225,AM Peak,16.1
10225,AM Peak,8.8
10225,AM Peak,15.4
10225,AM Peak,15.6
10225,AM Peak,10.7
10225,AM Peak,14.2
10225,AM Peak,17.6
10225,AM Peak,17.3
10225,AM Peak,33.2
10225,AM Peak,20
10225,AM Peak,19.2
10225,AM Peak,19.9
10225,AM Peak,19.7
10225,AM Peak,13.9
10225,AM Peak,23.5
10225,AM Peak,21.2
10225,AM Peak,17.6
10225,AM Peak,13.9
10225,AM Peak,15.6
10225,AM Peak,12.4
10225,AM Peak,9.5
10225,AM Peak,19.1
10225,AM Peak,20.8
10225,AM Peak,15.6
10225,AM Peak,26.3
10225,AM Peak,21.1
10225,AM Peak,37.2
10225,AM Peak,13.3
10225,AM Peak,16.3
10225,AM Peak,25.2
10225,AM Peak,16.3
10225,AM Peak,20
10225,AM Peak,16.2
10225,AM Peak,19.5
10225,AM Peak,34.7
10225,AM Peak,17.2
10225,AM Peak,23.2
10225,AM Peak,20.8
10225,AM Peak,24.2
10225,AM Peak,15.7
10225,AM Peak,18.9
10225,AM Peak,15.1
10225,AM Peak,27
10225,AM Peak,15.4
10225,AM Peak,35.8
10225,AM Peak,14.9
10225,AM Peak,28.9
10225,AM Peak,11.5
10225,AM Peak,13.2
10225,AM Peak,16.9
10225,AM Peak,25.9
10225,AM Peak,19.7
10225,AM Peak,29.6
10225,AM Peak,21.4
10225,AM Peak,16.9
10225,AM Peak,18.1
10225,AM Peak,11
10225,AM Peak,17.6
10225,AM Peak,20.1
10225,AM Peak,15.8
10225,AM Peak,22.8
10225,AM Peak,17.3
10225,AM Peak,14.6
10225,AM Peak,25
10225,AM Peak,13.3
10225,AM Peak,26.9
10225,AM Peak,24
10225,AM Peak,22
10225,AM Peak,16.1
10225,AM Peak,14.7
10225,AM Peak,22.3
10225,AM Peak,24.1
10225,AM Peak,19.3
10225,AM Peak,15.7
10225,AM Peak,11.9
10225,AM Peak,19.2
10225,AM Peak,9.2
10225,AM Peak,38.9
10225,AM Peak,19.9
10225,AM Peak,29
10225,AM Peak,15.7
10225,AM Peak,13.7
10225,AM Peak,20.2
10225,AM Peak,19.9
10225,AM Peak,19
10225,AM Peak,34.8
10225,AM Peak,10.9
10225,AM Peak,35.5
10225,AM Peak,24.5
10225,AM Peak,22.1
10225,AM Peak,13.3
10225,AM Peak,15.9
10225,AM Peak,16.2
10225,AM Peak,13.9
10225,AM Peak,18.7
10225,AM Peak,23.1
10225,AM Peak,23.7
10225,AM Peak,21
10225,AM Peak,20.5
10225,AM Peak,17.5
10225,AM Peak,20.8
10225,AM Peak,29.2
10225,AM Peak,34.7
10225,AM Peak,20.3
10225,AM Peak,14.5
10225,AM Peak,18.4
10225,AM Peak,12.6
10225,AM Peak,14.6
10225,AM Peak,24.5
10225,AM Peak,19.2
10225,AM Peak,17.5
10225,AM Peak,31
10225,AM Peak,19.1
10225,AM Peak,15.2
10225,AM Peak,13.9
10225,AM Peak,13.7
10225,AM Peak,19.5
10225,AM Peak,16.6
10225,AM Peak,15.5
10225,AM Peak,31.8
10225,AM Peak,16.2
10225,AM Peak,13.9
10225,AM Peak,33.6
10225,AM Peak,13.3
10225,AM Peak,24.7
10225,AM Peak,22.3
10225,AM Peak,18.2
10225,AM Peak,33.3
10225,AM Peak,17.3
10225,AM Peak,22.1
10225,AM Peak,24.2
10225,AM Peak,11.6
10225,AM Peak,15.3
10225,AM Peak,32.4
10225,AM Peak,33.2
10225,AM Peak,21.4
10225,AM Peak,17.7
10225,AM Peak,16.3
10225,AM Peak,15.8
10225,AM Peak,24.1
10225,AM Peak,17.1
10225,AM Peak,21
10225,AM Peak,16.1
10225,AM Peak,29.4
10225,AM Peak,20.2
10225,AM Peak,22.4
10225,AM Peak,18.2
10225,AM Peak,27.5
10225,AM Peak,17.3
10225,AM Peak,20
10225,AM Peak,16.9
10225,AM Peak,32.1
10225,AM Peak,19.4
10225,AM Peak,16.5
10225,AM Peak,34.9
10225,AM Peak,16.8
10225,AM Peak,16.7
10225,AM Peak,17.2
10225,AM Peak,15
10225,AM Peak,16
10225,AM Peak,23.4
10225,AM Peak,15.3
10225,AM Peak,19.2
10225,AM Peak,13.3
10225,AM Peak,20.3
10225,AM Peak,12.2
10225,AM Peak,15
10225,AM Peak,18.3
10225,AM Peak,12.2
10225,AM Peak,20.3
10225,AM Peak,11.6
10225,AM Peak,15.1
10225,AM Peak,21.1
10225,AM Peak,35.2
10225,AM Peak,11.4
10225,AM Peak,15.8
10225,AM Peak,17.5
10225,AM Peak,19.8
10225,AM Peak,13.6
10225,AM Peak,19.6
10225,AM Peak,24.9
10225,AM Peak,22.5
10225,AM Peak,14.2
10225,AM Peak,17
10225,AM Peak,25.5
10225,AM Peak,13
10225,AM Peak,16.5
10225,AM Peak,15.4
10225,AM Peak,15.2
10225,AM Peak,12.5
10225,AM Peak,16.3
10225,AM Peak,12.9
10225,AM Peak,15.4
10225,AM Peak,13.4
10225,AM Peak,21
10225,AM Peak,19.1
10225,AM Peak,23.6
10225,AM Peak,15.2
10225,AM Peak,21.6
10225,AM Peak,22.9
10225,AM Peak,11.9
10225,AM Peak,13.8
10225,AM Peak,18.4
10225,AM Peak,19.2
10225,AM Peak,15.9
10225,AM Peak,20.5
10225,AM Peak,24.5
10225,AM Peak,20.6
10225,AM Peak,19.9
10225,AM Peak,15.2
10225,AM Peak,14.8
10225,AM Peak,22.4
10225,AM Peak,16
10225,AM Peak,20.1
10225,AM Peak,30
10225,AM Peak,26.1
10225,AM Peak,17.7
10225,AM Peak,19
10225,AM Peak,17
10225,AM Peak,20.8
10225,AM Peak,18.2
10225,AM Peak,17.4
10225,AM Peak,18.5
10225,AM Peak,12.8
10225,AM Peak,17.1
10225,AM Peak,20.1
10225,AM Peak,24
10225,AM Peak,15.3
10225,AM Peak,16.2
10225,AM Peak,19.2
10225,AM Peak,14.7
10225,AM Peak,21.4
10225,AM Peak,13.1
10225,AM Peak,25.5
10225,AM Peak,13.6
10225,AM Peak,18.2
10225,AM Peak,18.6
10225,AM Peak,22.8
10225,AM Peak,24.7
10225,AM Peak,15.7
10225,AM Peak,16.3
10225,AM Peak,15.3
10225,AM Peak,20.5
10225,AM Peak,15.7
10225,AM Peak,16.7
10225,AM Peak,18.5
10225,AM Peak,21.9
10225,AM Peak,24
10225,AM Peak,16.2
10225,AM Peak,16.7
10225,AM Peak,29.5
10225,AM Peak,18.1
10225,AM Peak,18.8
10225,AM Peak,15.7
10225,AM Peak,21.2
10225,AM Peak,14.6
10225,AM Peak,22.6
10225,AM Peak,26.1
10225,AM Peak,30.1
10225,AM Peak,20.3
10225,AM Peak,20.7
10225,AM Peak,19.5
10225,AM Peak,38.8
10225,AM Peak,20.3
10225,AM Peak,30.1
10225,AM Peak,16.5
10225,AM Peak,19
10225,AM Peak,11.3
10225,AM Peak,21.2
10225,AM Peak,17.8
10225,AM Peak,24.5
10225,AM Peak,23.7
10225,AM Peak,21.2
10225,AM Peak,23
10225,AM Peak,15.1
10225,AM Peak,9.7
10225,AM Peak,14.6
10225,PM Peak,36.3
10225,PM Peak,13.4
10225,PM Peak,29.5
10225,PM Peak,27.7
10225,PM Peak,35.3
10225,PM Peak,27
10225,PM Peak,27.6
10225,PM Peak,34.5
10225,PM Peak,31.6
10225,PM Peak,15.8
10225,PM Peak,31.9
10225,PM Peak,28
10225,PM Peak,37.4
10225,PM Peak,26.8
10225,PM Peak,26.3
10225,PM Peak,30.2
10225,PM Peak,29.2
10225,PM Peak,32.2
10225,PM Peak,17.4
10225,PM Peak,15.6
10225,PM Peak,21.4
10225,PM Peak,24
10225,PM Peak,15.9
10225,PM Peak,22.5
10225,PM Peak,22.6
10225,PM Peak,34.8
10225,PM Peak,27.2
10225,PM Peak,37.4
10225,PM Peak,27.7
10225,PM Peak,19.3
10225,PM Peak,33.2
10225,PM Peak,14
10225,PM Peak,19
10225,PM Peak,29.1
10225,PM Peak,23.1
10225,PM Peak,32.5
10225,PM Peak,20
10225,PM Peak,24
10225,PM Peak,23
10225,PM Peak,34.5
10225,PM Peak,28.2
10225,PM Peak,34.9
10225,PM Peak,31.6
10225,PM Peak,27.4
10225,PM Peak,27.5
10225,PM Peak,31.3
10225,PM Peak,33.6
10225,PM Peak,24
10225,PM Peak,28.7
10225,PM Peak,28.8
10225,PM Peak,33.7
10225,PM Peak,30.2
10225,PM Peak,34.1
10225,PM Peak,40.8
10225,PM Peak,31.4
10225,PM Peak,34.5
10225,PM Peak,29
10225,PM Peak,31.7
10225,PM Peak,25.6
10225,PM Peak,25.5
10225,PM Peak,35.3
10225,PM Peak,18.7
10225,PM Peak,33.3
10225,PM Peak,23.7
10225,PM Peak,36.6
10225,PM Peak,27.2
10225,PM Peak,27
10225,PM Peak,30.5
10225,PM Peak,32.5
10225,PM Peak,35.9
10225,PM Peak,31
10225,PM Peak,26.6
10225,PM Peak,32.7
10225,PM Peak,22.9
10225,PM Peak,32.6
10225,PM Peak,21.3
10225,PM Peak,20.5
10225,PM Peak,27.4
10225,PM Peak,37.1
10225,PM Peak,24.9
10225,PM Peak,31.6
10225,PM Peak,20.3
10225,PM Peak,20.5
10225,PM Peak,26.3
10225,PM Peak,33
10225,PM Peak,32.4
10225,PM Peak,17.1
10225,PM Peak,27.1
10225,PM Peak,35.8
10225,PM Peak,26.2
10225,PM Peak,23.3
10225,PM Peak,25.3
10225,PM Peak,26.8
10225,PM Peak,34.9
10225,PM Peak,32.6
10225,PM Peak,17.8
10225,PM Peak,24.6
10225,PM Peak,25.7
10225,PM Peak,38.4
10225,PM Peak,24.5
10225,PM Peak,27.6
10225,PM Peak,27.2
10225,PM Peak,25.5
10225,PM Peak,27.7
10225,PM Peak,31.3
10225,PM Peak,20.2
10225,PM Peak,33
10225,PM Peak,34.7
10225,PM Peak,25.2
10225,PM Peak,31.9
10225,PM Peak,32.5
10225,PM Peak,34.2
10225,PM Peak,32.7
10225,PM Peak,28
10225,PM Peak,33.3
10225,PM Peak,13
10225,PM Peak,27.9
10225,PM Peak,31
10225,PM Peak,27.3
10225,PM Peak,15
10225,PM Peak,38.4
10225,PM Peak,28.8
10225,PM Peak,24.6
10225,PM Peak,23.5
10225,PM Peak,14.3
10225,PM Peak,41.1
10225,PM Peak,19.1
10225,PM Peak,32.2
10225,PM Peak,31.5
10225,PM Peak,30.5
10225,PM Peak,35.2
10225,PM Peak,27.5
10225,PM Peak,19
10225,PM Peak,30.4
10225,PM Peak,26.4
10225,PM Peak,15.1
10225,PM Peak,31.5
10225,PM Peak,32.6
10225,PM Peak,39
10225,PM Peak,31.4
10225,PM Peak,27.7
10225,PM Peak,27
10225,PM Peak,35.9
10225,PM Peak,26.5
10225,PM Peak,33.1
10225,PM Peak,28.4
10225,PM Peak,22.8
10225,PM Peak,23.9
10225,PM Peak,35.2
10225,PM Peak,30.3
10225,PM Peak,16
10225,PM Peak,25.7
10225,PM Peak,31.3
10225,PM Peak,37.6
10225,PM Peak,32.4
10225,PM Peak,35.9
10225,PM Peak,13.8
10225,PM Peak,25.8
10225,PM Peak,21.8
10225,PM Peak,26.9
10225,PM Peak,31.8
10225,PM Peak,11.1
10225,PM Peak,21.1
10225,PM Peak,36.7
10225,PM Peak,36
10225,PM Peak,30.7
10225,PM Peak,20.5
10225,PM Peak,34.9
10225,PM Peak,24
10225,PM Peak,35.2
10225,PM Peak,18.7
10225,PM Peak,30.5
10225,PM Peak,25.8
10225,PM Peak,25.3
10225,PM Peak,30.8
10225,PM Peak,30.2
10225,PM Peak,27.7
10225,PM Peak,29.9
10225,PM Peak,21.1
10225,PM Peak,27.2
10225,PM Peak,37.7
10225,PM Peak,30.4
10225,PM Peak,19.4
10225,PM Peak,18.5
10225,PM Peak,29.7
10225,PM Peak,27.3
10225,PM Peak,30.7
10225,PM Peak,17
10225,PM Peak,20.3
10225,PM Peak,34.6
10225,PM Peak,8.5
10225,PM Peak,28
10225,PM Peak,31.2
10225,PM Peak,26.7
10225,PM Peak,34.7
10225,PM Peak,30.8
10225,PM Peak,33.2
10225,PM Peak,32.1
10225,PM Peak,30.8
10225,PM Peak,32.3
10225,PM Peak,23.3
10225,PM Peak,29.5
10225,PM Peak,37.2
10225,PM Peak,28.4
10225,PM Peak,37.9
10225,PM Peak,16.8
10225,PM Peak,31.2
10225,PM Peak,27.6
10225,PM Peak,36.2
10225,PM Peak,20.7
10225,PM Peak,25
10225,PM Peak,11.6
10225,PM Peak,29.6
10225,PM Peak,31.4
10225,PM Peak,28.7
10225,PM Peak,11.8
10225,PM Peak,12.3
10225,PM Peak,12
10225,PM Peak,25.1
10225,PM Peak,11
10225,PM Peak,37.3
10225,PM Peak,27.1
10225,PM Peak,34.9
10225,PM Peak,25.5
10225,PM Peak,24.1
10225,PM Peak,17.4
10225,PM Peak,25.1
10225,PM Peak,36
10225,PM Peak,33.9
10225,PM Peak,31.9
10225,PM Peak,31.2
10225,PM Peak,25.8
10225,PM Peak,30.4
10225,PM Peak,32.7
10225,PM Peak,17.7
10225,PM Peak,27.6
10225,PM Peak,37.7
10225,PM Peak,35.3
10225,PM Peak,32.7
10225,PM Peak,16.8
10225,PM Peak,36.5
10225,PM Peak,25.8
10225,PM Peak,33.5
10225,PM Peak,23.4
10225,PM Peak,29.5
10225,PM Peak,29.2
10225,PM Peak,30.8
10225,PM Peak,24.6
10225,PM Peak,33.8
10225,PM Peak,31.7
10225,PM Peak,29
10225,PM Peak,28.1
10225,PM Peak,29.8
10225,PM Peak,37.7
10225,PM Peak,34.1
10225,PM Peak,13.7
10225,PM Peak,21.4
10225,PM Peak,25.6
10225,PM Peak,24.4
10225,PM Peak,23.5
10225,PM Peak,35.6
10225,PM Peak,35.5
10225,PM Peak,30.9
10225,PM Peak,27.4
10225,PM Peak,31.7
10225,PM Peak,36.7
10225,PM Peak,32.2
10225,PM Peak,17.5
10225,PM Peak,10.1
10225,PM Peak,32.1
10225,PM Peak,31.3
10225,PM Peak,26
10225,PM Peak,29.9
10225,PM Peak,24.2
10225,PM Peak,25.9
10225,PM Peak,16.3
10225,PM Peak,37.5
10225,PM Peak,26.9
10225,PM Peak,38.1
10225,PM Peak,22.2
10225,PM Peak,18.9
10225,PM Peak,30
10225,PM Peak,32.4
10225,PM Peak,40
10225,PM Peak,34.4
10225,PM Peak,26.6
10225,PM Peak,32.5
10225,PM Peak,32.4
10225,PM Peak,33.3
10225,PM Peak,9.6
10225,PM Peak,23.1
10225,PM Peak,24.6
10225,PM Peak,40.3
10225,PM Peak,25.2
10225,PM Peak,34.5
10225,PM Peak,14.9
10225,PM Peak,35.7
10225,PM Peak,27.8
10225,PM Peak,24
10225,PM Peak,30.1
10225,PM Peak,32.5
10225,PM Peak,23.7
10225,PM Peak,30.6
10225,PM Peak,28.8
10225,PM Peak,39.8
10225,PM Peak,28.7
10225,PM Peak,35.8
10225,PM Peak,34.7
10225,PM Peak,30.3
10225,PM Peak,23.6
10225,PM Peak,32.2
10225,PM Peak,35.8
10225,PM Peak,30.8
10225,PM Peak,24
10225,PM Peak,31.4
10225,PM Peak,30.1
10225,PM Peak,25.3
10225,PM Peak,26.5
10225,PM Peak,39.5
10225,PM Peak,31.2
10225,PM Peak,20
10225,PM Peak,26.9
10225,PM Peak,31.2
10225,PM Peak,27.8
10225,PM Peak,32.3
10225,PM Peak,27.9
10225,PM Peak,26.6
10225,PM Peak,23.6
10225,PM Peak,28.3
10225,PM Peak,25.2
10225,PM Peak,18.6
10225,PM Peak,30.9
10225,PM Peak,17.7
10225,PM Peak,34.4
10225,PM Peak,31.8
10225,PM Peak,12
10225,PM Peak,27.9
10225,PM Peak,25.6
10225,PM Peak,19
10225,PM Peak,28.3
10225,PM Peak,31.6
10225,PM Peak,26.8
10225,PM Peak,29
10225,PM Peak,29.2
10225,PM Peak,30.8
10225,PM Peak,27.4
10225,PM Peak,26.1
10225,PM Peak,24.9
10225,PM Peak,28.5
10225,PM Peak,32
10225,PM Peak,33.1
10225,PM Peak,27.8
10225,PM Peak,30.7
10225,PM Peak,11.4
10225,PM Peak,27.8
10225,PM Peak,33
10225,PM Peak,32
10225,PM Peak,36.7
10225,PM Peak,34.1
10225,PM Peak,32.7
10225,PM Peak,27.2
10225,PM Peak,29.4
10225,PM Peak,31.7
10225,PM Peak,27.4
10225,PM Peak,30.5
10225,PM Peak,28.1
10225,PM Peak,28.7
10225,PM Peak,27.7
10225,PM Peak,31.2
10225,PM Peak,13.5
10225,PM Peak,30.2
10225,PM Peak,34.3
10225,PM Peak,27.2
10225,PM Peak,31
10225,PM Peak,24.8
10225,PM Peak,32.3
10225,PM Peak,27.9
10225,PM Peak,41.4
10225,PM Peak,27.2
10225,PM Peak,29.3
10225,PM Peak,37.8
10225,PM Peak,25
10225,PM Peak,15.5
10225,PM Peak,31.6
10225,PM Peak,31
10225,PM Peak,36.1
10225,PM Peak,25.7
10225,PM Peak,12.3
10225,PM Peak,18.9
10225,PM Peak,37.8
10225,PM Peak,31
10225,PM Peak,34.2
10225,PM Peak,32.3
10225,PM Peak,10.6
10225,PM Peak,22.3
10225,PM Peak,29.6
10225,PM Peak,26.9
10225,PM Peak,36.6
10225,PM Peak,30.2
10225,PM Peak,28
10225,PM Peak,35.4
10225,PM Peak,33
10225,PM Peak,26.7
10225,PM Peak,26.2
10225,PM Peak,20.6
10225,PM Peak,29.2
10225,PM Peak,32
10225,PM Peak,32.6
10225,PM Peak,27.6
10225,PM Peak,31.1
10225,PM Peak,17.9
10225,PM Peak,33.6
10225,PM Peak,28.3
10225,PM Peak,23.3
10225,PM Peak,12.5
10225,PM Peak,33.2
10225,PM Peak,32.8
10225,PM Peak,32.6
10225,PM Peak,29.4
10225,PM Peak,21.9
10225,PM Peak,34.4
10225,PM Peak,32.8
10225,PM Peak,23.4
10225,PM Peak,36.4
10225,PM Peak,19.7
10225,PM Peak,22.2
10225,PM Peak,38.2
10225,PM Peak,32.7
10225,PM Peak,26.8
10225,PM Peak,9.8
10225,PM Peak,19.4
10225,PM Peak,46.8
10225,PM Peak,36.5
10225,PM Peak,28.6
10225,PM Peak,31.8
10225,PM Peak,28.5
10225,PM Peak,28.1
10225,PM Peak,23
10225,PM Peak,34.8
10225,PM Peak,23.8
10225,PM Peak,29.6
10225,PM Peak,30.5
10225,PM Peak,33.3
10225,PM Peak,23.8
10225,PM Peak,33.2
10225,PM Peak,27.6
10225,PM Peak,26.7
10225,PM Peak,26.3
10225,PM Peak,33.4
10225,PM Peak,33.4
10225,PM Peak,19.6
10225,PM Peak,32.4
10225,PM Peak,19.7
10225,PM Peak,35.3
10225,PM Peak,21
10225,PM Peak,38.5
10225,PM Peak,35.5
10225,PM Peak,31.6
10225,PM Peak,27.6
10225,PM Peak,30
10225,PM Peak,34.4
10225,PM Peak,31.9
10225,PM Peak,33
10225,PM Peak,27.7
10225,PM Peak,31
10225,PM Peak,30.5
10225,PM Peak,27.1
10225,PM Peak,24.8
10225,PM Peak,26.9
10225,PM Peak,29.4
10225,PM Peak,28.2
10225,PM Peak,25.9
10225,PM Peak,28.7
10225,PM Peak,31.6
10225,PM Peak,36.8
10225,PM Peak,15.1
10225,PM Peak,18.3
10225,PM Peak,28.1
10225,PM Peak,33.2
10225,PM Peak,30.9
10225,PM Peak,30.1
10225,PM Peak,15.2
10225,PM Peak,23.9
10225,PM Peak,14.9
10225,PM Peak,29.6
10225,PM Peak,10.5
10225,PM Peak,32.1
10225,PM Peak,27.6
10225,PM Peak,29.6
10225,PM Peak,46.4
10225,PM Peak,24.6
10225,PM Peak,29.7
10225,PM Peak,26.4
10225,PM Peak,27.2
10225,PM Peak,23.5
10225,PM Peak,31.6
10225,PM Peak,30.8
10225,PM Peak,27
10225,PM Peak,38.1
10225,PM Peak,27.1
10484,AM Peak,23.8
10484,AM Peak,14.6
10484,AM Peak,23.9
10484,AM Peak,20.9
10484,AM Peak,21.1
10484,AM Peak,23.5
10484,AM Peak,25.2
10484,AM Peak,20.2
10484,AM Peak,2.4
10484,AM Peak,10.7
10484,AM Peak,22.2
10484,AM Peak,57.2
10484,AM Peak,22.5
10484,AM Peak,19
10484,AM Peak,19.6
10484,AM Peak,19.3
10484,AM Peak,22.1
10484,AM Peak,21.2
10484,AM Peak,11.5
10484,AM Peak,27.1
10484,AM Peak,20.9
10484,AM Peak,16
10484,AM Peak,26.2
10484,AM Peak,21.9
10484,AM Peak,15
10484,AM Peak,24.7
10484,AM Peak,20.8
10484,AM Peak,26.2
10484,AM Peak,18.9
10484,AM Peak,15.8
10484,AM Peak,18.2
10484,AM Peak,27.8
10484,AM Peak,23.1
10484,AM Peak,25.6
10484,AM Peak,31.1
10484,AM Peak,20.9
10484,AM Peak,23
10484,AM Peak,26.9
10484,AM Peak,23.1
10484,AM Peak,20.1
10484,AM Peak,27.7
10484,AM Peak,23
10484,AM Peak,22.1
10484,AM Peak,24.3
10484,AM Peak,20
10484,AM Peak,20.4
10484,AM Peak,19.9
10484,AM Peak,25.8
10484,AM Peak,24.6
10484,AM Peak,7.6
10484,AM Peak,23.8
10484,AM Peak,27
10484,AM Peak,4.2
10484,AM Peak,15.9
10484,AM Peak,18.9
10484,AM Peak,17.7
10484,AM Peak,26.2
10484,AM Peak,24.6
10484,AM Peak,23.2
10484,AM Peak,23.4
10484,AM Peak,26.3
10484,AM Peak,21.6
10484,AM Peak,26.5
10484,AM Peak,28.1
10484,AM Peak,23.9
10484,AM Peak,27.2
10484,AM Peak,25.3
10484,AM Peak,25
10484,AM Peak,24.2
10484,AM Peak,22.1
10484,AM Peak,26.9
10484,AM Peak,27.1
10484,AM Peak,28.7
10484,AM Peak,15.4
10484,AM Peak,18.9
10484,AM Peak,21
10484,AM Peak,27.5
10484,AM Peak,20.3
10484,AM Peak,17.7
10484,AM Peak,23.4
10484,AM Peak,23.8
10484,AM Peak,22.2
10484,AM Peak,17.4
10484,AM Peak,18.1
10484,AM Peak,24.1
10484,AM Peak,24.8
10484,AM Peak,16.3
10484,AM Peak,20.3
10484,AM Peak,22.2
10484,AM Peak,20.5
10484,AM Peak,24.9
10484,AM Peak,22.4
10484,AM Peak,22.2
10484,AM Peak,25.2
10484,AM Peak,22.6
10484,AM Peak,32.4
10484,AM Peak,20.1
10484,AM Peak,21.2
10484,AM Peak,24.8
10484,AM Peak,35
10484,AM Peak,19.9
10484,AM Peak,21.9
10484,AM Peak,20.6
10484,AM Peak,19.4
10484,AM Peak,19.7
10484,AM Peak,28.1
10484,AM Peak,17.5
10484,AM Peak,21.3
10484,AM Peak,12.9
10484,AM Peak,24.9
10484,AM Peak,15.9
10484,AM Peak,22.2
10484,AM Peak,20.3
10484,AM Peak,21
10484,AM Peak,24.1
10484,AM Peak,19.9
10484,AM Peak,22.5
10484,AM Peak,27.1
10484,AM Peak,16.7
10484,AM Peak,21.6
10484,AM Peak,16.5
10484,AM Peak,19.9
10484,AM Peak,20.5
10484,AM Peak,21.6
10484,AM Peak,20.1
10484,AM Peak,21.6
10484,AM Peak,24.4
10484,AM Peak,14.2
10484,AM Peak,23.9
10484,AM Peak,17.6
10484,AM Peak,21.3
10484,AM Peak,18.7
10484,AM Peak,17.4
10484,AM Peak,21.5
10484,AM Peak,18
10484,AM Peak,23.2
10484,AM Peak,20.6
10484,AM Peak,25.2
10484,AM Peak,21.8
10484,AM Peak,20
10484,AM Peak,27.5
10484,AM Peak,14.6
10484,AM Peak,22
10484,AM Peak,14.9
10484,AM Peak,19.5
10484,AM Peak,50.4
10484,AM Peak,25.2
10484,AM Peak,22
10484,AM Peak,24.7
10484,AM Peak,22
10484,AM Peak,29.5
10484,AM Peak,24
10484,AM Peak,21.5
10484,AM Peak,23.6
10484,AM Peak,27.3
10484,AM Peak,20.6
10484,AM Peak,26.8
10484,AM Peak,20
10484,AM Peak,28.5
10484,AM Peak,21.1
10484,AM Peak,33.3
10484,AM Peak,33.2
10484,AM Peak,15.5
10484,AM Peak,22.9
10484,AM Peak,22.4
10484,AM Peak,26.5
10484,AM Peak,21.3
10484,AM Peak,23.2
10484,AM Peak,22.5
10484,AM Peak,19.7
10484,AM Peak,30.3
10484,AM Peak,19
10484,AM Peak,25.1
10484,AM Peak,22.6
10484,AM Peak,22
10484,AM Peak,24.6
10484,AM Peak,23.3
10484,AM Peak,21.1
10484,AM Peak,22.1
10484,AM Peak,28.7
10484,AM Peak,28.7
10484,AM Peak,21.5
10484,AM Peak,22.7
10484,AM Peak,23.4
10484,AM Peak,16.3
10484,AM Peak,2.2
10484,AM Peak,25.5
10484,AM Peak,15.2
10484,AM Peak,21.6
10484,AM Peak,20
10484,AM Peak,20.2
10484,AM Peak,20.5
10484,AM Peak,23.5
10484,AM Peak,23.7
10484,AM Peak,24.8
10484,AM Peak,25.1
10484,AM Peak,15.2
10484,AM Peak,23.1
10484,AM Peak,22
10484,AM Peak,18.4
10484,AM Peak,25.3
10484,AM Peak,5.1
10484,AM Peak,23.6
10484,AM Peak,20
10484,AM Peak,23.1
10484,AM Peak,10.5
10484,AM Peak,21
10484,AM Peak,30.4
10484,AM Peak,27.6
10484,AM Peak,20.6
10484,AM Peak,21.2
10484,AM Peak,21.6
10484,AM Peak,22.3
10484,AM Peak,37.4
10484,AM Peak,21.1
10484,AM Peak,23.8
10484,AM Peak,22.4
10484,AM Peak,24.4
10484,AM Peak,25.9
10484,AM Peak,22.5
10484,AM Peak,22.8
10484,AM Peak,22.4
10484,AM Peak,21
10484,AM Peak,18.5
10484,AM Peak,21
10484,AM Peak,20.6
10484,AM Peak,14.4
10484,AM Peak,23.8
10484,AM Peak,29.9
10484,AM Peak,18.6
10484,AM Peak,19.1
10484,AM Peak,23
10484,AM Peak,21.7
10484,AM Peak,17.9
10484,AM Peak,19.6
10484,AM Peak,26.9
10484,AM Peak,20.2
10484,AM Peak,18.1
10484,AM Peak,21.4
10484,AM Peak,20.3
10484,AM Peak,4.5
10484,AM Peak,18.4
10484,AM Peak,18
10484,AM Peak,24.9
10484,AM Peak,16
10484,AM Peak,26
10484,AM Peak,21.9
10484,AM Peak,18
10484,AM Peak,26.8
10484,AM Peak,34
10484,AM Peak,18.8
10484,AM Peak,24.9
10484,AM Peak,16.5
10484,AM Peak,29.1
10484,AM Peak,18.4
10484,AM Peak,21
10484,AM Peak,22.8
10484,AM Peak,15
10484,AM Peak,18.9
10484,AM Peak,28.3
10484,AM Peak,27.1
10484,AM Peak,16.2
10484,AM Peak,7.1
10484,AM Peak,23
10484,AM Peak,18.2
10484,AM Peak,16.6
10484,AM Peak,12.3
10484,AM Peak,22.4
10484,AM Peak,25.3
10484,AM Peak,20.8
10484,AM Peak,17.2
10484,AM Peak,27.3
10484,AM Peak,16.2
10484,AM Peak,22.4
10484,AM Peak,30.2
10484,AM Peak,18.2
10484,AM Peak,22
10484,AM Peak,15.5
10484,AM Peak,26.1
10484,AM Peak,17.3
10484,AM Peak,22.4
10484,AM Peak,26.2
10484,AM Peak,27.5
10484,AM Peak,22.5
10484,AM Peak,19.7
10484,AM Peak,24.6
10484,AM Peak,20.9
10484,AM Peak,18.3
10484,AM Peak,23.5
10484,AM Peak,21.2
10484,AM Peak,20.5
10484,AM Peak,21.6
10484,AM Peak,21.3
10484,AM Peak,21.5
10484,AM Peak,19.1
10484,AM Peak,18.3
10484,AM Peak,23.4
10484,AM Peak,26.7
10484,AM Peak,17.3
10484,AM Peak,26.7
10484,AM Peak,26.8
10484,AM Peak,23.1
10484,AM Peak,26.7
10484,AM Peak,28.5
10484,AM Peak,19.7
10484,AM Peak,19
10484,AM Peak,5.7
10484,AM Peak,22
10484,AM Peak,32.8
10484,AM Peak,24.6
10484,AM Peak,25.3
10484,AM Peak,28.8
10484,AM Peak,22.2
10484,AM Peak,16.5
10484,AM Peak,23.1
10484,AM Peak,15.5
10484,AM Peak,19.4
10484,AM Peak,18.9
10484,AM Peak,21.1
10484,AM Peak,16.5
10484,AM Peak,22.2
10484,AM Peak,25.5
10484,AM Peak,19.4
10484,AM Peak,26.7
10484,AM Peak,22.6
10484,AM Peak,15.7
10484,AM Peak,21
10484,AM Peak,19.5
10484,AM Peak,18.8
10484,AM Peak,24.9
10484,AM Peak,17.3
10484,AM Peak,20.3
10484,AM Peak,18.6
10484,AM Peak,20.8
10484,AM Peak,20.7
10484,AM Peak,13.8
10484,AM Peak,21.5
10484,AM Peak,20
10484,AM Peak,50.6
10484,AM Peak,21
10484,AM Peak,22.3
10484,AM Peak,22.2
10484,AM Peak,15
10484,AM Peak,19.6
10484,AM Peak,27.1
10484,AM Peak,20.3
10484,AM Peak,26
10484,AM Peak,19.6
10484,AM Peak,23.8
10484,AM Peak,26.9
10484,AM Peak,20.7
10484,AM Peak,22
10484,AM Peak,27.7
10484,AM Peak,20.8
10484,AM Peak,18.3
10484,AM Peak,13.3
10484,AM Peak,5.9
10484,AM Peak,15
10484,AM Peak,23.3
10484,AM Peak,23.9
10484,AM Peak,25.2
10484,AM Peak,26
10484,AM Peak,27.3
10484,AM Peak,24.9
10484,AM Peak,23
10484,AM Peak,25.4
10484,AM Peak,18.1
10484,AM Peak,21
10484,AM Peak,20.1
10484,AM Peak,40.1
10484,AM Peak,18.5
10484,AM Peak,5.4
10484,AM Peak,9.2
10484,AM Peak,28
10484,AM Peak,17.8
10484,AM Peak,24
10484,AM Peak,29.4
10484,AM Peak,26.8
10484,AM Peak,3
10484,AM Peak,18.8
10484,AM Peak,15.1
10484,AM Peak,22.8
10484,AM Peak,17.4
10484,AM Peak,21.4
10484,AM Peak,21.7
10484,AM Peak,17.1
10484,AM Peak,23.4
10484,AM Peak,31.8
10484,AM Peak,28.4
10484,AM Peak,17.9
10484,AM Peak,15.1
10484,AM Peak,18.6
10484,AM Peak,25.6
10484,AM Peak,17.8
10484,AM Peak,21.1
10484,AM Peak,28.4
10484,AM Peak,20.3
10484,AM Peak,24.6
10484,AM Peak,27.1
10484,AM Peak,21
10484,AM Peak,8.3
10484,AM Peak,21.8
10484,AM Peak,24.6
10484,AM Peak,22.1
10484,AM Peak,21.3
10484,AM Peak,20.8
10484,AM Peak,27
10484,AM Peak,22.3
10484,AM Peak,13.7
10484,AM Peak,25.4
10484,AM Peak,27.4
10484,AM Peak,26.3
10484,AM Peak,19.6
10484,AM Peak,30.9
10484,AM Peak,19.5
10484,AM Peak,17.3
10484,AM Peak,16.9
10484,AM Peak,25.8
10484,AM Peak,26.9
10484,AM Peak,25.8
10484,AM Peak,27.4
10484,AM Peak,21.7
10484,AM Peak,21.4
10484,AM Peak,24.3
10484,AM Peak,31.3
10484,AM Peak,23.1
10484,AM Peak,24
10484,AM Peak,14.8
10484,AM Peak,31.8
10484,AM Peak,19.3
10484,AM Peak,28.3
10484,AM Peak,23.7
10484,AM Peak,18.1
10484,AM Peak,17.4
10484,AM Peak,15
10484,AM Peak,12.9
10484,AM Peak,27.2
10484,AM Peak,9.6
10484,AM Peak,17.7
10484,AM Peak,16.2
10484,AM Peak,21.3
10484,AM Peak,16.6
10484,AM Peak,19.6
10484,AM Peak,21.9
10484,AM Peak,20.9
10484,AM Peak,31.4
10484,AM Peak,22.2
10484,AM Peak,11.7
10484,AM Peak,17.9
10484,AM Peak,24.1
10484,AM Peak,17.7
10484,AM Peak,28.8
10484,AM Peak,17.1
10484,AM Peak,23
10484,AM Peak,23.9
10484,AM Peak,21.3
10484,AM Peak,21.4
10484,AM Peak,21.9
10484,AM Peak,19
10484,AM Peak,22.4
10484,AM Peak,20.5
10484,AM Peak,29.3
10484,AM Peak,31
10484,AM Peak,28
10484,AM Peak,32.6
10484,AM Peak,20.5
10484,AM Peak,19
10484,AM Peak,20.3
10484,AM Peak,28.1
10484,AM Peak,23.4
10484,AM Peak,28.5
10484,AM Peak,26
10484,AM Peak,20.3
10484,AM Peak,14.6
10484,AM Peak,27.4
10484,AM Peak,24.8
10484,AM Peak,23
10484,AM Peak,21.4
10484,AM Peak,20.3
10484,AM Peak,19.1
10484,AM Peak,21.6
10484,AM Peak,20
10484,AM Peak,25.5
10484,AM Peak,19
10484,AM Peak,25.7
10484,AM Peak,34.3
10484,AM Peak,21.6
10484,AM Peak,22.3
10484,AM Peak,18.7
10484,AM Peak,23.9
10484,AM Peak,26.6
10484,AM Peak,27.1
10484,AM Peak,17.4
10484,AM Peak,23.8
10484,AM Peak,20.9
10484,AM Peak,25.9
10484,AM Peak,18.1
10484,AM Peak,25.1
10484,AM Peak,24.6
10484,AM Peak,26.1
10484,PM Peak,19.9
10484,PM Peak,27.3
10484,PM Peak,18.8
10484,PM Peak,22.1
10484,PM Peak,23.4
10484,PM Peak,29.3
10484,PM Peak,27.7
10484,PM Peak,28.3
10484,PM Peak,22.3
10484,PM Peak,26.7
10484,PM Peak,26.1
10484,PM Peak,2.3
10484,PM Peak,22.1
10484,PM Peak,22.3
10484,PM Peak,26.2
10484,PM Peak,17.4
10484,PM Peak,12.8
10484,PM Peak,25.2
10484,PM Peak,12.9
10484,PM Peak,21.7
10484,PM Peak,19.9
10484,PM Peak,21.4
10484,PM Peak,20.5
10484,PM Peak,22
10484,PM Peak,25.7
10484,PM Peak,19.4
10484,PM Peak,20.3
10484,PM Peak,23.1
10484,PM Peak,18.1
10484,PM Peak,22.8
10484,PM Peak,22.6
10484,PM Peak,21.4
10484,PM Peak,15.4
10484,PM Peak,5.5
10484,PM Peak,21.7
10484,PM Peak,11.7
10484,PM Peak,26.3
10484,PM Peak,22.4
10484,PM Peak,20.4
10484,PM Peak,2.6
10484,PM Peak,22.2
10484,PM Peak,14.4
10484,PM Peak,16.3
10484,PM Peak,28.3
10484,PM Peak,2.9
10484,PM Peak,22.6
10484,PM Peak,19.9
10484,PM Peak,31.8
10484,PM Peak,19.4
10484,PM Peak,29.1
10484,PM Peak,14.8
10484,PM Peak,21.8
10484,PM Peak,22.9
10484,PM Peak,26.8
10484,PM Peak,24.2
10484,PM Peak,9.3
10484,PM Peak,17.1
10484,PM Peak,14
10484,PM Peak,16.1
10484,PM Peak,22.6
10484,PM Peak,27.7
10484,PM Peak,13.9
10484,PM Peak,20.1
10484,PM Peak,27.8
10484,PM Peak,25
10484,PM Peak,13.9
10484,PM Peak,21.1
10484,PM Peak,26.6
10484,PM Peak,22.6
10484,PM Peak,28.8
10484,PM Peak,17
10484,PM Peak,19
10484,PM Peak,24.3
10484,PM Peak,22.8
10484,PM Peak,11.5
10484,PM Peak,26.9
10484,PM Peak,11.9
10484,PM Peak,23.5
10484,PM Peak,30.8
10484,PM Peak,23.1
10484,PM Peak,19.5
10484,PM Peak,29.2
10484,PM Peak,24
10484,PM Peak,21.2
10484,PM Peak,18.6
10484,PM Peak,20.5
10484,PM Peak,21.4
10484,PM Peak,21.7
10484,PM Peak,14.7
10484,PM Peak,35.3
10484,PM Peak,20.8
10484,PM Peak,25.7
10484,PM Peak,19.7
10484,PM Peak,21.4
10484,PM Peak,29
10484,PM Peak,13.7
10484,PM Peak,24.2
10484,PM Peak,14.2
10484,PM Peak,19.5
10484,PM Peak,16
10484,PM Peak,23.7
10484,PM Peak,15.6
10484,PM Peak,21.4
10484,PM Peak,24.5
10484,PM Peak,31.4
10484,PM Peak,17.9
10484,PM Peak,15.9
10484,PM Peak,27.3
10484,PM Peak,16.9
10484,PM Peak,17.1
10484,PM Peak,21.9
10484,PM Peak,21.5
10484,PM Peak,24.4
10484,PM Peak,21.1
10484,PM Peak,20.8
10484,PM Peak,10.8
10484,PM Peak,15.7
10484,PM Peak,29.3
10484,PM Peak,14.3
10484,PM Peak,5.7
10484,PM Peak,22.7
10484,PM Peak,19.9
10484,PM Peak,24.1
10484,PM Peak,20.9
10484,PM Peak,19.2
10484,PM Peak,15.2
10484,PM Peak,16.9
10484,PM Peak,17
10484,PM Peak,22.8
10484,PM Peak,23.2
10484,PM Peak,14.9
10484,PM Peak,17.9
10484,PM Peak,25.4
10484,PM Peak,12.9
10484,PM Peak,17.8
10484,PM Peak,18.8
10484,PM Peak,29
10484,PM Peak,14.1
10484,PM Peak,19.9
10484,PM Peak,20.3
10484,PM Peak,24.2
10484,PM Peak,18.3
10484,PM Peak,20.4
10484,PM Peak,24.3
10484,PM Peak,18
10484,PM Peak,21
10484,PM Peak,16.6
10484,PM Peak,18.1
10484,PM Peak,29.3
10484,PM Peak,18.3
10484,PM Peak,23.7
10484,PM Peak,13.6
10484,PM Peak,21.6
10484,PM Peak,7.7
10484,PM Peak,22.1
10484,PM Peak,17
10484,PM Peak,15.7
10484,PM Peak,14.3
10484,PM Peak,22.2
10484,PM Peak,19
10484,PM Peak,20.8
10484,PM Peak,14.3
10484,PM Peak,10.6
10484,PM Peak,5.9
10484,PM Peak,21.7
10484,PM Peak,25.3
10484,PM Peak,18.8
10484,PM Peak,17.7
10484,PM Peak,19.5
10484,PM Peak,23.1
10484,PM Peak,2.7
10484,PM Peak,22.1
10484,PM Peak,15.1
10484,PM Peak,18
10484,PM Peak,26.2
10484,PM Peak,3
10484,PM Peak,14.9
10484,PM Peak,20
10484,PM Peak,15.8
10484,PM Peak,16.8
10484,PM Peak,25.5
10484,PM Peak,22.3
10484,PM Peak,17.9
10484,PM Peak,28.1
10484,PM Peak,7
10484,PM Peak,24.5
10484,PM Peak,24.7
10484,PM Peak,26.7
10484,PM Peak,13.9
10484,PM Peak,17.4
10484,PM Peak,25.1
10484,PM Peak,18.2
10484,PM Peak,24.5
10484,PM Peak,20.7
10484,PM Peak,20.4
10484,PM Peak,18.6
10484,PM Peak,27.5
10484,PM Peak,21.7
10484,PM Peak,20.9
10484,PM Peak,30.8
10484,PM Peak,21.4
10484,PM Peak,22.1
10484,PM Peak,19.6
10484,PM Peak,16.7
10484,PM Peak,24.6
10484,PM Peak,22.9
10484,PM Peak,21.4
10484,PM Peak,20.6
10484,PM Peak,23.4
10484,PM Peak,19.4
10484,PM Peak,25.3
10484,PM Peak,21.5
10484,PM Peak,16.4
10484,PM Peak,14
10484,PM Peak,26.9
10484,PM Peak,18.5
10484,PM Peak,26.8
10484,PM Peak,21.3
10484,PM Peak,25
10484,PM Peak,24.5
10484,PM Peak,15.8
10484,PM Peak,21.2
10484,PM Peak,10.9
10484,PM Peak,25.6
10484,PM Peak,19.7
10484,PM Peak,18.6
10484,PM Peak,20.8
10484,PM Peak,20.1
10484,PM Peak,26.4
10484,PM Peak,19.8
10484,PM Peak,24.6
10484,PM Peak,46.8
10484,PM Peak,21.4
10484,PM Peak,25.8
10484,PM Peak,12.7
10484,PM Peak,31.5
10484,PM Peak,24.4
10484,PM Peak,23.9
10484,PM Peak,21.3
10484,PM Peak,21.2
10484,PM Peak,23.2
10484,PM Peak,11.9
10484,PM Peak,16.2
10484,PM Peak,20.5
10484,PM Peak,23.7
10484,PM Peak,18.7
10484,PM Peak,20.4
10484,PM Peak,21.7
10484,PM Peak,22.5
10484,PM Peak,21.7
10484,PM Peak,23.2
10484,PM Peak,23.6
10484,PM Peak,15.4
10484,PM Peak,57.2
10484,PM Peak,29.4
10484,PM Peak,24
10484,PM Peak,22.1
10484,PM Peak,16.8
10484,PM Peak,15.3
10484,PM Peak,27.8
10484,PM Peak,21.3
10484,PM Peak,28
10484,PM Peak,13.5
10484,PM Peak,21.3
10484,PM Peak,30.8
10484,PM Peak,20.8
10484,PM Peak,38.4
10484,PM Peak,17.3
10484,PM Peak,15.7
10484,PM Peak,22
10484,PM Peak,14.5
10484,PM Peak,25.6
10484,PM Peak,28.4
10484,PM Peak,21.9
10484,PM Peak,22.2
10484,PM Peak,24.2
10484,PM Peak,15.2
10484,PM Peak,14.8
10484,PM Peak,13.8
10484,PM Peak,28.8
10484,PM Peak,23.7
10484,PM Peak,25.6
10484,PM Peak,23.9
10484,PM Peak,16.6
10484,PM Peak,27.4
10484,PM Peak,10.1
10484,PM Peak,15.7
10484,PM Peak,28.8
10484,PM Peak,24.8
10484,PM Peak,29.3
10484,PM Peak,18
10484,PM Peak,19.3
10484,PM Peak,17.2
10484,PM Peak,26.4
10484,PM Peak,10.1
10484,PM Peak,18.3
10484,PM Peak,26.3
10484,PM Peak,23.9
10484,PM Peak,23.2
10484,PM Peak,24.6
10484,PM Peak,23.3
10484,PM Peak,13.7
10484,PM Peak,18.6
10484,PM Peak,18.1
10484,PM Peak,21.2
10484,PM Peak,24.2
10484,PM Peak,25.2
10484,PM Peak,25.3
10484,PM Peak,22.6
10484,PM Peak,17.7
10484,PM Peak,32.9
10484,PM Peak,26.2
10484,PM Peak,23.1
10484,PM Peak,23
10484,PM Peak,22.8
10484,PM Peak,23.3
10484,PM Peak,20.1
10484,PM Peak,24.9
10484,PM Peak,19.6
10484,PM Peak,23.9
10484,PM Peak,23.8
10484,PM Peak,18.1
10484,PM Peak,22.9
10484,PM Peak,12.7
10484,PM Peak,47.6
10484,PM Peak,21.2
10484,PM Peak,24.1
10484,PM Peak,12.2
10484,PM Peak,24
10484,PM Peak,22.3
10484,PM Peak,21.2
10484,PM Peak,26.1
10484,PM Peak,21.8
10484,PM Peak,21.5
10484,PM Peak,1.2
10484,PM Peak,24.5
10484,PM Peak,35.2
10484,PM Peak,30.8
10484,PM Peak,23.3
10484,PM Peak,16.2
10484,PM Peak,23.8
10484,PM Peak,20.6
10484,PM Peak,15.2
10484,PM Peak,23.6
10484,PM Peak,20.2
10484,PM Peak,14.5
10484,PM Peak,21.1
10484,PM Peak,25.9
10484,PM Peak,12.7
10484,PM Peak,17.7
10484,PM Peak,2.3
10484,PM Peak,24.4
10484,PM Peak,20.7
10484,PM Peak,26
10484,PM Peak,14.3
10484,PM Peak,16.1
10484,PM Peak,25.6
10484,PM Peak,16
10484,PM Peak,15.9
10484,PM Peak,22
10484,PM Peak,17.2
10484,PM Peak,3.9
10484,PM Peak,15.5
10484,PM Peak,5.4
10484,PM Peak,19.2
10484,PM Peak,26.7
10484,PM Peak,26.1
10484,PM Peak,21.4
10484,PM Peak,34.3
10484,PM Peak,24.4
10484,PM Peak,24.9
10484,PM Peak,24.7
10484,PM Peak,19
10484,PM Peak,24
10484,PM Peak,13.7
10484,PM Peak,22.1
10484,PM Peak,17.9
10484,PM Peak,23.6
10484,PM Peak,19.1
10484,PM Peak,10.5
10484,PM Peak,13.3
10484,PM Peak,19.6
10484,PM Peak,21.5
10484,PM Peak,13.7
10484,PM Peak,37
10484,PM Peak,21.3
10484,PM Peak,17.1
10484,PM Peak,4.7
10484,PM Peak,22.8
10484,PM Peak,25.3
10484,PM Peak,23.3
10484,PM Peak,29.1
10484,PM Peak,16.9
10484,PM Peak,34.6
10484,PM Peak,26
10484,PM Peak,29.9
10484,PM Peak,24.9
10484,PM Peak,23
10484,PM Peak,26.9
10484,PM Peak,10.6
10484,PM Peak,20.3
10484,PM Peak,2.8
10484,PM Peak,11.7
10484,PM Peak,24.3
10484,PM Peak,13.1
10484,PM Peak,13.3
10484,PM Peak,21
10484,PM Peak,22.4
10484,PM Peak,19.9
10484,PM Peak,16.3
10484,PM Peak,25.1
10484,PM Peak,25
10484,PM Peak,22.2
10484,PM Peak,4.2
10484,PM Peak,25.7
10484,PM Peak,20.8
10484,PM Peak,18.4
10484,PM Peak,23
10484,PM Peak,18.4
10484,PM Peak,20
10484,PM Peak,1.7
10484,PM Peak,16.4
10484,PM Peak,13.8
10484,PM Peak,26
10484,PM Peak,21.8
10484,PM Peak,24.8
10484,PM Peak,15.6
10484,PM Peak,19.4
10484,PM Peak,25.7
10484,PM Peak,11.8
10484,PM Peak,24.3
10484,PM Peak,20.7
10484,PM Peak,20.8
10484,PM Peak,22.2
10484,PM Peak,23.3
10484,PM Peak,31.2
10484,PM Peak,24.4
10484,PM Peak,22.2
10484,PM Peak,18.9
10484,PM Peak,20
10484,PM Peak,19.5
10484,PM Peak,10.5
10484,PM Peak,21.3
10484,PM Peak,23.4
10484,PM Peak,20.8
10484,PM Peak,29.8
10484,PM Peak,20.3
10484,PM Peak,4
10484,PM Peak,18.9
10484,PM Peak,22.1
10484,PM Peak,32.1
10484,PM Peak,23.2
10484,PM Peak,21.1
10484,PM Peak,26.1
10484,PM Peak,21
10484,PM Peak,32.3
10484,PM Peak,24.2
10484,PM Peak,29.4
10484,PM Peak,16.3
10484,PM Peak,28.4
10484,PM Peak,17
10484,PM Peak,20.9
10484,PM Peak,24.5
10484,PM Peak,20.4
10484,PM Peak,17.7
10484,PM Peak,24.2
10484,PM Peak,20.1
10484,PM Peak,24.7
10484,PM Peak,14.7
10484,PM Peak,13.7
10484,PM Peak,20.3
10484,PM Peak,20.5
10484,PM Peak,14.5
10484,PM Peak,21.9
10484,PM Peak,16.4
10484,PM Peak,17
10484,PM Peak,23.8
10484,PM Peak,17.1
10484,PM Peak,21.3
10484,PM Peak,18.9
10484,PM Peak,25.7
10484,PM Peak,21.5
10484,PM Peak,20.6
10484,PM Peak,33.3
10484,PM Peak,22.1
10484,PM Peak,24.2
10484,PM Peak,4.5
10484,PM Peak,16.6
10484,PM Peak,18.3
10484,PM Peak,28.9
10484,PM Peak,20.1
10484,PM Peak,17.8
10484,PM Peak,21.6
10484,PM Peak,23.1
10484,PM Peak,26.3
10484,PM Peak,19.2
10484,PM Peak,28.4
10484,PM Peak,25.6
10484,PM Peak,20.3
10484,PM Peak,13.1
10486,AM Peak,21.2
10486,AM Peak,30.8
10486,AM Peak,17.7
10486,AM Peak,24.7
10486,AM Peak,29
10486,AM Peak,30.2
10486,AM Peak,22.6
10486,AM Peak,19.5
10486,AM Peak,26.9
10486,AM Peak,22.5
10486,AM Peak,22.6
10486,AM Peak,36.6
10486,AM Peak,30.7
10486,AM Peak,28.2
10486,AM Peak,17.3
10486,AM Peak,27.6
10486,AM Peak,33.6
10486,AM Peak,23.2
10486,AM Peak,22.6
10486,AM Peak,19.1
10486,AM Peak,30.1
10486,AM Peak,23.5
10486,AM Peak,32.3
10486,AM Peak,22.9
10486,AM Peak,17.5
10486,AM Peak,21.3
10486,AM Peak,23.7
10486,AM Peak,24.6
10486,AM Peak,32.8
10486,AM Peak,32.3
10486,AM Peak,23.8
10486,AM Peak,25.3
10486,AM Peak,16.7
10486,AM Peak,27.8
10486,AM Peak,28.5
10486,AM Peak,26
10486,AM Peak,29
10486,AM Peak,21.2
10486,AM Peak,33.1
10486,AM Peak,23.6
10486,AM Peak,22.3
10486,AM Peak,23.2
10486,AM Peak,25.3
10486,AM Peak,26.8
10486,AM Peak,17.6
10486,AM Peak,34.8
10486,AM Peak,22.1
10486,AM Peak,39.1
10486,AM Peak,21.4
10486,AM Peak,22.9
10486,AM Peak,19.9
10486,AM Peak,24.3
10486,AM Peak,24.6
10486,AM Peak,26.8
10486,AM Peak,34.2
10486,AM Peak,19.1
10486,AM Peak,25.4
10486,AM Peak,27.2
10486,AM Peak,22.7
10486,AM Peak,25.3
10486,AM Peak,21.3
10486,AM Peak,31.6
10486,AM Peak,24
10486,AM Peak,19.9
10486,AM Peak,10.2
10486,AM Peak,27.1
10486,AM Peak,26.6
10486,AM Peak,20.3
10486,AM Peak,28.6
10486,AM Peak,31.7
10486,AM Peak,28.5
10486,AM Peak,19.7
10486,AM Peak,20.9
10486,AM Peak,25.3
10486,AM Peak,30.5
10486,AM Peak,22.9
10486,AM Peak,29.1
10486,AM Peak,25.8
10486,AM Peak,23
10486,AM Peak,22.6
10486,AM Peak,25
10486,AM Peak,26
10486,AM Peak,31.5
10486,AM Peak,32.1
10486,AM Peak,20.6
10486,AM Peak,21
10486,AM Peak,21.3
10486,AM Peak,31.6
10486,AM Peak,19.9
10486,AM Peak,20.4
10486,AM Peak,19.5
10486,AM Peak,16.1
10486,AM Peak,18.8
10486,AM Peak,23.4
10486,AM Peak,27.3
10486,AM Peak,18.5
10486,AM Peak,21.2
10486,AM Peak,19.9
10486,AM Peak,20.8
10486,AM Peak,19.1
10486,AM Peak,17.6
10486,AM Peak,24.3
10486,AM Peak,24.7
10486,AM Peak,30.1
10486,AM Peak,29.8
10486,AM Peak,31.6
10486,AM Peak,22.5
10486,AM Peak,16.3
10486,AM Peak,32.3
10486,AM Peak,24.3
10486,AM Peak,22.8
10486,AM Peak,19.6
10486,AM Peak,20.9
10486,AM Peak,20.7
10486,AM Peak,21.7
10486,AM Peak,23.3
10486,AM Peak,25.6
10486,AM Peak,28.1
10486,AM Peak,24.6
10486,AM Peak,20.9
10486,AM Peak,22.3
10486,AM Peak,19.9
10486,AM Peak,27.7
10486,AM Peak,16.6
10486,AM Peak,20.1
10486,AM Peak,22.2
10486,AM Peak,20.6
10486,AM Peak,24
10486,AM Peak,18.8
10486,AM Peak,33.1
10486,AM Peak,22.3
10486,AM Peak,22.1
10486,AM Peak,18.8
10486,AM Peak,24.1
10486,AM Peak,25.5
10486,AM Peak,23.4
10486,AM Peak,28.6
10486,AM Peak,32.8
10486,AM Peak,23.1
10486,AM Peak,23.2
10486,AM Peak,32.6
10486,AM Peak,28.3
10486,AM Peak,26.3
10486,AM Peak,20.2
10486,AM Peak,19.3
10486,AM Peak,21.3
10486,AM Peak,19.3
10486,AM Peak,17.8
10486,AM Peak,14.6
10486,AM Peak,12.8
10486,AM Peak,31
10486,AM Peak,21.5
10486,AM Peak,19.8
10486,AM Peak,24.8
10486,AM Peak,19.8
10486,AM Peak,30.3
10486,AM Peak,18.6
10486,AM Peak,16.2
10486,AM Peak,37.1
10486,AM Peak,17.9
10486,AM Peak,21.2
10486,AM Peak,30.2
10486,AM Peak,31.4
10486,AM Peak,13.5
10486,AM Peak,32.2
10486,AM Peak,17.3
10486,AM Peak,25.5
10486,AM Peak,22.8
10486,AM Peak,21.9
10486,AM Peak,32.5
10486,AM Peak,21.3
10486,AM Peak,32.5
10486,AM Peak,30.6
10486,AM Peak,25.5
10486,AM Peak,25.2
10486,AM Peak,38
10486,AM Peak,32.6
10486,AM Peak,23
10486,AM Peak,20.5
10486,AM Peak,15.1
10486,AM Peak,26.1
10486,AM Peak,36.7
10486,AM Peak,28.9
10486,AM Peak,37.1
10486,AM Peak,17.4
10486,AM Peak,26.8
10486,AM Peak,21.8
10486,AM Peak,21.8
10486,AM Peak,18
10486,AM Peak,39
10486,AM Peak,21.7
10486,AM Peak,22.7
10486,AM Peak,20.5
10486,AM Peak,27.4
10486,AM Peak,25.7
10486,AM Peak,21.5
10486,AM Peak,28.9
10486,AM Peak,34.1
10486,AM Peak,30
10486,AM Peak,14.3
10486,AM Peak,21.6
10486,AM Peak,22
10486,AM Peak,22.7
10486,AM Peak,23.4
10486,AM Peak,16.5
10486,AM Peak,21.1
10486,AM Peak,25.6
10486,AM Peak,31.7
10486,AM Peak,26.7
10486,AM Peak,16.3
10486,AM Peak,21.5
10486,AM Peak,29.3
10486,AM Peak,18.9
10486,AM Peak,21.4
10486,AM Peak,21.9
10486,AM Peak,27
10486,AM Peak,16.6
10486,AM Peak,22.1
10486,AM Peak,27.7
10486,AM Peak,31.2
10486,AM Peak,22.3
10486,AM Peak,24.6
10486,AM Peak,23.6
10486,AM Peak,17.4
10486,AM Peak,21.5
10486,AM Peak,25
10486,AM Peak,24.4
10486,AM Peak,19.3
10486,AM Peak,19.8
10486,AM Peak,21.8
10486,AM Peak,9.3
10486,AM Peak,25.7
10486,AM Peak,33.8
10486,AM Peak,26.5
10486,AM Peak,18.9
10486,AM Peak,25
10486,AM Peak,20.5
10486,AM Peak,38.4
10486,AM Peak,18
10486,AM Peak,25.7
10486,AM Peak,22.1
10486,AM Peak,28.9
10486,AM Peak,32.6
10486,AM Peak,19.8
10486,AM Peak,22.7
10486,AM Peak,29.5
10486,AM Peak,21.7
10486,AM Peak,25.8
10486,AM Peak,42
10486,AM Peak,31.9
10486,AM Peak,25.6
10486,AM Peak,21.1
10486,AM Peak,19.2
10486,AM Peak,26.9
10486,AM Peak,34.8
10486,AM Peak,21.7
10486,AM Peak,23.4
10486,AM Peak,37.7
10486,AM Peak,30.3
10486,AM Peak,19
10486,AM Peak,32
10486,AM Peak,27.2
10486,AM Peak,36.8
10486,AM Peak,33.7
10486,AM Peak,32.7
10486,AM Peak,32.7
10486,AM Peak,24.7
10486,AM Peak,22.4
10486,AM Peak,19.2
10486,AM Peak,20.3
10486,AM Peak,27.9
10486,AM Peak,28.3
10486,AM Peak,20.9
10486,AM Peak,22.1
10486,AM Peak,22.7
10486,AM Peak,36.4
10486,AM Peak,23
10486,AM Peak,36.2
10486,AM Peak,36.7
10486,AM Peak,13.4
10486,AM Peak,24.8
10486,AM Peak,23.9
10486,AM Peak,23.2
10486,AM Peak,29.5
10486,AM Peak,23.3
10486,AM Peak,16.5
10486,AM Peak,33.6
10486,AM Peak,20.9
10486,AM Peak,22.4
10486,AM Peak,28.9
10486,AM Peak,32.2
10486,AM Peak,24.4
10486,AM Peak,23.1
10486,AM Peak,29.3
10486,AM Peak,27.1
10486,AM Peak,18.8
10486,AM Peak,18.3
10486,AM Peak,37.9
10486,AM Peak,25.7
10486,AM Peak,23.2
10486,AM Peak,25.1
10486,AM Peak,32
10486,AM Peak,26.1
10486,AM Peak,18
10486,AM Peak,18.4
10486,AM Peak,24.6
10486,AM Peak,34.1
10486,AM Peak,23.5
10486,AM Peak,22.5
10486,AM Peak,30.4
10486,AM Peak,18.2
10486,AM Peak,20
10486,AM Peak,31.3
10486,AM Peak,17.5
10486,AM Peak,24.5
10486,AM Peak,24.5
10486,AM Peak,17
10486,AM Peak,22.4
10486,AM Peak,23.7
10486,AM Peak,27.2
10486,AM Peak,17.6
10486,AM Peak,27.6
10486,AM Peak,19.4
10486,AM Peak,20.5
10486,AM Peak,27.4
10486,AM Peak,27.8
10486,AM Peak,25.3
10486,AM Peak,24.9
10486,AM Peak,22.8
10486,AM Peak,15.2
10486,AM Peak,27.4
10486,AM Peak,24.6
10486,AM Peak,31.5
10486,AM Peak,23.1
10486,AM Peak,23
10486,AM Peak,29.7
10486,AM Peak,27.8
10486,AM Peak,26
10486,AM Peak,31
10486,AM Peak,21.3
10486,AM Peak,21.6
10486,AM Peak,31.2
10486,AM Peak,20
10486,AM Peak,23.5
10486,AM Peak,29.2
10486,AM Peak,30.6
10486,AM Peak,16.7
10486,AM Peak,26.8
10486,AM Peak,19.2
10486,AM Peak,32.3
10486,AM Peak,26.1
10486,AM Peak,26.9
10486,AM Peak,19.9
10486,AM Peak,20.6
10486,AM Peak,18.4
10486,AM Peak,21
10486,AM Peak,14
10486,AM Peak,27.7
10486,AM Peak,28.7
10486,AM Peak,20.7
10486,AM Peak,19.9
10486,AM Peak,26.4
10486,AM Peak,20.7
10486,AM Peak,21
10486,AM Peak,31.5
10486,AM Peak,25.5
10486,AM Peak,23.2
10486,AM Peak,24.8
10486,AM Peak,25.7
10486,AM Peak,31.2
10486,AM Peak,20.4
10486,AM Peak,22.2
10486,AM Peak,20.5
10486,AM Peak,21.2
10486,AM Peak,23.4
10486,AM Peak,19.7
10486,AM Peak,20.8
10486,AM Peak,21.7
10486,AM Peak,18.8
10486,AM Peak,28.3
10486,AM Peak,27.5
10486,AM Peak,21.7
10486,AM Peak,21.8
10486,AM Peak,20.5
10486,AM Peak,19.3
10486,AM Peak,19.6
10486,AM Peak,22.9
10486,AM Peak,28.1
10486,AM Peak,33.9
10486,AM Peak,31.4
10486,AM Peak,25.6
10486,AM Peak,18.3
10486,AM Peak,37.9
10486,AM Peak,35.5
10486,AM Peak,23.6
10486,AM Peak,21.4
10486,AM Peak,35.9
10486,AM Peak,15.9
10486,AM Peak,27.4
10486,AM Peak,26.1
10486,AM Peak,28.8
10486,AM Peak,18.6
10486,AM Peak,19.4
10486,AM Peak,18.3
10486,AM Peak,20.5
10486,AM Peak,22.7
10486,AM Peak,23.9
10486,AM Peak,31.4
10486,AM Peak,22.2
10486,AM Peak,37.5
10486,AM Peak,21.7
10486,AM Peak,23.6
10486,AM Peak,27.2
10486,AM Peak,19.2
10486,AM Peak,30.5
10486,AM Peak,19
10486,AM Peak,18.4
10486,AM Peak,26.2
10486,AM Peak,19.3
10486,AM Peak,32.3
10486,AM Peak,27
10486,AM Peak,21.1
10486,AM Peak,21
10486,AM Peak,18.1
10486,AM Peak,24.1
10486,AM Peak,23.7
10486,AM Peak,17.4
10486,AM Peak,21.5
10486,AM Peak,24.1
10486,AM Peak,20.5
10486,AM Peak,22.9
10486,AM Peak,27.2
10486,AM Peak,21.5
10486,AM Peak,29.3
10486,AM Peak,33.3
10486,AM Peak,34.7
10486,AM Peak,21.7
10486,AM Peak,25.3
10486,AM Peak,24
10486,AM Peak,22.9
10486,AM Peak,22.1
10486,AM Peak,17.2
10486,AM Peak,21.4
10486,AM Peak,20.8
10486,AM Peak,17.2
10486,AM Peak,25.6
10486,AM Peak,24.4
10486,AM Peak,23.2
10486,AM Peak,30.7
10486,AM Peak,27.2
10486,AM Peak,19.8
10486,AM Peak,31.3
10486,AM Peak,26.6
10486,AM Peak,27.4
10486,AM Peak,32.1
10486,AM Peak,26.1
10486,AM Peak,19.7
10486,AM Peak,33.6
10486,AM Peak,25.1
10486,AM Peak,23.2
10486,AM Peak,31.3
10486,AM Peak,28.7
10486,AM Peak,20
10486,AM Peak,23.2
10486,AM Peak,22.9
10486,AM Peak,40
10486,AM Peak,29.4
10486,AM Peak,23
10486,AM Peak,21.1
10486,AM Peak,23.6
10486,AM Peak,30.9
10486,AM Peak,26.6
10486,AM Peak,23.2
10486,AM Peak,20.7
10486,AM Peak,27.1
10486,AM Peak,15.6
10486,AM Peak,38
10486,AM Peak,23.3
10486,AM Peak,27
10486,AM Peak,34.4
10486,AM Peak,21.8
10486,AM Peak,22.6
10486,AM Peak,14
10486,AM Peak,23.8
10486,AM Peak,19.7
10486,AM Peak,25.6
10486,AM Peak,22.6
10486,AM Peak,33.4
10486,AM Peak,20.8
10486,AM Peak,29.8
10486,AM Peak,17.4
10486,AM Peak,20.7
10486,AM Peak,17.9
10486,AM Peak,29.9
10486,AM Peak,25.6
10486,AM Peak,33.3
10486,AM Peak,28.7
10486,AM Peak,32.2
10486,AM Peak,20
10486,AM Peak,32.7
10486,PM Peak,24
10486,PM Peak,21
10486,PM Peak,21.1
10486,PM Peak,14.2
10486,PM Peak,28.5
10486,PM Peak,26.3
10486,PM Peak,21.4
10486,PM Peak,16.7
10486,PM Peak,22.7
10486,PM Peak,22
10486,PM Peak,20.8
10486,PM Peak,20
10486,PM Peak,22.6
10486,PM Peak,13.3
10486,PM Peak,19.2
10486,PM Peak,21.5
10486,PM Peak,24.8
10486,PM Peak,23.4
10486,PM Peak,20.3
10486,PM Peak,27.4
10486,PM Peak,20.1
10486,PM Peak,15.2
10486,PM Peak,17.8
10486,PM Peak,20.5
10486,PM Peak,16.9
10486,PM Peak,22
10486,PM Peak,21.4
10486,PM Peak,32.7
10486,PM Peak,24.6
10486,PM Peak,15.6
10486,PM Peak,20
10486,PM Peak,22.7
10486,PM Peak,19.4
10486,PM Peak,17.6
10486,PM Peak,22
10486,PM Peak,23
10486,PM Peak,25.7
10486,PM Peak,28.6
10486,PM Peak,23.4
10486,PM Peak,21.2
10486,PM Peak,20.4
10486,PM Peak,25.7
10486,PM Peak,21.1
10486,PM Peak,16.9
10486,PM Peak,16.3
10486,PM Peak,22
10486,PM Peak,18.4
10486,PM Peak,17
10486,PM Peak,23.7
10486,PM Peak,19.4
10486,PM Peak,17.4
10486,PM Peak,17
10486,PM Peak,24.7
10486,PM Peak,22.5
10486,PM Peak,20.3
10486,PM Peak,22.3
10486,PM Peak,28.1
10486,PM Peak,25.3
10486,PM Peak,29.1
10486,PM Peak,14.9
10486,PM Peak,17.5
10486,PM Peak,20
10486,PM Peak,15.6
10486,PM Peak,24.9
10486,PM Peak,17.3
10486,PM Peak,19.2
10486,PM Peak,23.2
10486,PM Peak,17.7
10486,PM Peak,19.1
10486,PM Peak,26.9
10486,PM Peak,18.4
10486,PM Peak,19.9
10486,PM Peak,23.8
10486,PM Peak,23.8
10486,PM Peak,26
10486,PM Peak,28.8
10486,PM Peak,20
10486,PM Peak,24.6
10486,PM Peak,18
10486,PM Peak,22.9
10486,PM Peak,17.6
10486,PM Peak,23.9
10486,PM Peak,24.3
10486,PM Peak,20.6
10486,PM Peak,23.6
10486,PM Peak,19.4
10486,PM Peak,19.9
10486,PM Peak,19.3
10486,PM Peak,24.6
10486,PM Peak,25.5
10486,PM Peak,22
10486,PM Peak,24.2
10486,PM Peak,18.8
10486,PM Peak,22.1
10486,PM Peak,23
10486,PM Peak,24.9
10486,PM Peak,29.6
10486,PM Peak,20.1
10486,PM Peak,27.8
10486,PM Peak,28.9
10486,PM Peak,23.4
10486,PM Peak,19.1
10486,PM Peak,30.1
10486,PM Peak,22.9
10486,PM Peak,29
10486,PM Peak,29.2
10486,PM Peak,28.1
10486,PM Peak,20.4
10486,PM Peak,22.4
10486,PM Peak,21.7
10486,PM Peak,23.2
10486,PM Peak,28
10486,PM Peak,21.8
10486,PM Peak,26.5
10486,PM Peak,24.4
10486,PM Peak,20.4
10486,PM Peak,22.1
10486,PM Peak,14.8
10486,PM Peak,21.4
10486,PM Peak,18
10486,PM Peak,26.8
10486,PM Peak,27.4
10486,PM Peak,22.2
10486,PM Peak,22.5
10486,PM Peak,19.4
10486,PM Peak,22.7
10486,PM Peak,17.8
10486,PM Peak,21.5
10486,PM Peak,24.8
10486,PM Peak,26.8
10486,PM Peak,25.6
10486,PM Peak,20.6
10486,PM Peak,18.4
10486,PM Peak,26.6
10486,PM Peak,34.9
10486,PM Peak,21.2
10486,PM Peak,21.7
10486,PM Peak,16.5
10486,PM Peak,14.7
10486,PM Peak,25.6
10486,PM Peak,22
10486,PM Peak,24
10486,PM Peak,26.6
10486,PM Peak,22.6
10486,PM Peak,25.8
10486,PM Peak,23.9
10486,PM Peak,30.6
10486,PM Peak,22.9
10486,PM Peak,32.7
10486,PM Peak,34.5
10486,PM Peak,20.1
10486,PM Peak,27.6
10486,PM Peak,20
10486,PM Peak,25.7
10486,PM Peak,21.5
10486,PM Peak,30.1
10486,PM Peak,35.3
10486,PM Peak,29.6
10486,PM Peak,25.1
10486,PM Peak,18.2
10486,PM Peak,28.4
10486,PM Peak,25.4
10486,PM Peak,24.9
10486,PM Peak,19.4
10486,PM Peak,27.8
10486,PM Peak,20.4
10486,PM Peak,25.8
10486,PM Peak,21.1
10486,PM Peak,18.6
10486,PM Peak,20
10486,PM Peak,24.6
10486,PM Peak,22.9
10486,PM Peak,25.2
10486,PM Peak,20.6
10486,PM Peak,18.2
10486,PM Peak,22.7
10486,PM Peak,20.8
10486,PM Peak,23.4
10486,PM Peak,35
10486,PM Peak,23.9
10486,PM Peak,26.8
10486,PM Peak,18.5
10486,PM Peak,18.5
10486,PM Peak,22.6
10486,PM Peak,29.7
10486,PM Peak,22.9
10486,PM Peak,26.2
10486,PM Peak,19.4
10486,PM Peak,15.6
10486,PM Peak,22.7
10486,PM Peak,25
10486,PM Peak,28.8
10486,PM Peak,18.7
10486,PM Peak,27.5
10486,PM Peak,25
10486,PM Peak,7.6
10486,PM Peak,20.8
10486,PM Peak,18.7
10486,PM Peak,28.3
10486,PM Peak,21.1
10486,PM Peak,30.1
10486,PM Peak,23.3
10486,PM Peak,27.5
10486,PM Peak,20
10486,PM Peak,23.3
10486,PM Peak,30.1
10486,PM Peak,25
10486,PM Peak,17.8
10486,PM Peak,21.6
10486,PM Peak,28.2
10486,PM Peak,21.3
10486,PM Peak,21.8
10486,PM Peak,29.8
10486,PM Peak,33.5
10486,PM Peak,23.9
10486,PM Peak,19.7
10486,PM Peak,16.4
10486,PM Peak,23.4
10486,PM Peak,20.5
10486,PM Peak,24.5
10486,PM Peak,17.9
10486,PM Peak,37
10486,PM Peak,19.7
10486,PM Peak,17.8
10486,PM Peak,21.1
10486,PM Peak,27.2
10486,PM Peak,26.4
10486,PM Peak,21.1
10486,PM Peak,17.4
10486,PM Peak,28.7
10486,PM Peak,17
10486,PM Peak,22.2
10486,PM Peak,25.1
10486,PM Peak,22.4
10486,PM Peak,28.7
10486,PM Peak,30.7
10486,PM Peak,19.6
10486,PM Peak,21.6
10486,PM Peak,25.8
10486,PM Peak,26.4
10486,PM Peak,15.5
10486,PM Peak,23.9
10486,PM Peak,19.4
10486,PM Peak,22.3
10486,PM Peak,18.3
10486,PM Peak,29.2
10486,PM Peak,23.1
10486,PM Peak,24.9
10486,PM Peak,21.6
10486,PM Peak,31
10486,PM Peak,15.5
10486,PM Peak,25.1
10486,PM Peak,20.8
10486,PM Peak,22.9
10486,PM Peak,18.6
10486,PM Peak,16.8
10486,PM Peak,29.2
10486,PM Peak,21.5
10486,PM Peak,18.6
10486,PM Peak,21.3
10486,PM Peak,13.5
10486,PM Peak,21.6
10486,PM Peak,17.5
10486,PM Peak,18
10486,PM Peak,19.6
10486,PM Peak,15.8
10486,PM Peak,23.5
10486,PM Peak,24.7
10486,PM Peak,27.1
10486,PM Peak,23.3
10486,PM Peak,22.6
10486,PM Peak,18.6
10486,PM Peak,21.6
10486,PM Peak,23.5
10486,PM Peak,20.5
10486,PM Peak,19.2
10486,PM Peak,16.6
10486,PM Peak,31.2
10486,PM Peak,23.3
10486,PM Peak,26.1
10486,PM Peak,21.5
10486,PM Peak,19.5
10486,PM Peak,22.7
10486,PM Peak,26.6
10486,PM Peak,20.4
10486,PM Peak,25.5
10486,PM Peak,22.7
10486,PM Peak,25
10486,PM Peak,20.1
10486,PM Peak,21.7
10486,PM Peak,19.5
10486,PM Peak,26.5
10486,PM Peak,22.4
10486,PM Peak,21.1
10486,PM Peak,24.9
10486,PM Peak,26.2
10486,PM Peak,21.3
10486,PM Peak,29.3
10486,PM Peak,27.6
10486,PM Peak,19.3
10486,PM Peak,22.8
10486,PM Peak,30.4
10486,PM Peak,22.2
10486,PM Peak,20.2
10486,PM Peak,17
10486,PM Peak,29.9
10486,PM Peak,24.6
10486,PM Peak,24.5
10486,PM Peak,19.5
10486,PM Peak,24.1
10486,PM Peak,21
10486,PM Peak,17.8
10486,PM Peak,16.9
10486,PM Peak,19.5
10486,PM Peak,16
10486,PM Peak,25.2
10486,PM Peak,21.6
10486,PM Peak,15.3
10486,PM Peak,20.3
10486,PM Peak,19
10486,PM Peak,24
10486,PM Peak,19.9
10486,PM Peak,32.8
10486,PM Peak,32.1
10486,PM Peak,21.6
10486,PM Peak,26.2
10486,PM Peak,29.9
10486,PM Peak,20.6
10486,PM Peak,22.9
10486,PM Peak,19
10486,PM Peak,26.6
10486,PM Peak,20.2
10486,PM Peak,26.8
10486,PM Peak,26
10486,PM Peak,28.1
10486,PM Peak,28.7
10486,PM Peak,31
10486,PM Peak,22.3
10486,PM Peak,26.4
10486,PM Peak,22.9
10486,PM Peak,23.2
10486,PM Peak,16.4
10486,PM Peak,17.7
10486,PM Peak,25.9
10486,PM Peak,22.7
10486,PM Peak,20.9
10486,PM Peak,24.5
10486,PM Peak,24.3
10486,PM Peak,18.6
10486,PM Peak,21.9
10486,PM Peak,24
10486,PM Peak,26.1
10486,PM Peak,17.5
10486,PM Peak,21.3
10486,PM Peak,26
10486,PM Peak,21.2
10486,PM Peak,23.9
10486,PM Peak,32.3
10486,PM Peak,18.2
10486,PM Peak,23.7
10486,PM Peak,35.5
10486,PM Peak,26
10486,PM Peak,21.7
10486,PM Peak,19.8
10486,PM Peak,22.8
10486,PM Peak,24.8
10486,PM Peak,22.6
10486,PM Peak,19.3
10486,PM Peak,21.5
10486,PM Peak,18.5
10486,PM Peak,16.9
10486,PM Peak,25.2
10486,PM Peak,18.3
10486,PM Peak,31.1
10486,PM Peak,26.6
10486,PM Peak,17.2
10486,PM Peak,20.7
10486,PM Peak,19.6
10486,PM Peak,20.9
10486,PM Peak,27.4
10486,PM Peak,18.8
10486,PM Peak,21.8
10486,PM Peak,17.4
10486,PM Peak,15.7
10486,PM Peak,26.1
10486,PM Peak,17.8
10486,PM Peak,26.8
10486,PM Peak,23.1
10486,PM Peak,22.3
10486,PM Peak,30.5
10486,PM Peak,22.9
10486,PM Peak,16.1
10486,PM Peak,21.1
10486,PM Peak,21.8
10486,PM Peak,22.8
10486,PM Peak,24.3
10486,PM Peak,24.5
10486,PM Peak,15.1
10486,PM Peak,29.7
10486,PM Peak,19.9
10486,PM Peak,34.3
10486,PM Peak,18
10486,PM Peak,19.7
10486,PM Peak,26.5
10486,PM Peak,20.8
10486,PM Peak,19.4
10486,PM Peak,18.2
10486,PM Peak,28.2
10486,PM Peak,21.4
10486,PM Peak,17.7
10486,PM Peak,29.6
10486,PM Peak,20.1
10486,PM Peak,24.7
10486,PM Peak,26.5
10486,PM Peak,23.9
10486,PM Peak,22
10486,PM Peak,29.9
10486,PM Peak,20.7
10486,PM Peak,26.5
10486,PM Peak,22.9
10486,PM Peak,15.6
10486,PM Peak,18
10486,PM Peak,23.2
10486,PM Peak,23.5
10486,PM Peak,21.6
10486,PM Peak,22
10486,PM Peak,19.7
10486,PM Peak,19.1
10486,PM Peak,16.7
10486,PM Peak,18
10486,PM Peak,25.8
10486,PM Peak,25.9
10486,PM Peak,21.3
10486,PM Peak,27.2
10486,PM Peak,20.8
10486,PM Peak,24.4
10486,PM Peak,16
10486,PM Peak,23.2
10486,PM Peak,17.2
10486,PM Peak,17
10486,PM Peak,20.2
10486,PM Peak,24.7
10486,PM Peak,16.7
10486,PM Peak,25.7
10486,PM Peak,23.8
10486,PM Peak,27.1
10486,PM Peak,27.3
10486,PM Peak,22.4
10486,PM Peak,25
10486,PM Peak,21.7
10486,PM Peak,20.1
10486,PM Peak,18.4
10486,PM Peak,18.1
10486,PM Peak,25.2
10486,PM Peak,23.9
10486,PM Peak,29.3
10486,PM Peak,22
10486,PM Peak,18.4
10486,PM Peak,19.3
10486,PM Peak,21.8
10486,PM Peak,23.4
10486,PM Peak,34.8
10486,PM Peak,23.6
10486,PM Peak,16.9
10486,PM Peak,22.9
10486,PM Peak,23.5
10486,PM Peak,19.2
10486,PM Peak,28
10486,PM Peak,25.6
10486,PM Peak,27.3
10486,PM Peak,33.1
10486,PM Peak,23.6
10486,PM Peak,21.5
10486,PM Peak,24.6
10486,PM Peak,25.8
10486,PM Peak,19.3
10486,PM Peak,21.4
10486,PM Peak,24.1
10486,PM Peak,25.3
10486,PM Peak,27.2
10486,PM Peak,15.5
10486,PM Peak,16
10486,PM Peak,16.7
10486,PM Peak,26.1
10486,PM Peak,19.4
10486,PM Peak,17.6
10486,PM Peak,24.7
10486,PM Peak,20.3
10486,PM Peak,22.9
10486,PM Peak,24.3
10486,PM Peak,24.1
10486,PM Peak,30.5
10486,PM Peak,35.2
10486,PM Peak,25.2
10486,PM Peak,25.5
10486,PM Peak,19.2
10486,PM Peak,21.9
10486,PM Peak,20.4
10486,PM Peak,26.1
10486,PM Peak,18.1
10488,AM Peak,12.9
10488,AM Peak,13.3
10488,AM Peak,17
10488,AM Peak,30.8
10488,AM Peak,17.1
10488,AM Peak,28
10488,AM Peak,22.8
10488,AM Peak,36.5
10488,AM Peak,36
10488,AM Peak,25
10488,AM Peak,16
10488,AM Peak,26.3
10488,AM Peak,23.7
10488,AM Peak,21.9
10488,AM Peak,24.2
10488,AM Peak,16.9
10488,AM Peak,25.4
10488,AM Peak,25.5
10488,AM Peak,18.8
10488,AM Peak,25.4
10488,AM Peak,14.8
10488,AM Peak,29.8
10488,AM Peak,13.1
10488,AM Peak,24.1
10488,AM Peak,25.6
10488,AM Peak,26.6
10488,AM Peak,22.8
10488,AM Peak,29.9
10488,AM Peak,34.7
10488,AM Peak,26
10488,AM Peak,24.5
10488,AM Peak,28
10488,AM Peak,22.2
10488,AM Peak,24.4
10488,AM Peak,22.5
10488,AM Peak,20.5
10488,AM Peak,22.3
10488,AM Peak,14.1
10488,AM Peak,29.3
10488,AM Peak,23.8
10488,AM Peak,27.1
10488,AM Peak,24.4
10488,AM Peak,18
10488,AM Peak,19.3
10488,AM Peak,23
10488,AM Peak,19.3
10488,AM Peak,27.6
10488,AM Peak,24.1
10488,AM Peak,27
10488,AM Peak,21.2
10488,AM Peak,29.9
10488,AM Peak,23.4
10488,AM Peak,34.9
10488,AM Peak,33.2
10488,AM Peak,24.1
10488,AM Peak,26.5
10488,AM Peak,24.8
10488,AM Peak,20.3
10488,AM Peak,24.7
10488,AM Peak,20.8
10488,AM Peak,21.6
10488,AM Peak,22.2
10488,AM Peak,23.8
10488,AM Peak,23.9
10488,AM Peak,22.9
10488,AM Peak,21.9
10488,AM Peak,33
10488,AM Peak,16.7
10488,AM Peak,22.1
10488,AM Peak,21.8
10488,AM Peak,21.3
10488,AM Peak,38.5
10488,AM Peak,26.9
10488,AM Peak,25.5
10488,AM Peak,30.2
10488,AM Peak,21.9
10488,AM Peak,28.7
10488,AM Peak,32.8
10488,AM Peak,20.6
10488,AM Peak,25.2
10488,AM Peak,24.2
10488,AM Peak,21.6
10488,AM Peak,4.7
10488,AM Peak,26.7
10488,AM Peak,23.7
10488,AM Peak,25
10488,AM Peak,23.4
10488,AM Peak,26
10488,AM Peak,19.2
10488,AM Peak,33.8
10488,AM Peak,23.4
10488,AM Peak,23.7
10488,AM Peak,21.6
10488,AM Peak,22
10488,AM Peak,15.9
10488,AM Peak,32.9
10488,AM Peak,30.3
10488,AM Peak,25
10488,AM Peak,25.4
10488,AM Peak,23.7
10488,AM Peak,22.2
10488,AM Peak,17.5
10488,AM Peak,17.4
10488,AM Peak,24.4
10488,AM Peak,18.4
10488,AM Peak,29
10488,AM Peak,29.3
10488,AM Peak,27.3
10488,AM Peak,27.9
10488,AM Peak,28.6
10488,AM Peak,22.1
10488,AM Peak,6.2
10488,AM Peak,16.8
10488,AM Peak,27.1
10488,AM Peak,22.6
10488,AM Peak,28
10488,AM Peak,23.1
10488,AM Peak,35.2
10488,AM Peak,27.3
10488,AM Peak,5.5
10488,AM Peak,33.2
10488,AM Peak,26.3
10488,AM Peak,25.6
10488,AM Peak,33.5
10488,AM Peak,23.4
10488,AM Peak,21.3
10488,AM Peak,21.2
10488,AM Peak,15.7
10488,AM Peak,22.9
10488,AM Peak,27.3
10488,AM Peak,29.8
10488,AM Peak,25.7
10488,AM Peak,14.9
10488,AM Peak,24.7
10488,AM Peak,13
10488,AM Peak,26.1
10488,AM Peak,5.1
10488,AM Peak,28.2
10488,AM Peak,27
10488,AM Peak,26
10488,AM Peak,20.6
10488,AM Peak,23.3
10488,AM Peak,23.5
10488,AM Peak,23.1
10488,AM Peak,25.6
10488,AM Peak,32.7
10488,AM Peak,22.6
10488,AM Peak,23.3
10488,AM Peak,27.8
10488,AM Peak,20.2
10488,AM Peak,26.2
10488,AM Peak,22.5
10488,AM Peak,15.9
10488,AM Peak,24.7
10488,AM Peak,25.4
10488,AM Peak,38.6
10488,AM Peak,27.9
10488,AM Peak,27.7
10488,AM Peak,23.6
10488,AM Peak,14.5
10488,AM Peak,24.3
10488,AM Peak,22.9
10488,AM Peak,26.2
10488,AM Peak,24.5
10488,AM Peak,32.4
10488,AM Peak,34.2
10488,AM Peak,24.9
10488,AM Peak,22.1
10488,AM Peak,20.6
10488,AM Peak,30.8
10488,AM Peak,15.8
10488,AM Peak,3.9
10488,AM Peak,22.7
10488,AM Peak,30.7
10488,AM Peak,14.6
10488,AM Peak,17.3
10488,AM Peak,26
10488,AM Peak,18.6
10488,AM Peak,22.3
10488,AM Peak,23.6
10488,AM Peak,27.7
10488,AM Peak,26.8
10488,AM Peak,25.5
10488,AM Peak,25.6
10488,AM Peak,22.4
10488,AM Peak,24.1
10488,AM Peak,28.4
10488,AM Peak,25.3
10488,AM Peak,25.7
10488,AM Peak,28.9
10488,AM Peak,26.7
10488,AM Peak,27.6
10488,AM Peak,17.9
10488,AM Peak,32.6
10488,AM Peak,27.5
10488,AM Peak,26.8
10488,AM Peak,19.6
10488,AM Peak,25.7
10488,AM Peak,24.1
10488,AM Peak,23.8
10488,AM Peak,28.5
10488,AM Peak,25.9
10488,AM Peak,24.5
10488,AM Peak,15.7
10488,AM Peak,34.7
10488,AM Peak,24.9
10488,AM Peak,29.2
10488,AM Peak,23.4
10488,AM Peak,13.3
10488,AM Peak,20.3
10488,AM Peak,17.8
10488,AM Peak,23.2
10488,AM Peak,27.6
10488,AM Peak,34.7
10488,AM Peak,27.3
10488,AM Peak,28
10488,AM Peak,12.9
10488,AM Peak,26.7
10488,AM Peak,21.8
10488,AM Peak,19.6
10488,AM Peak,20.1
10488,AM Peak,14.9
10488,AM Peak,16.3
10488,AM Peak,28.8
10488,AM Peak,25.1
10488,AM Peak,5
10488,AM Peak,14.5
10488,AM Peak,15
10488,AM Peak,27.1
10488,AM Peak,18.2
10488,AM Peak,26.7
10488,AM Peak,20.7
10488,AM Peak,19.1
10488,AM Peak,22.1
10488,AM Peak,20.5
10488,AM Peak,21.6
10488,AM Peak,24.4
10488,AM Peak,26.5
10488,AM Peak,23.8
10488,AM Peak,17.9
10488,AM Peak,23.6
10488,AM Peak,18.7
10488,AM Peak,24.1
10488,AM Peak,26.1
10488,AM Peak,31.3
10488,AM Peak,26.1
10488,AM Peak,28.3
10488,AM Peak,31.8
10488,AM Peak,26.9
10488,AM Peak,27.2
10488,AM Peak,16.4
10488,AM Peak,28.5
10488,AM Peak,16.2
10488,AM Peak,27.1
10488,AM Peak,23
10488,AM Peak,13.6
10488,AM Peak,27.2
10488,AM Peak,17.7
10488,AM Peak,25.8
10488,AM Peak,26.3
10488,AM Peak,22.4
10488,AM Peak,25.1
10488,AM Peak,28
10488,AM Peak,21.5
10488,AM Peak,25.1
10488,AM Peak,26
10488,AM Peak,15.5
10488,AM Peak,24.1
10488,AM Peak,21.2
10488,AM Peak,23
10488,AM Peak,32
10488,AM Peak,20.1
10488,AM Peak,24.6
10488,AM Peak,26.5
10488,AM Peak,20.2
10488,AM Peak,25.4
10488,AM Peak,27.3
10488,AM Peak,23
10488,AM Peak,14.7
10488,AM Peak,19.4
10488,AM Peak,25.4
10488,AM Peak,28.6
10488,AM Peak,22.9
10488,AM Peak,24.5
10488,AM Peak,19.2
10488,AM Peak,35.4
10488,AM Peak,15
10488,AM Peak,31.2
10488,AM Peak,17.1
10488,AM Peak,26.8
10488,AM Peak,25.4
10488,AM Peak,24.8
10488,AM Peak,21.1
10488,AM Peak,24.8
10488,AM Peak,21.2
10488,AM Peak,22.6
10488,AM Peak,16.3
10488,AM Peak,21.8
10488,AM Peak,25.9
10488,AM Peak,23.1
10488,AM Peak,29.2
10488,AM Peak,16
10488,AM Peak,28.1
10488,AM Peak,26
10488,AM Peak,24
10488,AM Peak,29.7
10488,AM Peak,22.6
10488,AM Peak,26.6
10488,AM Peak,33.5
10488,AM Peak,35.4
10488,AM Peak,26.4
10488,AM Peak,9
10488,AM Peak,25
10488,AM Peak,32.8
10488,AM Peak,26.1
10488,AM Peak,28.7
10488,AM Peak,32.2
10488,AM Peak,24.7
10488,AM Peak,24.6
10488,AM Peak,16.9
10488,AM Peak,33.4
10488,AM Peak,27.1
10488,AM Peak,22.9
10488,AM Peak,24.5
10488,AM Peak,24.8
10488,AM Peak,23
10488,AM Peak,16.6
10488,AM Peak,19.5
10488,AM Peak,32.7
10488,AM Peak,28.3
10488,AM Peak,23
10488,AM Peak,28
10488,AM Peak,25.5
10488,AM Peak,24.9
10488,AM Peak,18.3
10488,AM Peak,30
10488,AM Peak,17.7
10488,AM Peak,23.5
10488,AM Peak,22.5
10488,AM Peak,27
10488,AM Peak,41.2
10488,AM Peak,23.2
10488,AM Peak,30.8
10488,AM Peak,14.7
10488,AM Peak,20.6
10488,AM Peak,25.2
10488,AM Peak,27.3
10488,AM Peak,14.3
10488,AM Peak,16.6
10488,AM Peak,20.2
10488,AM Peak,22.9
10488,AM Peak,28.8
10488,AM Peak,27.9
10488,AM Peak,26.1
10488,AM Peak,28.3
10488,AM Peak,20.8
10488,AM Peak,24.1
10488,AM Peak,19.5
10488,AM Peak,24.8
10488,AM Peak,36.8
10488,AM Peak,20.4
10488,AM Peak,20.7
10488,AM Peak,23.1
10488,AM Peak,22.4
10488,AM Peak,12.6
10488,AM Peak,34
10488,AM Peak,24.9
10488,AM Peak,21.4
10488,AM Peak,23.5
10488,AM Peak,24.3
10488,AM Peak,24.7
10488,AM Peak,33.6
10488,AM Peak,20.1
10488,AM Peak,19.2
10488,AM Peak,28.3
10488,AM Peak,25
10488,AM Peak,18.1
10488,AM Peak,23.4
10488,AM Peak,22.3
10488,AM Peak,25.5
10488,AM Peak,18.9
10488,AM Peak,27.6
10488,AM Peak,23.5
10488,AM Peak,19.2
10488,AM Peak,27.3
10488,AM Peak,25.3
10488,AM Peak,21.6
10488,AM Peak,15.4
10488,AM Peak,16.4
10488,AM Peak,26.7
10488,AM Peak,24
10488,AM Peak,20.3
10488,AM Peak,25.6
10488,AM Peak,13.9
10488,AM Peak,25.8
10488,AM Peak,21.7
10488,AM Peak,19.2
10488,AM Peak,23.1
10488,AM Peak,28.9
10488,AM Peak,21.1
10488,AM Peak,22.9
10488,AM Peak,24
10488,AM Peak,19.5
10488,AM Peak,23.1
10488,AM Peak,18.5
10488,AM Peak,38.1
10488,AM Peak,25.7
10488,AM Peak,32.8
10488,AM Peak,27.4
10488,AM Peak,19.2
10488,AM Peak,23.9
10488,AM Peak,31.2
10488,AM Peak,33.6
10488,AM Peak,27.1
10488,AM Peak,27.1
10488,AM Peak,27
10488,AM Peak,27.5
10488,AM Peak,31.4
10488,AM Peak,14.5
10488,AM Peak,25.9
10488,AM Peak,22.5
10488,AM Peak,22.1
10488,AM Peak,20.3
10488,AM Peak,24.4
10488,AM Peak,29.9
10488,AM Peak,27.2
10488,AM Peak,24
10488,AM Peak,23.1
10488,AM Peak,25.9
10488,AM Peak,31.1
10488,AM Peak,31.1
10488,AM Peak,28.2
10488,AM Peak,23.6
10488,AM Peak,30.7
10488,AM Peak,23.7
10488,AM Peak,24.6
10488,AM Peak,22
10488,AM Peak,23.4
10488,AM Peak,26
10488,AM Peak,20.2
10488,AM Peak,26.6
10488,AM Peak,26.1
10488,AM Peak,16.2
10488,AM Peak,23.6
10488,AM Peak,28.7
10488,AM Peak,38.7
10488,AM Peak,27.7
10488,AM Peak,25.2
10488,AM Peak,31
10488,AM Peak,25.3
10488,AM Peak,21.8
10488,AM Peak,15
10488,AM Peak,25.6
10488,AM Peak,24.6
10488,AM Peak,30.7
10488,AM Peak,19.4
10488,AM Peak,34.2
10488,AM Peak,29.2
10488,AM Peak,26.3
10488,AM Peak,22.1
10488,AM Peak,19.8
10488,AM Peak,27.9
10488,AM Peak,30.6
10488,AM Peak,18.6
10488,AM Peak,28.9
10488,AM Peak,28.7
10488,AM Peak,25.2
10488,AM Peak,22
10488,AM Peak,21.6
10488,AM Peak,21.5
10488,AM Peak,27.8
10488,AM Peak,23.6
10488,AM Peak,30.3
10488,AM Peak,24.7
10488,AM Peak,5.8
10488,AM Peak,25.5
10488,AM Peak,21.6
10488,AM Peak,16.7
10488,AM Peak,14.1
10488,AM Peak,19
10488,AM Peak,17.3
10488,AM Peak,25.6
10488,AM Peak,14.9
10488,AM Peak,27.6
10488,AM Peak,13.6
10488,AM Peak,28.4
10488,AM Peak,6.4
10488,AM Peak,26.7
10488,AM Peak,19.9
10488,AM Peak,18.1
10488,AM Peak,23.5
10488,AM Peak,25.8
10488,AM Peak,21.9
10488,AM Peak,23.7
10488,AM Peak,20.9
10488,AM Peak,27.1
10488,AM Peak,18.8
10488,AM Peak,28
10488,AM Peak,29.1
10488,AM Peak,33.7
10488,PM Peak,23.6
10488,PM Peak,20.9
10488,PM Peak,24.7
10488,PM Peak,36.7
10488,PM Peak,20.2
10488,PM Peak,20.2
10488,PM Peak,26
10488,PM Peak,27
10488,PM Peak,23
10488,PM Peak,29.5
10488,PM Peak,34.1
10488,PM Peak,22.3
10488,PM Peak,22.9
10488,PM Peak,18.7
10488,PM Peak,31.7
10488,PM Peak,17.1
10488,PM Peak,25.4
10488,PM Peak,32.7
10488,PM Peak,23.3
10488,PM Peak,21.2
10488,PM Peak,22.9
10488,PM Peak,31.6
10488,PM Peak,12
10488,PM Peak,24.7
10488,PM Peak,21.1
10488,PM Peak,16.7
10488,PM Peak,15.6
10488,PM Peak,15.3
10488,PM Peak,19.1
10488,PM Peak,17.7
10488,PM Peak,41.2
10488,PM Peak,22.1
10488,PM Peak,24.1
10488,PM Peak,24.4
10488,PM Peak,27
10488,PM Peak,26.2
10488,PM Peak,24.6
10488,PM Peak,15.2
10488,PM Peak,23.7
10488,PM Peak,19.7
10488,PM Peak,27.7
10488,PM Peak,40
10488,PM Peak,28.1
10488,PM Peak,21.6
10488,PM Peak,16.1
10488,PM Peak,18.3
10488,PM Peak,26.1
10488,PM Peak,21.9
10488,PM Peak,33.1
10488,PM Peak,46.5
10488,PM Peak,49.4
10488,PM Peak,27.4
10488,PM Peak,37.4
10488,PM Peak,20.8
10488,PM Peak,21.2
10488,PM Peak,22.2
10488,PM Peak,15.3
10488,PM Peak,33.9
10488,PM Peak,23.2
10488,PM Peak,27.4
10488,PM Peak,24.3
10488,PM Peak,21.4
10488,PM Peak,28.9
10488,PM Peak,33.4
10488,PM Peak,21.6
10488,PM Peak,17
10488,PM Peak,23.6
10488,PM Peak,21.3
10488,PM Peak,36.1
10488,PM Peak,28
10488,PM Peak,27
10488,PM Peak,32.6
10488,PM Peak,36.3
10488,PM Peak,51.6
10488,PM Peak,26.1
10488,PM Peak,33
10488,PM Peak,25.6
10488,PM Peak,9.7
10488,PM Peak,23.6
10488,PM Peak,17.4
10488,PM Peak,12.9
10488,PM Peak,12.9
10488,PM Peak,26.2
10488,PM Peak,40.9
10488,PM Peak,24.6
10488,PM Peak,28.2
10488,PM Peak,21.5
10488,PM Peak,31.7
10488,PM Peak,30.7
10488,PM Peak,25.6
10488,PM Peak,22.3
10488,PM Peak,34.2
10488,PM Peak,14.1
10488,PM Peak,20.8
10488,PM Peak,22.9
10488,PM Peak,20.1
10488,PM Peak,20.2
10488,PM Peak,23.8
10488,PM Peak,27.4
10488,PM Peak,27.1
10488,PM Peak,20.6
10488,PM Peak,23.2
10488,PM Peak,20.1
10488,PM Peak,14.5
10488,PM Peak,17.2
10488,PM Peak,19.8
10488,PM Peak,18.3
10488,PM Peak,25
10488,PM Peak,12.7
10488,PM Peak,26.1
10488,PM Peak,26
10488,PM Peak,31.6
10488,PM Peak,24.5
10488,PM Peak,21.3
10488,PM Peak,28.2
10488,PM Peak,27.9
10488,PM Peak,19.5
10488,PM Peak,18.2
10488,PM Peak,30.1
10488,PM Peak,25.7
10488,PM Peak,21.9
10488,PM Peak,26
10488,PM Peak,22.9
10488,PM Peak,28.2
10488,PM Peak,20.5
10488,PM Peak,37
10488,PM Peak,20.8
10488,PM Peak,24.7
10488,PM Peak,4.3
10488,PM Peak,21.7
10488,PM Peak,16.2
10488,PM Peak,32.4
10488,PM Peak,22.4
10488,PM Peak,26.5
10488,PM Peak,22.3
10488,PM Peak,23.4
10488,PM Peak,15
10488,PM Peak,18.8
10488,PM Peak,39.7
10488,PM Peak,24.9
10488,PM Peak,32
10488,PM Peak,23.6
10488,PM Peak,30.7
10488,PM Peak,24.4
10488,PM Peak,21.2
10488,PM Peak,21.6
10488,PM Peak,11.2
10488,PM Peak,21.9
10488,PM Peak,25.6
10488,PM Peak,33.4
10488,PM Peak,20.5
10488,PM Peak,24.7
10488,PM Peak,20.7
10488,PM Peak,9.6
10488,PM Peak,24.9
10488,PM Peak,30
10488,PM Peak,29.5
10488,PM Peak,29.2
10488,PM Peak,30
10488,PM Peak,16.2
10488,PM Peak,23.4
10488,PM Peak,14.5
10488,PM Peak,25.6
10488,PM Peak,26
10488,PM Peak,26.9
10488,PM Peak,23.4
10488,PM Peak,25.7
10488,PM Peak,13.5
10488,PM Peak,21.6
10488,PM Peak,21.7
10488,PM Peak,23.8
10488,PM Peak,26.4
10488,PM Peak,21.2
10488,PM Peak,13.2
10488,PM Peak,10.2
10488,PM Peak,29.7
10488,PM Peak,27.9
10488,PM Peak,23.9
10488,PM Peak,26.1
10488,PM Peak,27.9
10488,PM Peak,24
10488,PM Peak,19.3
10488,PM Peak,37.1
10488,PM Peak,31.6
10488,PM Peak,30.8
10488,PM Peak,24.6
10488,PM Peak,33
10488,PM Peak,19.6
10488,PM Peak,22.6
10488,PM Peak,29
10488,PM Peak,23.7
10488,PM Peak,35.9
10488,PM Peak,33.4
10488,PM Peak,23.3
10488,PM Peak,24.8
10488,PM Peak,27.3
10488,PM Peak,29.9
10488,PM Peak,22.6
10488,PM Peak,22.7
10488,PM Peak,27.8
10488,PM Peak,24.9
10488,PM Peak,22.7
10488,PM Peak,23.5
10488,PM Peak,31.6
10488,PM Peak,19.7
10488,PM Peak,20.8
10488,PM Peak,17
10488,PM Peak,25.8
10488,PM Peak,6.3
10488,PM Peak,26.2
10488,PM Peak,16
10488,PM Peak,16.1
10488,PM Peak,11.9
10488,PM Peak,17.3
10488,PM Peak,32.8
10488,PM Peak,36.5
10488,PM Peak,19.4
10488,PM Peak,18.8
10488,PM Peak,30.7
10488,PM Peak,27.9
10488,PM Peak,25.5
10488,PM Peak,27.2
10488,PM Peak,25.7
10488,PM Peak,26.6
10488,PM Peak,21.5
10488,PM Peak,22.1
10488,PM Peak,39.8
10488,PM Peak,25.4
10488,PM Peak,33
10488,PM Peak,21.3
10488,PM Peak,32.9
10488,PM Peak,33.7
10488,PM Peak,23
10488,PM Peak,19.7
10488,PM Peak,22.6
10488,PM Peak,36.2
10488,PM Peak,18.8
10488,PM Peak,34.2
10488,PM Peak,18.9
10488,PM Peak,27.5
10488,PM Peak,13.1
10488,PM Peak,28.5
10488,PM Peak,15.7
10488,PM Peak,25.3
10488,PM Peak,26
10488,PM Peak,32.7
10488,PM Peak,11.2
10488,PM Peak,29.4
10488,PM Peak,37.4
10488,PM Peak,26.2
10488,PM Peak,15.3
10488,PM Peak,29.2
10488,PM Peak,27.6
10488,PM Peak,19.1
10488,PM Peak,25.6
10488,PM Peak,20.6
10488,PM Peak,25.5
10488,PM Peak,25.3
10488,PM Peak,28.5
10488,PM Peak,25.1
10488,PM Peak,11.2
10488,PM Peak,22.6
10488,PM Peak,26.2
10488,PM Peak,24.5
10488,PM Peak,26.8
10488,PM Peak,31.1
10488,PM Peak,22.2
10488,PM Peak,12.8
10488,PM Peak,29.5
10488,PM Peak,29.9
10488,PM Peak,22.9
10488,PM Peak,25.6
10488,PM Peak,30.8
10488,PM Peak,19.6
10488,PM Peak,22.2
10488,PM Peak,24.4
10488,PM Peak,27.9
10488,PM Peak,25.5
10488,PM Peak,25.4
10488,PM Peak,27.2
10488,PM Peak,17.8
10488,PM Peak,30.9
10488,PM Peak,22
10488,PM Peak,22.1
10488,PM Peak,26.5
10488,PM Peak,21.5
10488,PM Peak,32.4
10488,PM Peak,15.2
10488,PM Peak,26.5
10488,PM Peak,25.2
10488,PM Peak,21.5
10488,PM Peak,23.2
10488,PM Peak,27.4
10488,PM Peak,24.9
10488,PM Peak,30.2
10488,PM Peak,35.1
10488,PM Peak,29.1
10488,PM Peak,29.3
10488,PM Peak,25.6
10488,PM Peak,23.5
10488,PM Peak,24
10488,PM Peak,18.7
10488,PM Peak,21.2
10488,PM Peak,34.1
10488,PM Peak,25
10488,PM Peak,28.1
10488,PM Peak,24
10488,PM Peak,17.8
10488,PM Peak,17.9
10488,PM Peak,20.8
10488,PM Peak,22
10488,PM Peak,28.1
10488,PM Peak,30.1
10488,PM Peak,15.5
10488,PM Peak,27.8
10488,PM Peak,26.6
10488,PM Peak,22
10488,PM Peak,30.2
10488,PM Peak,22.6
10488,PM Peak,18.9
10488,PM Peak,28.5
10488,PM Peak,25.8
10488,PM Peak,21.2
10488,PM Peak,16
10488,PM Peak,31.5
10488,PM Peak,24.4
10488,PM Peak,21.5
10488,PM Peak,21.7
10488,PM Peak,20.5
10488,PM Peak,25.3
10488,PM Peak,24.2
10488,PM Peak,17.9
10488,PM Peak,18.9
10488,PM Peak,25.4
10488,PM Peak,32.8
10488,PM Peak,21.3
10488,PM Peak,36.1
10488,PM Peak,24.6
10488,PM Peak,18
10488,PM Peak,32.2
10488,PM Peak,39.8
10488,PM Peak,24.2
10488,PM Peak,20.1
10488,PM Peak,34.2
10488,PM Peak,25.3
10488,PM Peak,29.3
10488,PM Peak,25.3
10488,PM Peak,25.2
10488,PM Peak,36.8
10488,PM Peak,19.6
10488,PM Peak,11.2
10488,PM Peak,25.5
10488,PM Peak,31.3
10488,PM Peak,22.7
10488,PM Peak,22.8
10488,PM Peak,29.6
10488,PM Peak,25.2
10488,PM Peak,24.4
10488,PM Peak,10.3
10488,PM Peak,16.3
10488,PM Peak,28.8
10488,PM Peak,27.1
10488,PM Peak,32.5
10488,PM Peak,29.7
10488,PM Peak,21.5
10488,PM Peak,29.3
10488,PM Peak,35.2
10488,PM Peak,17.7
10488,PM Peak,23.9
10488,PM Peak,22.6
10488,PM Peak,21.5
10488,PM Peak,20.8
10488,PM Peak,21.7
10488,PM Peak,15.5
10488,PM Peak,29.4
10488,PM Peak,18.6
10488,PM Peak,25.1
10488,PM Peak,34.3
10488,PM Peak,27.5
10488,PM Peak,34.5
10488,PM Peak,36
10488,PM Peak,25.2
10488,PM Peak,18.8
10488,PM Peak,32.4
10488,PM Peak,24.4
10488,PM Peak,24.6
10488,PM Peak,17
10488,PM Peak,28.2
10488,PM Peak,21.4
10488,PM Peak,17.6
10488,PM Peak,31.7
10488,PM Peak,26.4
10488,PM Peak,28.8
10488,PM Peak,23.9
10488,PM Peak,20.8
10488,PM Peak,27.2
10488,PM Peak,18
10488,PM Peak,35.2
10488,PM Peak,21.9
10488,PM Peak,29
10488,PM Peak,18.8
10488,PM Peak,38.2
10488,PM Peak,22.2
10488,PM Peak,25.5
10488,PM Peak,25.2
10488,PM Peak,33.8
10488,PM Peak,21.6
10488,PM Peak,29.6
10488,PM Peak,25
10488,PM Peak,21.2
10488,PM Peak,19.9
10488,PM Peak,24.4
10488,PM Peak,24.3
10488,PM Peak,26
10488,PM Peak,22.9
10488,PM Peak,27.2
10488,PM Peak,26.1
10488,PM Peak,19.7
10488,PM Peak,24.4
10488,PM Peak,13.8
10488,PM Peak,18.2
10488,PM Peak,15.2
10488,PM Peak,24.4
10488,PM Peak,23.7
10488,PM Peak,32.8
10488,PM Peak,23.5
10488,PM Peak,22
10488,PM Peak,19.7
10488,PM Peak,35.7
10488,PM Peak,16.2
10488,PM Peak,19.3
10488,PM Peak,25.2
10488,PM Peak,32
10488,PM Peak,21.3
10488,PM Peak,19.5
10488,PM Peak,25.2
10488,PM Peak,19.3
10488,PM Peak,22.5
10488,PM Peak,25.3
10488,PM Peak,22.3
10488,PM Peak,22.1
10488,PM Peak,27.8
10488,PM Peak,19
10488,PM Peak,27.1
10488,PM Peak,31.5
10488,PM Peak,34.7
10488,PM Peak,21.7
10488,PM Peak,20.8
10488,PM Peak,19.8
10488,PM Peak,23.3
10488,PM Peak,16.9
10488,PM Peak,36.1
10488,PM Peak,29.7
10488,PM Peak,24
10488,PM Peak,29.9
10488,PM Peak,16.6
10488,PM Peak,24.4
10488,PM Peak,23.2
10488,PM Peak,28.5
10488,PM Peak,16.4
10488,PM Peak,21.7
10488,PM Peak,29.5
10488,PM Peak,23.7
10488,PM Peak,20.4
10488,PM Peak,24
10488,PM Peak,13
10488,PM Peak,36.4
10488,PM Peak,18.3
10488,PM Peak,15.6
10488,PM Peak,22.7
10488,PM Peak,22.3
10488,PM Peak,20.5
10488,PM Peak,24.3
10488,PM Peak,23.3
10488,PM Peak,29.2
10488,PM Peak,24.8
10488,PM Peak,20
10488,PM Peak,26
10488,PM Peak,28
10488,PM Peak,16.7
10488,PM Peak,29.7
10488,PM Peak,23
10488,PM Peak,30.5
10488,PM Peak,23
10488,PM Peak,17.3
10488,PM Peak,25.8
10488,PM Peak,23.7
10488,PM Peak,21.9
10488,PM Peak,24.2
10488,PM Peak,27.6
10488,PM Peak,19.8
10488,PM Peak,17.3
10488,PM Peak,25.6
10488,PM Peak,27.8
10488,PM Peak,31.2
10488,PM Peak,21.6
10488,PM Peak,21.9
10488,PM Peak,38.9
10488,PM Peak,27.7
10488,PM Peak,19.8
31602,AM Peak,22.3
31602,AM Peak,18.4
31602,AM Peak,20.8
31602,AM Peak,24.2
31602,AM Peak,27
31602,AM Peak,20.1
31602,AM Peak,16.1
31602,AM Peak,19.2
31602,AM Peak,15.9
31602,AM Peak,30.9
31602,AM Peak,17.9
31602,AM Peak,25.5
31602,AM Peak,7.9
31602,AM Peak,20.3
31602,AM Peak,13.2
31602,AM Peak,20.8
31602,AM Peak,19.9
31602,AM Peak,19.5
31602,AM Peak,27.1
31602,AM Peak,4
31602,AM Peak,14.8
31602,AM Peak,5.6
31602,AM Peak,19.7
31602,AM Peak,19.7
31602,AM Peak,5.2
31602,AM Peak,17
31602,AM Peak,18.4
31602,AM Peak,20.1
31602,AM Peak,26.8
31602,AM Peak,13.5
31602,AM Peak,23.6
31602,AM Peak,3.5
31602,AM Peak,17.4
31602,AM Peak,15.7
31602,AM Peak,20.2
31602,AM Peak,17
31602,AM Peak,20
31602,AM Peak,20.5
31602,AM Peak,21.5
31602,AM Peak,18.9
31602,AM Peak,14.9
31602,AM Peak,15.5
31602,AM Peak,22.2
31602,AM Peak,10.5
31602,AM Peak,17.3
31602,AM Peak,16.9
31602,AM Peak,23.4
31602,AM Peak,5.5
31602,AM Peak,14.9
31602,AM Peak,17.8
31602,AM Peak,28.6
31602,AM Peak,15.4
31602,AM Peak,18.4
31602,AM Peak,24.1
31602,AM Peak,13.9
31602,AM Peak,22.1
31602,AM Peak,25.1
31602,AM Peak,17.7
31602,AM Peak,21.7
31602,AM Peak,22.3
31602,AM Peak,17
31602,AM Peak,22.6
31602,AM Peak,25.6
31602,AM Peak,21.8
31602,AM Peak,25
31602,AM Peak,20.1
31602,AM Peak,23.6
31602,AM Peak,24.7
31602,AM Peak,20.3
31602,AM Peak,20.6
31602,AM Peak,11.8
31602,AM Peak,4.5
31602,AM Peak,25.4
31602,AM Peak,21.4
31602,AM Peak,11
31602,AM Peak,27.5
31602,AM Peak,21
31602,AM Peak,26.1
31602,AM Peak,22.2
31602,AM Peak,20.1
31602,AM Peak,15.5
31602,AM Peak,21.3
31602,AM Peak,27.8
31602,AM Peak,23
31602,AM Peak,17.1
31602,AM Peak,23.3
31602,AM Peak,12.3
31602,AM Peak,24.4
31602,AM Peak,23
31602,AM Peak,24.9
31602,AM Peak,19.7
31602,AM Peak,24.5
31602,AM Peak,29.6
31602,AM Peak,24
31602,AM Peak,16.4
31602,AM Peak,26.4
31602,AM Peak,21.4
31602,AM Peak,17.6
31602,AM Peak,20.6
31602,AM Peak,23.4
31602,AM Peak,23.5
31602,AM Peak,17.4
31602,AM Peak,16.9
31602,AM Peak,26.6
31602,AM Peak,23.4
31602,AM Peak,14.7
31602,AM Peak,19.5
31602,AM Peak,23.7
31602,AM Peak,29.6
31602,AM Peak,14.4
31602,AM Peak,26.1
31602,AM Peak,23.1
31602,AM Peak,20.4
31602,AM Peak,17.6
31602,AM Peak,27.8
31602,AM Peak,26.8
31602,AM Peak,16.5
31602,AM Peak,22.9
31602,AM Peak,7.6
31602,AM Peak,17.6
31602,AM Peak,19.9
31602,AM Peak,22.2
31602,AM Peak,9.4
31602,AM Peak,3.3
31602,AM Peak,4.2
31602,AM Peak,29
31602,AM Peak,17.1
31602,AM Peak,21.4
31602,AM Peak,22.8
31602,AM Peak,22.7
31602,AM Peak,20.2
31602,AM Peak,14.9
31602,AM Peak,24
31602,AM Peak,24.6
31602,AM Peak,15.9
31602,AM Peak,19.4
31602,AM Peak,17.1
31602,AM Peak,19.8
31602,AM Peak,15.6
31602,AM Peak,16.4
31602,AM Peak,5.4
31602,AM Peak,26
31602,AM Peak,23.7
31602,AM Peak,29.5
31602,AM Peak,17.4
31602,AM Peak,5.3
31602,AM Peak,18.8
31602,AM Peak,13.3
31602,AM Peak,14.1
31602,AM Peak,23.5
31602,AM Peak,2.8
31602,AM Peak,28.3
31602,AM Peak,12
31602,AM Peak,18.3
31602,AM Peak,16.5
31602,AM Peak,21.8
31602,AM Peak,18.4
31602,AM Peak,20.4
31602,AM Peak,21.1
31602,AM Peak,17.7
31602,AM Peak,23.3
31602,AM Peak,24.1
31602,AM Peak,28.4
31602,AM Peak,6.5
31602,AM Peak,24
31602,AM Peak,28.1
31602,AM Peak,11.4
31602,AM Peak,21.1
31602,AM Peak,20.7
31602,AM Peak,23.1
31602,AM Peak,14.6
31602,AM Peak,18.4
31602,AM Peak,11
31602,AM Peak,19.4
31602,AM Peak,19.4
31602,AM Peak,16.9
31602,AM Peak,5.3
31602,AM Peak,19.7
31602,AM Peak,26.7
31602,AM Peak,17.8
31602,AM Peak,18.9
31602,AM Peak,13
31602,AM Peak,16.1
31602,AM Peak,16.9
31602,AM Peak,17.1
31602,AM Peak,16.4
31602,AM Peak,20.3
31602,AM Peak,19.8
31602,AM Peak,20.1
31602,AM Peak,16.7
31602,AM Peak,5.6
31602,AM Peak,19.7
31602,AM Peak,20.3
31602,AM Peak,15.1
31602,AM Peak,19.2
31602,AM Peak,19.1
31602,AM Peak,21.3
31602,AM Peak,16.3
31602,AM Peak,16.4
31602,AM Peak,7.2
31602,AM Peak,20.3
31602,AM Peak,26.2
31602,AM Peak,20.1
31602,AM Peak,22.4
31602,AM Peak,18.1
31602,AM Peak,15.7
31602,AM Peak,15.2
31602,AM Peak,25.1
31602,AM Peak,26.1
31602,AM Peak,21
31602,AM Peak,28.6
31602,AM Peak,19.2
31602,AM Peak,26.6
31602,AM Peak,18.7
31602,AM Peak,17.6
31602,AM Peak,23.1
31602,AM Peak,24.8
31602,AM Peak,21.5
31602,AM Peak,10.9
31602,AM Peak,4.6
31602,AM Peak,17.2
31602,AM Peak,4.9
31602,AM Peak,19.1
31602,AM Peak,23.5
31602,AM Peak,16.1
31602,AM Peak,28.5
31602,AM Peak,13.5
31602,AM Peak,18.5
31602,AM Peak,25.5
31602,AM Peak,21.3
31602,AM Peak,24.5
31602,AM Peak,19.5
31602,AM Peak,3.2
31602,AM Peak,24.3
31602,AM Peak,14
31602,AM Peak,20.1
31602,AM Peak,3.4
31602,AM Peak,8.1
31602,AM Peak,17.5
31602,AM Peak,17
31602,AM Peak,20.9
31602,AM Peak,23.6
31602,AM Peak,12.4
31602,AM Peak,24.5
31602,AM Peak,15.7
31602,AM Peak,19.5
31602,AM Peak,4.7
31602,AM Peak,17
31602,AM Peak,20.7
31602,AM Peak,19.5
31602,AM Peak,20.9
31602,AM Peak,22.2
31602,AM Peak,24.3
31602,AM Peak,20.4
31602,AM Peak,16.9
31602,AM Peak,26.1
31602,AM Peak,23.8
31602,AM Peak,25.7
31602,AM Peak,20.2
31602,AM Peak,24.7
31602,AM Peak,21.7
31602,AM Peak,17.3
31602,AM Peak,22.9
31602,AM Peak,23.9
31602,AM Peak,19.9
31602,AM Peak,23.9
31602,AM Peak,18.5
31602,AM Peak,18.2
31602,AM Peak,17.6
31602,AM Peak,13.8
31602,AM Peak,16.9
31602,AM Peak,27.1
31602,AM Peak,11.5
31602,AM Peak,17.5
31602,AM Peak,20.9
31602,AM Peak,21.4
31602,AM Peak,19.6
31602,AM Peak,20.9
31602,AM Peak,26.6
31602,AM Peak,15.5
31602,AM Peak,27
31602,AM Peak,14.9
31602,AM Peak,24.5
31602,AM Peak,13.1
31602,AM Peak,21.5
31602,AM Peak,27.4
31602,AM Peak,22.5
31602,AM Peak,18.9
31602,AM Peak,23.3
31602,AM Peak,17
31602,AM Peak,22
31602,AM Peak,15.6
31602,AM Peak,18.2
31602,AM Peak,18.3
31602,AM Peak,18.3
31602,AM Peak,21.1
31602,AM Peak,22.8
31602,AM Peak,15.6
31602,AM Peak,3.5
31602,AM Peak,12.9
31602,AM Peak,21.3
31602,AM Peak,25.7
31602,AM Peak,3.9
31602,AM Peak,21
31602,AM Peak,17.6
31602,AM Peak,21.6
31602,AM Peak,15.4
31602,AM Peak,22.6
31602,AM Peak,18.4
31602,AM Peak,5.8
31602,AM Peak,18.5
31602,AM Peak,15.4
31602,AM Peak,20.5
31602,AM Peak,15.1
31602,AM Peak,21.8
31602,AM Peak,25.8
31602,AM Peak,24.3
31602,AM Peak,18.6
31602,AM Peak,19.7
31602,AM Peak,26.7
31602,AM Peak,17.1
31602,AM Peak,25.7
31602,AM Peak,11.3
31602,AM Peak,22.2
31602,AM Peak,21.6
31602,AM Peak,19
31602,AM Peak,25.3
31602,AM Peak,26.2
31602,AM Peak,23.3
31602,AM Peak,23.3
31602,AM Peak,22.5
31602,AM Peak,17.1
31602,AM Peak,17.6
31602,AM Peak,17.3
31602,AM Peak,11.8
31602,AM Peak,21.8
31602,AM Peak,21.4
31602,AM Peak,12.2
31602,AM Peak,19.1
31602,AM Peak,13.4
31602,AM Peak,26.7
31602,AM Peak,18.3
31602,AM Peak,28.8
31602,AM Peak,24.5
31602,AM Peak,26.1
31602,AM Peak,4.9
31602,AM Peak,29.5
31602,AM Peak,24.8
31602,AM Peak,21.1
31602,AM Peak,5.8
31602,AM Peak,27.8
31602,AM Peak,25.4
31602,AM Peak,23.2
31602,AM Peak,18.3
31602,AM Peak,24.1
31602,AM Peak,25.4
31602,AM Peak,14.3
31602,AM Peak,21.3
31602,AM Peak,25.3
31602,AM Peak,25.6
31602,AM Peak,19.9
31602,AM Peak,15.8
31602,AM Peak,13.1
31602,AM Peak,21.1
31602,AM Peak,13.9
31602,AM Peak,19.5
31602,AM Peak,30.3
31602,AM Peak,14.7
31602,AM Peak,21
31602,AM Peak,17
31602,AM Peak,20.7
31602,AM Peak,23.6
31602,AM Peak,15.6
31602,AM Peak,6.8
31602,AM Peak,18.8
31602,AM Peak,18.6
31602,AM Peak,19.4
31602,AM Peak,2.6
31602,AM Peak,20.5
31602,AM Peak,20.3
31602,AM Peak,23.6
31602,AM Peak,20.5
31602,AM Peak,20.1
31602,AM Peak,21.7
31602,AM Peak,29.1
31602,AM Peak,12.7
31602,AM Peak,17.3
31602,AM Peak,29.3
31602,AM Peak,17.4
31602,AM Peak,19.6
31602,AM Peak,21
31602,AM Peak,27.6
31602,AM Peak,19.3
31602,AM Peak,16.5
31602,AM Peak,16.2
31602,AM Peak,24.7
31602,AM Peak,21
31602,AM Peak,13.1
31602,AM Peak,25.1
31602,AM Peak,20.9
31602,AM Peak,24.9
31602,AM Peak,25.7
31602,AM Peak,22.1
31602,AM Peak,19.1
31602,AM Peak,5.9
31602,AM Peak,29.6
31602,AM Peak,18.1
31602,AM Peak,18.5
31602,AM Peak,22.2
31602,AM Peak,17.8
31602,AM Peak,22.2
31602,AM Peak,13.8
31602,AM Peak,21
31602,AM Peak,22.6
31602,AM Peak,18.4
31602,AM Peak,22.9
31602,AM Peak,12.1
31602,AM Peak,23.7
31602,AM Peak,24.8
31602,AM Peak,20.6
31602,AM Peak,19.4
31602,AM Peak,20.1
31602,AM Peak,24.7
31602,AM Peak,18.7
31602,AM Peak,18
31602,AM Peak,21.2
31602,AM Peak,23.4
31602,AM Peak,21.8
31602,AM Peak,17.5
31602,AM Peak,26.5
31602,AM Peak,10.5
31602,AM Peak,26.4
31602,AM Peak,16.5
31602,AM Peak,24
31602,AM Peak,22
31602,AM Peak,21.8
31602,AM Peak,17.8
31602,AM Peak,22.9
31602,AM Peak,17
31602,AM Peak,16.6
31602,AM Peak,10.4
31602,AM Peak,24.1
31602,AM Peak,20.1
31602,AM Peak,12.9
31602,AM Peak,27.2
31602,AM Peak,16.4
31602,AM Peak,26.9
31602,AM Peak,13.5
31602,AM Peak,22
31602,AM Peak,17.4
31602,AM Peak,21.5
31602,AM Peak,22
31602,AM Peak,20
31602,AM Peak,17.3
31602,AM Peak,20.7
31602,AM Peak,13.1
31602,AM Peak,23
31602,AM Peak,19.8
31602,AM Peak,9.2
31602,AM Peak,16.4
31602,AM Peak,10.1
31602,AM Peak,20.5
31602,AM Peak,20.6
31602,AM Peak,14.1
31602,AM Peak,23.3
31602,AM Peak,18.9
31602,AM Peak,24.8
31602,AM Peak,20.6
31602,AM Peak,16.5
31602,AM Peak,18.1
31602,AM Peak,5.7
31602,AM Peak,18.9
31602,AM Peak,28.2
31602,AM Peak,24.7
31602,AM Peak,22.2
31602,AM Peak,23.6
31602,AM Peak,14.2
31602,AM Peak,20.9
31602,AM Peak,24.2
31602,AM Peak,1.8
31602,AM Peak,25.1
31602,AM Peak,15.8
31602,AM Peak,22.7
31602,AM Peak,23.2
31602,AM Peak,24
31602,AM Peak,22.7
31602,AM Peak,18
31602,AM Peak,16.8
31602,AM Peak,20.2
31602,AM Peak,21.9
31602,AM Peak,26
31602,AM Peak,30
31602,AM Peak,21.3
31602,AM Peak,12.7
31602,AM Peak,20.4
31602,AM Peak,21.6
31602,AM Peak,17.1
31602,AM Peak,23.1
31602,AM Peak,20
31602,AM Peak,12.8
31602,PM Peak,21.5
31602,PM Peak,20.9
31602,PM Peak,23.3
31602,PM Peak,23.6
31602,PM Peak,21.3
31602,PM Peak,8.9
31602,PM Peak,16.3
31602,PM Peak,17
31602,PM Peak,20.2
31602,PM Peak,15.2
31602,PM Peak,22
31602,PM Peak,17.8
31602,PM Peak,12.5
31602,PM Peak,22.1
31602,PM Peak,18
31602,PM Peak,16.6
31602,PM Peak,23.8
31602,PM Peak,16.2
31602,PM Peak,29
31602,PM Peak,17.7
31602,PM Peak,14
31602,PM Peak,22.2
31602,PM Peak,19.3
31602,PM Peak,22.3
31602,PM Peak,16.5
31602,PM Peak,13.7
31602,PM Peak,22.2
31602,PM Peak,22.9
31602,PM Peak,22
31602,PM Peak,27.4
31602,PM Peak,25.9
31602,PM Peak,16
31602,PM Peak,11.5
31602,PM Peak,21.8
31602,PM Peak,14.4
31602,PM Peak,12
31602,PM Peak,26
31602,PM Peak,17.7
31602,PM Peak,17.9
31602,PM Peak,13.5
31602,PM Peak,4.8
31602,PM Peak,16.5
31602,PM Peak,27.7
31602,PM Peak,15.7
31602,PM Peak,12.6
31602,PM Peak,14.8
31602,PM Peak,23.7
31602,PM Peak,16.9
31602,PM Peak,25.2
31602,PM Peak,23.7
31602,PM Peak,14.3
31602,PM Peak,19.7
31602,PM Peak,26.6
31602,PM Peak,18.6
31602,PM Peak,16.9
31602,PM Peak,25.7
31602,PM Peak,20.8
31602,PM Peak,25.8
31602,PM Peak,14.9
31602,PM Peak,11.8
31602,PM Peak,25
31602,PM Peak,17.9
31602,PM Peak,20.3
31602,PM Peak,24
31602,PM Peak,16.7
31602,PM Peak,18.7
31602,PM Peak,19.1
31602,PM Peak,24.8
31602,PM Peak,20.7
31602,PM Peak,13.7
31602,PM Peak,27.9
31602,PM Peak,23.3
31602,PM Peak,19.5
31602,PM Peak,20.8
31602,PM Peak,24.7
31602,PM Peak,13.9
31602,PM Peak,25.9
31602,PM Peak,23.9
31602,PM Peak,13.8
31602,PM Peak,30.6
31602,PM Peak,24.6
31602,PM Peak,13.8
31602,PM Peak,22.6
31602,PM Peak,17.8
31602,PM Peak,28.6
31602,PM Peak,18.9
31602,PM Peak,17.8
31602,PM Peak,13.3
31602,PM Peak,26.6
31602,PM Peak,25.9
31602,PM Peak,20
31602,PM Peak,17.1
31602,PM Peak,13
31602,PM Peak,18.6
31602,PM Peak,18.4
31602,PM Peak,12.6
31602,PM Peak,13.7
31602,PM Peak,29.8
31602,PM Peak,24.5
31602,PM Peak,19.1
31602,PM Peak,14
31602,PM Peak,14.7
31602,PM Peak,14.1
31602,PM Peak,14.3
31602,PM Peak,23.1
31602,PM Peak,12.3
31602,PM Peak,9.3
31602,PM Peak,22.6
31602,PM Peak,18.5
31602,PM Peak,22.3
31602,PM Peak,17
31602,PM Peak,14
31602,PM Peak,13.2
31602,PM Peak,18.7
31602,PM Peak,24.7
31602,PM Peak,13.5
31602,PM Peak,23.9
31602,PM Peak,15.4
31602,PM Peak,21.3
31602,PM Peak,24.4
31602,PM Peak,22.2
31602,PM Peak,20
31602,PM Peak,19.8
31602,PM Peak,9.8
31602,PM Peak,18.8
31602,PM Peak,15.4
31602,PM Peak,23.5
31602,PM Peak,23.4
31602,PM Peak,27.3
31602,PM Peak,32
31602,PM Peak,15.4
31602,PM Peak,10.7
31602,PM Peak,28.7
31602,PM Peak,17.6
31602,PM Peak,21.4
31602,PM Peak,18
31602,PM Peak,11.9
31602,PM Peak,21
31602,PM Peak,23.8
31602,PM Peak,27.7
31602,PM Peak,17.6
31602,PM Peak,26.1
31602,PM Peak,5.1
31602,PM Peak,25.1
31602,PM Peak,23.7
31602,PM Peak,2.8
31602,PM Peak,24.6
31602,PM Peak,13.1
31602,PM Peak,19.9
31602,PM Peak,17.6
31602,PM Peak,22.2
31602,PM Peak,21.2
31602,PM Peak,6.3
31602,PM Peak,17.6
31602,PM Peak,11.4
31602,PM Peak,28.9
31602,PM Peak,21
31602,PM Peak,18.8
31602,PM Peak,14.5
31602,PM Peak,21.9
31602,PM Peak,26.4
31602,PM Peak,16.1
31602,PM Peak,21.5
31602,PM Peak,18.3
31602,PM Peak,18.2
31602,PM Peak,17.8
31602,PM Peak,24.5
31602,PM Peak,24.4
31602,PM Peak,18.4
31602,PM Peak,20.4
31602,PM Peak,31.5
31602,PM Peak,27.3
31602,PM Peak,19.1
31602,PM Peak,17.1
31602,PM Peak,28.1
31602,PM Peak,15.6
31602,PM Peak,20.7
31602,PM Peak,19.9
31602,PM Peak,26.5
31602,PM Peak,28.7
31602,PM Peak,13.6
31602,PM Peak,25.2
31602,PM Peak,16.2
31602,PM Peak,24.1
31602,PM Peak,25.6
31602,PM Peak,18.5
31602,PM Peak,28.9
31602,PM Peak,22.6
31602,PM Peak,15
31602,PM Peak,23.1
31602,PM Peak,21.5
31602,PM Peak,25.1
31602,PM Peak,21.8
31602,PM Peak,15.1
31602,PM Peak,23.5
31602,PM Peak,24.2
31602,PM Peak,16.3
31602,PM Peak,26
31602,PM Peak,5.6
31602,PM Peak,21
31602,PM Peak,25.7
31602,PM Peak,23.8
31602,PM Peak,24.9
31602,PM Peak,22.2
31602,PM Peak,21.1
31602,PM Peak,21.3
31602,PM Peak,11.9
31602,PM Peak,26.5
31602,PM Peak,30.2
31602,PM Peak,18.5
31602,PM Peak,27.9
31602,PM Peak,26.7
31602,PM Peak,20.2
31602,PM Peak,12.3
31602,PM Peak,15.3
31602,PM Peak,18.8
31602,PM Peak,16.6
31602,PM Peak,26.1
31602,PM Peak,25.4
31602,PM Peak,17.6
31602,PM Peak,21.7
31602,PM Peak,29
31602,PM Peak,10
31602,PM Peak,18.3
31602,PM Peak,22.9
31602,PM Peak,21.7
31602,PM Peak,18.5
31602,PM Peak,29.2
31602,PM Peak,22.3
31602,PM Peak,14
31602,PM Peak,25.3
31602,PM Peak,21.8
31602,PM Peak,15.6
31602,PM Peak,18.7
31602,PM Peak,15.4
31602,PM Peak,18.9
31602,PM Peak,19.2
31602,PM Peak,25.1
31602,PM Peak,21.9
31602,PM Peak,26.4
31602,PM Peak,4.4
31602,PM Peak,11.5
31602,PM Peak,32.5
31602,PM Peak,25
31602,PM Peak,13.8
31602,PM Peak,27.5
31602,PM Peak,9.8
31602,PM Peak,23.8
31602,PM Peak,19.3
31602,PM Peak,22.9
31602,PM Peak,25
31602,PM Peak,16.9
31602,PM Peak,4.5
31602,PM Peak,30.6
31602,PM Peak,19.5
31602,PM Peak,31.4
31602,PM Peak,25.6
31602,PM Peak,1.6
31602,PM Peak,24.9
31602,PM Peak,13.4
31602,PM Peak,24.2
31602,PM Peak,11.9
31602,PM Peak,23.3
31602,PM Peak,17.9
31602,PM Peak,23.7
31602,PM Peak,12.4
31602,PM Peak,12.9
31602,PM Peak,15.5
31602,PM Peak,28.6
31602,PM Peak,14.5
31602,PM Peak,15.7
31602,PM Peak,14.8
31602,PM Peak,19.5
31602,PM Peak,28.2
31602,PM Peak,25
31602,PM Peak,6.4
31602,PM Peak,22.2
31602,PM Peak,19.6
31602,PM Peak,22.3
31602,PM Peak,14.3
31602,PM Peak,20.1
31602,PM Peak,19.9
31602,PM Peak,20.4
31602,PM Peak,20.6
31602,PM Peak,16.1
31602,PM Peak,23.7
31602,PM Peak,27.3
31602,PM Peak,30.2
31602,PM Peak,14.3
31602,PM Peak,17.4
31602,PM Peak,22.7
31602,PM Peak,18.8
31602,PM Peak,25.7
31602,PM Peak,19.9
31602,PM Peak,24.6
31602,PM Peak,20.8
31602,PM Peak,18.6
31602,PM Peak,23.1
31602,PM Peak,25.3
31602,PM Peak,22.7
31602,PM Peak,15.3
31602,PM Peak,26.4
31602,PM Peak,19.6
31602,PM Peak,6.2
31602,PM Peak,30.8
31602,PM Peak,16.5
31602,PM Peak,16
31602,PM Peak,20.1
31602,PM Peak,2.2
31602,PM Peak,25.9
31602,PM Peak,14.9
31602,PM Peak,22.8
31602,PM Peak,16.4
31602,PM Peak,21.4
31602,PM Peak,28.3
31602,PM Peak,17.8
31602,PM Peak,27.7
31602,PM Peak,22.5
31602,PM Peak,24.7
31602,PM Peak,21.1
31602,PM Peak,18.2
31602,PM Peak,20.5
31602,PM Peak,16
31602,PM Peak,22.1
31602,PM Peak,27.3
31602,PM Peak,23.8
31602,PM Peak,22.3
31602,PM Peak,10.5
31602,PM Peak,15.4
31602,PM Peak,31.7
31602,PM Peak,19
31602,PM Peak,22.2
31602,PM Peak,16
31602,PM Peak,19.1
31602,PM Peak,17.2
31602,PM Peak,12.9
31602,PM Peak,10.3
31602,PM Peak,14.7
31602,PM Peak,26.6
31602,PM Peak,28.1
31602,PM Peak,12.9
31602,PM Peak,28
31602,PM Peak,31.2
31602,PM Peak,23.4
31602,PM Peak,18
31602,PM Peak,23.8
31602,PM Peak,5.3
31602,PM Peak,19.3
31602,PM Peak,27.7
31602,PM Peak,17.1
31602,PM Peak,23.7
31602,PM Peak,25.8
31602,PM Peak,15.6
31602,PM Peak,30.2
31602,PM Peak,22.7
31602,PM Peak,23.8
31602,PM Peak,16.3
31602,PM Peak,21.5
31602,PM Peak,16.3
31602,PM Peak,24
31602,PM Peak,28
31602,PM Peak,29.3
31602,PM Peak,21.7
31602,PM Peak,13.4
31602,PM Peak,23.8
31602,PM Peak,28.1
31602,PM Peak,2.3
31602,PM Peak,20.8
31602,PM Peak,12.4
31602,PM Peak,5.7
31602,PM Peak,26.8
31602,PM Peak,24.5
31602,PM Peak,21.9
31602,PM Peak,15.1
31602,PM Peak,3.4
31602,PM Peak,28.3
31602,PM Peak,15.2
31602,PM Peak,15.7
31602,PM Peak,21.8
31602,PM Peak,21.2
31602,PM Peak,22.1
31602,PM Peak,8.3
31602,PM Peak,27.4
31602,PM Peak,19
31602,PM Peak,23.5
31602,PM Peak,25.1
31602,PM Peak,13.5
31602,PM Peak,23.8
31602,PM Peak,15.9
31602,PM Peak,19.7
31602,PM Peak,16.1
31602,PM Peak,20.4
31602,PM Peak,24.7
31602,PM Peak,25.6
31602,PM Peak,20.5
31602,PM Peak,12.2
31602,PM Peak,12.8
31602,PM Peak,30
31602,PM Peak,21.1
31602,PM Peak,11.4
31602,PM Peak,23.5
31602,PM Peak,18.4
31602,PM Peak,16.1
31602,PM Peak,24.7
31602,PM Peak,25.1
31602,PM Peak,26.6
31602,PM Peak,18.8
31602,PM Peak,27.2
31602,PM Peak,21.4
31602,PM Peak,11.4
31602,PM Peak,16.4
31602,PM Peak,23.5
31602,PM Peak,29.8
31602,PM Peak,19.7
31602,PM Peak,9.8
31602,PM Peak,13.7
31602,PM Peak,21.8
31602,PM Peak,18.3
31602,PM Peak,16.4
31602,PM Peak,15.3
31602,PM Peak,22.5
31602,PM Peak,12.4
31602,PM Peak,28.1
31602,PM Peak,26.5
31602,PM Peak,26.9
31602,PM Peak,19.6
31602,PM Peak,25.3
31602,PM Peak,18.2
31602,PM Peak,20
31602,PM Peak,28
31602,PM Peak,37.2
31602,PM Peak,23.1
31602,PM Peak,17
31602,PM Peak,24
31602,PM Peak,19.2
31602,PM Peak,24
31602,PM Peak,13.8
31602,PM Peak,21
31602,PM Peak,12.5
31602,PM Peak,23.1
31602,PM Peak,20.4
31602,PM Peak,15.6
31602,PM Peak,25.3
31602,PM Peak,15.2
31602,PM Peak,21.3
31602,PM Peak,24.9
31602,PM Peak,27.7
31602,PM Peak,27
31602,PM Peak,24.1
31602,PM Peak,21.3
31602,PM Peak,18.7
31602,PM Peak,20.7
31602,PM Peak,27.7
31602,PM Peak,14.8
31602,PM Peak,27.5
31602,PM Peak,22.4
31602,PM Peak,21.9
31602,PM Peak,7.9
31602,PM Peak,16.5
31602,PM Peak,22.4
31602,PM Peak,18.6
31602,PM Peak,19.4
31602,PM Peak,23.3
31602,PM Peak,22.5
31602,PM Peak,25.4
31602,PM Peak,25.1
31602,PM Peak,23.5
31602,PM Peak,26.7
31602,PM Peak,18.9
31602,PM Peak,6.1
31602,PM Peak,16.6
31602,PM Peak,14.5
31602,PM Peak,23
31602,PM Peak,22.6
31602,PM Peak,15.6
31602,PM Peak,15.9
31602,PM Peak,29.9
31602,PM Peak,24.4
31602,PM Peak,21.5
31602,PM Peak,18.8
31602,PM Peak,19.2
31602,PM Peak,2.9
31602,PM Peak,21.7
31602,PM Peak,13.8
31602,PM Peak,15.1
31602,PM Peak,26.4
31602,PM Peak,15.8
31602,PM Peak,22.9
31602,PM Peak,19.1
31602,PM Peak,19.1
31602,PM Peak,18
31602,PM Peak,20.9
31602,PM Peak,24.9
31602,PM Peak,15.6
31602,PM Peak,13.6
31602,PM Peak,1.9
31602,PM Peak,17.3
31602,PM Peak,29.1
31602,PM Peak,19.6
31602,PM Peak,12.7
31747,AM Peak,25.2
31747,AM Peak,14.1
31747,AM Peak,25.5
31747,AM Peak,30.2
31747,AM Peak,12.3
31747,AM Peak,21.2
31747,AM Peak,15.1
31747,AM Peak,25.3
31747,AM Peak,12.2
31747,AM Peak,4.6
31747,AM Peak,33.7
31747,AM Peak,22.4
31747,AM Peak,20
31747,AM Peak,13.7
31747,AM Peak,15.2
31747,AM Peak,23.3
31747,AM Peak,26.2
31747,AM Peak,15.7
31747,AM Peak,14.2
31747,AM Peak,29.6
31747,AM Peak,12.1
31747,AM Peak,30.6
31747,AM Peak,12.6
31747,AM Peak,28.3
31747,AM Peak,33
31747,AM Peak,22
31747,AM Peak,17.7
31747,AM Peak,26.7
31747,AM Peak,15.5
31747,AM Peak,17.8
31747,AM Peak,28.1
31747,AM Peak,15
31747,AM Peak,16.9
31747,AM Peak,21.9
31747,AM Peak,14.7
31747,AM Peak,8.4
31747,AM Peak,23.5
31747,AM Peak,20.1
31747,AM Peak,26.9
31747,AM Peak,20.2
31747,AM Peak,5.9
31747,AM Peak,29.4
31747,AM Peak,20.7
31747,AM Peak,9.5
31747,AM Peak,7.1
31747,AM Peak,29.8
31747,AM Peak,9.4
31747,AM Peak,14.5
31747,AM Peak,29.9
31747,AM Peak,16.6
31747,AM Peak,32.1
31747,AM Peak,23.2
31747,AM Peak,20.1
31747,AM Peak,10.2
31747,AM Peak,18.1
31747,AM Peak,9.4
31747,AM Peak,13.3
31747,AM Peak,32
31747,AM Peak,14
31747,AM Peak,25.6
31747,AM Peak,24.5
31747,AM Peak,14.7
31747,AM Peak,32.2
31747,AM Peak,12.2
31747,AM Peak,31
31747,AM Peak,31.1
31747,AM Peak,19.1
31747,AM Peak,31.5
31747,AM Peak,5.7
31747,AM Peak,12.9
31747,AM Peak,8.9
31747,AM Peak,29.3
31747,AM Peak,10.9
31747,AM Peak,11.2
31747,AM Peak,17.9
31747,AM Peak,13.1
31747,AM Peak,28
31747,AM Peak,12
31747,AM Peak,20
31747,AM Peak,31.2
31747,AM Peak,18.5
31747,AM Peak,23.1
31747,AM Peak,18.5
31747,AM Peak,21.8
31747,AM Peak,12.5
31747,AM Peak,5.1
31747,AM Peak,20.3
31747,AM Peak,35.1
31747,AM Peak,19.8
31747,AM Peak,24
31747,AM Peak,22.5
31747,AM Peak,11.6
31747,AM Peak,24.5
31747,AM Peak,9.3
31747,AM Peak,18
31747,AM Peak,32.9
31747,AM Peak,34.2
31747,AM Peak,12.9
31747,AM Peak,15.8
31747,AM Peak,18.8
31747,AM Peak,27.4
31747,AM Peak,31
31747,AM Peak,13.6
31747,AM Peak,12.7
31747,AM Peak,21.9
31747,AM Peak,15.6
31747,AM Peak,17.2
31747,AM Peak,14.6
31747,AM Peak,14.1
31747,AM Peak,20
31747,AM Peak,9.8
31747,AM Peak,29
31747,AM Peak,11
31747,AM Peak,10.1
31747,AM Peak,13.3
31747,AM Peak,34.8
31747,AM Peak,45.1
31747,AM Peak,5.1
31747,AM Peak,29.4
31747,AM Peak,14.4
31747,AM Peak,29.7
31747,AM Peak,11.4
31747,AM Peak,28.9
31747,AM Peak,16.6
31747,AM Peak,14.9
31747,AM Peak,11.8
31747,AM Peak,14
31747,AM Peak,11.9
31747,AM Peak,2.9
31747,AM Peak,31.1
31747,AM Peak,14.2
31747,AM Peak,19.1
31747,AM Peak,15.5
31747,AM Peak,23.6
31747,AM Peak,12.1
31747,AM Peak,33.2
31747,AM Peak,9.5
31747,AM Peak,12.7
31747,AM Peak,16.8
31747,AM Peak,10.7
31747,AM Peak,30.7
31747,AM Peak,15.5
31747,AM Peak,16.8
31747,AM Peak,18.1
31747,AM Peak,5.5
31747,AM Peak,17.2
31747,AM Peak,31
31747,AM Peak,9
31747,AM Peak,24.4
31747,AM Peak,22.4
31747,AM Peak,30.4
31747,AM Peak,22.8
31747,AM Peak,32.3
31747,AM Peak,22.1
31747,AM Peak,24.8
31747,AM Peak,34.6
31747,AM Peak,30
31747,AM Peak,10
31747,AM Peak,42.9
31747,AM Peak,9
31747,AM Peak,24.9
31747,AM Peak,18.9
31747,AM Peak,17.2
31747,AM Peak,10.8
31747,AM Peak,26.2
31747,AM Peak,27
31747,AM Peak,16.3
31747,AM Peak,28.4
31747,AM Peak,17.7
31747,AM Peak,34.2
31747,AM Peak,14.1
31747,AM Peak,30.4
31747,AM Peak,34.9
31747,AM Peak,21.8
31747,AM Peak,15.3
31747,AM Peak,13.9
31747,AM Peak,15.3
31747,AM Peak,9.3
31747,AM Peak,15.6
31747,AM Peak,28.7
31747,AM Peak,17.8
31747,AM Peak,16
31747,AM Peak,14.5
31747,AM Peak,22.1
31747,AM Peak,15
31747,AM Peak,23.3
31747,AM Peak,33.9
31747,AM Peak,22.5
31747,AM Peak,28.8
31747,AM Peak,10.4
31747,AM Peak,26
31747,AM Peak,17.5
31747,AM Peak,27.5
31747,AM Peak,28.2
31747,AM Peak,32.9
31747,AM Peak,3
31747,AM Peak,5.5
31747,AM Peak,23.2
31747,AM Peak,33.8
31747,AM Peak,18.9
31747,AM Peak,14.4
31747,AM Peak,19.6
31747,AM Peak,8.7
31747,AM Peak,19.9
31747,AM Peak,17.4
31747,AM Peak,32.5
31747,AM Peak,10.8
31747,AM Peak,13.7
31747,AM Peak,32
31747,AM Peak,19
31747,AM Peak,32.4
31747,AM Peak,15.2
31747,AM Peak,29.5
31747,AM Peak,25
31747,AM Peak,41.1
31747,AM Peak,12
31747,AM Peak,17.2
31747,AM Peak,29.7
31747,AM Peak,38.9
31747,AM Peak,11.2
31747,AM Peak,12.8
31747,AM Peak,23.2
31747,AM Peak,21.3
31747,AM Peak,16.8
31747,AM Peak,16.8
31747,AM Peak,4.4
31747,AM Peak,31.3
31747,AM Peak,22.9
31747,AM Peak,12.4
31747,AM Peak,18.9
31747,AM Peak,14
31747,AM Peak,11.7
31747,AM Peak,14.5
31747,AM Peak,14.4
31747,AM Peak,15.7
31747,AM Peak,13.8
31747,AM Peak,31.7
31747,AM Peak,29.7
31747,AM Peak,15.9
31747,AM Peak,22.9
31747,AM Peak,23.2
31747,AM Peak,23.1
31747,AM Peak,21.7
31747,AM Peak,23.4
31747,AM Peak,23
31747,AM Peak,25.8
31747,AM Peak,35.5
31747,AM Peak,7.7
31747,AM Peak,9.5
31747,AM Peak,28
31747,AM Peak,16.4
31747,AM Peak,22.2
31747,AM Peak,30.3
31747,AM Peak,12.6
31747,AM Peak,16.1
31747,AM Peak,30.2
31747,AM Peak,21.9
31747,AM Peak,27.9
31747,AM Peak,18.2
31747,AM Peak,19.7
31747,AM Peak,19.9
31747,AM Peak,14.6
31747,AM Peak,25.9
31747,AM Peak,28.3
31747,AM Peak,25.2
31747,AM Peak,18.9
31747,AM Peak,13.1
31747,AM Peak,10.6
31747,AM Peak,23.3
31747,AM Peak,14.5
31747,AM Peak,10.8
31747,AM Peak,15.9
31747,AM Peak,12.2
31747,AM Peak,36.8
31747,AM Peak,21.5
31747,AM Peak,20.9
31747,AM Peak,19.4
31747,AM Peak,28.6
31747,AM Peak,32.4
31747,AM Peak,10.2
31747,AM Peak,18.4
31747,AM Peak,14.4
31747,AM Peak,10.3
31747,AM Peak,25.6
31747,AM Peak,28.4
31747,AM Peak,17.4
31747,AM Peak,11.7
31747,AM Peak,6.9
31747,AM Peak,31.6
31747,AM Peak,29.7
31747,AM Peak,27.3
31747,AM Peak,18.6
31747,AM Peak,24.4
31747,AM Peak,30.3
31747,AM Peak,9.3
31747,AM Peak,33.3
31747,AM Peak,24.6
31747,AM Peak,31.6
31747,AM Peak,26.5
31747,AM Peak,29.9
31747,AM Peak,31.7
31747,AM Peak,27.8
31747,AM Peak,14.6
31747,AM Peak,24.2
31747,AM Peak,32.8
31747,AM Peak,23.9
31747,AM Peak,12.8
31747,AM Peak,12.5
31747,AM Peak,27.3
31747,AM Peak,29.2
31747,AM Peak,23.5
31747,AM Peak,18.2
31747,AM Peak,18.5
31747,AM Peak,13.3
31747,AM Peak,5.7
31747,AM Peak,29.2
31747,AM Peak,19.2
31747,AM Peak,24.3
31747,AM Peak,33.4
31747,AM Peak,14.1
31747,AM Peak,29.4
31747,AM Peak,9.6
31747,AM Peak,22.6
31747,AM Peak,29.4
31747,AM Peak,34.4
31747,AM Peak,8.9
31747,AM Peak,19
31747,AM Peak,25.3
31747,AM Peak,12
31747,AM Peak,30.5
31747,AM Peak,15
31747,AM Peak,11.1
31747,AM Peak,36.4
31747,AM Peak,18.2
31747,AM Peak,23.4
31747,AM Peak,25.8
31747,AM Peak,32.3
31747,AM Peak,35.6
31747,AM Peak,21.1
31747,AM Peak,12.9
31747,AM Peak,27
31747,AM Peak,14.2
31747,AM Peak,12.6
31747,AM Peak,25.7
31747,AM Peak,15.4
31747,AM Peak,28.4
31747,AM Peak,26.6
31747,AM Peak,16
31747,AM Peak,26.9
31747,AM Peak,15.6
31747,AM Peak,18
31747,AM Peak,31.9
31747,AM Peak,35.8
31747,AM Peak,9.3
31747,AM Peak,12.8
31747,AM Peak,22.5
31747,AM Peak,25.2
31747,AM Peak,8.5
31747,AM Peak,5.2
31747,AM Peak,5.9
31747,AM Peak,31.1
31747,AM Peak,34.7
31747,AM Peak,15
31747,AM Peak,29.2
31747,AM Peak,31.8
31747,AM Peak,29.2
31747,AM Peak,9.7
31747,AM Peak,13.7
31747,AM Peak,25.3
31747,AM Peak,2.9
31747,AM Peak,9.2
31747,AM Peak,24.3
31747,AM Peak,18.2
31747,AM Peak,23.9
31747,AM Peak,15.3
31747,AM Peak,32.6
31747,AM Peak,5
31747,AM Peak,26.9
31747,AM Peak,28.4
31747,AM Peak,25.5
31747,AM Peak,19
31747,AM Peak,21.9
31747,AM Peak,27.3
31747,AM Peak,10.9
31747,AM Peak,21.8
31747,AM Peak,22.4
31747,AM Peak,13.5
31747,AM Peak,15
31747,AM Peak,12.7
31747,AM Peak,31.9
31747,AM Peak,13
31747,AM Peak,29.6
31747,AM Peak,12.9
31747,AM Peak,31.6
31747,AM Peak,10
31747,AM Peak,20.4
31747,AM Peak,15.7
31747,AM Peak,16.3
31747,AM Peak,26
31747,AM Peak,13.1
31747,AM Peak,27.9
31747,AM Peak,29.9
31747,AM Peak,29.2
31747,AM Peak,14.6
31747,AM Peak,27.5
31747,AM Peak,6.3
31747,AM Peak,27.8
31747,AM Peak,15.1
31747,AM Peak,28.9
31747,AM Peak,13.6
31747,AM Peak,27.5
31747,AM Peak,18.3
31747,AM Peak,28.9
31747,AM Peak,17
31747,AM Peak,16.9
31747,AM Peak,5.6
31747,AM Peak,11.3
31747,AM Peak,27.3
31747,AM Peak,21.9
31747,AM Peak,24.6
31747,AM Peak,33.8
31747,AM Peak,16
31747,AM Peak,5
31747,AM Peak,14.7
31747,AM Peak,22
31747,AM Peak,21.4
31747,AM Peak,15.1
31747,AM Peak,9.1
31747,AM Peak,29.5
31747,AM Peak,18.8
31747,AM Peak,16.3
31747,AM Peak,22.3
31747,AM Peak,28.9
31747,AM Peak,11.3
31747,AM Peak,17.8
31747,AM Peak,29.5
31747,AM Peak,17.8
31747,AM Peak,22.8
31747,AM Peak,28.8
31747,AM Peak,26.7
31747,AM Peak,24.5
31747,AM Peak,35
31747,AM Peak,8.8
31747,AM Peak,18.6
31747,AM Peak,25
31747,AM Peak,12.8
31747,AM Peak,14
31747,AM Peak,10.8
31747,AM Peak,23.9
31747,AM Peak,31.1
31747,AM Peak,21.7
31747,AM Peak,19.1
31747,AM Peak,18.7
31747,AM Peak,38.4
31747,AM Peak,30.7
31747,AM Peak,16.7
31747,AM Peak,30.2
31747,AM Peak,29.5
31747,AM Peak,27.8
31747,AM Peak,26.2
31747,AM Peak,9.5
31747,AM Peak,30.7
31747,AM Peak,16.3
31747,AM Peak,9.4
31747,AM Peak,29.8
31747,AM Peak,11.9
31747,AM Peak,27.1
31747,AM Peak,32.2
31747,AM Peak,14.1
31747,AM Peak,11.4
31747,AM Peak,14.8
31747,AM Peak,9.3
31747,AM Peak,30.4
31747,AM Peak,4.7
31747,AM Peak,29.4
31747,AM Peak,24.2
31747,AM Peak,14.2
31747,AM Peak,20.2
31747,AM Peak,25.2
31747,AM Peak,12.6
31747,AM Peak,27.9
31747,AM Peak,36
31747,AM Peak,12.3
31747,AM Peak,14.6
31747,AM Peak,6.6
31747,AM Peak,11.3
31747,AM Peak,11.6
31747,AM Peak,35.4
31747,AM Peak,11.4
31747,AM Peak,16
31747,AM Peak,20.1
31747,AM Peak,32.3
31747,AM Peak,12.6
31747,AM Peak,26.9
31747,AM Peak,11.8
31747,AM Peak,14.6
31747,AM Peak,11
31747,AM Peak,16.9
31747,AM Peak,9.4
31747,AM Peak,37.9
31747,PM Peak,10.1
31747,PM Peak,11.5
31747,PM Peak,12.5
31747,PM Peak,17.8
31747,PM Peak,15.7
31747,PM Peak,27
31747,PM Peak,22.4
31747,PM Peak,20.5
31747,PM Peak,14.9
31747,PM Peak,29.3
31747,PM Peak,26.5
31747,PM Peak,30.9
31747,PM Peak,18.8
31747,PM Peak,4.5
31747,PM Peak,28.7
31747,PM Peak,31.4
31747,PM Peak,17.9
31747,PM Peak,16.6
31747,PM Peak,15.8
31747,PM Peak,19.4
31747,PM Peak,21.4
31747,PM Peak,9.7
31747,PM Peak,26
31747,PM Peak,11.2
31747,PM Peak,19.7
31747,PM Peak,29.5
31747,PM Peak,22.9
31747,PM Peak,23.8
31747,PM Peak,20.2
31747,PM Peak,20.5
31747,PM Peak,20.9
31747,PM Peak,24.8
31747,PM Peak,27
31747,PM Peak,15.8
31747,PM Peak,18.4
31747,PM Peak,31.8
31747,PM Peak,17.5
31747,PM Peak,15.7
31747,PM Peak,8.1
31747,PM Peak,27.5
31747,PM Peak,21.1
31747,PM Peak,28.1
31747,PM Peak,19
31747,PM Peak,25
31747,PM Peak,18.5
31747,PM Peak,12.2
31747,PM Peak,15.3
31747,PM Peak,27.2
31747,PM Peak,18.7
31747,PM Peak,23.2
31747,PM Peak,20.4
31747,PM Peak,9.6
31747,PM Peak,13.3
31747,PM Peak,24.7
31747,PM Peak,26.3
31747,PM Peak,16.6
31747,PM Peak,13.8
31747,PM Peak,17.9
31747,PM Peak,24.4
31747,PM Peak,10.9
31747,PM Peak,18.1
31747,PM Peak,12.1
31747,PM Peak,23.4
31747,PM Peak,25.1
31747,PM Peak,23.2
31747,PM Peak,32.4
31747,PM Peak,32.6
31747,PM Peak,20.7
31747,PM Peak,18.6
31747,PM Peak,27.7
31747,PM Peak,30.5
31747,PM Peak,17.8
31747,PM Peak,10.9
31747,PM Peak,16.1
31747,PM Peak,6.1
31747,PM Peak,13.1
31747,PM Peak,23.2
31747,PM Peak,23.2
31747,PM Peak,28.5
31747,PM Peak,16
31747,PM Peak,12.3
31747,PM Peak,36.9
31747,PM Peak,10.9
31747,PM Peak,1.8
31747,PM Peak,1.9
31747,PM Peak,13.1
31747,PM Peak,21.2
31747,PM Peak,14.6
31747,PM Peak,9.9
31747,PM Peak,11.6
31747,PM Peak,25.1
31747,PM Peak,19.3
31747,PM Peak,13
31747,PM Peak,21
31747,PM Peak,22.8
31747,PM Peak,17.6
31747,PM Peak,28.8
31747,PM Peak,12.9
31747,PM Peak,19.3
31747,PM Peak,16.9
31747,PM Peak,17.1
31747,PM Peak,9.8
31747,PM Peak,15.3
31747,PM Peak,15.8
31747,PM Peak,15.9
31747,PM Peak,23.4
31747,PM Peak,16.4
31747,PM Peak,12.5
31747,PM Peak,25.4
31747,PM Peak,33.4
31747,PM Peak,23.5
31747,PM Peak,32
31747,PM Peak,22.2
31747,PM Peak,29
31747,PM Peak,24.3
31747,PM Peak,15.9
31747,PM Peak,11.2
31747,PM Peak,19.9
31747,PM Peak,26.2
31747,PM Peak,32.5
31747,PM Peak,18.5
31747,PM Peak,9
31747,PM Peak,18
31747,PM Peak,13.8
31747,PM Peak,6.4
31747,PM Peak,9.7
31747,PM Peak,29.9
31747,PM Peak,28.8
31747,PM Peak,37.5
31747,PM Peak,28.2
31747,PM Peak,14.9
31747,PM Peak,11.6
31747,PM Peak,32.8
31747,PM Peak,16.3
31747,PM Peak,13
31747,PM Peak,31.2
31747,PM Peak,18.9
31747,PM Peak,22.4
31747,PM Peak,17.7
31747,PM Peak,16.6
31747,PM Peak,29.8
31747,PM Peak,23.4
31747,PM Peak,16.7
31747,PM Peak,13.9
31747,PM Peak,5.8
31747,PM Peak,10.1
31747,PM Peak,24.8
31747,PM Peak,26.3
31747,PM Peak,22
31747,PM Peak,11.9
31747,PM Peak,20.8
31747,PM Peak,18.5
31747,PM Peak,9.2
31747,PM Peak,25.1
31747,PM Peak,6.7
31747,PM Peak,13.4
31747,PM Peak,18.1
31747,PM Peak,14.5
31747,PM Peak,14.6
31747,PM Peak,21.7
31747,PM Peak,11.6
31747,PM Peak,8.9
31747,PM Peak,12.5
31747,PM Peak,21.7
31747,PM Peak,18.2
31747,PM Peak,7.3
31747,PM Peak,4.3
31747,PM Peak,27.6
31747,PM Peak,10
31747,PM Peak,21.1
31747,PM Peak,20.4
31747,PM Peak,13.8
31747,PM Peak,26.8
31747,PM Peak,12.3
31747,PM Peak,14.7
31747,PM Peak,3.2
31747,PM Peak,14.3
31747,PM Peak,20.3
31747,PM Peak,9.5
31747,PM Peak,26.2
31747,PM Peak,11.4
31747,PM Peak,20.7
31747,PM Peak,6.4
31747,PM Peak,16.6
31747,PM Peak,28.1
31747,PM Peak,19.9
31747,PM Peak,19.5
31747,PM Peak,38.8
31747,PM Peak,30.9
31747,PM Peak,29
31747,PM Peak,10.2
31747,PM Peak,28.7
31747,PM Peak,5.9
31747,PM Peak,27.7
31747,PM Peak,29.7
31747,PM Peak,9.9
31747,PM Peak,18.6
31747,PM Peak,25.3
31747,PM Peak,19.5
31747,PM Peak,31.9
31747,PM Peak,21.6
31747,PM Peak,11
31747,PM Peak,23.6
31747,PM Peak,23.2
31747,PM Peak,15.6
31747,PM Peak,18.2
31747,PM Peak,31.1
31747,PM Peak,26.3
31747,PM Peak,20.3
31747,PM Peak,22.8
31747,PM Peak,14.9
31747,PM Peak,18.3
31747,PM Peak,23.2
31747,PM Peak,26.2
31747,PM Peak,21.4
31747,PM Peak,22.5
31747,PM Peak,20.4
31747,PM Peak,20.9
31747,PM Peak,21.9
31747,PM Peak,17.9
31747,PM Peak,3.3
31747,PM Peak,24.2
31747,PM Peak,4.8
31747,PM Peak,17.7
31747,PM Peak,15.3
31747,PM Peak,11.4
31747,PM Peak,13.9
31747,PM Peak,30.4
31747,PM Peak,23.1
31747,PM Peak,34.9
31747,PM Peak,25.5
31747,PM Peak,29
31747,PM Peak,12.3
31747,PM Peak,3.3
31747,PM Peak,19.5
31747,PM Peak,26.4
31747,PM Peak,29
31747,PM Peak,6.7
31747,PM Peak,28
31747,PM Peak,18.1
31747,PM Peak,25.5
31747,PM Peak,27.5
31747,PM Peak,10.3
31747,PM Peak,6.5
31747,PM Peak,33.5
31747,PM Peak,10.9
31747,PM Peak,11.9
31747,PM Peak,21.8
31747,PM Peak,27.9
31747,PM Peak,9.6
31747,PM Peak,20.1
31747,PM Peak,12.8
31747,PM Peak,32.1
31747,PM Peak,11.7
31747,PM Peak,24.7
31747,PM Peak,26.1
31747,PM Peak,16.6
31747,PM Peak,25.5
31747,PM Peak,9.1
31747,PM Peak,22.6
31747,PM Peak,13.5
31747,PM Peak,14.8
31747,PM Peak,5
31747,PM Peak,11.5
31747,PM Peak,14.1
31747,PM Peak,14.3
31747,PM Peak,35.3
31747,PM Peak,22.4
31747,PM Peak,28.1
31747,PM Peak,12.8
31747,PM Peak,24.9
31747,PM Peak,24.7
31747,PM Peak,10.5
31747,PM Peak,8.7
31747,PM Peak,26.4
31747,PM Peak,10.9
31747,PM Peak,4.8
31747,PM Peak,20.3
31747,PM Peak,14.7
31747,PM Peak,25
31747,PM Peak,31.4
31747,PM Peak,28.6
31747,PM Peak,11.5
31747,PM Peak,8.6
31747,PM Peak,21.5
31747,PM Peak,11
31747,PM Peak,14.5
31747,PM Peak,32.3
31747,PM Peak,16.9
31747,PM Peak,27.9
31747,PM Peak,4.1
31747,PM Peak,10.7
31747,PM Peak,25.5
31747,PM Peak,27
31747,PM Peak,25.6
31747,PM Peak,29.7
31747,PM Peak,29.6
31747,PM Peak,21
31747,PM Peak,14.8
31747,PM Peak,15.4
31747,PM Peak,11.6
31747,PM Peak,18.5
31747,PM Peak,19.2
31747,PM Peak,31.1
31747,PM Peak,10
31747,PM Peak,35.5
31747,PM Peak,11.6
31747,PM Peak,20
31747,PM Peak,12.7
31747,PM Peak,18.9
31747,PM Peak,15.4
31747,PM Peak,18.9
31747,PM Peak,15.9
31747,PM Peak,26.2
31747,PM Peak,19.2
31747,PM Peak,21.4
31747,PM Peak,34.8
31747,PM Peak,34.3
31747,PM Peak,31.2
31747,PM Peak,20.9
31747,PM Peak,8.8
31747,PM Peak,26.2
31747,PM Peak,10.1
31747,PM Peak,29.4
31747,PM Peak,24.8
31747,PM Peak,25.9
31747,PM Peak,9.5
31747,PM Peak,19.4
31747,PM Peak,27.2
31747,PM Peak,27.4
31747,PM Peak,5.9
31747,PM Peak,24.4
31747,PM Peak,20.9
31747,PM Peak,18.4
31747,PM Peak,29.7
31747,PM Peak,28.3
31747,PM Peak,13
31747,PM Peak,7.6
31747,PM Peak,25.3
31747,PM Peak,24.8
31747,PM Peak,21.8
31747,PM Peak,21
31747,PM Peak,21.8
31747,PM Peak,22.1
31747,PM Peak,27.5
31747,PM Peak,22.5
31747,PM Peak,31.7
31747,PM Peak,21.4
31747,PM Peak,26.5
31747,PM Peak,15.2
31747,PM Peak,33.7
31747,PM Peak,20.2
31747,PM Peak,26.4
31747,PM Peak,18.3
31747,PM Peak,22.2
31747,PM Peak,20.7
31747,PM Peak,8.3
31747,PM Peak,25.7
31747,PM Peak,9.5
31747,PM Peak,36.2
31747,PM Peak,27
31747,PM Peak,30.8
31747,PM Peak,5.6
31747,PM Peak,9.6
31747,PM Peak,5.7
31747,PM Peak,25.9
31747,PM Peak,10.2
31747,PM Peak,9.6
31747,PM Peak,29.2
31747,PM Peak,10.8
31747,PM Peak,18.7
31747,PM Peak,18.7
31747,PM Peak,24.6
31747,PM Peak,20.6
31747,PM Peak,24
31747,PM Peak,23.6
31747,PM Peak,14.1
31747,PM Peak,25.2
31747,PM Peak,12
31747,PM Peak,10.3
31747,PM Peak,2.4
31747,PM Peak,22.3
31747,PM Peak,12.8
31747,PM Peak,8.3
31747,PM Peak,23.7
31747,PM Peak,38.6
31747,PM Peak,15.1
31747,PM Peak,16.4
31747,PM Peak,25.7
31747,PM Peak,37.5
31747,PM Peak,16.8
31747,PM Peak,11.1
31747,PM Peak,26.2
31747,PM Peak,9
31747,PM Peak,13.4
31747,PM Peak,12.3
31747,PM Peak,22.4
31747,PM Peak,9.1
31747,PM Peak,30
31747,PM Peak,15.7
31747,PM Peak,20.5
31747,PM Peak,13.2
31747,PM Peak,24.1
31747,PM Peak,16.5
31747,PM Peak,12.7
31747,PM Peak,15
31747,PM Peak,37.3
31747,PM Peak,9.1
31747,PM Peak,30.7
31747,PM Peak,23.5
31747,PM Peak,28.6
31747,PM Peak,12.3
31747,PM Peak,28.5
31747,PM Peak,7.6
31747,PM Peak,33.9
31747,PM Peak,3.3
31747,PM Peak,25.9
31747,PM Peak,32.8
31747,PM Peak,8
31747,PM Peak,9.9
31747,PM Peak,31.6
31747,PM Peak,25.2
31747,PM Peak,10.4
31747,PM Peak,15.1
31747,PM Peak,21.7
31747,PM Peak,25
31747,PM Peak,15.4
31747,PM Peak,4.7
31747,PM Peak,12.4
31747,PM Peak,25.8
31747,PM Peak,12.9
31747,PM Peak,29.3
31747,PM Peak,21.5
31747,PM Peak,21.6
31747,PM Peak,20.6
31747,PM Peak,26.7
31747,PM Peak,7.6
31747,PM Peak,4.5
31747,PM Peak,23
31747,PM Peak,19.3
31747,PM Peak,23.5
31747,PM Peak,18
31747,PM Peak,14.4
31747,PM Peak,13.8
31747,PM Peak,16
31747,PM Peak,24.5
31747,PM Peak,20.5
31747,PM Peak,21.4
31747,PM Peak,12.5
31747,PM Peak,40.3
31747,PM Peak,4.3
31747,PM Peak,10.7
31747,PM Peak,21.2
31747,PM Peak,22.5
31747,PM Peak,13.4
31747,PM Peak,19.7
31747,PM Peak,26.1
31747,PM Peak,27.7
31747,PM Peak,3.6
31747,PM Peak,13.6
31747,PM Peak,11.1
31747,PM Peak,7.9
31747,PM Peak,21.5
31747,PM Peak,22.5
31747,PM Peak,11.2
31747,PM Peak,28.3
31747,PM Peak,24.9
31747,PM Peak,19.1
31747,PM Peak,15
31747,PM Peak,4.6
31747,PM Peak,39.8
31747,PM Peak,8.1
31747,PM Peak,9.9
31747,PM Peak,24
31747,PM Peak,17.9
31747,PM Peak,12.8
31747,PM Peak,10.6
31747,PM Peak,31.5
31747,PM Peak,32.1
31747,PM Peak,20.2
31747,PM Peak,15.1
31747,PM Peak,8.4
31747,PM Peak,23.2
31747,PM Peak,23.6
31747,PM Peak,30.5
31747,PM Peak,35.3
31747,PM Peak,24.2
31747,PM Peak,15.2
31747,PM Peak,8
31747,PM Peak,33.3
31747,PM Peak,27.3
31747,PM Peak,16.4
31747,PM Peak,19.2
31747,PM Peak,26.2
31747,PM Peak,29
31747,PM Peak,23.8
31747,PM Peak,37.9
31747,PM Peak,17.8
31747,PM Peak,16.8
31747,PM Peak,14.7
32493,AM Peak,20.7
32493,AM Peak,20.2
32493,AM Peak,28.7
32493,AM Peak,20.3
32493,AM Peak,22.2
32493,AM Peak,19.7
32493,AM Peak,20.2
32493,AM Peak,27.9
32493,AM Peak,22
32493,AM Peak,21.6
32493,AM Peak,27.1
32493,AM Peak,19.1
32493,AM Peak,33.7
32493,AM Peak,21.2
32493,AM Peak,17
32493,AM Peak,33.4
32493,AM Peak,24.8
32493,AM Peak,20
32493,AM Peak,16.6
32493,AM Peak,17.4
32493,AM Peak,26.9
32493,AM Peak,21.8
32493,AM Peak,16.2
32493,AM Peak,18.1
32493,AM Peak,16.8
32493,AM Peak,19.8
32493,AM Peak,18.1
32493,AM Peak,17.6
32493,AM Peak,19.5
32493,AM Peak,24.6
32493,AM Peak,22.2
32493,AM Peak,25
32493,AM Peak,19.6
32493,AM Peak,27.7
32493,AM Peak,21.6
32493,AM Peak,26.2
32493,AM Peak,23.3
32493,AM Peak,19.6
32493,AM Peak,23.2
32493,AM Peak,21.8
32493,AM Peak,19.5
32493,AM Peak,18.7
32493,AM Peak,29.8
32493,AM Peak,20.8
32493,AM Peak,19.8
32493,AM Peak,26.2
32493,AM Peak,25.5
32493,AM Peak,27.5
32493,AM Peak,15.2
32493,AM Peak,19.5
32493,AM Peak,25
32493,AM Peak,21
32493,AM Peak,26.9
32493,AM Peak,15.2
32493,AM Peak,15.2
32493,AM Peak,19.8
32493,AM Peak,23.1
32493,AM Peak,15.6
32493,AM Peak,21.7
32493,AM Peak,18
32493,AM Peak,27.4
32493,AM Peak,22.8
32493,AM Peak,30.1
32493,AM Peak,21.9
32493,AM Peak,21.5
32493,AM Peak,19.4
32493,AM Peak,23
32493,AM Peak,20
32493,AM Peak,28
32493,AM Peak,21.6
32493,AM Peak,24
32493,AM Peak,19.6
32493,AM Peak,24.9
32493,AM Peak,17.3
32493,AM Peak,15.8
32493,AM Peak,27.3
32493,AM Peak,19.5
32493,AM Peak,23.9
32493,AM Peak,22.9
32493,AM Peak,23.3
32493,AM Peak,21.9
32493,AM Peak,19
32493,AM Peak,24.2
32493,AM Peak,20.6
32493,AM Peak,21.8
32493,AM Peak,21.4
32493,AM Peak,24.3
32493,AM Peak,21.9
32493,AM Peak,22.5
32493,AM Peak,23.8
32493,AM Peak,21.1
32493,AM Peak,21.3
32493,AM Peak,16.4
32493,AM Peak,23.9
32493,AM Peak,19.8
32493,AM Peak,25.5
32493,AM Peak,24.5
32493,AM Peak,17.1
32493,AM Peak,11.9
32493,AM Peak,22.2
32493,AM Peak,21.4
32493,AM Peak,26
32493,AM Peak,29.1
32493,AM Peak,25
32493,AM Peak,2.4
32493,AM Peak,26.3
32493,AM Peak,25.6
32493,AM Peak,20
32493,AM Peak,24
32493,AM Peak,25.5
32493,AM Peak,23.2
32493,AM Peak,15.2
32493,AM Peak,20.7
32493,AM Peak,22
32493,AM Peak,25.8
32493,AM Peak,16.3
32493,AM Peak,32.6
32493,AM Peak,16.6
32493,AM Peak,25.4
32493,AM Peak,18.9
32493,AM Peak,19.4
32493,AM Peak,21.8
32493,AM Peak,22.1
32493,AM Peak,19.2
32493,AM Peak,20.9
32493,AM Peak,34
32493,AM Peak,23.4
32493,AM Peak,23.5
32493,AM Peak,22.4
32493,AM Peak,27.3
32493,AM Peak,21.5
32493,AM Peak,25.5
32493,AM Peak,21.2
32493,AM Peak,22.3
32493,AM Peak,25.9
32493,AM Peak,21
32493,AM Peak,23.6
32493,AM Peak,28
32493,AM Peak,18.8
32493,AM Peak,22.9
32493,AM Peak,21.2
32493,AM Peak,25.2
32493,AM Peak,23.6
32493,AM Peak,18.7
32493,AM Peak,19.6
32493,AM Peak,33.4
32493,AM Peak,26.4
32493,AM Peak,24.1
32493,AM Peak,29.8
32493,AM Peak,24.5
32493,AM Peak,24.1
32493,AM Peak,19.2
32493,AM Peak,25.9
32493,AM Peak,23.4
32493,AM Peak,16.2
32493,AM Peak,23.9
32493,AM Peak,21
32493,AM Peak,24.5
32493,AM Peak,15
32493,AM Peak,17.5
32493,AM Peak,25.1
32493,AM Peak,21.1
32493,AM Peak,21.6
32493,AM Peak,26.8
32493,AM Peak,21.2
32493,AM Peak,20
32493,AM Peak,20.5
32493,AM Peak,24.4
32493,AM Peak,28
32493,AM Peak,17.9
32493,AM Peak,24.1
32493,AM Peak,21.2
32493,AM Peak,20.6
32493,AM Peak,23.7
32493,AM Peak,20.5
32493,AM Peak,33.4
32493,AM Peak,20.2
32493,AM Peak,20.5
32493,AM Peak,26.3
32493,AM Peak,22.9
32493,AM Peak,21.6
32493,AM Peak,25.6
32493,AM Peak,21.2
32493,AM Peak,19.2
32493,AM Peak,26.5
32493,AM Peak,26.3
32493,AM Peak,19.6
32493,AM Peak,21.9
32493,AM Peak,22.3
32493,AM Peak,22.8
32493,AM Peak,23.2
32493,AM Peak,19.9
32493,AM Peak,28.8
32493,AM Peak,23.7
32493,AM Peak,21
32493,AM Peak,16.3
32493,AM Peak,18.5
32493,AM Peak,22.7
32493,AM Peak,25.4
32493,AM Peak,19.1
32493,AM Peak,13.3
32493,AM Peak,20.3
32493,AM Peak,16.6
32493,AM Peak,14.9
32493,AM Peak,19.8
32493,AM Peak,18.1
32493,AM Peak,25.3
32493,AM Peak,24.8
32493,AM Peak,19.2
32493,AM Peak,29
32493,AM Peak,26.3
32493,AM Peak,20.6
32493,AM Peak,25.7
32493,AM Peak,22.8
32493,AM Peak,24.4
32493,AM Peak,19.9
32493,AM Peak,22.3
32493,AM Peak,28.3
32493,AM Peak,30.7
32493,AM Peak,23.7
32493,AM Peak,26.8
32493,AM Peak,19.9
32493,AM Peak,26.5
32493,AM Peak,23.1
32493,AM Peak,19.3
32493,AM Peak,18.5
32493,AM Peak,18
32493,AM Peak,21.3
32493,AM Peak,22.3
32493,AM Peak,20.2
32493,AM Peak,22.2
32493,AM Peak,22
32493,AM Peak,23.7
32493,AM Peak,28.4
32493,AM Peak,20.5
32493,AM Peak,24.1
32493,AM Peak,25.1
32493,AM Peak,19.5
32493,AM Peak,29.5
32493,AM Peak,18.3
32493,AM Peak,24.9
32493,AM Peak,19.4
32493,AM Peak,13.4
32493,AM Peak,17.6
32493,AM Peak,19.6
32493,AM Peak,17.2
32493,AM Peak,22.6
32493,AM Peak,25.7
32493,AM Peak,17.8
32493,AM Peak,20
32493,AM Peak,17.2
32493,AM Peak,21.7
32493,AM Peak,21.3
32493,AM Peak,18.4
32493,AM Peak,22.7
32493,AM Peak,23.2
32493,AM Peak,25.3
32493,AM Peak,16
32493,AM Peak,22.1
32493,AM Peak,26
32493,AM Peak,26.3
32493,AM Peak,24.4
32493,AM Peak,18.3
32493,AM Peak,17.1
32493,AM Peak,20.6
32493,AM Peak,31
32493,AM Peak,18.4
32493,AM Peak,27.5
32493,AM Peak,18.3
32493,AM Peak,26.2
32493,AM Peak,24.2
32493,AM Peak,24.2
32493,AM Peak,12.2
32493,AM Peak,20.5
32493,AM Peak,24
32493,AM Peak,30.2
32493,AM Peak,24.6
32493,AM Peak,26.3
32493,AM Peak,26
32493,AM Peak,18.4
32493,AM Peak,21.4
32493,AM Peak,28.6
32493,AM Peak,17.4
32493,AM Peak,16.9
32493,AM Peak,24.6
32493,AM Peak,24
32493,AM Peak,22.8
32493,AM Peak,26.7
32493,AM Peak,22.2
32493,AM Peak,20.8
32493,AM Peak,20.4
32493,AM Peak,14.6
32493,AM Peak,18.7
32493,AM Peak,25.6
32493,AM Peak,22.1
32493,AM Peak,23.7
32493,AM Peak,29.2
32493,AM Peak,16.8
32493,AM Peak,19
32493,AM Peak,21.9
32493,AM Peak,15.5
32493,AM Peak,21.8
32493,AM Peak,21
32493,AM Peak,25.8
32493,AM Peak,27.8
32493,AM Peak,16.6
32493,AM Peak,15
32493,AM Peak,19.5
32493,AM Peak,15.1
32493,AM Peak,21.1
32493,AM Peak,19.6
32493,AM Peak,18.6
32493,AM Peak,28.4
32493,AM Peak,18.2
32493,AM Peak,16.8
32493,AM Peak,10.9
32493,AM Peak,20
32493,AM Peak,15.7
32493,AM Peak,19.4
32493,AM Peak,27.6
32493,AM Peak,23.7
32493,AM Peak,25.4
32493,AM Peak,19.2
32493,AM Peak,12.2
32493,AM Peak,16.3
32493,AM Peak,23.8
32493,AM Peak,20.1
32493,AM Peak,15.4
32493,AM Peak,26.6
32493,AM Peak,15
32493,AM Peak,14.4
32493,AM Peak,21.7
32493,AM Peak,24.5
32493,AM Peak,23.6
32493,AM Peak,19.2
32493,AM Peak,15.5
32493,AM Peak,25.3
32493,AM Peak,22.7
32493,AM Peak,16.7
32493,AM Peak,21.5
32493,AM Peak,16.9
32493,AM Peak,19
32493,AM Peak,25
32493,AM Peak,16.5
32493,AM Peak,27.6
32493,AM Peak,27.5
32493,AM Peak,25
32493,AM Peak,18.5
32493,AM Peak,18.4
32493,AM Peak,27.7
32493,AM Peak,33.3
32493,AM Peak,24.7
32493,AM Peak,30
32493,AM Peak,20.2
32493,AM Peak,12.4
32493,AM Peak,20.9
32493,AM Peak,24.3
32493,AM Peak,19.5
32493,AM Peak,19.3
32493,AM Peak,25
32493,AM Peak,19.7
32493,AM Peak,18.3
32493,AM Peak,35.5
32493,AM Peak,33
32493,AM Peak,22.2
32493,AM Peak,25.7
32493,AM Peak,27.2
32493,AM Peak,20.6
32493,AM Peak,19.6
32493,AM Peak,22.4
32493,AM Peak,22.2
32493,AM Peak,25.2
32493,AM Peak,22.6
32493,AM Peak,24.5
32493,AM Peak,27.3
32493,AM Peak,20.7
32493,AM Peak,20.5
32493,AM Peak,15.7
32493,AM Peak,21.8
32493,AM Peak,22.5
32493,AM Peak,21.5
32493,AM Peak,23
32493,AM Peak,21.7
32493,AM Peak,23.1
32493,AM Peak,22.1
32493,AM Peak,20.5
32493,AM Peak,27
32493,AM Peak,21.2
32493,AM Peak,17.9
32493,AM Peak,15.5
32493,AM Peak,15.4
32493,AM Peak,21
32493,AM Peak,12.3
32493,AM Peak,25.6
32493,AM Peak,28.3
32493,AM Peak,24.7
32493,AM Peak,15.3
32493,AM Peak,33.8
32493,AM Peak,18.7
32493,AM Peak,24.8
32493,AM Peak,20.9
32493,AM Peak,22.5
32493,AM Peak,16.5
32493,AM Peak,20.2
32493,AM Peak,27.3
32493,AM Peak,25.3
32493,AM Peak,19.7
32493,AM Peak,27.2
32493,AM Peak,20.6
32493,AM Peak,20.4
32493,AM Peak,26.1
32493,AM Peak,21.4
32493,AM Peak,26.2
32493,AM Peak,20.3
32493,AM Peak,15.1
32493,AM Peak,22.4
32493,AM Peak,26.9
32493,AM Peak,20
32493,AM Peak,25.2
32493,AM Peak,19.4
32493,AM Peak,25
32493,AM Peak,19.8
32493,AM Peak,25
32493,AM Peak,19.2
32493,AM Peak,23.1
32493,AM Peak,23.5
32493,AM Peak,19.7
32493,AM Peak,24.2
32493,AM Peak,19.6
32493,AM Peak,30.1
32493,AM Peak,25
32493,AM Peak,24.9
32493,AM Peak,19
32493,AM Peak,15.6
32493,AM Peak,23.8
32493,AM Peak,20.8
32493,AM Peak,15.1
32493,AM Peak,20.7
32493,AM Peak,20.8
32493,AM Peak,23.3
32493,AM Peak,20.4
32493,AM Peak,21.3
32493,AM Peak,30.1
32493,AM Peak,26.9
32493,AM Peak,15.7
32493,AM Peak,21.9
32493,AM Peak,16.6
32493,AM Peak,14.8
32493,AM Peak,23.5
32493,AM Peak,23.1
32493,AM Peak,24.3
32493,AM Peak,16.9
32493,AM Peak,20.4
32493,AM Peak,21.5
32493,AM Peak,21.8
32493,AM Peak,18.4
32493,AM Peak,19.9
32493,AM Peak,18.9
32493,AM Peak,16.8
32493,AM Peak,19.4
32493,AM Peak,23.2
32493,AM Peak,27.5
32493,AM Peak,24.6
32493,AM Peak,32.4
32493,AM Peak,24.9
32493,AM Peak,17.1
32493,AM Peak,21.3
32493,AM Peak,22.2
32493,AM Peak,26.5
32493,AM Peak,23.4
32493,AM Peak,16.3
32493,AM Peak,19.4
32493,AM Peak,29.5
32493,AM Peak,26.4
32493,AM Peak,26.3
32493,AM Peak,21.1
32493,AM Peak,25.7
32493,AM Peak,25.8
32493,AM Peak,22.2
32493,AM Peak,11.9
32493,AM Peak,26.6
32493,AM Peak,23.3
32493,AM Peak,20.3
32493,AM Peak,17.5
32493,AM Peak,22
32493,AM Peak,22.9
32493,AM Peak,26.1
32493,AM Peak,15.8
32493,AM Peak,21.6
32493,AM Peak,22.3
32493,AM Peak,27
32493,AM Peak,20.4
32493,AM Peak,21.2
32493,AM Peak,21.3
32493,AM Peak,27.6
32493,AM Peak,21.1
32493,AM Peak,16.2
32493,AM Peak,23
32493,AM Peak,23.8
32493,AM Peak,16.1
32493,PM Peak,18.4
32493,PM Peak,18.8
32493,PM Peak,19.4
32493,PM Peak,19.8
32493,PM Peak,24.9
32493,PM Peak,23
32493,PM Peak,24.7
32493,PM Peak,20.8
32493,PM Peak,21
32493,PM Peak,24.8
32493,PM Peak,20.3
32493,PM Peak,25
32493,PM Peak,20.9
32493,PM Peak,25.8
32493,PM Peak,29.4
32493,PM Peak,33.9
32493,PM Peak,16.5
32493,PM Peak,34.8
32493,PM Peak,14.4
32493,PM Peak,34.1
32493,PM Peak,23.1
32493,PM Peak,22.4
32493,PM Peak,21.7
32493,PM Peak,20
32493,PM Peak,11.5
32493,PM Peak,17.4
32493,PM Peak,15.5
32493,PM Peak,30.2
32493,PM Peak,21.8
32493,PM Peak,24.4
32493,PM Peak,24
32493,PM Peak,25
32493,PM Peak,15.5
32493,PM Peak,31.8
32493,PM Peak,36.3
32493,PM Peak,39.1
32493,PM Peak,21.4
32493,PM Peak,25.4
32493,PM Peak,29.1
32493,PM Peak,25.8
32493,PM Peak,29.7
32493,PM Peak,33.3
32493,PM Peak,29.8
32493,PM Peak,25.7
32493,PM Peak,28.9
32493,PM Peak,19.3
32493,PM Peak,26.6
32493,PM Peak,11.7
32493,PM Peak,23.1
32493,PM Peak,23.4
32493,PM Peak,18.2
32493,PM Peak,29.6
32493,PM Peak,21
32493,PM Peak,30.3
32493,PM Peak,15.1
32493,PM Peak,27.8
32493,PM Peak,25.5
32493,PM Peak,22.9
32493,PM Peak,31.8
32493,PM Peak,28.6
32493,PM Peak,29.9
32493,PM Peak,21.1
32493,PM Peak,27.3
32493,PM Peak,24.5
32493,PM Peak,21.6
32493,PM Peak,21.5
32493,PM Peak,22.4
32493,PM Peak,14.8
32493,PM Peak,14.3
32493,PM Peak,21.9
32493,PM Peak,23.7
32493,PM Peak,17.4
32493,PM Peak,22.8
32493,PM Peak,22.8
32493,PM Peak,25.9
32493,PM Peak,22.4
32493,PM Peak,26.3
32493,PM Peak,30.8
32493,PM Peak,23.8
32493,PM Peak,32.3
32493,PM Peak,27.3
32493,PM Peak,17.2
32493,PM Peak,21.8
32493,PM Peak,13.5
32493,PM Peak,15.9
32493,PM Peak,25.3
32493,PM Peak,33.2
32493,PM Peak,27.5
32493,PM Peak,19.8
32493,PM Peak,24.2
32493,PM Peak,25.6
32493,PM Peak,12.2
32493,PM Peak,34.5
32493,PM Peak,36.9
32493,PM Peak,28
32493,PM Peak,17.9
32493,PM Peak,20.5
32493,PM Peak,2.7
32493,PM Peak,27.2
32493,PM Peak,26.6
32493,PM Peak,19.5
32493,PM Peak,16
32493,PM Peak,21.8
32493,PM Peak,15.6
32493,PM Peak,18.3
32493,PM Peak,20.5
32493,PM Peak,3.3
32493,PM Peak,16.8
32493,PM Peak,25.5
32493,PM Peak,25.4
32493,PM Peak,28.7
32493,PM Peak,22.2
32493,PM Peak,28.2
32493,PM Peak,23
32493,PM Peak,22.3
32493,PM Peak,19.4
32493,PM Peak,25.7
32493,PM Peak,18.4
32493,PM Peak,24.9
32493,PM Peak,26.4
32493,PM Peak,22.4
32493,PM Peak,33.3
32493,PM Peak,21.4
32493,PM Peak,12.1
32493,PM Peak,17.7
32493,PM Peak,21.5
32493,PM Peak,24.2
32493,PM Peak,18.4
32493,PM Peak,19.6
32493,PM Peak,19.1
32493,PM Peak,29.6
32493,PM Peak,27.7
32493,PM Peak,20.6
32493,PM Peak,21.7
32493,PM Peak,21.3
32493,PM Peak,27
32493,PM Peak,19.7
32493,PM Peak,29.6
32493,PM Peak,20.2
32493,PM Peak,22.1
32493,PM Peak,27.1
32493,PM Peak,25.3
32493,PM Peak,24.8
32493,PM Peak,26.5
32493,PM Peak,33.2
32493,PM Peak,12.4
32493,PM Peak,24.1
32493,PM Peak,14.4
32493,PM Peak,20.3
32493,PM Peak,32.8
32493,PM Peak,25.9
32493,PM Peak,22.4
32493,PM Peak,27.8
32493,PM Peak,19.4
32493,PM Peak,26.5
32493,PM Peak,18.9
32493,PM Peak,27.6
32493,PM Peak,24.9
32493,PM Peak,27.4
32493,PM Peak,23
32493,PM Peak,20.3
32493,PM Peak,24.3
32493,PM Peak,27.4
32493,PM Peak,20.5
32493,PM Peak,29.5
32493,PM Peak,23.6
32493,PM Peak,9.1
32493,PM Peak,35.6
32493,PM Peak,24.8
32493,PM Peak,28.6
32493,PM Peak,11.8
32493,PM Peak,31.2
32493,PM Peak,22.9
32493,PM Peak,31.6
32493,PM Peak,32.1
32493,PM Peak,33.2
32493,PM Peak,22.1
32493,PM Peak,22.9
32493,PM Peak,21.2
32493,PM Peak,26.3
32493,PM Peak,25.4
32493,PM Peak,22.9
32493,PM Peak,28.4
32493,PM Peak,22.8
32493,PM Peak,22.6
32493,PM Peak,23.3
32493,PM Peak,21.5
32493,PM Peak,28.6
32493,PM Peak,28.3
32493,PM Peak,20.3
32493,PM Peak,25.5
32493,PM Peak,27.6
32493,PM Peak,28
32493,PM Peak,19.2
32493,PM Peak,14.6
32493,PM Peak,27.2
32493,PM Peak,17.9
32493,PM Peak,19.3
32493,PM Peak,22.8
32493,PM Peak,19.3
32493,PM Peak,24.8
32493,PM Peak,24.4
32493,PM Peak,22.7
32493,PM Peak,17.5
32493,PM Peak,21.1
32493,PM Peak,27.3
32493,PM Peak,18.3
32493,PM Peak,26.5
32493,PM Peak,18.8
32493,PM Peak,19.6
32493,PM Peak,17.2
32493,PM Peak,21.5
32493,PM Peak,21.1
32493,PM Peak,20.9
32493,PM Peak,3.3
32493,PM Peak,28.9
32493,PM Peak,20.5
32493,PM Peak,29.9
32493,PM Peak,24.2
32493,PM Peak,23.7
32493,PM Peak,21.8
32493,PM Peak,26.5
32493,PM Peak,28.4
32493,PM Peak,20.4
32493,PM Peak,18.7
32493,PM Peak,22.3
32493,PM Peak,21.4
32493,PM Peak,31.3
32493,PM Peak,15.5
32493,PM Peak,21.3
32493,PM Peak,26.6
32493,PM Peak,30.6
32493,PM Peak,30
32493,PM Peak,20.4
32493,PM Peak,14.1
32493,PM Peak,30.8
32493,PM Peak,24.4
32493,PM Peak,25.8
32493,PM Peak,27.3
32493,PM Peak,25
32493,PM Peak,16.1
32493,PM Peak,18.7
32493,PM Peak,19.1
32493,PM Peak,17
32493,PM Peak,30.9
32493,PM Peak,22.8
32493,PM Peak,21.4
32493,PM Peak,35.8
32493,PM Peak,16.2
32493,PM Peak,28
32493,PM Peak,21.8
32493,PM Peak,33.5
32493,PM Peak,24.7
32493,PM Peak,17.1
32493,PM Peak,19.8
32493,PM Peak,18.9
32493,PM Peak,22.8
32493,PM Peak,22
32493,PM Peak,23.1
32493,PM Peak,24
32493,PM Peak,2.7
32493,PM Peak,26.9
32493,PM Peak,25.9
32493,PM Peak,23.6
32493,PM Peak,20.3
32493,PM Peak,24.2
32493,PM Peak,30.5
32493,PM Peak,27.5
32493,PM Peak,15.7
32493,PM Peak,20.8
32493,PM Peak,19.6
32493,PM Peak,34.7
32493,PM Peak,27
32493,PM Peak,24.1
32493,PM Peak,17.9
32493,PM Peak,21.3
32493,PM Peak,20.7
32493,PM Peak,15
32493,PM Peak,21.5
32493,PM Peak,30.5
32493,PM Peak,30.8
32493,PM Peak,24.3
32493,PM Peak,18.9
32493,PM Peak,15.5
32493,PM Peak,27.1
32493,PM Peak,23.7
32493,PM Peak,20.8
32493,PM Peak,22.5
32493,PM Peak,21.8
32493,PM Peak,28.2
32493,PM Peak,19.9
32493,PM Peak,19.4
32493,PM Peak,26
32493,PM Peak,20.3
32493,PM Peak,27.6
32493,PM Peak,22.3
32493,PM Peak,38.1
32493,PM Peak,22.1
32493,PM Peak,18.6
32493,PM Peak,34.6
32493,PM Peak,23.7
32493,PM Peak,19.6
32493,PM Peak,23.4
32493,PM Peak,26
32493,PM Peak,19.8
32493,PM Peak,2.8
32493,PM Peak,25.4
32493,PM Peak,28.5
32493,PM Peak,20.2
32493,PM Peak,22.6
32493,PM Peak,21.7
32493,PM Peak,26.1
32493,PM Peak,20.7
32493,PM Peak,15.5
32493,PM Peak,18.7
32493,PM Peak,24.6
32493,PM Peak,20.5
32493,PM Peak,14
32493,PM Peak,22.6
32493,PM Peak,22.2
32493,PM Peak,28.7
32493,PM Peak,37
32493,PM Peak,22.3
32493,PM Peak,20.4
32493,PM Peak,27.5
32493,PM Peak,13.6
32493,PM Peak,22.8
32493,PM Peak,24.4
32493,PM Peak,18.3
32493,PM Peak,21.3
32493,PM Peak,28.1
32493,PM Peak,30.3
32493,PM Peak,28.9
32493,PM Peak,24.9
32493,PM Peak,21.6
32493,PM Peak,21.5
32493,PM Peak,25.7
32493,PM Peak,31.6
32493,PM Peak,28.2
32493,PM Peak,26.7
32493,PM Peak,13.7
32493,PM Peak,29.2
32493,PM Peak,28.8
32493,PM Peak,23.2
32493,PM Peak,14.6
32493,PM Peak,35.2
32493,PM Peak,19.9
32493,PM Peak,17.3
32493,PM Peak,33.2
32493,PM Peak,25.5
32493,PM Peak,22.2
32493,PM Peak,21.2
32493,PM Peak,22.6
32493,PM Peak,35.4
32493,PM Peak,24.2
32493,PM Peak,25.7
32493,PM Peak,26.1
32493,PM Peak,29.2
32493,PM Peak,14.5
32493,PM Peak,26.4
32493,PM Peak,13.4
32493,PM Peak,32.5
32493,PM Peak,16.1
32493,PM Peak,24.5
32493,PM Peak,26.4
32493,PM Peak,26.5
32493,PM Peak,15.2
32493,PM Peak,25
32493,PM Peak,31.2
32493,PM Peak,26.1
32493,PM Peak,31.7
32493,PM Peak,31.2
32493,PM Peak,24.8
32493,PM Peak,24.4
32493,PM Peak,27.7
32493,PM Peak,28.2
32493,PM Peak,31.9
32493,PM Peak,24.1
32493,PM Peak,26.9
32493,PM Peak,20.8
32493,PM Peak,30.5
32493,PM Peak,23
32493,PM Peak,27.2
32493,PM Peak,31.9
32493,PM Peak,23.1
32493,PM Peak,23.4
32493,PM Peak,14.8
32493,PM Peak,22.6
32493,PM Peak,20.3
32493,PM Peak,23.5
32493,PM Peak,33.6
32493,PM Peak,21.7
32493,PM Peak,21.4
32493,PM Peak,31.3
32493,PM Peak,25.3
32493,PM Peak,17.1
32493,PM Peak,12.9
32493,PM Peak,18.3
32493,PM Peak,23.3
32493,PM Peak,21.4
32493,PM Peak,20.1
32493,PM Peak,13.8
32493,PM Peak,24.1
32493,PM Peak,20.4
32493,PM Peak,25.1
32493,PM Peak,32.5
32493,PM Peak,22.5
32493,PM Peak,24.7
32493,PM Peak,25.6
32493,PM Peak,22.6
32493,PM Peak,25.5
32493,PM Peak,18.1
32493,PM Peak,32.5
32493,PM Peak,27
32493,PM Peak,37
32493,PM Peak,23.7
32493,PM Peak,10.6
32493,PM Peak,26.2
32493,PM Peak,30.3
32493,PM Peak,35.6
32493,PM Peak,30
32493,PM Peak,23.7
32493,PM Peak,19.7
32493,PM Peak,27.8
32493,PM Peak,2
32493,PM Peak,23.3
32493,PM Peak,13.8
32493,PM Peak,23.3
32493,PM Peak,30.2
32493,PM Peak,28.7
32493,PM Peak,30.9
32493,PM Peak,23.7
32493,PM Peak,27.7
32493,PM Peak,30.1
32493,PM Peak,21.6
32493,PM Peak,10.9
32493,PM Peak,20.6
32493,PM Peak,18
32493,PM Peak,27.7
32493,PM Peak,30
32493,PM Peak,22.9
32493,PM Peak,34.4
32493,PM Peak,23.4
32493,PM Peak,23.3
32493,PM Peak,31.7
32493,PM Peak,26.7
32493,PM Peak,26.7
32493,PM Peak,28.6
32493,PM Peak,23.6
32493,PM Peak,26.4
32493,PM Peak,24.6
32493,PM Peak,25.1
32493,PM Peak,21.9
32493,PM Peak,23
32493,PM Peak,14.9
32493,PM Peak,15.9
32493,PM Peak,14.9
32493,PM Peak,28.1
32493,PM Peak,23.5
32493,PM Peak,22.2
32493,PM Peak,20.7
32493,PM Peak,25.3
32493,PM Peak,21.5
32493,PM Peak,20.5
32493,PM Peak,16.9
32493,PM Peak,22.5
32493,PM Peak,23.9
32493,PM Peak,18.5
32493,PM Peak,18.1
32493,PM Peak,14.4
32493,PM Peak,28.1
32493,PM Peak,18.3
32493,PM Peak,27.4
32493,PM Peak,28.5
32493,PM Peak,27
32493,PM Peak,21.9
32493,PM Peak,26.6
32493,PM Peak,26.6
32493,PM Peak,25.9
32493,PM Peak,26.4
32493,PM Peak,20.8
32493,PM Peak,21.6
32493,PM Peak,25.5
32493,PM Peak,20.4
32493,PM Peak,24.4
32493,PM Peak,25
32493,PM Peak,20.4
32493,PM Peak,24.5
32493,PM Peak,21.8
32493,PM Peak,16.4
32493,PM Peak,30.2
32493,PM Peak,27.5
32493,PM Peak,31.2
32493,PM Peak,27.4
32493,PM Peak,34.6
32493,PM Peak,18.6
32493,PM Peak,18.6
32493,PM Peak,13.2
32493,PM Peak,27.9
32493,PM Peak,29.3
32612,AM Peak,21.7
32612,AM Peak,18.3
32612,AM Peak,23.6
32612,AM Peak,18.1
32612,AM Peak,18.6
32612,AM Peak,17.2
32612,AM Peak,17.7
32612,AM Peak,17.5
32612,AM Peak,21.9
32612,AM Peak,19.6
32612,AM Peak,25
32612,AM Peak,23.9
32612,AM Peak,25.1
32612,AM Peak,40.4
32612,AM Peak,16.5
32612,AM Peak,14.6
32612,AM Peak,25.8
32612,AM Peak,17.3
32612,AM Peak,16.5
32612,AM Peak,28.9
32612,AM Peak,22.7
32612,AM Peak,20.8
32612,AM Peak,15.5
32612,AM Peak,19.8
32612,AM Peak,14.8
32612,AM Peak,19.5
32612,AM Peak,27
32612,AM Peak,15.9
32612,AM Peak,21.7
32612,AM Peak,18.1
32612,AM Peak,25.9
32612,AM Peak,16.1
32612,AM Peak,17.3
32612,AM Peak,24
32612,AM Peak,14.7
32612,AM Peak,20.1
32612,AM Peak,32.5
32612,AM Peak,22.3
32612,AM Peak,19.7
32612,AM Peak,21.7
32612,AM Peak,21.3
32612,AM Peak,18
32612,AM Peak,22.8
32612,AM Peak,4
32612,AM Peak,17.9
32612,AM Peak,23.3
32612,AM Peak,17.9
32612,AM Peak,23.1
32612,AM Peak,14.9
32612,AM Peak,22.3
32612,AM Peak,20.2
32612,AM Peak,21.6
32612,AM Peak,17
32612,AM Peak,22.8
32612,AM Peak,14.8
32612,AM Peak,15.1
32612,AM Peak,17.1
32612,AM Peak,24.6
32612,AM Peak,23.5
32612,AM Peak,21.3
32612,AM Peak,23
32612,AM Peak,21.1
32612,AM Peak,22
32612,AM Peak,13.9
32612,AM Peak,21.9
32612,AM Peak,23.7
32612,AM Peak,18
32612,AM Peak,15.4
32612,AM Peak,26.4
32612,AM Peak,21.3
32612,AM Peak,23.4
32612,AM Peak,13.9
32612,AM Peak,18
32612,AM Peak,17.5
32612,AM Peak,18.8
32612,AM Peak,22.6
32612,AM Peak,20.4
32612,AM Peak,17.7
32612,AM Peak,29
32612,AM Peak,16.1
32612,AM Peak,17.5
32612,AM Peak,25.3
32612,AM Peak,20.3
32612,AM Peak,15.4
32612,AM Peak,15.9
32612,AM Peak,13.3
32612,AM Peak,23.2
32612,AM Peak,11.6
32612,AM Peak,22.6
32612,AM Peak,27.7
32612,AM Peak,20.2
32612,AM Peak,24.3
32612,AM Peak,16.2
32612,AM Peak,19
32612,AM Peak,19.4
32612,AM Peak,19.1
32612,AM Peak,15.8
32612,AM Peak,21
32612,AM Peak,25.9
32612,AM Peak,30.3
32612,AM Peak,27.5
32612,AM Peak,17.8
32612,AM Peak,14.6
32612,AM Peak,5.2
32612,AM Peak,4.1
32612,AM Peak,12.3
32612,AM Peak,19.6
32612,AM Peak,4.4
32612,AM Peak,23.9
32612,AM Peak,27.6
32612,AM Peak,11
32612,AM Peak,25.4
32612,AM Peak,20.7
32612,AM Peak,19.4
32612,AM Peak,23.8
32612,AM Peak,19.6
32612,AM Peak,18.1
32612,AM Peak,14.5
32612,AM Peak,24.2
32612,AM Peak,3.9
32612,AM Peak,16.7
32612,AM Peak,18.3
32612,AM Peak,15.2
32612,AM Peak,36.7
32612,AM Peak,17.6
32612,AM Peak,28.4
32612,AM Peak,26.2
32612,AM Peak,22.7
32612,AM Peak,24.7
32612,AM Peak,15.8
32612,AM Peak,23.2
32612,AM Peak,28.8
32612,AM Peak,18.5
32612,AM Peak,23.3
32612,AM Peak,4.6
32612,AM Peak,10.5
32612,AM Peak,19.2
32612,AM Peak,17.7
32612,AM Peak,20.1
32612,AM Peak,15
32612,AM Peak,18.3
32612,AM Peak,18.1
32612,AM Peak,24.2
32612,AM Peak,19
32612,AM Peak,21.6
32612,AM Peak,19.1
32612,AM Peak,19.2
32612,AM Peak,16.9
32612,AM Peak,27.8
32612,AM Peak,19.4
32612,AM Peak,20.4
32612,AM Peak,19
32612,AM Peak,15.2
32612,AM Peak,21.6
32612,AM Peak,20
32612,AM Peak,23.5
32612,AM Peak,19.1
32612,AM Peak,20.2
32612,AM Peak,17.1
32612,AM Peak,20.9
32612,AM Peak,26.4
32612,AM Peak,15.1
32612,AM Peak,22.7
32612,AM Peak,15.7
32612,AM Peak,3.9
32612,AM Peak,18.6
32612,AM Peak,20.7
32612,AM Peak,12
32612,AM Peak,18.9
32612,AM Peak,25
32612,AM Peak,17.5
32612,AM Peak,22.1
32612,AM Peak,15.1
32612,AM Peak,4.6
32612,AM Peak,18.2
32612,AM Peak,23.6
32612,AM Peak,18.8
32612,AM Peak,23.6
32612,AM Peak,16.8
32612,AM Peak,17.4
32612,AM Peak,9.1
32612,AM Peak,20.8
32612,AM Peak,26.4
32612,AM Peak,16.6
32612,AM Peak,18.5
32612,AM Peak,17.7
32612,AM Peak,27.8
32612,AM Peak,21.2
32612,AM Peak,22
32612,AM Peak,23.9
32612,AM Peak,15.1
32612,AM Peak,19.8
32612,AM Peak,22.7
32612,AM Peak,21.1
32612,AM Peak,18.1
32612,AM Peak,4.4
32612,AM Peak,14.3
32612,AM Peak,30.4
32612,AM Peak,18.4
32612,AM Peak,18.5
32612,AM Peak,21.8
32612,AM Peak,20
32612,AM Peak,14.3
32612,AM Peak,17.4
32612,AM Peak,24.5
32612,AM Peak,14.9
32612,AM Peak,20.2
32612,AM Peak,23.6
32612,AM Peak,24.4
32612,AM Peak,24.6
32612,AM Peak,27.9
32612,AM Peak,20.8
32612,AM Peak,21.1
32612,AM Peak,23
32612,AM Peak,17.8
32612,AM Peak,25.1
32612,AM Peak,24.5
32612,AM Peak,22.2
32612,AM Peak,16.2
32612,AM Peak,22.3
32612,AM Peak,16.4
32612,AM Peak,29.6
32612,AM Peak,19.3
32612,AM Peak,15.9
32612,AM Peak,16
32612,AM Peak,20.8
32612,AM Peak,21.7
32612,AM Peak,19.7
32612,AM Peak,16.5
32612,AM Peak,16.6
32612,AM Peak,17.7
32612,AM Peak,16.6
32612,AM Peak,24.3
32612,AM Peak,23.9
32612,AM Peak,20.2
32612,AM Peak,14.9
32612,AM Peak,23.9
32612,AM Peak,21.9
32612,AM Peak,22.2
32612,AM Peak,11.2
32612,AM Peak,20
32612,AM Peak,16.9
32612,AM Peak,7.9
32612,AM Peak,9.8
32612,AM Peak,11.7
32612,AM Peak,21.3
32612,AM Peak,24.2
32612,AM Peak,25.7
32612,AM Peak,17.6
32612,AM Peak,22.3
32612,AM Peak,25.9
32612,AM Peak,14.9
32612,AM Peak,25.8
32612,AM Peak,18.1
32612,AM Peak,17.6
32612,AM Peak,28
32612,AM Peak,16.2
32612,AM Peak,15.4
32612,AM Peak,22.7
32612,AM Peak,17.5
32612,AM Peak,16.3
32612,AM Peak,18
32612,AM Peak,24
32612,AM Peak,26.6
32612,AM Peak,17.3
32612,AM Peak,17.7
32612,AM Peak,25.3
32612,AM Peak,19.6
32612,AM Peak,4.5
32612,AM Peak,17.1
32612,AM Peak,5.2
32612,AM Peak,25.8
32612,AM Peak,18.9
32612,AM Peak,26.3
32612,AM Peak,24.6
32612,AM Peak,13.9
32612,AM Peak,21.4
32612,AM Peak,22.1
32612,AM Peak,17.2
32612,AM Peak,15.3
32612,AM Peak,20.1
32612,AM Peak,23.2
32612,AM Peak,5.6
32612,AM Peak,16.5
32612,AM Peak,21.3
32612,AM Peak,12.8
32612,AM Peak,19.5
32612,AM Peak,23.2
32612,AM Peak,23.8
32612,AM Peak,16.2
32612,AM Peak,30.3
32612,AM Peak,21.8
32612,AM Peak,23
32612,AM Peak,23.6
32612,AM Peak,16.2
32612,AM Peak,19
32612,AM Peak,15.4
32612,AM Peak,20.9
32612,AM Peak,20.2
32612,AM Peak,23.4
32612,AM Peak,17.9
32612,AM Peak,15.5
32612,AM Peak,20
32612,AM Peak,21.5
32612,AM Peak,17.6
32612,AM Peak,21.1
32612,AM Peak,20.3
32612,AM Peak,16.8
32612,AM Peak,24.6
32612,AM Peak,22.9
32612,AM Peak,18.4
32612,AM Peak,24.6
32612,AM Peak,4.2
32612,AM Peak,20.3
32612,AM Peak,18.8
32612,AM Peak,20
32612,AM Peak,22.3
32612,AM Peak,24.9
32612,AM Peak,15.3
32612,AM Peak,19.3
32612,AM Peak,17.2
32612,AM Peak,17.6
32612,AM Peak,25.5
32612,AM Peak,20.3
32612,AM Peak,19.3
32612,AM Peak,10.4
32612,AM Peak,14.5
32612,AM Peak,21.9
32612,AM Peak,17
32612,AM Peak,24.4
32612,AM Peak,20.7
32612,AM Peak,20
32612,AM Peak,26.2
32612,AM Peak,22.8
32612,AM Peak,17.9
32612,AM Peak,24.6
32612,AM Peak,20.1
32612,AM Peak,28.2
32612,AM Peak,20.9
32612,AM Peak,16.9
32612,AM Peak,20
32612,AM Peak,16.1
32612,AM Peak,15.2
32612,AM Peak,16.8
32612,AM Peak,25.3
32612,AM Peak,20.2
32612,AM Peak,17.8
32612,AM Peak,21.2
32612,AM Peak,24.3
32612,AM Peak,14.1
32612,AM Peak,16.3
32612,AM Peak,20.2
32612,AM Peak,17.1
32612,AM Peak,20.6
32612,AM Peak,15.4
32612,AM Peak,19
32612,AM Peak,14.5
32612,AM Peak,22.3
32612,AM Peak,23.5
32612,AM Peak,15.3
32612,AM Peak,16.3
32612,AM Peak,4.4
32612,AM Peak,24.1
32612,AM Peak,28.9
32612,AM Peak,19
32612,AM Peak,17.3
32612,AM Peak,16.6
32612,AM Peak,24.2
32612,AM Peak,17.6
32612,AM Peak,17.9
32612,AM Peak,24.7
32612,AM Peak,21.6
32612,AM Peak,20.8
32612,AM Peak,20.5
32612,AM Peak,21.1
32612,AM Peak,21.9
32612,AM Peak,16.2
32612,AM Peak,17.4
32612,AM Peak,18.6
32612,AM Peak,17.5
32612,AM Peak,15.2
32612,AM Peak,17.2
32612,AM Peak,21.7
32612,AM Peak,16.4
32612,AM Peak,4.1
32612,AM Peak,15.3
32612,AM Peak,21.5
32612,AM Peak,13.2
32612,AM Peak,20.1
32612,AM Peak,21.1
32612,AM Peak,18.8
32612,AM Peak,23
32612,AM Peak,21.5
32612,AM Peak,17.5
32612,AM Peak,25.1
32612,AM Peak,17.6
32612,AM Peak,16.3
32612,AM Peak,19.6
32612,AM Peak,22
32612,AM Peak,20.1
32612,AM Peak,24.8
32612,AM Peak,25.8
32612,AM Peak,14.8
32612,AM Peak,17.3
32612,AM Peak,22.2
32612,AM Peak,29
32612,AM Peak,13.8
32612,AM Peak,19
32612,AM Peak,18.4
32612,AM Peak,17.3
32612,AM Peak,13.9
32612,AM Peak,21.4
32612,AM Peak,23
32612,AM Peak,22.7
32612,AM Peak,19.4
32612,AM Peak,21.3
32612,AM Peak,22
32612,AM Peak,22.9
32612,AM Peak,14.2
32612,AM Peak,17
32612,AM Peak,20.2
32612,AM Peak,17.4
32612,AM Peak,16.9
32612,AM Peak,21.5
32612,AM Peak,20.7
32612,AM Peak,26.8
32612,AM Peak,22.4
32612,AM Peak,18
32612,AM Peak,23
32612,AM Peak,19.7
32612,AM Peak,21.2
32612,AM Peak,17.4
32612,AM Peak,16.5
32612,AM Peak,22.5
32612,AM Peak,21.1
32612,AM Peak,21.1
32612,AM Peak,16
32612,AM Peak,4.6
32612,AM Peak,14.7
32612,AM Peak,21.4
32612,AM Peak,19.7
32612,AM Peak,19.6
32612,AM Peak,24.5
32612,AM Peak,19.4
32612,AM Peak,22.1
32612,AM Peak,19.7
32612,AM Peak,18
32612,AM Peak,15.7
32612,AM Peak,31.3
32612,AM Peak,22
32612,AM Peak,25.3
32612,AM Peak,15.3
32612,AM Peak,19.1
32612,AM Peak,18.7
32612,AM Peak,16.5
32612,AM Peak,14.7
32612,AM Peak,21.2
32612,AM Peak,15.5
32612,AM Peak,18.7
32612,AM Peak,20.9
32612,AM Peak,20.8
32612,AM Peak,24.6
32612,AM Peak,17.3
32612,AM Peak,15.4
32612,AM Peak,24.3
32612,AM Peak,21.5
32612,AM Peak,17.1
32612,AM Peak,18.8
32612,AM Peak,16.9
32612,AM Peak,18.5
32612,AM Peak,19.1
32612,AM Peak,29
32612,AM Peak,22.3
32612,AM Peak,22.9
32612,AM Peak,19.7
32612,AM Peak,18.4
32612,AM Peak,24.4
32612,AM Peak,18.1
32612,AM Peak,15.5
32612,AM Peak,14.2
32612,AM Peak,14
32612,AM Peak,19.5
32612,AM Peak,25
32612,AM Peak,17.6
32612,AM Peak,22.1
32612,AM Peak,24.7
32612,AM Peak,19.3
32612,AM Peak,24.2
32612,AM Peak,19.3
32612,AM Peak,18.6
32612,AM Peak,14.8
32612,AM Peak,22.5
32612,AM Peak,27.5
32612,AM Peak,17.6
32612,AM Peak,21
32612,AM Peak,25.7
32612,AM Peak,16.4
32612,AM Peak,22.5
32612,AM Peak,21
32612,AM Peak,12.4
32612,PM Peak,14.6
32612,PM Peak,26
32612,PM Peak,18.4
32612,PM Peak,3.6
32612,PM Peak,22.8
32612,PM Peak,21.6
32612,PM Peak,12.5
32612,PM Peak,20.7
32612,PM Peak,16.2
32612,PM Peak,20.6
32612,PM Peak,16.4
32612,PM Peak,17.9
32612,PM Peak,15.9
32612,PM Peak,24.4
32612,PM Peak,17.3
32612,PM Peak,24.8
32612,PM Peak,18.2
32612,PM Peak,24.1
32612,PM Peak,20.4
32612,PM Peak,7.1
32612,PM Peak,16.7
32612,PM Peak,19.1
32612,PM Peak,29.2
32612,PM Peak,27.7
32612,PM Peak,24.4
32612,PM Peak,23.8
32612,PM Peak,21.5
32612,PM Peak,25.6
32612,PM Peak,15.7
32612,PM Peak,25.3
32612,PM Peak,17.5
32612,PM Peak,18.6
32612,PM Peak,4.2
32612,PM Peak,18.4
32612,PM Peak,24.8
32612,PM Peak,26.4
32612,PM Peak,10.4
32612,PM Peak,13.6
32612,PM Peak,13.5
32612,PM Peak,13
32612,PM Peak,17.3
32612,PM Peak,20.5
32612,PM Peak,17.3
32612,PM Peak,20.2
32612,PM Peak,25
32612,PM Peak,20.3
32612,PM Peak,18.5
32612,PM Peak,19.8
32612,PM Peak,13.4
32612,PM Peak,16.2
32612,PM Peak,17.8
32612,PM Peak,14.7
32612,PM Peak,22.8
32612,PM Peak,18.9
32612,PM Peak,23.7
32612,PM Peak,22.2
32612,PM Peak,24.6
32612,PM Peak,26.8
32612,PM Peak,26.3
32612,PM Peak,17.1
32612,PM Peak,30.6
32612,PM Peak,14.4
32612,PM Peak,18
32612,PM Peak,21.3
32612,PM Peak,29.3
32612,PM Peak,14.7
32612,PM Peak,4.5
32612,PM Peak,26.6
32612,PM Peak,21.8
32612,PM Peak,16.9
32612,PM Peak,17.7
32612,PM Peak,15.1
32612,PM Peak,18.2
32612,PM Peak,16.2
32612,PM Peak,16.7
32612,PM Peak,19.5
32612,PM Peak,22.5
32612,PM Peak,22.9
32612,PM Peak,21.3
32612,PM Peak,16.5
32612,PM Peak,15.7
32612,PM Peak,20.4
32612,PM Peak,16.1
32612,PM Peak,17.1
32612,PM Peak,14.4
32612,PM Peak,18
32612,PM Peak,3.5
32612,PM Peak,27
32612,PM Peak,25.3
32612,PM Peak,5.2
32612,PM Peak,9.4
32612,PM Peak,24.8
32612,PM Peak,18
32612,PM Peak,18.6
32612,PM Peak,23.2
32612,PM Peak,30.8
32612,PM Peak,17.7
32612,PM Peak,21
32612,PM Peak,19.7
32612,PM Peak,27.2
32612,PM Peak,4.6
32612,PM Peak,15.8
32612,PM Peak,18.8
32612,PM Peak,21.3
32612,PM Peak,25.9
32612,PM Peak,22
32612,PM Peak,19.7
32612,PM Peak,19
32612,PM Peak,25.9
32612,PM Peak,22.8
32612,PM Peak,18.5
32612,PM Peak,15.1
32612,PM Peak,16.4
32612,PM Peak,22.2
32612,PM Peak,33.1
32612,PM Peak,20.1
32612,PM Peak,23.6
32612,PM Peak,25.3
32612,PM Peak,16.4
32612,PM Peak,18.3
32612,PM Peak,19.4
32612,PM Peak,24.4
32612,PM Peak,22.4
32612,PM Peak,27.8
32612,PM Peak,28.5
32612,PM Peak,29.3
32612,PM Peak,22.8
32612,PM Peak,28.7
32612,PM Peak,17.5
32612,PM Peak,20.4
32612,PM Peak,27.1
32612,PM Peak,26.4
32612,PM Peak,13.7
32612,PM Peak,14.8
32612,PM Peak,23.7
32612,PM Peak,23.1
32612,PM Peak,18.5
32612,PM Peak,34
32612,PM Peak,16.8
32612,PM Peak,28.1
32612,PM Peak,10.1
32612,PM Peak,21.7
32612,PM Peak,25.9
32612,PM Peak,33.6
32612,PM Peak,13.1
32612,PM Peak,22.9
32612,PM Peak,14.5
32612,PM Peak,29.8
32612,PM Peak,11.2
32612,PM Peak,11.9
32612,PM Peak,15.3
32612,PM Peak,16.7
32612,PM Peak,17.8
32612,PM Peak,15.4
32612,PM Peak,14.5
32612,PM Peak,16.7
32612,PM Peak,21.7
32612,PM Peak,20.2
32612,PM Peak,18.6
32612,PM Peak,19.7
32612,PM Peak,5
32612,PM Peak,14.1
32612,PM Peak,20.3
32612,PM Peak,24.1
32612,PM Peak,20.9
32612,PM Peak,22
32612,PM Peak,23
32612,PM Peak,22.4
32612,PM Peak,18.4
32612,PM Peak,16.5
32612,PM Peak,21.1
32612,PM Peak,18.5
32612,PM Peak,14.8
32612,PM Peak,21.1
32612,PM Peak,22.5
32612,PM Peak,19.4
32612,PM Peak,20.9
32612,PM Peak,22.9
32612,PM Peak,15.2
32612,PM Peak,18.4
32612,PM Peak,21.1
32612,PM Peak,16.4
32612,PM Peak,24.3
32612,PM Peak,22.9
32612,PM Peak,21
32612,PM Peak,15.8
32612,PM Peak,16.3
32612,PM Peak,22
32612,PM Peak,22.5
32612,PM Peak,24.3
32612,PM Peak,28.3
32612,PM Peak,18.8
32612,PM Peak,21.8
32612,PM Peak,30.6
32612,PM Peak,3.7
32612,PM Peak,15.2
32612,PM Peak,12.9
32612,PM Peak,26.8
32612,PM Peak,15.1
32612,PM Peak,24.5
32612,PM Peak,10.4
32612,PM Peak,12.7
32612,PM Peak,21.1
32612,PM Peak,14.8
32612,PM Peak,14.3
32612,PM Peak,21.6
32612,PM Peak,20.9
32612,PM Peak,20.3
32612,PM Peak,15.9
32612,PM Peak,21.4
32612,PM Peak,13.9
32612,PM Peak,14.1
32612,PM Peak,17.6
32612,PM Peak,19.6
32612,PM Peak,13.4
32612,PM Peak,27.8
32612,PM Peak,26.5
32612,PM Peak,19.1
32612,PM Peak,15.4
32612,PM Peak,13.8
32612,PM Peak,16
32612,PM Peak,25.5
32612,PM Peak,25.3
32612,PM Peak,19.9
32612,PM Peak,19
32612,PM Peak,23.4
32612,PM Peak,19.2
32612,PM Peak,14.7
32612,PM Peak,24.5
32612,PM Peak,4.1
32612,PM Peak,25
32612,PM Peak,19.2
32612,PM Peak,21.6
32612,PM Peak,14.2
32612,PM Peak,13.2
32612,PM Peak,25.6
32612,PM Peak,22.5
32612,PM Peak,25.8
32612,PM Peak,20.2
32612,PM Peak,25.5
32612,PM Peak,11.2
32612,PM Peak,21
32612,PM Peak,19.6
32612,PM Peak,24.9
32612,PM Peak,25
32612,PM Peak,21.1
32612,PM Peak,19.5
32612,PM Peak,19.4
32612,PM Peak,26.9
32612,PM Peak,14.6
32612,PM Peak,12.1
32612,PM Peak,14.9
32612,PM Peak,25.5
32612,PM Peak,12.4
32612,PM Peak,18.3
32612,PM Peak,20.9
32612,PM Peak,25.1
32612,PM Peak,12.9
32612,PM Peak,16.3
32612,PM Peak,17.8
32612,PM Peak,20.3
32612,PM Peak,21.9
32612,PM Peak,26.9
32612,PM Peak,20
32612,PM Peak,15.9
32612,PM Peak,18.5
32612,PM Peak,17.5
32612,PM Peak,19.6
32612,PM Peak,18.1
32612,PM Peak,24.7
32612,PM Peak,23.9
32612,PM Peak,23.8
32612,PM Peak,13.6
32612,PM Peak,20
32612,PM Peak,18.8
32612,PM Peak,14
32612,PM Peak,18.8
32612,PM Peak,23.4
32612,PM Peak,24
32612,PM Peak,17.7
32612,PM Peak,17.9
32612,PM Peak,19
32612,PM Peak,19.2
32612,PM Peak,27.1
32612,PM Peak,20.3
32612,PM Peak,19.7
32612,PM Peak,23.4
32612,PM Peak,17.8
32612,PM Peak,15.4
32612,PM Peak,22.1
32612,PM Peak,17.9
32612,PM Peak,22.2
32612,PM Peak,15.9
32612,PM Peak,26.4
32612,PM Peak,12.9
32612,PM Peak,22
32612,PM Peak,24.9
32612,PM Peak,20.1
32612,PM Peak,13
32612,PM Peak,20.1
32612,PM Peak,21.4
32612,PM Peak,27.1
32612,PM Peak,15.6
32612,PM Peak,15.7
32612,PM Peak,24.9
32612,PM Peak,17.3
32612,PM Peak,23.1
32612,PM Peak,16.1
32612,PM Peak,23.2
32612,PM Peak,22.2
32612,PM Peak,28.7
32612,PM Peak,17.1
32612,PM Peak,18.6
32612,PM Peak,29.1
32612,PM Peak,23.5
32612,PM Peak,20.3
32612,PM Peak,19.7
32612,PM Peak,16.6
32612,PM Peak,16.2
32612,PM Peak,19.6
32612,PM Peak,21.1
32612,PM Peak,24.1
32612,PM Peak,17
32612,PM Peak,12
32612,PM Peak,15.1
32612,PM Peak,14.1
32612,PM Peak,28.3
32612,PM Peak,15.4
32612,PM Peak,25.5
32612,PM Peak,23
32612,PM Peak,23.5
32612,PM Peak,26.1
32612,PM Peak,14.2
32612,PM Peak,24.2
32612,PM Peak,19.2
32612,PM Peak,21.9
32612,PM Peak,21.8
32612,PM Peak,14.3
32612,PM Peak,23.6
32612,PM Peak,23.2
32612,PM Peak,21.5
32612,PM Peak,20.5
32612,PM Peak,21.3
32612,PM Peak,23.1
32612,PM Peak,18.7
32612,PM Peak,17.1
32612,PM Peak,22.3
32612,PM Peak,24.7
32612,PM Peak,16.4
32612,PM Peak,17.3
32612,PM Peak,20.8
32612,PM Peak,22
32612,PM Peak,24.3
32612,PM Peak,14.5
32612,PM Peak,20.1
32612,PM Peak,17.8
32612,PM Peak,15.1
32612,PM Peak,15.9
32612,PM Peak,19.1
32612,PM Peak,17.9
32612,PM Peak,24.8
32612,PM Peak,16.3
32612,PM Peak,17.6
32612,PM Peak,23.8
32612,PM Peak,16.5
32612,PM Peak,24.4
32612,PM Peak,18.1
32612,PM Peak,18.6
32612,PM Peak,19.7
32612,PM Peak,21.5
32612,PM Peak,12.5
32612,PM Peak,16.2
32612,PM Peak,16
32612,PM Peak,33.6
32612,PM Peak,21.4
32612,PM Peak,13.7
32612,PM Peak,21
32612,PM Peak,23.8
32612,PM Peak,17.7
32612,PM Peak,25.2
32612,PM Peak,18
32612,PM Peak,22.3
32612,PM Peak,12.1
32612,PM Peak,16.3
32612,PM Peak,18.7
32612,PM Peak,24.3
32612,PM Peak,16.7
32612,PM Peak,14
32612,PM Peak,25.7
32612,PM Peak,19.1
32612,PM Peak,22.7
32612,PM Peak,21
32612,PM Peak,21.2
32612,PM Peak,16.8
32612,PM Peak,20.9
32612,PM Peak,24.3
32612,PM Peak,3.2
32612,PM Peak,17.2
32612,PM Peak,22.6
32612,PM Peak,22.9
32612,PM Peak,22.6
32612,PM Peak,17.2
32612,PM Peak,19
32612,PM Peak,18.8
32612,PM Peak,30.4
32612,PM Peak,18.2
32612,PM Peak,4.2
32612,PM Peak,18.7
32612,PM Peak,19.1
32612,PM Peak,15.4
32612,PM Peak,27.3
32612,PM Peak,22
32612,PM Peak,25.9
32612,PM Peak,22.8
32612,PM Peak,10.1
32612,PM Peak,17.9
32612,PM Peak,18.7
32612,PM Peak,14.8
32612,PM Peak,21.4
32612,PM Peak,12.1
32612,PM Peak,19.1
32612,PM Peak,4.6
32612,PM Peak,25.3
32612,PM Peak,27.5
32612,PM Peak,13.5
32612,PM Peak,16.5
32612,PM Peak,17.7
32612,PM Peak,31.1
32612,PM Peak,25.1
32612,PM Peak,24.6
32612,PM Peak,13.4
32612,PM Peak,30.1
32612,PM Peak,23.7
32612,PM Peak,19.9
32612,PM Peak,19.7
32612,PM Peak,20.2
32612,PM Peak,19.7
32612,PM Peak,27.6
32612,PM Peak,17.5
32612,PM Peak,19.4
32612,PM Peak,18.3
32612,PM Peak,14.5
32612,PM Peak,4.6
32612,PM Peak,21.5
32612,PM Peak,18.5
32612,PM Peak,18.1
32612,PM Peak,12.4
32612,PM Peak,17.2
32612,PM Peak,27.8
32612,PM Peak,22.6
32612,PM Peak,24.9
32612,PM Peak,13.2
32612,PM Peak,20.4
32612,PM Peak,15
32612,PM Peak,19
32612,PM Peak,13.4
32612,PM Peak,23.1
32612,PM Peak,19.1
32612,PM Peak,23
32612,PM Peak,20.7
32612,PM Peak,4.5
32612,PM Peak,17.3
32612,PM Peak,13
32612,PM Peak,19.3
32612,PM Peak,20
32612,PM Peak,17.1
32612,PM Peak,8.6
32612,PM Peak,13.8
32612,PM Peak,20
32612,PM Peak,24
32612,PM Peak,18.8
32612,PM Peak,19.7
32612,PM Peak,24.7
32612,PM Peak,21.2
32612,PM Peak,25.1
32612,PM Peak,19.3
32612,PM Peak,25.3
32612,PM Peak,23.5
32612,PM Peak,24.1
32612,PM Peak,17.2
32612,PM Peak,16.7
32612,PM Peak,26.3
32612,PM Peak,24.2
32612,PM Peak,28.5
32612,PM Peak,28.2
32612,PM Peak,23.1
32612,PM Peak,23.5
32612,PM Peak,28.4
32612,PM Peak,25.3
32612,PM Peak,17.1
32612,PM Peak,21.4
32612,PM Peak,19.3
32612,PM Peak,17.8
32612,PM Peak,18.7
32612,PM Peak,22.3
32612,PM Peak,14.9
32612,PM Peak,12.9
32612,PM Peak,22
32612,PM Peak,12.1
32612,PM Peak,19
32615,AM Peak,23.7
32615,AM Peak,19.9
32615,AM Peak,23.4
32615,AM Peak,26.9
32615,AM Peak,18.9
32615,AM Peak,15.4
32615,AM Peak,21.2
32615,AM Peak,30.3
32615,AM Peak,32.5
32615,AM Peak,21.7
32615,AM Peak,29.2
32615,AM Peak,14.4
32615,AM Peak,26
32615,AM Peak,33.5
32615,AM Peak,24.7
32615,AM Peak,23.9
32615,AM Peak,17.3
32615,AM Peak,17.7
32615,AM Peak,25.9
32615,AM Peak,18
32615,AM Peak,22
32615,AM Peak,34.6
32615,AM Peak,17.8
32615,AM Peak,24.4
32615,AM Peak,17.3
32615,AM Peak,24.4
32615,AM Peak,24.3
32615,AM Peak,36.2
32615,AM Peak,27.5
32615,AM Peak,10.8
32615,AM Peak,28.3
32615,AM Peak,8.6
32615,AM Peak,25
32615,AM Peak,29.7
32615,AM Peak,25.7
32615,AM Peak,25.2
32615,AM Peak,20.6
32615,AM Peak,22.5
32615,AM Peak,27.5
32615,AM Peak,20.8
32615,AM Peak,22.4
32615,AM Peak,8.9
32615,AM Peak,28
32615,AM Peak,38.3
32615,AM Peak,17.1
32615,AM Peak,18.7
32615,AM Peak,28.7
32615,AM Peak,18.2
32615,AM Peak,25.6
32615,AM Peak,16.8
32615,AM Peak,10.5
32615,AM Peak,26.4
32615,AM Peak,18
32615,AM Peak,25.7
32615,AM Peak,21.6
32615,AM Peak,34.4
32615,AM Peak,13.5
32615,AM Peak,20.5
32615,AM Peak,14.5
32615,AM Peak,16.7
32615,AM Peak,18.9
32615,AM Peak,21.9
32615,AM Peak,23.1
32615,AM Peak,25.3
32615,AM Peak,31.9
32615,AM Peak,24.6
32615,AM Peak,24
32615,AM Peak,24
32615,AM Peak,26.2
32615,AM Peak,17.9
32615,AM Peak,16.9
32615,AM Peak,24
32615,AM Peak,24.8
32615,AM Peak,14.2
32615,AM Peak,21.3
32615,AM Peak,22.9
32615,AM Peak,23.7
32615,AM Peak,23.7
32615,AM Peak,20.5
32615,AM Peak,23.4
32615,AM Peak,18.3
32615,AM Peak,30.6
32615,AM Peak,28.4
32615,AM Peak,18.6
32615,AM Peak,24.5
32615,AM Peak,23.9
32615,AM Peak,21.2
32615,AM Peak,23.7
32615,AM Peak,20.8
32615,AM Peak,20.4
32615,AM Peak,21.4
32615,AM Peak,29.4
32615,AM Peak,15.7
32615,AM Peak,31.4
32615,AM Peak,25
32615,AM Peak,24.4
32615,AM Peak,15.3
32615,AM Peak,17.5
32615,AM Peak,20
32615,AM Peak,25.2
32615,AM Peak,17.9
32615,AM Peak,21.4
32615,AM Peak,27.5
32615,AM Peak,17.5
32615,AM Peak,28.7
32615,AM Peak,25.5
32615,AM Peak,26.6
32615,AM Peak,34.9
32615,AM Peak,20.8
32615,AM Peak,14.8
32615,AM Peak,35
32615,AM Peak,20.8
32615,AM Peak,30.2
32615,AM Peak,22.9
32615,AM Peak,16.1
32615,AM Peak,19.8
32615,AM Peak,24.7
32615,AM Peak,19.6
32615,AM Peak,33.1
32615,AM Peak,23.6
32615,AM Peak,27.9
32615,AM Peak,33.7
32615,AM Peak,21.5
32615,AM Peak,16.2
32615,AM Peak,10.7
32615,AM Peak,25.5
32615,AM Peak,23.9
32615,AM Peak,27.9
32615,AM Peak,27.1
32615,AM Peak,29.9
32615,AM Peak,27.6
32615,AM Peak,31.2
32615,AM Peak,20.1
32615,AM Peak,35
32615,AM Peak,24.1
32615,AM Peak,20.5
32615,AM Peak,26.1
32615,AM Peak,17.2
32615,AM Peak,21.3
32615,AM Peak,25.5
32615,AM Peak,28.3
32615,AM Peak,31.2
32615,AM Peak,23.4
32615,AM Peak,25.4
32615,AM Peak,26.6
32615,AM Peak,25.2
32615,AM Peak,20.3
32615,AM Peak,23.1
32615,AM Peak,15.8
32615,AM Peak,21
32615,AM Peak,28.7
32615,AM Peak,21.1
32615,AM Peak,23.4
32615,AM Peak,24.3
32615,AM Peak,29.9
32615,AM Peak,24.2
32615,AM Peak,9.8
32615,AM Peak,27.7
32615,AM Peak,30.9
32615,AM Peak,23
32615,AM Peak,24.2
32615,AM Peak,26.2
32615,AM Peak,21.1
32615,AM Peak,11.4
32615,AM Peak,22.4
32615,AM Peak,16.2
32615,AM Peak,25.9
32615,AM Peak,26.2
32615,AM Peak,27.1
32615,AM Peak,26.5
32615,AM Peak,16.5
32615,AM Peak,17
32615,AM Peak,22.1
32615,AM Peak,24.1
32615,AM Peak,15.3
32615,AM Peak,28.4
32615,AM Peak,33.1
32615,AM Peak,27.8
32615,AM Peak,25.6
32615,AM Peak,25.7
32615,AM Peak,29.5
32615,AM Peak,21.6
32615,AM Peak,28.3
32615,AM Peak,10
32615,AM Peak,21.7
32615,AM Peak,29.5
32615,AM Peak,16.5
32615,AM Peak,31.4
32615,AM Peak,18.2
32615,AM Peak,17.6
32615,AM Peak,29.4
32615,AM Peak,21.9
32615,AM Peak,25.8
32615,AM Peak,22.4
32615,AM Peak,18.4
32615,AM Peak,28.5
32615,AM Peak,26.3
32615,AM Peak,23.2
32615,AM Peak,22.5
32615,AM Peak,16.9
32615,AM Peak,24
32615,AM Peak,31.8
32615,AM Peak,11.7
32615,AM Peak,25.9
32615,AM Peak,30.3
32615,AM Peak,28.2
32615,AM Peak,31.6
32615,AM Peak,24.1
32615,AM Peak,22.9
32615,AM Peak,31.1
32615,AM Peak,26.1
32615,AM Peak,25.2
32615,AM Peak,20.3
32615,AM Peak,21.1
32615,AM Peak,25
32615,AM Peak,21.4
32615,AM Peak,15.6
32615,AM Peak,25.5
32615,AM Peak,29.6
32615,AM Peak,30.8
32615,AM Peak,25.6
32615,AM Peak,30.6
32615,AM Peak,20.3
32615,AM Peak,26.2
32615,AM Peak,19.8
32615,AM Peak,15.7
32615,AM Peak,25
32615,AM Peak,28.8
32615,AM Peak,14.8
32615,AM Peak,13
32615,AM Peak,29.2
32615,AM Peak,23.2
32615,AM Peak,17.7
32615,AM Peak,22.1
32615,AM Peak,12
32615,AM Peak,15.6
32615,AM Peak,27.1
32615,AM Peak,17.3
32615,AM Peak,13.7
32615,AM Peak,20.4
32615,AM Peak,21.3
32615,AM Peak,24.1
32615,AM Peak,24.5
32615,AM Peak,27
32615,AM Peak,25.4
32615,AM Peak,25.8
32615,AM Peak,33.3
32615,AM Peak,14.5
32615,AM Peak,24.1
32615,AM Peak,21.3
32615,AM Peak,31.3
32615,AM Peak,20.2
32615,AM Peak,21.7
32615,AM Peak,24.8
32615,AM Peak,24.7
32615,AM Peak,17.6
32615,AM Peak,15.2
32615,AM Peak,29.4
32615,AM Peak,25.3
32615,AM Peak,24.9
32615,AM Peak,22.4
32615,AM Peak,24.8
32615,AM Peak,29.5
32615,AM Peak,31.1
32615,AM Peak,26.7
32615,AM Peak,24.3
32615,AM Peak,30.2
32615,AM Peak,27.3
32615,AM Peak,27.4
32615,AM Peak,32.5
32615,AM Peak,24
32615,AM Peak,27
32615,AM Peak,30
32615,AM Peak,24.9
32615,AM Peak,24
32615,AM Peak,13.6
32615,AM Peak,25.8
32615,AM Peak,22.1
32615,AM Peak,33.8
32615,AM Peak,19.9
32615,AM Peak,17.5
32615,AM Peak,26.6
32615,AM Peak,21.4
32615,AM Peak,15.7
32615,AM Peak,14.3
32615,AM Peak,25.9
32615,AM Peak,31.2
32615,AM Peak,17.1
32615,AM Peak,23.1
32615,AM Peak,23.6
32615,AM Peak,27.2
32615,AM Peak,23.1
32615,AM Peak,23.6
32615,AM Peak,26.1
32615,AM Peak,29.7
32615,AM Peak,21.9
32615,AM Peak,30.3
32615,AM Peak,20.5
32615,AM Peak,19.4
32615,AM Peak,26.5
32615,AM Peak,20.4
32615,AM Peak,21.1
32615,AM Peak,23.7
32615,AM Peak,29.4
32615,AM Peak,29.4
32615,AM Peak,21.8
32615,AM Peak,26.4
32615,AM Peak,31
32615,AM Peak,21.7
32615,AM Peak,10
32615,AM Peak,4.6
32615,AM Peak,30.7
32615,AM Peak,16.6
32615,AM Peak,37.1
32615,AM Peak,19.8
32615,AM Peak,23.3
32615,AM Peak,22.3
32615,AM Peak,26.6
32615,AM Peak,12.9
32615,AM Peak,26.5
32615,AM Peak,24.2
32615,AM Peak,23
32615,AM Peak,21.9
32615,AM Peak,22.8
32615,AM Peak,20.4
32615,AM Peak,19.4
32615,AM Peak,22
32615,AM Peak,17.5
32615,AM Peak,33.4
32615,AM Peak,30.4
32615,AM Peak,22.3
32615,AM Peak,24.8
32615,AM Peak,30.6
32615,AM Peak,15.5
32615,AM Peak,14.5
32615,AM Peak,23.1
32615,AM Peak,23.9
32615,AM Peak,26
32615,AM Peak,26.8
32615,AM Peak,15.8
32615,AM Peak,22.3
32615,AM Peak,25.4
32615,AM Peak,22.8
32615,AM Peak,34.9
32615,AM Peak,21
32615,AM Peak,28.6
32615,AM Peak,23
32615,AM Peak,4.4
32615,AM Peak,33.6
32615,AM Peak,32.6
32615,AM Peak,26
32615,AM Peak,23.8
32615,AM Peak,20.6
32615,AM Peak,14
32615,AM Peak,27.2
32615,AM Peak,21.7
32615,AM Peak,17.3
32615,AM Peak,21.2
32615,AM Peak,19
32615,AM Peak,24
32615,AM Peak,19.8
32615,AM Peak,28.5
32615,AM Peak,25.2
32615,AM Peak,31.7
32615,AM Peak,20.4
32615,AM Peak,19.4
32615,AM Peak,30
32615,AM Peak,35.2
32615,AM Peak,32.4
32615,AM Peak,21.7
32615,AM Peak,30.9
32615,AM Peak,23.9
32615,AM Peak,26.1
32615,AM Peak,23
32615,AM Peak,17.1
32615,AM Peak,22.9
32615,AM Peak,20.4
32615,AM Peak,35.1
32615,AM Peak,34.6
32615,AM Peak,13.5
32615,AM Peak,18.6
32615,AM Peak,17.9
32615,AM Peak,16
32615,AM Peak,21
32615,AM Peak,20.2
32615,AM Peak,28.7
32615,AM Peak,22.4
32615,AM Peak,30.8
32615,AM Peak,29.5
32615,AM Peak,22.9
32615,AM Peak,21.5
32615,AM Peak,24.2
32615,AM Peak,21.7
32615,AM Peak,25.6
32615,AM Peak,24.6
32615,AM Peak,28
32615,AM Peak,28.2
32615,AM Peak,18.5
32615,AM Peak,21.2
32615,AM Peak,24.3
32615,AM Peak,11.4
32615,AM Peak,20.1
32615,AM Peak,18
32615,AM Peak,31.8
32615,AM Peak,15.6
32615,AM Peak,20
32615,AM Peak,30.4
32615,AM Peak,21.4
32615,AM Peak,18.9
32615,AM Peak,21.6
32615,AM Peak,22.1
32615,AM Peak,27.1
32615,AM Peak,19.4
32615,AM Peak,12.2
32615,AM Peak,26.1
32615,AM Peak,33.2
32615,AM Peak,22.5
32615,AM Peak,19.3
32615,AM Peak,35.4
32615,AM Peak,25.8
32615,AM Peak,24.3
32615,AM Peak,24.7
32615,AM Peak,16.8
32615,AM Peak,18.6
32615,AM Peak,20.6
32615,AM Peak,22.2
32615,AM Peak,24
32615,AM Peak,32.5
32615,AM Peak,25.8
32615,AM Peak,35.2
32615,AM Peak,27.3
32615,AM Peak,22
32615,AM Peak,24.1
32615,AM Peak,27.5
32615,AM Peak,22
32615,AM Peak,23.8
32615,AM Peak,32.7
32615,AM Peak,13.4
32615,AM Peak,29.2
32615,AM Peak,22.4
32615,AM Peak,30.8
32615,AM Peak,22.6
32615,AM Peak,24.6
32615,AM Peak,28.7
32615,AM Peak,21.9
32615,AM Peak,21.2
32615,AM Peak,15.8
32615,AM Peak,22.6
32615,AM Peak,30.6
32615,AM Peak,16.5
32615,AM Peak,29.1
32615,AM Peak,25.8
32615,AM Peak,33.8
32615,AM Peak,19.2
32615,AM Peak,25.2
32615,AM Peak,29.1
32615,AM Peak,30.5
32615,AM Peak,32.3
32615,AM Peak,21.2
32615,AM Peak,27.1
32615,AM Peak,26.6
32615,AM Peak,30.1
32615,AM Peak,19
32615,AM Peak,20.3
32615,AM Peak,18.1
32615,AM Peak,29
32615,AM Peak,33
32615,AM Peak,26.7
32615,AM Peak,22.4
32615,AM Peak,19.9
32615,AM Peak,23
32615,AM Peak,25.8
32615,AM Peak,16.7
32615,AM Peak,22.7
32615,AM Peak,17
32615,AM Peak,19.3
32615,AM Peak,25.9
32615,AM Peak,22.4
32615,AM Peak,22.9
32615,AM Peak,24
32615,AM Peak,21.4
32615,AM Peak,25.3
32615,AM Peak,29.2
32615,AM Peak,31.7
32615,AM Peak,23.4
32615,AM Peak,21.7
32615,AM Peak,25
32615,AM Peak,18.3
32615,AM Peak,19.3
32615,AM Peak,24.3
32615,AM Peak,25.9
32615,AM Peak,24.9
32615,AM Peak,23.8
32615,AM Peak,17.5
32615,AM Peak,31.6
32615,AM Peak,23
32615,AM Peak,18.1
32615,AM Peak,23.2
32615,AM Peak,25.1
32615,AM Peak,30
32615,PM Peak,22
32615,PM Peak,18.8
32615,PM Peak,30
32615,PM Peak,22.4
32615,PM Peak,19.4
32615,PM Peak,20.7
32615,PM Peak,15.8
32615,PM Peak,15.7
32615,PM Peak,18.3
32615,PM Peak,17.5
32615,PM Peak,24.4
32615,PM Peak,14.3
32615,PM Peak,23.9
32615,PM Peak,23.6
32615,PM Peak,27.1
32615,PM Peak,18.6
32615,PM Peak,17.3
32615,PM Peak,30.4
32615,PM Peak,26.3
32615,PM Peak,27.5
32615,PM Peak,19.5
32615,PM Peak,21.2
32615,PM Peak,19
32615,PM Peak,22.4
32615,PM Peak,25.4
32615,PM Peak,17.1
32615,PM Peak,18.2
32615,PM Peak,22.7
32615,PM Peak,23.5
32615,PM Peak,18
32615,PM Peak,21.5
32615,PM Peak,29.6
32615,PM Peak,22.1
32615,PM Peak,18.3
32615,PM Peak,29.7
32615,PM Peak,10.6
32615,PM Peak,28.4
32615,PM Peak,22.2
32615,PM Peak,8.3
32615,PM Peak,26.2
32615,PM Peak,33.2
32615,PM Peak,29.4
32615,PM Peak,24.7
32615,PM Peak,32.7
32615,PM Peak,12.2
32615,PM Peak,25.7
32615,PM Peak,33.3
32615,PM Peak,25
32615,PM Peak,25.2
32615,PM Peak,23.3
32615,PM Peak,22.6
32615,PM Peak,14.6
32615,PM Peak,21
32615,PM Peak,20.8
32615,PM Peak,14
32615,PM Peak,24.5
32615,PM Peak,28
32615,PM Peak,22.8
32615,PM Peak,26.5
32615,PM Peak,23.5
32615,PM Peak,24.3
32615,PM Peak,18.6
32615,PM Peak,23
32615,PM Peak,25.4
32615,PM Peak,24.2
32615,PM Peak,30.3
32615,PM Peak,30
32615,PM Peak,17.4
32615,PM Peak,27.5
32615,PM Peak,26
32615,PM Peak,14.4
32615,PM Peak,16.5
32615,PM Peak,17.2
32615,PM Peak,17.9
32615,PM Peak,17.7
32615,PM Peak,19.1
32615,PM Peak,25.5
32615,PM Peak,27.7
32615,PM Peak,22.3
32615,PM Peak,22.9
32615,PM Peak,28.6
32615,PM Peak,28
32615,PM Peak,17.6
32615,PM Peak,28.7
32615,PM Peak,18.7
32615,PM Peak,19.4
32615,PM Peak,12.4
32615,PM Peak,20.8
32615,PM Peak,25.7
32615,PM Peak,13.4
32615,PM Peak,22.3
32615,PM Peak,9.3
32615,PM Peak,19.4
32615,PM Peak,19.1
32615,PM Peak,18.7
32615,PM Peak,28.9
32615,PM Peak,17.7
32615,PM Peak,18.8
32615,PM Peak,26.3
32615,PM Peak,41.2
32615,PM Peak,26.1
32615,PM Peak,16.6
32615,PM Peak,16.9
32615,PM Peak,19.2
32615,PM Peak,23.5
32615,PM Peak,20.8
32615,PM Peak,21.4
32615,PM Peak,25.8
32615,PM Peak,8.6
32615,PM Peak,27.6
32615,PM Peak,33.3
32615,PM Peak,16.8
32615,PM Peak,29.8
32615,PM Peak,14.5
32615,PM Peak,20.5
32615,PM Peak,21
32615,PM Peak,23.5
32615,PM Peak,18.9
32615,PM Peak,20.2
32615,PM Peak,19.9
32615,PM Peak,20.1
32615,PM Peak,27.4
32615,PM Peak,41.9
32615,PM Peak,28.6
32615,PM Peak,15.9
32615,PM Peak,21.7
32615,PM Peak,16.7
32615,PM Peak,29.1
32615,PM Peak,21.5
32615,PM Peak,29
32615,PM Peak,15.1
32615,PM Peak,16
32615,PM Peak,20.2
32615,PM Peak,22.2
32615,PM Peak,26.6
32615,PM Peak,21.4
32615,PM Peak,22.4
32615,PM Peak,21.7
32615,PM Peak,32.9
32615,PM Peak,23
32615,PM Peak,19
32615,PM Peak,15.2
32615,PM Peak,22.2
32615,PM Peak,25.2
32615,PM Peak,14.1
32615,PM Peak,18.5
32615,PM Peak,39.2
32615,PM Peak,23.4
32615,PM Peak,34.7
32615,PM Peak,17.8
32615,PM Peak,32.6
32615,PM Peak,12.4
32615,PM Peak,17.7
32615,PM Peak,27.2
32615,PM Peak,19.1
32615,PM Peak,17.6
32615,PM Peak,31.1
32615,PM Peak,22.9
32615,PM Peak,21.9
32615,PM Peak,20.5
32615,PM Peak,34.5
32615,PM Peak,24.2
32615,PM Peak,32.5
32615,PM Peak,20.9
32615,PM Peak,11.4
32615,PM Peak,17.6
32615,PM Peak,20.1
32615,PM Peak,16.5
32615,PM Peak,27.7
32615,PM Peak,25
32615,PM Peak,15.1
32615,PM Peak,26.7
32615,PM Peak,22.2
32615,PM Peak,14.7
32615,PM Peak,28.2
32615,PM Peak,23.9
32615,PM Peak,17.6
32615,PM Peak,25.4
32615,PM Peak,24.6
32615,PM Peak,16.8
32615,PM Peak,24.4
32615,PM Peak,20.1
32615,PM Peak,20.8
32615,PM Peak,21.9
32615,PM Peak,27.2
32615,PM Peak,25.9
32615,PM Peak,15.5
32615,PM Peak,14
32615,PM Peak,16.6
32615,PM Peak,18.8
32615,PM Peak,23.6
32615,PM Peak,26.2
32615,PM Peak,13.4
32615,PM Peak,25.3
32615,PM Peak,11.2
32615,PM Peak,27.4
32615,PM Peak,24
32615,PM Peak,19.4
32615,PM Peak,21.6
32615,PM Peak,31.6
32615,PM Peak,30
32615,PM Peak,19.6
32615,PM Peak,24.5
32615,PM Peak,21.3
32615,PM Peak,17.5
32615,PM Peak,29.1
32615,PM Peak,19.2
32615,PM Peak,14.2
32615,PM Peak,15.5
32615,PM Peak,31.9
32615,PM Peak,15.5
32615,PM Peak,27.5
32615,PM Peak,16
32615,PM Peak,13.6
32615,PM Peak,20.2
32615,PM Peak,23.7
32615,PM Peak,27.4
32615,PM Peak,13.9
32615,PM Peak,21.5
32615,PM Peak,22.9
32615,PM Peak,25
32615,PM Peak,26.2
32615,PM Peak,24.4
32615,PM Peak,20.6
32615,PM Peak,15.5
32615,PM Peak,17.9
32615,PM Peak,21.6
32615,PM Peak,24.3
32615,PM Peak,20.4
32615,PM Peak,30.6
32615,PM Peak,34.1
32615,PM Peak,31.1
32615,PM Peak,16
32615,PM Peak,22.4
32615,PM Peak,20.6
32615,PM Peak,18.8
32615,PM Peak,24.6
32615,PM Peak,16.7
32615,PM Peak,18.6
32615,PM Peak,17.3
32615,PM Peak,19.3
32615,PM Peak,22.4
32615,PM Peak,24.5
32615,PM Peak,18.9
32615,PM Peak,28.6
32615,PM Peak,34.6
32615,PM Peak,21.2
32615,PM Peak,21
32615,PM Peak,25.1
32615,PM Peak,21.6
32615,PM Peak,30.4
32615,PM Peak,24.7
32615,PM Peak,15.2
32615,PM Peak,16.5
32615,PM Peak,17.2
32615,PM Peak,26.7
32615,PM Peak,19.2
32615,PM Peak,15.8
32615,PM Peak,17.6
32615,PM Peak,32.9
32615,PM Peak,21.8
32615,PM Peak,18.9
32615,PM Peak,8.3
32615,PM Peak,27.4
32615,PM Peak,28.6
32615,PM Peak,25.6
32615,PM Peak,12.7
32615,PM Peak,27.7
32615,PM Peak,16.4
32615,PM Peak,17.9
32615,PM Peak,19.2
32615,PM Peak,36.3
32615,PM Peak,22.7
32615,PM Peak,24.2
32615,PM Peak,30
32615,PM Peak,32.7
32615,PM Peak,14.9
32615,PM Peak,19
32615,PM Peak,26.6
32615,PM Peak,28
32615,PM Peak,17
32615,PM Peak,21.2
32615,PM Peak,18.5
32615,PM Peak,29.6
32615,PM Peak,28.1
32615,PM Peak,14
32615,PM Peak,28.5
32615,PM Peak,17.2
32615,PM Peak,17.9
32615,PM Peak,21.1
32615,PM Peak,26.4
32615,PM Peak,18.3
32615,PM Peak,28.9
32615,PM Peak,32.4
32615,PM Peak,29.4
32615,PM Peak,16.8
32615,PM Peak,24.4
32615,PM Peak,31.7
32615,PM Peak,11.7
32615,PM Peak,25.6
32615,PM Peak,18.8
32615,PM Peak,16.4
32615,PM Peak,12.1
32615,PM Peak,16.8
32615,PM Peak,10.5
32615,PM Peak,2.9
32615,PM Peak,15.5
32615,PM Peak,25.7
32615,PM Peak,20.4
32615,PM Peak,10.6
32615,PM Peak,23.7
32615,PM Peak,28.2
32615,PM Peak,20.9
32615,PM Peak,18.2
32615,PM Peak,15.4
32615,PM Peak,24
32615,PM Peak,34.6
32615,PM Peak,21.6
32615,PM Peak,20
32615,PM Peak,13
32615,PM Peak,26
32615,PM Peak,20
32615,PM Peak,22.9
32615,PM Peak,10.5
32615,PM Peak,21.1
32615,PM Peak,22.9
32615,PM Peak,27.5
32615,PM Peak,17.3
32615,PM Peak,17.8
32615,PM Peak,16.1
32615,PM Peak,15.5
32615,PM Peak,29
32615,PM Peak,20.9
32615,PM Peak,16.8
32615,PM Peak,18.1
32615,PM Peak,34.2
32615,PM Peak,15
32615,PM Peak,28.3
32615,PM Peak,24.7
32615,PM Peak,21.1
32615,PM Peak,25.8
32615,PM Peak,12.1
32615,PM Peak,30.1
32615,PM Peak,26.3
32615,PM Peak,21.6
32615,PM Peak,22
32615,PM Peak,22.2
32615,PM Peak,19
32615,PM Peak,18.3
32615,PM Peak,32.1
32615,PM Peak,15.1
32615,PM Peak,24.9
32615,PM Peak,17.1
32615,PM Peak,31.3
32615,PM Peak,21.2
32615,PM Peak,21.1
32615,PM Peak,17.2
32615,PM Peak,16.4
32615,PM Peak,23.7
32615,PM Peak,26.1
32615,PM Peak,21.6
32615,PM Peak,10.6
32615,PM Peak,31.3
32615,PM Peak,15.6
32615,PM Peak,28.8
32615,PM Peak,14.8
32615,PM Peak,14.5
32615,PM Peak,22.6
32615,PM Peak,23.9
32615,PM Peak,17.1
32615,PM Peak,17.1
32615,PM Peak,14.8
32615,PM Peak,26.6
32615,PM Peak,17.3
32615,PM Peak,14.1
32615,PM Peak,27.2
32615,PM Peak,23.1
32615,PM Peak,28.9
32615,PM Peak,23.7
32615,PM Peak,19.6
32615,PM Peak,9.5
32615,PM Peak,15.4
32615,PM Peak,39.1
32615,PM Peak,19.6
32615,PM Peak,18.2
32615,PM Peak,14.1
32615,PM Peak,21.2
32615,PM Peak,26.1
32615,PM Peak,20.9
32615,PM Peak,19.9
32615,PM Peak,33.6
32615,PM Peak,24.9
32615,PM Peak,32.7
32615,PM Peak,17.9
32615,PM Peak,21.1
32615,PM Peak,19
32615,PM Peak,23.4
32615,PM Peak,17.9
32615,PM Peak,19.1
32615,PM Peak,34.3
32615,PM Peak,8.4
32615,PM Peak,25.6
32615,PM Peak,24.9
32615,PM Peak,27.9
32615,PM Peak,18.3
32615,PM Peak,27.1
32615,PM Peak,24
32615,PM Peak,29.3
32615,PM Peak,31
32615,PM Peak,16.1
32615,PM Peak,19
32615,PM Peak,26.3
32615,PM Peak,22.8
32615,PM Peak,26.3
32615,PM Peak,21.3
32615,PM Peak,17
32615,PM Peak,23.6
32615,PM Peak,20.9
32615,PM Peak,25.4
32615,PM Peak,13.1
32615,PM Peak,18.2
32615,PM Peak,20.5
32615,PM Peak,21.6
32615,PM Peak,20.5
32615,PM Peak,18.3
32615,PM Peak,17.4
32615,PM Peak,20.8
32615,PM Peak,14.8
32615,PM Peak,30.4
32615,PM Peak,14.8
32615,PM Peak,12.9
32615,PM Peak,21.1
32615,PM Peak,25.4
32615,PM Peak,31.6
32615,PM Peak,14.9
32615,PM Peak,23.3
32615,PM Peak,21.5
32615,PM Peak,8
32615,PM Peak,18
32615,PM Peak,25
32615,PM Peak,19
32615,PM Peak,18.9
32615,PM Peak,34.1
32615,PM Peak,24
32615,PM Peak,18.7
32615,PM Peak,24.6
32615,PM Peak,26.4
32615,PM Peak,28.2
32615,PM Peak,24.6
32615,PM Peak,18.5
32615,PM Peak,16.1
32615,PM Peak,20.6
32615,PM Peak,23.6
32615,PM Peak,32.7
32615,PM Peak,25.9
32615,PM Peak,19.8
32615,PM Peak,24.3
32615,PM Peak,18.4
32615,PM Peak,16.7
32615,PM Peak,20
32615,PM Peak,26.4
32615,PM Peak,24.6
32615,PM Peak,16.2
32615,PM Peak,18.4
32615,PM Peak,17.1
32615,PM Peak,25
32615,PM Peak,16.7
32615,PM Peak,15.1
32615,PM Peak,32.3
32615,PM Peak,13.3
32615,PM Peak,23.8
32615,PM Peak,23.3
32615,PM Peak,18.4
32615,PM Peak,20.7
32615,PM Peak,21.1
32615,PM Peak,17.4
32615,PM Peak,18.7
32615,PM Peak,28.1
32615,PM Peak,16.6
32615,PM Peak,18
32615,PM Peak,18.3
32615,PM Peak,19.7
32615,PM Peak,20.7
32615,PM Peak,17.3
32615,PM Peak,22.1
32615,PM Peak,9.7
32615,PM Peak,26.5
32615,PM Peak,22.8
32615,PM Peak,22
32615,PM Peak,19.4
32615,PM Peak,27.4
32615,PM Peak,18.9
32615,PM Peak,21.3
32615,PM Peak,23.9
32615,PM Peak,29.2
32615,PM Peak,31.5
32615,PM Peak,26.3
32615,PM Peak,23
32615,PM Peak,22.8
32615,PM Peak,15.5
32616,AM Peak,17.3
32616,AM Peak,4.7
32616,AM Peak,4.9
32616,AM Peak,24.8
32616,AM Peak,30.4
32616,AM Peak,23.4
32616,AM Peak,14.3
32616,AM Peak,12.5
32616,AM Peak,19.1
32616,AM Peak,21.5
32616,AM Peak,20.6
32616,AM Peak,17.4
32616,AM Peak,19.8
32616,AM Peak,20.8
32616,AM Peak,21.2
32616,AM Peak,19.3
32616,AM Peak,16.8
32616,AM Peak,15.3
32616,AM Peak,25.8
32616,AM Peak,19
32616,AM Peak,16.2
32616,AM Peak,20.6
32616,AM Peak,14
32616,AM Peak,18.8
32616,AM Peak,21.3
32616,AM Peak,19.3
32616,AM Peak,21.6
32616,AM Peak,15.9
32616,AM Peak,20.4
32616,AM Peak,26
32616,AM Peak,21.8
32616,AM Peak,20.4
32616,AM Peak,19.7
32616,AM Peak,22.6
32616,AM Peak,18.6
32616,AM Peak,17.1
32616,AM Peak,21.7
32616,AM Peak,20.3
32616,AM Peak,23.4
32616,AM Peak,17.5
32616,AM Peak,24.3
32616,AM Peak,22.2
32616,AM Peak,19.3
32616,AM Peak,18.2
32616,AM Peak,27.4
32616,AM Peak,15.1
32616,AM Peak,14.6
32616,AM Peak,16.8
32616,AM Peak,11.5
32616,AM Peak,21.8
32616,AM Peak,16.8
32616,AM Peak,30.6
32616,AM Peak,17.8
32616,AM Peak,21.5
32616,AM Peak,17.4
32616,AM Peak,21.5
32616,AM Peak,21
32616,AM Peak,19.8
32616,AM Peak,18
32616,AM Peak,20.5
32616,AM Peak,4.3
32616,AM Peak,15.3
32616,AM Peak,19.8
32616,AM Peak,9.3
32616,AM Peak,16.3
32616,AM Peak,11.6
32616,AM Peak,18
32616,AM Peak,18.6
32616,AM Peak,22.7
32616,AM Peak,23.7
32616,AM Peak,17.1
32616,AM Peak,19.5
32616,AM Peak,33.1
32616,AM Peak,18.3
32616,AM Peak,22.7
32616,AM Peak,22
32616,AM Peak,28.3
32616,AM Peak,18.8
32616,AM Peak,25
32616,AM Peak,18.8
32616,AM Peak,18.6
32616,AM Peak,21.3
32616,AM Peak,18.3
32616,AM Peak,18.2
32616,AM Peak,19.4
32616,AM Peak,20
32616,AM Peak,20.5
32616,AM Peak,16.7
32616,AM Peak,24.2
32616,AM Peak,23.1
32616,AM Peak,14.8
32616,AM Peak,18.1
32616,AM Peak,13.6
32616,AM Peak,29.6
32616,AM Peak,27.6
32616,AM Peak,18.9
32616,AM Peak,18.7
32616,AM Peak,20.9
32616,AM Peak,24
32616,AM Peak,17.5
32616,AM Peak,24
32616,AM Peak,23.3
32616,AM Peak,24.4
32616,AM Peak,25.8
32616,AM Peak,22.7
32616,AM Peak,22.2
32616,AM Peak,23.6
32616,AM Peak,16.3
32616,AM Peak,35.1
32616,AM Peak,19
32616,AM Peak,23.4
32616,AM Peak,25.7
32616,AM Peak,10.1
32616,AM Peak,22.2
32616,AM Peak,23.5
32616,AM Peak,4.1
32616,AM Peak,20.8
32616,AM Peak,23.6
32616,AM Peak,14.3
32616,AM Peak,14.4
32616,AM Peak,18.1
32616,AM Peak,22.4
32616,AM Peak,21.8
32616,AM Peak,9.5
32616,AM Peak,27
32616,AM Peak,20.5
32616,AM Peak,17.6
32616,AM Peak,5.3
32616,AM Peak,19.4
32616,AM Peak,21.2
32616,AM Peak,20.4
32616,AM Peak,25.8
32616,AM Peak,23.5
32616,AM Peak,31.9
32616,AM Peak,19
32616,AM Peak,21.7
32616,AM Peak,16.7
32616,AM Peak,15.3
32616,AM Peak,2.2
32616,AM Peak,23.3
32616,AM Peak,22.3
32616,AM Peak,24.7
32616,AM Peak,24.6
32616,AM Peak,18.4
32616,AM Peak,26.5
32616,AM Peak,19.9
32616,AM Peak,17.9
32616,AM Peak,14.5
32616,AM Peak,24.1
32616,AM Peak,21.5
32616,AM Peak,19.4
32616,AM Peak,16.3
32616,AM Peak,13.8
32616,AM Peak,17.5
32616,AM Peak,15.6
32616,AM Peak,14.8
32616,AM Peak,25.6
32616,AM Peak,11.6
32616,AM Peak,22.6
32616,AM Peak,21.9
32616,AM Peak,19.8
32616,AM Peak,25.5
32616,AM Peak,16.2
32616,AM Peak,12.1
32616,AM Peak,22.8
32616,AM Peak,21.1
32616,AM Peak,4.3
32616,AM Peak,17.7
32616,AM Peak,11.4
32616,AM Peak,24.7
32616,AM Peak,25.5
32616,AM Peak,18.9
32616,AM Peak,22.4
32616,AM Peak,19.7
32616,AM Peak,3.6
32616,AM Peak,17.5
32616,AM Peak,21.4
32616,AM Peak,16.9
32616,AM Peak,20.5
32616,AM Peak,18.8
32616,AM Peak,21.9
32616,AM Peak,19.5
32616,AM Peak,22.3
32616,AM Peak,18.5
32616,AM Peak,24.4
32616,AM Peak,25.5
32616,AM Peak,22.9
32616,AM Peak,19.3
32616,AM Peak,21.4
32616,AM Peak,30.6
32616,AM Peak,17.1
32616,AM Peak,13.5
32616,AM Peak,23
32616,AM Peak,22.5
32616,AM Peak,21.7
32616,AM Peak,24.8
32616,AM Peak,23.8
32616,AM Peak,27.2
32616,AM Peak,22.2
32616,AM Peak,24.7
32616,AM Peak,4.7
32616,AM Peak,5.7
32616,AM Peak,21.6
32616,AM Peak,28.5
32616,AM Peak,24.8
32616,AM Peak,15.9
32616,AM Peak,25.3
32616,AM Peak,22.3
32616,AM Peak,18.6
32616,AM Peak,20.3
32616,AM Peak,25.7
32616,AM Peak,16.6
32616,AM Peak,26.2
32616,AM Peak,20.5
32616,AM Peak,22.6
32616,AM Peak,28.8
32616,AM Peak,24.3
32616,AM Peak,19.3
32616,AM Peak,22.7
32616,AM Peak,22.7
32616,AM Peak,24.2
32616,AM Peak,4.3
32616,AM Peak,26.7
32616,AM Peak,21.2
32616,AM Peak,18.5
32616,AM Peak,14.8
32616,AM Peak,21.3
32616,AM Peak,25.3
32616,AM Peak,15.5
32616,AM Peak,18.4
32616,AM Peak,22.9
32616,AM Peak,14.1
32616,AM Peak,19.9
32616,AM Peak,13.4
32616,AM Peak,24.3
32616,AM Peak,14.5
32616,AM Peak,20.2
32616,AM Peak,16.3
32616,AM Peak,22.6
32616,AM Peak,21.8
32616,AM Peak,17.7
32616,AM Peak,19.2
32616,AM Peak,23
32616,AM Peak,18.8
32616,AM Peak,19.5
32616,AM Peak,15.2
32616,AM Peak,20.2
32616,AM Peak,25.9
32616,AM Peak,16.3
32616,AM Peak,20.1
32616,AM Peak,17.4
32616,AM Peak,23.4
32616,AM Peak,23.6
32616,AM Peak,12.2
32616,AM Peak,17.7
32616,AM Peak,26
32616,AM Peak,23.2
32616,AM Peak,11.9
32616,AM Peak,22.7
32616,AM Peak,14.3
32616,AM Peak,20.9
32616,AM Peak,22.5
32616,AM Peak,26
32616,AM Peak,25.7
32616,AM Peak,18.5
32616,AM Peak,24.5
32616,AM Peak,33.4
32616,AM Peak,14.5
32616,AM Peak,14.5
32616,AM Peak,5.6
32616,AM Peak,17.2
32616,AM Peak,19.2
32616,AM Peak,24.1
32616,AM Peak,22.6
32616,AM Peak,33.1
32616,AM Peak,23
32616,AM Peak,19
32616,AM Peak,14
32616,AM Peak,18.8
32616,AM Peak,16.3
32616,AM Peak,17
32616,AM Peak,22.6
32616,AM Peak,27.5
32616,AM Peak,18.9
32616,AM Peak,31.7
32616,AM Peak,26.9
32616,AM Peak,18.7
32616,AM Peak,19.8
32616,AM Peak,22.6
32616,AM Peak,20.6
32616,AM Peak,20.4
32616,AM Peak,24.4
32616,AM Peak,19.3
32616,AM Peak,17.9
32616,AM Peak,21.7
32616,AM Peak,20.1
32616,AM Peak,23.4
32616,AM Peak,18.4
32616,AM Peak,24.9
32616,AM Peak,16.7
32616,AM Peak,4
32616,AM Peak,21.2
32616,AM Peak,20.7
32616,AM Peak,17.7
32616,AM Peak,24.4
32616,AM Peak,19.9
32616,AM Peak,28.6
32616,AM Peak,15.4
32616,AM Peak,9.7
32616,AM Peak,19.9
32616,AM Peak,19
32616,AM Peak,26
32616,AM Peak,23.1
32616,AM Peak,22.7
32616,AM Peak,2.8
32616,AM Peak,21.3
32616,AM Peak,21
32616,AM Peak,19.2
32616,AM Peak,28.9
32616,AM Peak,25
32616,AM Peak,11.8
32616,AM Peak,20.3
32616,AM Peak,19.4
32616,AM Peak,22.8
32616,AM Peak,19.2
32616,AM Peak,23.7
32616,AM Peak,22.3
32616,AM Peak,25.7
32616,AM Peak,23.8
32616,AM Peak,13.6
32616,AM Peak,21.2
32616,AM Peak,23.4
32616,AM Peak,18.1
32616,AM Peak,32.8
32616,AM Peak,23.3
32616,AM Peak,20.6
32616,AM Peak,10.1
32616,AM Peak,28
32616,AM Peak,12.7
32616,AM Peak,20.8
32616,AM Peak,15.9
32616,AM Peak,28.5
32616,AM Peak,11.7
32616,AM Peak,10.8
32616,AM Peak,19.6
32616,AM Peak,23.4
32616,AM Peak,16.1
32616,AM Peak,28.1
32616,AM Peak,22
32616,AM Peak,23.3
32616,AM Peak,23.2
32616,AM Peak,24.2
32616,AM Peak,21.9
32616,AM Peak,23.9
32616,AM Peak,18.9
32616,AM Peak,26
32616,AM Peak,15.8
32616,AM Peak,16.5
32616,AM Peak,13.9
32616,AM Peak,26.3
32616,AM Peak,20.1
32616,AM Peak,13.1
32616,AM Peak,14.9
32616,AM Peak,16.6
32616,AM Peak,7.7
32616,AM Peak,19.8
32616,AM Peak,18
32616,AM Peak,26.6
32616,AM Peak,18.5
32616,AM Peak,19.8
32616,AM Peak,19.1
32616,AM Peak,19.1
32616,AM Peak,22.7
32616,AM Peak,4.9
32616,AM Peak,23.1
32616,AM Peak,19.2
32616,AM Peak,22
32616,AM Peak,17.5
32616,AM Peak,19.6
32616,AM Peak,20.8
32616,AM Peak,27.8
32616,AM Peak,17
32616,AM Peak,24.3
32616,AM Peak,24
32616,AM Peak,21.2
32616,AM Peak,13.6
32616,AM Peak,16.5
32616,AM Peak,16.7
32616,AM Peak,18.3
32616,AM Peak,18.5
32616,AM Peak,21.9
32616,AM Peak,17.7
32616,AM Peak,18
32616,AM Peak,22
32616,AM Peak,22
32616,AM Peak,24.8
32616,AM Peak,28.8
32616,AM Peak,22.4
32616,AM Peak,13.9
32616,AM Peak,13.8
32616,AM Peak,24.4
32616,AM Peak,13.1
32616,AM Peak,15.5
32616,AM Peak,22.1
32616,AM Peak,19.6
32616,AM Peak,12.7
32616,AM Peak,24.5
32616,AM Peak,19.8
32616,AM Peak,16.9
32616,AM Peak,27.9
32616,AM Peak,24.3
32616,AM Peak,2.2
32616,AM Peak,18.2
32616,AM Peak,24.5
32616,AM Peak,15.5
32616,AM Peak,16.7
32616,AM Peak,21.2
32616,AM Peak,15.8
32616,AM Peak,25.1
32616,AM Peak,17.4
32616,AM Peak,23.2
32616,AM Peak,15.9
32616,AM Peak,18.4
32616,AM Peak,14.4
32616,AM Peak,4.2
32616,AM Peak,15.7
32616,AM Peak,4.4
32616,AM Peak,25.4
32616,AM Peak,19.2
32616,AM Peak,17.2
32616,AM Peak,17.8
32616,AM Peak,18.6
32616,AM Peak,16.9
32616,AM Peak,9.2
32616,AM Peak,27.4
32616,AM Peak,15.9
32616,AM Peak,22
32616,AM Peak,20.2
32616,AM Peak,18.9
32616,AM Peak,19.4
32616,AM Peak,18.2
32616,AM Peak,22.9
32616,AM Peak,19.3
32616,AM Peak,23.6
32616,AM Peak,21.9
32616,AM Peak,21.2
32616,AM Peak,24.3
32616,AM Peak,12.8
32616,AM Peak,15.4
32616,AM Peak,22.3
32616,AM Peak,3.1
32616,AM Peak,28.8
32616,AM Peak,23.4
32616,AM Peak,16.1
32616,AM Peak,9.1
32616,AM Peak,19.3
32616,AM Peak,18.4
32616,AM Peak,23.4
32616,AM Peak,8.9
32616,AM Peak,11.3
32616,AM Peak,14.7
32616,AM Peak,22.2
32616,AM Peak,22.1
32616,AM Peak,21.2
32616,AM Peak,18.8
32616,AM Peak,14.9
32616,AM Peak,20.3
32616,AM Peak,21.4
32616,AM Peak,21.8
32616,AM Peak,25
32616,AM Peak,19.5
32616,AM Peak,18
32616,AM Peak,22.4
32616,AM Peak,23.6
32616,AM Peak,10.5
32616,AM Peak,22.9
32616,AM Peak,17.1
32616,AM Peak,22.9
32616,AM Peak,21.1
32616,AM Peak,18.6
32616,AM Peak,3.3
32616,AM Peak,26.9
32616,AM Peak,20.9
32616,AM Peak,17.5
32616,AM Peak,23.1
32616,AM Peak,23.1
32616,AM Peak,16.3
32616,AM Peak,21.5
32616,AM Peak,15.6
32616,AM Peak,27
32616,AM Peak,20.8
32616,AM Peak,20.4
32616,AM Peak,24.2
32616,AM Peak,16.3
32616,AM Peak,14.7
32616,AM Peak,26.6
32616,AM Peak,33.1
32616,AM Peak,20.9
32616,AM Peak,10.4
32616,AM Peak,14.5
32616,PM Peak,21.5
32616,PM Peak,24.4
32616,PM Peak,2.9
32616,PM Peak,22.1
32616,PM Peak,11.1
32616,PM Peak,26.6
32616,PM Peak,11.8
32616,PM Peak,19.9
32616,PM Peak,19.2
32616,PM Peak,23.2
32616,PM Peak,23
32616,PM Peak,10.8
32616,PM Peak,14.5
32616,PM Peak,23.2
32616,PM Peak,4
32616,PM Peak,21.2
32616,PM Peak,14
32616,PM Peak,21.8
32616,PM Peak,19.7
32616,PM Peak,16.8
32616,PM Peak,30.8
32616,PM Peak,19.3
32616,PM Peak,12.8
32616,PM Peak,17.9
32616,PM Peak,29.3
32616,PM Peak,20.9
32616,PM Peak,22.6
32616,PM Peak,44.8
32616,PM Peak,19.3
32616,PM Peak,23.4
32616,PM Peak,19.3
32616,PM Peak,19.5
32616,PM Peak,26.1
32616,PM Peak,14.5
32616,PM Peak,21.7
32616,PM Peak,23.4
32616,PM Peak,16.2
32616,PM Peak,23.4
32616,PM Peak,26.8
32616,PM Peak,27.1
32616,PM Peak,17.9
32616,PM Peak,23.2
32616,PM Peak,24
32616,PM Peak,17.6
32616,PM Peak,26.4
32616,PM Peak,26.1
32616,PM Peak,20.3
32616,PM Peak,23.4
32616,PM Peak,15.3
32616,PM Peak,26.7
32616,PM Peak,11.2
32616,PM Peak,5.6
32616,PM Peak,22.2
32616,PM Peak,11.4
32616,PM Peak,23.4
32616,PM Peak,18
32616,PM Peak,19.1
32616,PM Peak,21.9
32616,PM Peak,13.8
32616,PM Peak,19.7
32616,PM Peak,27
32616,PM Peak,20
32616,PM Peak,14.9
32616,PM Peak,17.3
32616,PM Peak,13
32616,PM Peak,22.8
32616,PM Peak,16.8
32616,PM Peak,22.7
32616,PM Peak,22.2
32616,PM Peak,17.3
32616,PM Peak,14.3
32616,PM Peak,24.9
32616,PM Peak,17.8
32616,PM Peak,25.3
32616,PM Peak,22.1
32616,PM Peak,25.3
32616,PM Peak,17.9
32616,PM Peak,20.6
32616,PM Peak,17
32616,PM Peak,11
32616,PM Peak,17.8
32616,PM Peak,13
32616,PM Peak,16.7
32616,PM Peak,16.8
32616,PM Peak,26.4
32616,PM Peak,25.2
32616,PM Peak,23
32616,PM Peak,18.6
32616,PM Peak,11.1
32616,PM Peak,24.5
32616,PM Peak,24.6
32616,PM Peak,25.2
32616,PM Peak,27.6
32616,PM Peak,23.5
32616,PM Peak,23
32616,PM Peak,13.4
32616,PM Peak,24.8
32616,PM Peak,18.3
32616,PM Peak,21.9
32616,PM Peak,18.5
32616,PM Peak,18.5
32616,PM Peak,17.4
32616,PM Peak,19.1
32616,PM Peak,20.1
32616,PM Peak,14.5
32616,PM Peak,18.1
32616,PM Peak,21.7
32616,PM Peak,21.2
32616,PM Peak,12.5
32616,PM Peak,25.4
32616,PM Peak,23.3
32616,PM Peak,14.7
32616,PM Peak,21.3
32616,PM Peak,20.8
32616,PM Peak,18.1
32616,PM Peak,19.5
32616,PM Peak,22.1
32616,PM Peak,24.7
32616,PM Peak,19.2
32616,PM Peak,24.1
32616,PM Peak,16.7
32616,PM Peak,5
32616,PM Peak,21.1
32616,PM Peak,20.5
32616,PM Peak,14.1
32616,PM Peak,13.4
32616,PM Peak,15
32616,PM Peak,21.1
32616,PM Peak,18.9
32616,PM Peak,23.8
32616,PM Peak,26.3
32616,PM Peak,26.4
32616,PM Peak,20.2
32616,PM Peak,22.6
32616,PM Peak,22.6
32616,PM Peak,19.7
32616,PM Peak,13.1
32616,PM Peak,23
32616,PM Peak,29
32616,PM Peak,17.7
32616,PM Peak,25.2
32616,PM Peak,24
32616,PM Peak,19.8
32616,PM Peak,9.6
32616,PM Peak,25.4
32616,PM Peak,22
32616,PM Peak,19.1
32616,PM Peak,25.4
32616,PM Peak,19.6
32616,PM Peak,14.2
32616,PM Peak,18.7
32616,PM Peak,24.4
32616,PM Peak,15.5
32616,PM Peak,19
32616,PM Peak,13
32616,PM Peak,16.6
32616,PM Peak,19.4
32616,PM Peak,23.6
32616,PM Peak,12.4
32616,PM Peak,10.5
32616,PM Peak,25.1
32616,PM Peak,18.5
32616,PM Peak,20.3
32616,PM Peak,19.4
32616,PM Peak,23.9
32616,PM Peak,4.1
32616,PM Peak,22.7
32616,PM Peak,4.1
32616,PM Peak,16.3
32616,PM Peak,21.3
32616,PM Peak,15.9
32616,PM Peak,24.8
32616,PM Peak,19.7
32616,PM Peak,26.4
32616,PM Peak,25.7
32616,PM Peak,30.8
32616,PM Peak,25.3
32616,PM Peak,19.5
32616,PM Peak,26.3
32616,PM Peak,21.6
32616,PM Peak,24
32616,PM Peak,21.5
32616,PM Peak,17.4
32616,PM Peak,20
32616,PM Peak,17.6
32616,PM Peak,20
32616,PM Peak,22.5
32616,PM Peak,19.6
32616,PM Peak,4.4
32616,PM Peak,19.9
32616,PM Peak,10.4
32616,PM Peak,13.9
32616,PM Peak,16.5
32616,PM Peak,25.8
32616,PM Peak,22.3
32616,PM Peak,18.9
32616,PM Peak,12.5
32616,PM Peak,35.6
32616,PM Peak,20.4
32616,PM Peak,27.5
32616,PM Peak,21
32616,PM Peak,12.2
32616,PM Peak,29.4
32616,PM Peak,17.8
32616,PM Peak,13.7
32616,PM Peak,21.5
32616,PM Peak,23.4
32616,PM Peak,28.7
32616,PM Peak,24.7
32616,PM Peak,23.6
32616,PM Peak,19
32616,PM Peak,16.2
32616,PM Peak,26.4
32616,PM Peak,26.2
32616,PM Peak,19.7
32616,PM Peak,19.6
32616,PM Peak,21
32616,PM Peak,22.6
32616,PM Peak,22.1
32616,PM Peak,19.1
32616,PM Peak,30.6
32616,PM Peak,27
32616,PM Peak,17.2
32616,PM Peak,18.6
32616,PM Peak,22.5
32616,PM Peak,20.8
32616,PM Peak,18.4
32616,PM Peak,18.3
32616,PM Peak,21.9
32616,PM Peak,22.3
32616,PM Peak,23.7
32616,PM Peak,17.1
32616,PM Peak,22.5
32616,PM Peak,23
32616,PM Peak,13.9
32616,PM Peak,23.8
32616,PM Peak,23.6
32616,PM Peak,19.9
32616,PM Peak,20.2
32616,PM Peak,25.6
32616,PM Peak,22.9
32616,PM Peak,16.2
32616,PM Peak,19.2
32616,PM Peak,24.2
32616,PM Peak,17.7
32616,PM Peak,20.9
32616,PM Peak,20.8
32616,PM Peak,20.7
32616,PM Peak,22.9
32616,PM Peak,21.9
32616,PM Peak,25.8
32616,PM Peak,20.3
32616,PM Peak,7.7
32616,PM Peak,23.2
32616,PM Peak,24.5
32616,PM Peak,4.2
32616,PM Peak,22.4
32616,PM Peak,28.6
32616,PM Peak,19.1
32616,PM Peak,22.7
32616,PM Peak,23.3
32616,PM Peak,21.5
32616,PM Peak,24.7
32616,PM Peak,28.5
32616,PM Peak,22.9
32616,PM Peak,23
32616,PM Peak,20.7
32616,PM Peak,18.1
32616,PM Peak,19.2
32616,PM Peak,24
32616,PM Peak,23.2
32616,PM Peak,27.3
32616,PM Peak,17.8
32616,PM Peak,3
32616,PM Peak,17.4
32616,PM Peak,15.9
32616,PM Peak,12.1
32616,PM Peak,13
32616,PM Peak,21.4
32616,PM Peak,27.9
32616,PM Peak,17.2
32616,PM Peak,21
32616,PM Peak,27.3
32616,PM Peak,16.6
32616,PM Peak,23.5
32616,PM Peak,25.4
32616,PM Peak,24.7
32616,PM Peak,19.5
32616,PM Peak,24.3
32616,PM Peak,17.3
32616,PM Peak,23
32616,PM Peak,25.2
32616,PM Peak,29
32616,PM Peak,19.9
32616,PM Peak,14.4
32616,PM Peak,18.5
32616,PM Peak,22.3
32616,PM Peak,14.7
32616,PM Peak,17.9
32616,PM Peak,24.1
32616,PM Peak,19.2
32616,PM Peak,16.9
32616,PM Peak,24.3
32616,PM Peak,16
32616,PM Peak,19.4
32616,PM Peak,22.9
32616,PM Peak,15.2
32616,PM Peak,24.7
32616,PM Peak,34.3
32616,PM Peak,21.4
32616,PM Peak,21.2
32616,PM Peak,26.6
32616,PM Peak,20.5
32616,PM Peak,19.2
32616,PM Peak,24.4
32616,PM Peak,20.9
32616,PM Peak,22.6
32616,PM Peak,14.6
32616,PM Peak,18.2
32616,PM Peak,29.6
32616,PM Peak,17.8
32616,PM Peak,14.3
32616,PM Peak,24.1
32616,PM Peak,17.6
32616,PM Peak,25.1
32616,PM Peak,22.4
32616,PM Peak,15.5
32616,PM Peak,18.9
32616,PM Peak,15.3
32616,PM Peak,23.8
32616,PM Peak,24.7
32616,PM Peak,22.1
32616,PM Peak,23.2
32616,PM Peak,17.7
32616,PM Peak,17.3
32616,PM Peak,17.9
32616,PM Peak,26
32616,PM Peak,4.2
32616,PM Peak,22
32616,PM Peak,25.7
32616,PM Peak,4.2
32616,PM Peak,19.9
32616,PM Peak,28.5
32616,PM Peak,16.8
32616,PM Peak,18.3
32616,PM Peak,27.4
32616,PM Peak,22
32616,PM Peak,16.1
32616,PM Peak,18.6
32616,PM Peak,19.4
32616,PM Peak,20.6
32616,PM Peak,23.5
32616,PM Peak,21.4
32616,PM Peak,28
32616,PM Peak,21.6
32616,PM Peak,18.8
32616,PM Peak,19.8
32616,PM Peak,21.7
32616,PM Peak,13.2
32616,PM Peak,23.4
32616,PM Peak,22.4
32616,PM Peak,19.6
32616,PM Peak,24.6
32616,PM Peak,18.1
32616,PM Peak,22.4
32616,PM Peak,14.7
32616,PM Peak,22.4
32616,PM Peak,24.9
32616,PM Peak,23.3
32616,PM Peak,24.4
32616,PM Peak,22.5
32616,PM Peak,28.7
32616,PM Peak,21.1
32616,PM Peak,21.8
32616,PM Peak,20.8
32616,PM Peak,19.2
32616,PM Peak,14
32616,PM Peak,18.4
32616,PM Peak,21.1
32616,PM Peak,20.7
32616,PM Peak,27.4
32616,PM Peak,26.3
32616,PM Peak,22.4
32616,PM Peak,18.9
32616,PM Peak,14.5
32616,PM Peak,16.9
32616,PM Peak,16.5
32616,PM Peak,31.7
32616,PM Peak,22.7
32616,PM Peak,23.8
32616,PM Peak,22.1
32616,PM Peak,12.4
32616,PM Peak,30
32616,PM Peak,26.1
32616,PM Peak,14.3
32616,PM Peak,22.1
32616,PM Peak,15.7
32616,PM Peak,25.5
32616,PM Peak,25.1
32616,PM Peak,21.7
32616,PM Peak,13.2
32616,PM Peak,23.2
32616,PM Peak,18.2
32616,PM Peak,18.4
32616,PM Peak,15.4
32616,PM Peak,23.3
32616,PM Peak,25.1
32616,PM Peak,18.7
32616,PM Peak,24.6
32616,PM Peak,29
32616,PM Peak,17.5
32616,PM Peak,14.9
32616,PM Peak,18.6
32616,PM Peak,16.1
32616,PM Peak,20.9
32616,PM Peak,21.6
32616,PM Peak,32.1
32616,PM Peak,23.6
32616,PM Peak,17.6
32616,PM Peak,20
32616,PM Peak,17.6
32616,PM Peak,23.3
32616,PM Peak,25.5
32616,PM Peak,26.5
32616,PM Peak,13.4
32616,PM Peak,22.1
32616,PM Peak,30.1
32616,PM Peak,13.6
32616,PM Peak,13.3
32616,PM Peak,25.2
32616,PM Peak,17.2
32616,PM Peak,20.5
32616,PM Peak,31.2
32616,PM Peak,22
32616,PM Peak,27.1
32616,PM Peak,27.4
32616,PM Peak,29.6
32616,PM Peak,24.5
32616,PM Peak,13.1
32616,PM Peak,16.8
32616,PM Peak,27.5
32616,PM Peak,29.6
32616,PM Peak,14.7
32616,PM Peak,21
32616,PM Peak,16.4
32616,PM Peak,18.4
32616,PM Peak,24.1
32616,PM Peak,17.5
32616,PM Peak,17.5
32616,PM Peak,18.6
32616,PM Peak,4.2
32616,PM Peak,16.9
32616,PM Peak,21.4
32616,PM Peak,17.8
32616,PM Peak,21.3
32616,PM Peak,13.9
32616,PM Peak,19.9
32616,PM Peak,15.3
32616,PM Peak,21
32616,PM Peak,24.1
32616,PM Peak,25.8
32616,PM Peak,24.3
32616,PM Peak,24.7
32616,PM Peak,21.1
32616,PM Peak,19.8
32616,PM Peak,21.4
32616,PM Peak,25.1
32616,PM Peak,14.7
32616,PM Peak,4
32616,PM Peak,22.6
32616,PM Peak,16.2
32616,PM Peak,15.2
32616,PM Peak,21.4
32616,PM Peak,26.6
32616,PM Peak,18.4
32616,PM Peak,26.5
32616,PM Peak,22.6
32616,PM Peak,22.9
32616,PM Peak,22.8
32616,PM Peak,31.6
32616,PM Peak,22.8
32616,PM Peak,18.7
32616,PM Peak,15.2
32616,PM Peak,28.4
32616,PM Peak,15.3
32616,PM Peak,22.2
32616,PM Peak,28.6
32616,PM Peak,20.9
32616,PM Peak,18.1
32616,PM Peak,21.5
32616,PM Peak,22.3
32616,PM Peak,4.9
32616,PM Peak,21.8
32616,PM Peak,24.8
32616,PM Peak,19.9
32616,PM Peak,6.4
32616,PM Peak,27
32616,PM Peak,21.4
32616,PM Peak,23.7
32616,PM Peak,15.6
33179,AM Peak,26.2
33179,AM Peak,17.6
33179,AM Peak,17.7
33179,AM Peak,24.6
33179,AM Peak,20.7
33179,AM Peak,18.7
33179,AM Peak,25.1
33179,AM Peak,16.3
33179,AM Peak,17.4
33179,AM Peak,21.2
33179,AM Peak,23.1
33179,AM Peak,20.4
33179,AM Peak,16.8
33179,AM Peak,14.4
33179,AM Peak,18.4
33179,AM Peak,14.4
33179,AM Peak,18.9
33179,AM Peak,15.1
33179,AM Peak,24.5
33179,AM Peak,23.3
33179,AM Peak,17.7
33179,AM Peak,15.5
33179,AM Peak,17.5
33179,AM Peak,15.6
33179,AM Peak,17.5
33179,AM Peak,20.3
33179,AM Peak,16.6
33179,AM Peak,23.6
33179,AM Peak,14.3
33179,AM Peak,19.9
33179,AM Peak,15.1
33179,AM Peak,19.9
33179,AM Peak,22.1
33179,AM Peak,18.4
33179,AM Peak,18.9
33179,AM Peak,19.9
33179,AM Peak,20.8
33179,AM Peak,12.7
33179,AM Peak,15.8
33179,AM Peak,22.1
33179,AM Peak,21.7
33179,AM Peak,20.2
33179,AM Peak,23.5
33179,AM Peak,15.5
33179,AM Peak,29.1
33179,AM Peak,16.1
33179,AM Peak,19.9
33179,AM Peak,17.5
33179,AM Peak,19
33179,AM Peak,20.4
33179,AM Peak,15.8
33179,AM Peak,15.6
33179,AM Peak,14.7
33179,AM Peak,13.1
33179,AM Peak,22.2
33179,AM Peak,20.1
33179,AM Peak,16.5
33179,AM Peak,23.5
33179,AM Peak,19.3
33179,AM Peak,17.3
33179,AM Peak,22.1
33179,AM Peak,15.7
33179,AM Peak,23
33179,AM Peak,21.9
33179,AM Peak,18.5
33179,AM Peak,25
33179,AM Peak,20.4
33179,AM Peak,18.9
33179,AM Peak,14.1
33179,AM Peak,24
33179,AM Peak,20.3
33179,AM Peak,19.8
33179,AM Peak,24.5
33179,AM Peak,20.7
33179,AM Peak,24.4
33179,AM Peak,18.9
33179,AM Peak,12.6
33179,AM Peak,19.1
33179,AM Peak,17.5
33179,AM Peak,20.8
33179,AM Peak,18.3
33179,AM Peak,19.9
33179,AM Peak,15.4
33179,AM Peak,16.6
33179,AM Peak,18.2
33179,AM Peak,25.2
33179,AM Peak,20.8
33179,AM Peak,20.6
33179,AM Peak,16
33179,AM Peak,27.7
33179,AM Peak,18.9
33179,AM Peak,18.6
33179,AM Peak,15.2
33179,AM Peak,17.2
33179,AM Peak,24.7
33179,AM Peak,18.8
33179,AM Peak,18.7
33179,AM Peak,19
33179,AM Peak,18.5
33179,AM Peak,16.6
33179,AM Peak,13.7
33179,AM Peak,18.5
33179,AM Peak,22.5
33179,AM Peak,13.2
33179,AM Peak,25.5
33179,AM Peak,24.6
33179,AM Peak,14.2
33179,AM Peak,17.3
33179,AM Peak,20.8
33179,AM Peak,20.4
33179,AM Peak,17.8
33179,AM Peak,12.7
33179,AM Peak,18.1
33179,AM Peak,27.1
33179,AM Peak,20.1
33179,AM Peak,21.8
33179,AM Peak,17.7
33179,AM Peak,24.8
33179,AM Peak,14.9
33179,AM Peak,11.9
33179,AM Peak,19.5
33179,AM Peak,20.1
33179,AM Peak,18.8
33179,AM Peak,15.7
33179,AM Peak,18.3
33179,AM Peak,18.7
33179,AM Peak,12
33179,AM Peak,17
33179,AM Peak,21.5
33179,AM Peak,22.8
33179,AM Peak,18.5
33179,AM Peak,23.4
33179,AM Peak,17.7
33179,AM Peak,11.4
33179,AM Peak,24.2
33179,AM Peak,19.4
33179,AM Peak,16.5
33179,AM Peak,18.7
33179,AM Peak,17.6
33179,AM Peak,20.7
33179,AM Peak,20.3
33179,AM Peak,18.6
33179,AM Peak,22.6
33179,AM Peak,20.1
33179,AM Peak,21.2
33179,AM Peak,18.5
33179,AM Peak,18.5
33179,AM Peak,22.9
33179,AM Peak,18.8
33179,AM Peak,25.5
33179,AM Peak,21.8
33179,AM Peak,24.6
33179,AM Peak,22.9
33179,AM Peak,20.3
33179,AM Peak,21.6
33179,AM Peak,14.4
33179,AM Peak,17.6
33179,AM Peak,18.8
33179,AM Peak,17.2
33179,AM Peak,14
33179,AM Peak,15.9
33179,AM Peak,16.4
33179,AM Peak,19.3
33179,AM Peak,24.3
33179,AM Peak,21.9
33179,AM Peak,19.2
33179,AM Peak,15.8
33179,AM Peak,17
33179,AM Peak,23.2
33179,AM Peak,18.6
33179,AM Peak,19.1
33179,AM Peak,11.1
33179,AM Peak,19.2
33179,AM Peak,15.9
33179,AM Peak,27.2
33179,AM Peak,21.5
33179,AM Peak,16.8
33179,AM Peak,18.5
33179,AM Peak,22.3
33179,AM Peak,20.8
33179,AM Peak,4.1
33179,AM Peak,19.2
33179,AM Peak,21.2
33179,AM Peak,15.2
33179,AM Peak,11.7
33179,AM Peak,14.2
33179,AM Peak,18.5
33179,AM Peak,20.6
33179,AM Peak,21.8
33179,AM Peak,17.6
33179,AM Peak,16
33179,AM Peak,22.5
33179,AM Peak,21.2
33179,AM Peak,24.1
33179,AM Peak,21.8
33179,AM Peak,20.4
33179,AM Peak,23.7
33179,AM Peak,25.9
33179,AM Peak,16.2
33179,AM Peak,18.5
33179,AM Peak,16.6
33179,AM Peak,17.9
33179,AM Peak,20
33179,AM Peak,14.9
33179,AM Peak,20.9
33179,AM Peak,23.9
33179,AM Peak,18.7
33179,AM Peak,17.5
33179,AM Peak,19
33179,AM Peak,17.5
33179,AM Peak,17.4
33179,AM Peak,15
33179,AM Peak,13.3
33179,AM Peak,12.3
33179,AM Peak,22.7
33179,AM Peak,16.8
33179,AM Peak,16.7
33179,AM Peak,19.9
33179,AM Peak,19.4
33179,AM Peak,28.7
33179,AM Peak,15.7
33179,AM Peak,20.9
33179,AM Peak,14.2
33179,AM Peak,27.3
33179,AM Peak,14.9
33179,AM Peak,24.4
33179,AM Peak,18
33179,AM Peak,22.5
33179,AM Peak,12.1
33179,AM Peak,18
33179,AM Peak,20.7
33179,AM Peak,25.3
33179,AM Peak,15.1
33179,AM Peak,17.8
33179,AM Peak,11.4
33179,AM Peak,22.1
33179,AM Peak,19.2
33179,AM Peak,5.9
33179,AM Peak,15.6
33179,AM Peak,18.9
33179,AM Peak,16.6
33179,AM Peak,19.7
33179,AM Peak,19
33179,AM Peak,23.6
33179,AM Peak,16.4
33179,AM Peak,16.2
33179,AM Peak,22.2
33179,AM Peak,20.7
33179,AM Peak,15.4
33179,AM Peak,21
33179,AM Peak,20
33179,AM Peak,23.7
33179,AM Peak,17
33179,AM Peak,14.9
33179,AM Peak,18.8
33179,AM Peak,18.8
33179,AM Peak,23.7
33179,AM Peak,20.4
33179,AM Peak,20.7
33179,AM Peak,20.8
33179,AM Peak,13.7
33179,AM Peak,18.6
33179,AM Peak,25.4
33179,AM Peak,23.8
33179,AM Peak,18.8
33179,AM Peak,20
33179,AM Peak,27.8
33179,AM Peak,15.3
33179,AM Peak,10.2
33179,AM Peak,17.4
33179,AM Peak,12
33179,AM Peak,24.3
33179,AM Peak,19.3
33179,AM Peak,24.9
33179,AM Peak,21.8
33179,AM Peak,21.7
33179,AM Peak,17.9
33179,AM Peak,15.3
33179,AM Peak,17.9
33179,AM Peak,22.4
33179,AM Peak,15.4
33179,AM Peak,17.6
33179,AM Peak,21.6
33179,AM Peak,19.9
33179,AM Peak,14.1
33179,AM Peak,25.2
33179,AM Peak,15
33179,AM Peak,30.2
33179,AM Peak,16.7
33179,AM Peak,23.5
33179,AM Peak,21
33179,AM Peak,21.3
33179,AM Peak,19.4
33179,AM Peak,22
33179,AM Peak,22.6
33179,AM Peak,19.5
33179,AM Peak,18.2
33179,AM Peak,21.2
33179,AM Peak,16.7
33179,AM Peak,14.9
33179,AM Peak,18.2
33179,AM Peak,20.1
33179,AM Peak,26.1
33179,AM Peak,20.6
33179,AM Peak,17.9
33179,AM Peak,24.7
33179,AM Peak,14.5
33179,AM Peak,18.5
33179,AM Peak,17.4
33179,AM Peak,20.8
33179,AM Peak,21.3
33179,AM Peak,24.4
33179,AM Peak,17.8
33179,AM Peak,20.9
33179,AM Peak,24.7
33179,AM Peak,23
33179,AM Peak,15.2
33179,AM Peak,18.6
33179,AM Peak,20.9
33179,AM Peak,20.1
33179,AM Peak,21.4
33179,AM Peak,14.5
33179,AM Peak,19
33179,AM Peak,17.2
33179,AM Peak,19
33179,AM Peak,20.6
33179,AM Peak,18.3
33179,AM Peak,19.4
33179,AM Peak,19.5
33179,AM Peak,22.7
33179,AM Peak,18
33179,AM Peak,30.1
33179,AM Peak,21.4
33179,AM Peak,15.1
33179,AM Peak,12.5
33179,AM Peak,15.9
33179,AM Peak,19.4
33179,AM Peak,16.1
33179,AM Peak,13.8
33179,AM Peak,16.3
33179,AM Peak,22
33179,AM Peak,16.9
33179,AM Peak,16.4
33179,AM Peak,15.8
33179,AM Peak,17.4
33179,AM Peak,11.2
33179,AM Peak,17
33179,AM Peak,22.1
33179,AM Peak,17.9
33179,AM Peak,21
33179,AM Peak,19.4
33179,AM Peak,20.2
33179,AM Peak,25.1
33179,AM Peak,19
33179,AM Peak,16
33179,AM Peak,20.6
33179,AM Peak,13.3
33179,AM Peak,20.5
33179,AM Peak,21.4
33179,AM Peak,15.4
33179,AM Peak,19.2
33179,AM Peak,15.3
33179,AM Peak,23.5
33179,AM Peak,21.1
33179,AM Peak,20.3
33179,AM Peak,18.8
33179,AM Peak,18.9
33179,AM Peak,19.9
33179,AM Peak,24.5
33179,AM Peak,14.6
33179,AM Peak,19.4
33179,AM Peak,17.7
33179,AM Peak,21.1
33179,AM Peak,20.1
33179,AM Peak,17.9
33179,AM Peak,15.7
33179,AM Peak,14.1
33179,AM Peak,23
33179,AM Peak,13.7
33179,AM Peak,19.9
33179,AM Peak,21.3
33179,AM Peak,22.7
33179,AM Peak,17.3
33179,AM Peak,16.1
33179,AM Peak,16.8
33179,AM Peak,15
33179,AM Peak,8.9
33179,AM Peak,14.8
33179,AM Peak,18.7
33179,AM Peak,14.6
33179,AM Peak,14.5
33179,AM Peak,18.8
33179,AM Peak,18.7
33179,AM Peak,17.4
33179,AM Peak,22
33179,AM Peak,22.1
33179,AM Peak,22.6
33179,AM Peak,20.9
33179,AM Peak,20.3
33179,AM Peak,21.3
33179,AM Peak,21.1
33179,AM Peak,21.8
33179,AM Peak,20.4
33179,AM Peak,16.7
33179,AM Peak,13.2
33179,AM Peak,18
33179,AM Peak,15.8
33179,AM Peak,21.6
33179,AM Peak,20.2
33179,AM Peak,11.2
33179,AM Peak,17.5
33179,AM Peak,18.1
33179,AM Peak,17.6
33179,AM Peak,18.9
33179,AM Peak,21.9
33179,AM Peak,14.3
33179,AM Peak,14.7
33179,AM Peak,18.5
33179,AM Peak,24.8
33179,AM Peak,13
33179,AM Peak,19.7
33179,AM Peak,16.4
33179,AM Peak,17
33179,AM Peak,21.2
33179,AM Peak,17.9
33179,AM Peak,17.8
33179,AM Peak,18.4
33179,AM Peak,16.7
33179,AM Peak,25.2
33179,AM Peak,21.5
33179,AM Peak,19.5
33179,AM Peak,22.5
33179,AM Peak,17.1
33179,AM Peak,19.1
33179,AM Peak,17.5
33179,AM Peak,21
33179,AM Peak,22.6
33179,AM Peak,20.1
33179,AM Peak,19
33179,AM Peak,21.4
33179,AM Peak,18.1
33179,AM Peak,15.4
33179,AM Peak,12.8
33179,AM Peak,18
33179,AM Peak,16.1
33179,AM Peak,19.3
33179,AM Peak,18.8
33179,AM Peak,20.7
33179,AM Peak,22.6
33179,AM Peak,19.8
33179,AM Peak,15
33179,AM Peak,25.4
33179,AM Peak,16.2
33179,AM Peak,17.8
33179,AM Peak,25.5
33179,AM Peak,21.6
33179,AM Peak,13.1
33179,AM Peak,19.3
33179,AM Peak,19.3
33179,AM Peak,20.2
33179,AM Peak,14.7
33179,AM Peak,18
33179,AM Peak,14.3
33179,AM Peak,24.9
33179,AM Peak,17.1
33179,AM Peak,21.7
33179,AM Peak,5.7
33179,AM Peak,12.6
33179,AM Peak,17.8
33179,AM Peak,13.9
33179,AM Peak,19.8
33179,AM Peak,19.8
33179,AM Peak,17.6
33179,AM Peak,16.6
33179,AM Peak,23.8
33179,AM Peak,19.7
33179,AM Peak,17.1
33179,AM Peak,18.6
33179,AM Peak,15.4
33179,AM Peak,19.1
33179,AM Peak,14.9
33179,AM Peak,20.1
33179,AM Peak,15.1
33179,AM Peak,20.4
33179,AM Peak,20.1
33179,AM Peak,20.7
33179,AM Peak,23.1
33179,AM Peak,25.7
33179,AM Peak,15.1
33179,AM Peak,19.8
33179,AM Peak,17.1
33179,AM Peak,20.7
33179,AM Peak,19.2
33179,AM Peak,18.5
33179,AM Peak,25.1
33179,AM Peak,24.9
33179,AM Peak,21.7
33179,AM Peak,24.5
33179,AM Peak,20.8
33179,AM Peak,20.1
33179,PM Peak,17.2
33179,PM Peak,20.3
33179,PM Peak,28.8
33179,PM Peak,22.2
33179,PM Peak,20.6
33179,PM Peak,18.2
33179,PM Peak,24
33179,PM Peak,21.9
33179,PM Peak,17.6
33179,PM Peak,15.7
33179,PM Peak,24.4
33179,PM Peak,20
33179,PM Peak,13
33179,PM Peak,20.4
33179,PM Peak,17.8
33179,PM Peak,28.4
33179,PM Peak,25.1
33179,PM Peak,26.4
33179,PM Peak,21.2
33179,PM Peak,20.4
33179,PM Peak,24.2
33179,PM Peak,24.3
33179,PM Peak,16.7
33179,PM Peak,24.3
33179,PM Peak,30.6
33179,PM Peak,14.8
33179,PM Peak,18.1
33179,PM Peak,22.3
33179,PM Peak,20
33179,PM Peak,28.3
33179,PM Peak,23.1
33179,PM Peak,23
33179,PM Peak,12.5
33179,PM Peak,20.2
33179,PM Peak,26.2
33179,PM Peak,16.9
33179,PM Peak,11.2
33179,PM Peak,24.6
33179,PM Peak,24.7
33179,PM Peak,20.2
33179,PM Peak,22
33179,PM Peak,18.6
33179,PM Peak,27.3
33179,PM Peak,16.1
33179,PM Peak,15.2
33179,PM Peak,16.8
33179,PM Peak,19.6
33179,PM Peak,19.2
33179,PM Peak,22.8
33179,PM Peak,14.7
33179,PM Peak,21
33179,PM Peak,22.5
33179,PM Peak,22.7
33179,PM Peak,14.6
33179,PM Peak,20.7
33179,PM Peak,18.8
33179,PM Peak,16
33179,PM Peak,17.4
33179,PM Peak,19.3
33179,PM Peak,22.8
33179,PM Peak,26.1
33179,PM Peak,31.7
33179,PM Peak,23.1
33179,PM Peak,22.1
33179,PM Peak,26.2
33179,PM Peak,24.3
33179,PM Peak,19.6
33179,PM Peak,21.8
33179,PM Peak,30.4
33179,PM Peak,20.3
33179,PM Peak,21.6
33179,PM Peak,23.1
33179,PM Peak,19.1
33179,PM Peak,29.5
33179,PM Peak,24.1
33179,PM Peak,24.8
33179,PM Peak,22
33179,PM Peak,20.5
33179,PM Peak,18
33179,PM Peak,18.4
33179,PM Peak,18.3
33179,PM Peak,17.1
33179,PM Peak,20
33179,PM Peak,24
33179,PM Peak,14
33179,PM Peak,23.2
33179,PM Peak,19.8
33179,PM Peak,19.1
33179,PM Peak,24.4
33179,PM Peak,25.4
33179,PM Peak,17.9
33179,PM Peak,17.1
33179,PM Peak,19.7
33179,PM Peak,23.1
33179,PM Peak,25.3
33179,PM Peak,22.1
33179,PM Peak,22.1
33179,PM Peak,17
33179,PM Peak,28.3
33179,PM Peak,18.1
33179,PM Peak,18.4
33179,PM Peak,15.4
33179,PM Peak,17.7
33179,PM Peak,17
33179,PM Peak,23.8
33179,PM Peak,14.6
33179,PM Peak,21.4
33179,PM Peak,23.6
33179,PM Peak,18.1
33179,PM Peak,22.8
33179,PM Peak,23.8
33179,PM Peak,12.4
33179,PM Peak,18.6
33179,PM Peak,18.3
33179,PM Peak,33.6
33179,PM Peak,18.7
33179,PM Peak,12.9
33179,PM Peak,20.3
33179,PM Peak,14
33179,PM Peak,12.5
33179,PM Peak,19.7
33179,PM Peak,26.3
33179,PM Peak,24.5
33179,PM Peak,20.1
33179,PM Peak,22.1
33179,PM Peak,25.5
33179,PM Peak,25.2
33179,PM Peak,19
33179,PM Peak,13
33179,PM Peak,23.6
33179,PM Peak,12.9
33179,PM Peak,18.1
33179,PM Peak,18
33179,PM Peak,15.8
33179,PM Peak,27.7
33179,PM Peak,26.4
33179,PM Peak,14.9
33179,PM Peak,22.1
33179,PM Peak,16.1
33179,PM Peak,21
33179,PM Peak,17.6
33179,PM Peak,22.3
33179,PM Peak,24.6
33179,PM Peak,28.7
33179,PM Peak,20.8
33179,PM Peak,20.4
33179,PM Peak,25.2
33179,PM Peak,28.9
33179,PM Peak,22.9
33179,PM Peak,20.2
33179,PM Peak,23.2
33179,PM Peak,20.7
33179,PM Peak,16.5
33179,PM Peak,18.6
33179,PM Peak,24.3
33179,PM Peak,21.3
33179,PM Peak,16.1
33179,PM Peak,10.4
33179,PM Peak,16.7
33179,PM Peak,19.9
33179,PM Peak,22.2
33179,PM Peak,22
33179,PM Peak,12.9
33179,PM Peak,21.8
33179,PM Peak,22.2
33179,PM Peak,27.5
33179,PM Peak,21.3
33179,PM Peak,19.5
33179,PM Peak,12.5
33179,PM Peak,32.7
33179,PM Peak,22.9
33179,PM Peak,17.3
33179,PM Peak,26.3
33179,PM Peak,26.2
33179,PM Peak,19.5
33179,PM Peak,20.6
33179,PM Peak,25
33179,PM Peak,20.2
33179,PM Peak,23.5
33179,PM Peak,20.1
33179,PM Peak,20.2
33179,PM Peak,20.1
33179,PM Peak,20.8
33179,PM Peak,18
33179,PM Peak,24
33179,PM Peak,20.5
33179,PM Peak,23.8
33179,PM Peak,24.9
33179,PM Peak,19.5
33179,PM Peak,13.8
33179,PM Peak,20.9
33179,PM Peak,26.3
33179,PM Peak,22
33179,PM Peak,14.2
33179,PM Peak,16.5
33179,PM Peak,27.7
33179,PM Peak,12.9
33179,PM Peak,23.6
33179,PM Peak,22.7
33179,PM Peak,21.5
33179,PM Peak,20.4
33179,PM Peak,17.4
33179,PM Peak,14
33179,PM Peak,17.7
33179,PM Peak,29.7
33179,PM Peak,21.1
33179,PM Peak,20.3
33179,PM Peak,23
33179,PM Peak,14.4
33179,PM Peak,14.7
33179,PM Peak,14
33179,PM Peak,25.6
33179,PM Peak,25
33179,PM Peak,21.7
33179,PM Peak,15.7
33179,PM Peak,23
33179,PM Peak,23.4
33179,PM Peak,24.1
33179,PM Peak,21
33179,PM Peak,25.3
33179,PM Peak,19.5
33179,PM Peak,25.5
33179,PM Peak,18
33179,PM Peak,20.2
33179,PM Peak,27.8
33179,PM Peak,18.8
33179,PM Peak,22.4
33179,PM Peak,21.2
33179,PM Peak,20.1
33179,PM Peak,19.8
33179,PM Peak,17.9
33179,PM Peak,22.6
33179,PM Peak,20.1
33179,PM Peak,21.3
33179,PM Peak,22.2
33179,PM Peak,26.2
33179,PM Peak,23.9
33179,PM Peak,25.4
33179,PM Peak,19.9
33179,PM Peak,28.3
33179,PM Peak,25
33179,PM Peak,18
33179,PM Peak,28
33179,PM Peak,24.9
33179,PM Peak,22.1
33179,PM Peak,22.5
33179,PM Peak,14.5
33179,PM Peak,20.2
33179,PM Peak,19.9
33179,PM Peak,22
33179,PM Peak,27.2
33179,PM Peak,20.1
33179,PM Peak,19
33179,PM Peak,18.3
33179,PM Peak,20.5
33179,PM Peak,20.2
33179,PM Peak,23
33179,PM Peak,31.8
33179,PM Peak,18.7
33179,PM Peak,23.9
33179,PM Peak,19.8
33179,PM Peak,11.6
33179,PM Peak,24.9
33179,PM Peak,22.8
33179,PM Peak,24.1
33179,PM Peak,19.4
33179,PM Peak,21.1
33179,PM Peak,20.1
33179,PM Peak,22.1
33179,PM Peak,19.7
33179,PM Peak,19.4
33179,PM Peak,23
33179,PM Peak,18.5
33179,PM Peak,21.5
33179,PM Peak,18.6
33179,PM Peak,17.7
33179,PM Peak,17.7
33179,PM Peak,25.5
33179,PM Peak,13.4
33179,PM Peak,24.7
33179,PM Peak,23
33179,PM Peak,22.4
33179,PM Peak,17.7
33179,PM Peak,23.4
33179,PM Peak,20.1
33179,PM Peak,19.2
33179,PM Peak,18.9
33179,PM Peak,23.2
33179,PM Peak,14.5
33179,PM Peak,21.8
33179,PM Peak,22.8
33179,PM Peak,21.4
33179,PM Peak,25.7
33179,PM Peak,23.9
33179,PM Peak,23.3
33179,PM Peak,19.8
33179,PM Peak,17.6
33179,PM Peak,21.9
33179,PM Peak,19.9
33179,PM Peak,17
33179,PM Peak,19.5
33179,PM Peak,24.1
33179,PM Peak,10.6
33179,PM Peak,28
33179,PM Peak,23.7
33179,PM Peak,18
33179,PM Peak,27.3
33179,PM Peak,12.8
33179,PM Peak,21.5
33179,PM Peak,16.4
33179,PM Peak,19.7
33179,PM Peak,17.2
33179,PM Peak,19.8
33179,PM Peak,21.2
33179,PM Peak,22.6
33179,PM Peak,17.2
33179,PM Peak,24.4
33179,PM Peak,16
33179,PM Peak,19.1
33179,PM Peak,16.9
33179,PM Peak,20.1
33179,PM Peak,32.2
33179,PM Peak,19.5
33179,PM Peak,24.2
33179,PM Peak,36.5
33179,PM Peak,20.4
33179,PM Peak,22
33179,PM Peak,28.6
33179,PM Peak,18
33179,PM Peak,19
33179,PM Peak,15.2
33179,PM Peak,31
33179,PM Peak,16.1
33179,PM Peak,24.8
33179,PM Peak,17.7
33179,PM Peak,16.6
33179,PM Peak,24.4
33179,PM Peak,16.7
33179,PM Peak,11.9
33179,PM Peak,23.2
33179,PM Peak,19.8
33179,PM Peak,21.3
33179,PM Peak,25.7
33179,PM Peak,17.3
33179,PM Peak,17.4
33179,PM Peak,22
33179,PM Peak,23.6
33179,PM Peak,17.6
33179,PM Peak,22.1
33179,PM Peak,20.2
33179,PM Peak,23.8
33179,PM Peak,23
33179,PM Peak,21.9
33179,PM Peak,19.5
33179,PM Peak,23.8
33179,PM Peak,24.1
33179,PM Peak,26
33179,PM Peak,19
33179,PM Peak,22.6
33179,PM Peak,23.8
33179,PM Peak,22.3
33179,PM Peak,20.2
33179,PM Peak,16.6
33179,PM Peak,23.4
33179,PM Peak,25.4
33179,PM Peak,22.1
33179,PM Peak,21.1
33179,PM Peak,27.5
33179,PM Peak,17.3
33179,PM Peak,25.4
33179,PM Peak,17.7
33179,PM Peak,21.8
33179,PM Peak,14.9
33179,PM Peak,21.1
33179,PM Peak,18.9
33179,PM Peak,26.3
33179,PM Peak,26.1
33179,PM Peak,20.5
33179,PM Peak,19
33179,PM Peak,16.9
33179,PM Peak,16.6
33179,PM Peak,22.6
33179,PM Peak,23.7
33179,PM Peak,22.1
33179,PM Peak,15
33179,PM Peak,25.5
33179,PM Peak,24.8
33179,PM Peak,22
33179,PM Peak,22.9
33179,PM Peak,13.3
33179,PM Peak,22.9
33179,PM Peak,25.5
33179,PM Peak,30
33179,PM Peak,21.8
33179,PM Peak,29.2
33179,PM Peak,14.3
33179,PM Peak,21.6
33179,PM Peak,23.7
33179,PM Peak,19.7
33179,PM Peak,14.2
33179,PM Peak,32.6
33179,PM Peak,19.1
33179,PM Peak,31.3
33179,PM Peak,19
33179,PM Peak,16
33179,PM Peak,26.7
33179,PM Peak,21.2
33179,PM Peak,24.8
33179,PM Peak,18.9
33179,PM Peak,16.2
33179,PM Peak,27.8
33179,PM Peak,21.3
33179,PM Peak,17.7
33179,PM Peak,25.6
33179,PM Peak,15.2
33179,PM Peak,23.4
33179,PM Peak,25.4
33179,PM Peak,22.5
33179,PM Peak,20.1
33179,PM Peak,25.3
33179,PM Peak,15.5
33179,PM Peak,18.8
33179,PM Peak,26.5
33179,PM Peak,13.1
33179,PM Peak,11.6
33179,PM Peak,15.3
33179,PM Peak,26.7
33179,PM Peak,15.9
33179,PM Peak,27.3
33179,PM Peak,19.1
33179,PM Peak,27.9
33179,PM Peak,30.4
33179,PM Peak,16.7
33179,PM Peak,26.1
33179,PM Peak,23.6
33179,PM Peak,23.7
33179,PM Peak,26.7
33179,PM Peak,26.7
33179,PM Peak,21.9
33179,PM Peak,21.3
33179,PM Peak,21
33179,PM Peak,26.2
33179,PM Peak,23
33179,PM Peak,22.6
33179,PM Peak,22
33179,PM Peak,16.1
33179,PM Peak,17.3
33179,PM Peak,19
33179,PM Peak,19.1
33179,PM Peak,23.2
33179,PM Peak,26.8
33179,PM Peak,19.6
33179,PM Peak,24.8
33179,PM Peak,24.6
33179,PM Peak,28
33179,PM Peak,15.4
33179,PM Peak,24
33179,PM Peak,22.3
33179,PM Peak,24.5
33179,PM Peak,18.3
33179,PM Peak,21.8
33179,PM Peak,19.7
33179,PM Peak,11.3
33179,PM Peak,28.2
33179,PM Peak,15.9
33179,PM Peak,22.7
33179,PM Peak,16.7
33179,PM Peak,19.6
33179,PM Peak,21.1
33179,PM Peak,13.6
33179,PM Peak,25.6
33179,PM Peak,16.4
33179,PM Peak,18.3
33179,PM Peak,19.7
33179,PM Peak,20.4
33179,PM Peak,14.3
33179,PM Peak,22.3
33179,PM Peak,24.2
33179,PM Peak,33.3
33179,PM Peak,11
33179,PM Peak,19.9
33179,PM Peak,21.6
33179,PM Peak,21.7
33179,PM Peak,23.7
33179,PM Peak,21.7
33179,PM Peak,19.3
33179,PM Peak,19.5
33179,PM Peak,17.8
33179,PM Peak,19.8
33179,PM Peak,23.8
33179,PM Peak,28.2
33179,PM Peak,15.6
33179,PM Peak,17.7
33179,PM Peak,20.5
33179,PM Peak,18.7
33179,PM Peak,20.1
33179,PM Peak,15.8
33179,PM Peak,21.3
33179,PM Peak,19.8
33179,PM Peak,18.9
34215,AM Peak,22.8
34215,AM Peak,19.9
34215,AM Peak,23.8
34215,AM Peak,27.7
34215,AM Peak,23.2
34215,AM Peak,21.9
34215,AM Peak,22.7
34215,AM Peak,20.5
34215,AM Peak,25.3
34215,AM Peak,18.5
34215,AM Peak,21
34215,AM Peak,19.5
34215,AM Peak,14.6
34215,AM Peak,21.9
34215,AM Peak,20.3
34215,AM Peak,20.3
34215,AM Peak,19.8
34215,AM Peak,19.6
34215,AM Peak,20.9
34215,AM Peak,26.4
34215,AM Peak,18
34215,AM Peak,22.6
34215,AM Peak,20.8
34215,AM Peak,20.8
34215,AM Peak,24
34215,AM Peak,25
34215,AM Peak,23
34215,AM Peak,20.4
34215,AM Peak,24.9
34215,AM Peak,22
34215,AM Peak,26.2
34215,AM Peak,29.8
34215,AM Peak,19.7
34215,AM Peak,17.1
34215,AM Peak,27.3
34215,AM Peak,26.9
34215,AM Peak,27.9
34215,AM Peak,24.5
34215,AM Peak,22.5
34215,AM Peak,15.8
34215,AM Peak,23
34215,AM Peak,21
34215,AM Peak,40.8
34215,AM Peak,18.1
34215,AM Peak,27.9
34215,AM Peak,18.2
34215,AM Peak,21.2
34215,AM Peak,22.3
34215,AM Peak,20.4
34215,AM Peak,26.4
34215,AM Peak,13.6
34215,AM Peak,26.8
34215,AM Peak,11.7
34215,AM Peak,21.5
34215,AM Peak,18.4
34215,AM Peak,21.2
34215,AM Peak,20.9
34215,AM Peak,29.1
34215,AM Peak,23.1
34215,AM Peak,20
34215,AM Peak,18.9
34215,AM Peak,17.8
34215,AM Peak,21.6
34215,AM Peak,29.2
34215,AM Peak,26.4
34215,AM Peak,19.5
34215,AM Peak,15.2
34215,AM Peak,22.8
34215,AM Peak,21.7
34215,AM Peak,16.2
34215,AM Peak,26.2
34215,AM Peak,14.3
34215,AM Peak,29
34215,AM Peak,24.7
34215,AM Peak,22.3
34215,AM Peak,20.3
34215,AM Peak,22.1
34215,AM Peak,17.4
34215,AM Peak,21.6
34215,AM Peak,22.8
34215,AM Peak,19.6
34215,AM Peak,18.4
34215,AM Peak,16.7
34215,AM Peak,20.1
34215,AM Peak,28
34215,AM Peak,24.5
34215,AM Peak,19.2
34215,AM Peak,23.2
34215,AM Peak,23.5
34215,AM Peak,14.2
34215,AM Peak,21.2
34215,AM Peak,21.4
34215,AM Peak,17.5
34215,AM Peak,27
34215,AM Peak,23.7
34215,AM Peak,25.6
34215,AM Peak,24.4
34215,AM Peak,17.8
34215,AM Peak,23.5
34215,AM Peak,25.8
34215,AM Peak,24.6
34215,AM Peak,21.7
34215,AM Peak,24.7
34215,AM Peak,20
34215,AM Peak,23.7
34215,AM Peak,24.7
34215,AM Peak,29.2
34215,AM Peak,15.2
34215,AM Peak,27.5
34215,AM Peak,16.6
34215,AM Peak,27.3
34215,AM Peak,13.3
34215,AM Peak,22.9
34215,AM Peak,22.4
34215,AM Peak,21.2
34215,AM Peak,23.8
34215,AM Peak,23.9
34215,AM Peak,24.9
34215,AM Peak,31.6
34215,AM Peak,23.8
34215,AM Peak,28.1
34215,AM Peak,23.9
34215,AM Peak,22.2
34215,AM Peak,21.1
34215,AM Peak,26.6
34215,AM Peak,28.4
34215,AM Peak,22.6
34215,AM Peak,17.1
34215,AM Peak,22.8
34215,AM Peak,28.4
34215,AM Peak,23.2
34215,AM Peak,17
34215,AM Peak,19
34215,AM Peak,17
34215,AM Peak,23.7
34215,AM Peak,20.4
34215,AM Peak,25.8
34215,AM Peak,23.3
34215,AM Peak,12.2
34215,AM Peak,27.4
34215,AM Peak,22.5
34215,AM Peak,20
34215,AM Peak,27.3
34215,AM Peak,24.2
34215,AM Peak,19.6
34215,AM Peak,21.6
34215,AM Peak,17.5
34215,AM Peak,20.5
34215,AM Peak,20.4
34215,AM Peak,20.6
34215,AM Peak,16.5
34215,AM Peak,28.2
34215,AM Peak,28
34215,AM Peak,12.9
34215,AM Peak,16
34215,AM Peak,21.6
34215,AM Peak,21.3
34215,AM Peak,26.2
34215,AM Peak,19.3
34215,AM Peak,27.1
34215,AM Peak,23.4
34215,AM Peak,29.1
34215,AM Peak,20.9
34215,AM Peak,26
34215,AM Peak,14.1
34215,AM Peak,24.2
34215,AM Peak,12
34215,AM Peak,22.7
34215,AM Peak,22.4
34215,AM Peak,16.8
34215,AM Peak,20.1
34215,AM Peak,30.9
34215,AM Peak,25.4
34215,AM Peak,18.9
34215,AM Peak,14.3
34215,AM Peak,18.7
34215,AM Peak,18.6
34215,AM Peak,23.1
34215,AM Peak,23.2
34215,AM Peak,20.1
34215,AM Peak,25.2
34215,AM Peak,25.1
34215,AM Peak,18.8
34215,AM Peak,22
34215,AM Peak,20.7
34215,AM Peak,21.9
34215,AM Peak,16.1
34215,AM Peak,22.5
34215,AM Peak,15
34215,AM Peak,16.1
34215,AM Peak,21.9
34215,AM Peak,21.5
34215,AM Peak,19.5
34215,AM Peak,27.2
34215,AM Peak,17.6
34215,AM Peak,18.1
34215,AM Peak,22.7
34215,AM Peak,13.9
34215,AM Peak,24.6
34215,AM Peak,19.3
34215,AM Peak,19.2
34215,AM Peak,19.3
34215,AM Peak,19.6
34215,AM Peak,23.8
34215,AM Peak,21
34215,AM Peak,20.4
34215,AM Peak,23.8
34215,AM Peak,19.7
34215,AM Peak,20.4
34215,AM Peak,21.5
34215,AM Peak,23.7
34215,AM Peak,19.2
34215,AM Peak,14.5
34215,AM Peak,22.9
34215,AM Peak,21.3
34215,AM Peak,23.7
34215,AM Peak,27.3
34215,AM Peak,23.5
34215,AM Peak,21.7
34215,AM Peak,29.1
34215,AM Peak,22.2
34215,AM Peak,21.3
34215,AM Peak,21.6
34215,AM Peak,17
34215,AM Peak,19.4
34215,AM Peak,27.3
34215,AM Peak,17.3
34215,AM Peak,16.3
34215,AM Peak,14.7
34215,AM Peak,19.1
34215,AM Peak,28
34215,AM Peak,17.8
34215,AM Peak,22.7
34215,AM Peak,22.1
34215,AM Peak,22.3
34215,AM Peak,18.7
34215,AM Peak,22.2
34215,AM Peak,27.1
34215,AM Peak,25
34215,AM Peak,20.8
34215,AM Peak,26.8
34215,AM Peak,29
34215,AM Peak,18.8
34215,AM Peak,24.7
34215,AM Peak,24.2
34215,AM Peak,17.9
34215,AM Peak,25.2
34215,AM Peak,18.4
34215,AM Peak,23.5
34215,AM Peak,23.3
34215,AM Peak,20.9
34215,AM Peak,23.8
34215,AM Peak,18.2
34215,AM Peak,20.5
34215,AM Peak,26.3
34215,AM Peak,24.3
34215,AM Peak,19.1
34215,AM Peak,13.9
34215,AM Peak,22.9
34215,AM Peak,23.1
34215,AM Peak,18
34215,AM Peak,22.8
34215,AM Peak,22
34215,AM Peak,18.9
34215,AM Peak,24.5
34215,AM Peak,19.8
34215,AM Peak,24
34215,AM Peak,31.6
34215,AM Peak,25.7
34215,AM Peak,23.4
34215,AM Peak,23.5
34215,AM Peak,21.4
34215,AM Peak,19.7
34215,AM Peak,31.9
34215,AM Peak,10.9
34215,AM Peak,22.5
34215,AM Peak,23.9
34215,AM Peak,25.1
34215,AM Peak,27.2
34215,AM Peak,23
34215,AM Peak,17.5
34215,AM Peak,30
34215,AM Peak,24.5
34215,AM Peak,26.6
34215,AM Peak,21.3
34215,AM Peak,26.8
34215,AM Peak,19.8
34215,AM Peak,19.9
34215,AM Peak,19
34215,AM Peak,22.1
34215,AM Peak,30.7
34215,AM Peak,25
34215,AM Peak,20.6
34215,AM Peak,25.3
34215,AM Peak,27.5
34215,AM Peak,21
34215,AM Peak,16.8
34215,AM Peak,23.9
34215,AM Peak,21.8
34215,AM Peak,21.5
34215,AM Peak,25.6
34215,AM Peak,26
34215,AM Peak,20.2
34215,AM Peak,20.1
34215,AM Peak,21.6
34215,AM Peak,18.9
34215,AM Peak,17.7
34215,AM Peak,25.1
34215,AM Peak,18.4
34215,AM Peak,18.2
34215,AM Peak,27.5
34215,AM Peak,22.5
34215,AM Peak,27.1
34215,AM Peak,19
34215,AM Peak,26.4
34215,AM Peak,19.3
34215,AM Peak,22.7
34215,AM Peak,25.5
34215,AM Peak,20
34215,AM Peak,22.8
34215,AM Peak,31
34215,AM Peak,23.3
34215,AM Peak,23.3
34215,AM Peak,29.5
34215,AM Peak,26.5
34215,AM Peak,26
34215,AM Peak,25.7
34215,AM Peak,21.1
34215,AM Peak,21.6
34215,AM Peak,17.5
34215,AM Peak,17.2
34215,AM Peak,20.2
34215,AM Peak,30.2
34215,AM Peak,20.3
34215,AM Peak,22.1
34215,AM Peak,20.2
34215,AM Peak,15.5
34215,AM Peak,21.2
34215,AM Peak,23.6
34215,AM Peak,22.6
34215,AM Peak,25.7
34215,AM Peak,22.8
34215,AM Peak,23.9
34215,AM Peak,24.6
34215,AM Peak,23.4
34215,AM Peak,19.2
34215,AM Peak,19.7
34215,AM Peak,24.3
34215,AM Peak,24.9
34215,AM Peak,18.4
34215,AM Peak,18.3
34215,AM Peak,17.4
34215,AM Peak,29.2
34215,AM Peak,15.4
34215,AM Peak,26.2
34215,AM Peak,24.9
34215,AM Peak,29.7
34215,AM Peak,22.9
34215,AM Peak,22.9
34215,AM Peak,26.1
34215,AM Peak,28
34215,AM Peak,24
34215,AM Peak,27.3
34215,AM Peak,24.1
34215,AM Peak,26.4
34215,AM Peak,23.3
34215,AM Peak,24
34215,AM Peak,20.4
34215,AM Peak,21.3
34215,AM Peak,20.2
34215,AM Peak,18.6
34215,AM Peak,23.4
34215,AM Peak,23.2
34215,AM Peak,23.1
34215,AM Peak,15.7
34215,AM Peak,17.5
34215,AM Peak,22.1
34215,AM Peak,17.2
34215,AM Peak,25.7
34215,AM Peak,23.4
34215,AM Peak,22.3
34215,AM Peak,11.3
34215,AM Peak,21
34215,AM Peak,23
34215,AM Peak,17.4
34215,AM Peak,19.9
34215,AM Peak,17.1
34215,AM Peak,16.7
34215,AM Peak,19.4
34215,AM Peak,23
34215,AM Peak,19.4
34215,AM Peak,17.6
34215,AM Peak,24.7
34215,AM Peak,19.3
34215,AM Peak,19.2
34215,AM Peak,26.9
34215,AM Peak,26.2
34215,AM Peak,26
34215,AM Peak,21.4
34215,AM Peak,17.7
34215,AM Peak,15.9
34215,AM Peak,25.1
34215,AM Peak,24.4
34215,AM Peak,35.8
34215,AM Peak,22.9
34215,AM Peak,18.1
34215,AM Peak,20.8
34215,AM Peak,17.4
34215,AM Peak,22.8
34215,AM Peak,24.8
34215,AM Peak,25.5
34215,AM Peak,26.5
34215,AM Peak,17.7
34215,AM Peak,19.4
34215,AM Peak,20.9
34215,AM Peak,19.9
34215,AM Peak,24.5
34215,AM Peak,28.4
34215,AM Peak,25.8
34215,AM Peak,22
34215,AM Peak,26.1
34215,AM Peak,25.6
34215,AM Peak,20.9
34215,AM Peak,14
34215,AM Peak,11.7
34215,AM Peak,22.7
34215,AM Peak,23.5
34215,AM Peak,18.7
34215,AM Peak,18.2
34215,AM Peak,18.1
34215,AM Peak,20.9
34215,AM Peak,20.7
34215,AM Peak,25.8
34215,AM Peak,25.5
34215,AM Peak,21.4
34215,AM Peak,24.7
34215,AM Peak,23.8
34215,AM Peak,14.9
34215,AM Peak,19
34215,AM Peak,12.4
34215,AM Peak,23.2
34215,AM Peak,20.8
34215,AM Peak,26.7
34215,AM Peak,24.5
34215,AM Peak,23.5
34215,AM Peak,38.7
34215,AM Peak,22
34215,AM Peak,21.4
34215,AM Peak,26.9
34215,AM Peak,22.6
34215,AM Peak,16.8
34215,AM Peak,23
34215,AM Peak,21.7
34215,AM Peak,26.1
34215,AM Peak,24.9
34215,AM Peak,16.9
34215,AM Peak,21.8
34215,AM Peak,23
34215,AM Peak,30.5
34215,AM Peak,18.1
34215,AM Peak,18.8
34215,AM Peak,24.2
34215,AM Peak,23.6
34215,AM Peak,22.1
34215,AM Peak,17.6
34215,AM Peak,24.6
34215,AM Peak,22.5
34215,AM Peak,16.4
34215,AM Peak,28.7
34215,AM Peak,19.5
34215,AM Peak,21.5
34215,AM Peak,17
34215,AM Peak,23
34215,AM Peak,22.2
34215,AM Peak,13.5
34215,AM Peak,23.8
34215,AM Peak,20
34215,AM Peak,21.3
34215,AM Peak,22
34215,AM Peak,26
34215,AM Peak,19.5
34215,AM Peak,14.8
34215,AM Peak,25.8
34215,AM Peak,22.2
34215,AM Peak,22.8
34215,AM Peak,24
34215,AM Peak,21.2
34215,AM Peak,22.1
34215,AM Peak,25.5
34215,AM Peak,21.2
34215,AM Peak,28.4
34215,AM Peak,29.7
34215,AM Peak,24.5
34215,AM Peak,19.3
34215,AM Peak,19.5
34215,AM Peak,19.6
34215,AM Peak,19.2
34215,AM Peak,17
34215,AM Peak,23.6
34215,AM Peak,24.9
34215,PM Peak,25.7
34215,PM Peak,28.6
34215,PM Peak,18.8
34215,PM Peak,22.2
34215,PM Peak,17
34215,PM Peak,27.5
34215,PM Peak,23.3
34215,PM Peak,17
34215,PM Peak,28.5
34215,PM Peak,25.8
34215,PM Peak,15.7
34215,PM Peak,24.7
34215,PM Peak,27.7
34215,PM Peak,24.3
34215,PM Peak,18.8
34215,PM Peak,24.8
34215,PM Peak,22.2
34215,PM Peak,16.3
34215,PM Peak,21.1
34215,PM Peak,22.8
34215,PM Peak,8.1
34215,PM Peak,14.5
34215,PM Peak,26.2
34215,PM Peak,32.6
34215,PM Peak,14.5
34215,PM Peak,20.1
34215,PM Peak,27.9
34215,PM Peak,20.6
34215,PM Peak,25.4
34215,PM Peak,23.7
34215,PM Peak,14.9
34215,PM Peak,32
34215,PM Peak,21.9
34215,PM Peak,16.5
34215,PM Peak,24.2
34215,PM Peak,21.7
34215,PM Peak,27.2
34215,PM Peak,18.9
34215,PM Peak,22
34215,PM Peak,20
34215,PM Peak,11.1
34215,PM Peak,21.2
34215,PM Peak,21.9
34215,PM Peak,22.7
34215,PM Peak,21.9
34215,PM Peak,17
34215,PM Peak,20.9
34215,PM Peak,19.3
34215,PM Peak,24.3
34215,PM Peak,22.6
34215,PM Peak,30.9
34215,PM Peak,24.6
34215,PM Peak,19.9
34215,PM Peak,18.6
34215,PM Peak,23.9
34215,PM Peak,26
34215,PM Peak,22.1
34215,PM Peak,23.9
34215,PM Peak,27.4
34215,PM Peak,21.7
34215,PM Peak,12.9
34215,PM Peak,21
34215,PM Peak,16.4
34215,PM Peak,18.3
34215,PM Peak,14.6
34215,PM Peak,12.4
34215,PM Peak,27.1
34215,PM Peak,17.7
34215,PM Peak,22.9
34215,PM Peak,19.2
34215,PM Peak,19.8
34215,PM Peak,22.7
34215,PM Peak,25.1
34215,PM Peak,28
34215,PM Peak,25.4
34215,PM Peak,21.4
34215,PM Peak,19.7
34215,PM Peak,24.1
34215,PM Peak,20.7
34215,PM Peak,23.2
34215,PM Peak,35.3
34215,PM Peak,19.1
34215,PM Peak,26.8
34215,PM Peak,18.9
34215,PM Peak,25.7
34215,PM Peak,22.2
34215,PM Peak,23.8
34215,PM Peak,21.6
34215,PM Peak,28
34215,PM Peak,29.1
34215,PM Peak,18.6
34215,PM Peak,16.5
34215,PM Peak,27.7
34215,PM Peak,21.5
34215,PM Peak,21.1
34215,PM Peak,20.3
34215,PM Peak,25.1
34215,PM Peak,19.3
34215,PM Peak,18.3
34215,PM Peak,18.1
34215,PM Peak,20.4
34215,PM Peak,13.3
34215,PM Peak,19.2
34215,PM Peak,23.4
34215,PM Peak,24.9
34215,PM Peak,22.9
34215,PM Peak,22.5
34215,PM Peak,21.9
34215,PM Peak,23.9
34215,PM Peak,21.6
34215,PM Peak,24.7
34215,PM Peak,21.7
34215,PM Peak,21.6
34215,PM Peak,15.8
34215,PM Peak,27.4
34215,PM Peak,19.7
34215,PM Peak,17.5
34215,PM Peak,22.1
34215,PM Peak,23.2
34215,PM Peak,24
34215,PM Peak,22
34215,PM Peak,24.3
34215,PM Peak,22.8
34215,PM Peak,17.6
34215,PM Peak,21.3
34215,PM Peak,24.3
34215,PM Peak,25
34215,PM Peak,24.1
34215,PM Peak,14.8
34215,PM Peak,28.1
34215,PM Peak,26.2
34215,PM Peak,29.2
34215,PM Peak,21.4
34215,PM Peak,21.1
34215,PM Peak,24.7
34215,PM Peak,18.9
34215,PM Peak,23.4
34215,PM Peak,12.6
34215,PM Peak,18.4
34215,PM Peak,29.5
34215,PM Peak,24.1
34215,PM Peak,22.8
34215,PM Peak,24.2
34215,PM Peak,25.1
34215,PM Peak,23.1
34215,PM Peak,18.7
34215,PM Peak,24.3
34215,PM Peak,14.4
34215,PM Peak,15.6
34215,PM Peak,19
34215,PM Peak,31
34215,PM Peak,21.8
34215,PM Peak,23.5
34215,PM Peak,21.8
34215,PM Peak,21
34215,PM Peak,25.3
34215,PM Peak,20.5
34215,PM Peak,17.8
34215,PM Peak,22.6
34215,PM Peak,22.6
34215,PM Peak,19.2
34215,PM Peak,10.2
34215,PM Peak,21.4
34215,PM Peak,18.9
34215,PM Peak,19.6
34215,PM Peak,16
34215,PM Peak,31.9
34215,PM Peak,15.9
34215,PM Peak,21.5
34215,PM Peak,16.7
34215,PM Peak,18.4
34215,PM Peak,21.5
34215,PM Peak,23.1
34215,PM Peak,23.6
34215,PM Peak,20
34215,PM Peak,19.3
34215,PM Peak,23.3
34215,PM Peak,19.6
34215,PM Peak,25.4
34215,PM Peak,21.7
34215,PM Peak,18.3
34215,PM Peak,25.3
34215,PM Peak,20.2
34215,PM Peak,20.7
34215,PM Peak,24.8
34215,PM Peak,21.9
34215,PM Peak,16.4
34215,PM Peak,23.5
34215,PM Peak,22.7
34215,PM Peak,22.5
34215,PM Peak,20.3
34215,PM Peak,19.9
34215,PM Peak,25.8
34215,PM Peak,25.9
34215,PM Peak,25.9
34215,PM Peak,26
34215,PM Peak,19.6
34215,PM Peak,20.8
34215,PM Peak,21.2
34215,PM Peak,21.1
34215,PM Peak,22.3
34215,PM Peak,17.2
34215,PM Peak,20.1
34215,PM Peak,19.9
34215,PM Peak,22.9
34215,PM Peak,28.4
34215,PM Peak,26.7
34215,PM Peak,25
34215,PM Peak,27
34215,PM Peak,27.4
34215,PM Peak,17.7
34215,PM Peak,27.5
34215,PM Peak,13.9
34215,PM Peak,24.1
34215,PM Peak,32.4
34215,PM Peak,16.7
34215,PM Peak,24.2
34215,PM Peak,21.9
34215,PM Peak,24.1
34215,PM Peak,25.8
34215,PM Peak,24.9
34215,PM Peak,25
34215,PM Peak,16
34215,PM Peak,29.7
34215,PM Peak,21.1
34215,PM Peak,21.4
34215,PM Peak,19.3
34215,PM Peak,23.7
34215,PM Peak,20.2
34215,PM Peak,19.3
34215,PM Peak,7.5
34215,PM Peak,22.4
34215,PM Peak,22.1
34215,PM Peak,28.2
34215,PM Peak,27.8
34215,PM Peak,20.3
34215,PM Peak,26.4
34215,PM Peak,23.9
34215,PM Peak,19.2
34215,PM Peak,20.9
34215,PM Peak,23
34215,PM Peak,12.7
34215,PM Peak,28.4
34215,PM Peak,18.3
34215,PM Peak,20.8
34215,PM Peak,21.3
34215,PM Peak,26.3
34215,PM Peak,22.1
34215,PM Peak,24.2
34215,PM Peak,24.7
34215,PM Peak,16.6
34215,PM Peak,13.9
34215,PM Peak,30.5
34215,PM Peak,20.8
34215,PM Peak,24.3
34215,PM Peak,18
34215,PM Peak,11.8
34215,PM Peak,17.2
34215,PM Peak,19.7
34215,PM Peak,23.6
34215,PM Peak,28.1
34215,PM Peak,25.2
34215,PM Peak,11
34215,PM Peak,26.7
34215,PM Peak,19.7
34215,PM Peak,22.4
34215,PM Peak,16.6
34215,PM Peak,24.5
34215,PM Peak,28.6
34215,PM Peak,11.8
34215,PM Peak,30.5
34215,PM Peak,17
34215,PM Peak,21.1
34215,PM Peak,23
34215,PM Peak,16.9
34215,PM Peak,19.8
34215,PM Peak,25.6
34215,PM Peak,21.5
34215,PM Peak,28.5
34215,PM Peak,23.7
34215,PM Peak,24.6
34215,PM Peak,22.6
34215,PM Peak,12
34215,PM Peak,17
34215,PM Peak,22
34215,PM Peak,20.5
34215,PM Peak,12.7
34215,PM Peak,16.2
34215,PM Peak,28.2
34215,PM Peak,12.6
34215,PM Peak,29.4
34215,PM Peak,24.5
34215,PM Peak,19.3
34215,PM Peak,19.7
34215,PM Peak,22
34215,PM Peak,25.3
34215,PM Peak,20.6
34215,PM Peak,23
34215,PM Peak,22.5
34215,PM Peak,22.7
34215,PM Peak,18.7
34215,PM Peak,17.9
34215,PM Peak,21.4
34215,PM Peak,17.5
34215,PM Peak,26.2
34215,PM Peak,18.5
34215,PM Peak,27.4
34215,PM Peak,18.3
34215,PM Peak,22
34215,PM Peak,28.8
34215,PM Peak,27.5
34215,PM Peak,30.6
34215,PM Peak,22.3
34215,PM Peak,19.6
34215,PM Peak,19.1
34215,PM Peak,32.3
34215,PM Peak,21.3
34215,PM Peak,20.3
34215,PM Peak,15.7
34215,PM Peak,31.2
34215,PM Peak,23.9
34215,PM Peak,18.2
34215,PM Peak,26.9
34215,PM Peak,20.2
34215,PM Peak,24.9
34215,PM Peak,21.2
34215,PM Peak,23.5
34215,PM Peak,25
34215,PM Peak,28.9
34215,PM Peak,20.4
34215,PM Peak,25.3
34215,PM Peak,14.4
34215,PM Peak,19.9
34215,PM Peak,24.2
34215,PM Peak,23.7
34215,PM Peak,26
34215,PM Peak,17.2
34215,PM Peak,20.1
34215,PM Peak,22.6
34215,PM Peak,24
34215,PM Peak,27.9
34215,PM Peak,31.4
34215,PM Peak,20.4
34215,PM Peak,19.1
34215,PM Peak,20.1
34215,PM Peak,26.1
34215,PM Peak,22.9
34215,PM Peak,23.7
34215,PM Peak,23.5
34215,PM Peak,18.6
34215,PM Peak,22.4
34215,PM Peak,22.9
34215,PM Peak,23.2
34215,PM Peak,32.2
34215,PM Peak,19.4
34215,PM Peak,23.4
34215,PM Peak,20.9
34215,PM Peak,17.7
34215,PM Peak,22.3
34215,PM Peak,27.2
34215,PM Peak,19.8
34215,PM Peak,26
34215,PM Peak,24.3
34215,PM Peak,28.3
34215,PM Peak,22.2
34215,PM Peak,24.1
34215,PM Peak,18.2
34215,PM Peak,23.7
34215,PM Peak,21.7
34215,PM Peak,15.2
34215,PM Peak,23.3
34215,PM Peak,19.5
34215,PM Peak,17.4
34215,PM Peak,26.5
34215,PM Peak,21.8
34215,PM Peak,19.3
34215,PM Peak,22
34215,PM Peak,21.1
34215,PM Peak,25
34215,PM Peak,25.1
34215,PM Peak,20.5
34215,PM Peak,19
34215,PM Peak,24.9
34215,PM Peak,28.4
34215,PM Peak,24
34215,PM Peak,26.4
34215,PM Peak,16.3
34215,PM Peak,25
34215,PM Peak,25.1
34215,PM Peak,15.1
34215,PM Peak,22.3
34215,PM Peak,22.3
34215,PM Peak,22.3
34215,PM Peak,13.2
34215,PM Peak,13.5
34215,PM Peak,15.2
34215,PM Peak,28.6
34215,PM Peak,25.2
34215,PM Peak,19.9
34215,PM Peak,23.2
34215,PM Peak,19.1
34215,PM Peak,23.2
34215,PM Peak,16.9
34215,PM Peak,21
34215,PM Peak,25.6
34215,PM Peak,15.9
34215,PM Peak,25.6
34215,PM Peak,23.9
34215,PM Peak,25.1
34215,PM Peak,20.6
34215,PM Peak,24.1
34215,PM Peak,17.9
34215,PM Peak,27.6
34215,PM Peak,22
34215,PM Peak,16.2
34215,PM Peak,17.3
34215,PM Peak,19.4
34215,PM Peak,14
34215,PM Peak,18.3
34215,PM Peak,24.4
34215,PM Peak,13
34215,PM Peak,29.6
34215,PM Peak,25.3
34215,PM Peak,29.4
34215,PM Peak,18.1
34215,PM Peak,21.2
34215,PM Peak,16.7
34215,PM Peak,27.4
34215,PM Peak,16.9
34215,PM Peak,22.6
34215,PM Peak,18.1
34215,PM Peak,26.2
34215,PM Peak,19.8
34215,PM Peak,27.5
34215,PM Peak,21.8
34215,PM Peak,24.6
34215,PM Peak,22
34215,PM Peak,26.5
34215,PM Peak,23.4
34215,PM Peak,17.9
34215,PM Peak,19.9
34215,PM Peak,19.6
34215,PM Peak,17.8
34215,PM Peak,15.5
34215,PM Peak,24.4
34215,PM Peak,17.2
34215,PM Peak,18.9
34215,PM Peak,28.7
34215,PM Peak,14.8
34215,PM Peak,22.7
34215,PM Peak,21.9
34215,PM Peak,14.9
34215,PM Peak,21.1
34215,PM Peak,15.2
34215,PM Peak,13.5
34215,PM Peak,21.7
34215,PM Peak,24
34215,PM Peak,23.3
34215,PM Peak,16.8
34215,PM Peak,16.2
34215,PM Peak,22.3
34215,PM Peak,25.9
34215,PM Peak,21.4
34215,PM Peak,23.8
34215,PM Peak,20.9
34215,PM Peak,14.5
34215,PM Peak,31.6
34215,PM Peak,18.8
34215,PM Peak,16.1
34215,PM Peak,20
34215,PM Peak,19.1
34215,PM Peak,19.5
34215,PM Peak,26.1
34215,PM Peak,17.5
34215,PM Peak,16
34215,PM Peak,26.5
34215,PM Peak,23.8
34215,PM Peak,23.7
34215,PM Peak,17.6
34215,PM Peak,23.1
34215,PM Peak,23.3
34215,PM Peak,18.9
34215,PM Peak,21.5
34215,PM Peak,17.4
34215,PM Peak,24.4
34215,PM Peak,16
34215,PM Peak,22
34215,PM Peak,23.8
34215,PM Peak,26.1
34215,PM Peak,21
34215,PM Peak,16.9
34215,PM Peak,19
34215,PM Peak,25.7
34215,PM Peak,19.9
34215,PM Peak,20.7
34215,PM Peak,18.6
34215,PM Peak,19
34215,PM Peak,24.3
34215,PM Peak,25.4
34215,PM Peak,23.3
34216,AM Peak,32.3
34216,AM Peak,29.5
34216,AM Peak,25.9
34216,AM Peak,31.3
34216,AM Peak,8.7
34216,AM Peak,23.7
34216,AM Peak,22.1
34216,AM Peak,28.3
34216,AM Peak,35.6
34216,AM Peak,29.7
34216,AM Peak,20.9
34216,AM Peak,27.6
34216,AM Peak,30.2
34216,AM Peak,26.6
34216,AM Peak,29.7
34216,AM Peak,36.9
34216,AM Peak,25
34216,AM Peak,15.9
34216,AM Peak,29.5
34216,AM Peak,25.4
34216,AM Peak,26.7
34216,AM Peak,29.4
34216,AM Peak,19.9
34216,AM Peak,27.4
34216,AM Peak,24.5
34216,AM Peak,24.7
34216,AM Peak,16.6
34216,AM Peak,29.3
34216,AM Peak,28.3
34216,AM Peak,21.8
34216,AM Peak,30
34216,AM Peak,20.2
34216,AM Peak,30.5
34216,AM Peak,22.4
34216,AM Peak,16.4
34216,AM Peak,25.5
34216,AM Peak,14.9
34216,AM Peak,26.7
34216,AM Peak,16.5
34216,AM Peak,27.9
34216,AM Peak,34.1
34216,AM Peak,27.5
34216,AM Peak,27.1
34216,AM Peak,24.9
34216,AM Peak,29.9
34216,AM Peak,20.7
34216,AM Peak,33.6
34216,AM Peak,20.2
34216,AM Peak,21.6
34216,AM Peak,31.8
34216,AM Peak,26.8
34216,AM Peak,27
34216,AM Peak,31.1
34216,AM Peak,28.4
34216,AM Peak,27.4
34216,AM Peak,32.9
34216,AM Peak,28.5
34216,AM Peak,30
34216,AM Peak,29.3
34216,AM Peak,20.9
34216,AM Peak,20.5
34216,AM Peak,20.6
34216,AM Peak,27.4
34216,AM Peak,28.6
34216,AM Peak,29.8
34216,AM Peak,32.4
34216,AM Peak,36.3
34216,AM Peak,27.4
34216,AM Peak,15.3
34216,AM Peak,29.2
34216,AM Peak,33.8
34216,AM Peak,18.4
34216,AM Peak,8
34216,AM Peak,21.8
34216,AM Peak,26.5
34216,AM Peak,21.2
34216,AM Peak,33.7
34216,AM Peak,25.6
34216,AM Peak,22.7
34216,AM Peak,25.1
34216,AM Peak,33.8
34216,AM Peak,22.5
34216,AM Peak,26.1
34216,AM Peak,29.1
34216,AM Peak,36.7
34216,AM Peak,32
34216,AM Peak,33
34216,AM Peak,30.3
34216,AM Peak,31.9
34216,AM Peak,30.8
34216,AM Peak,28.5
34216,AM Peak,21.2
34216,AM Peak,20.4
34216,AM Peak,25.3
34216,AM Peak,30
34216,AM Peak,29.4
34216,AM Peak,30.4
34216,AM Peak,27.6
34216,AM Peak,23.4
34216,AM Peak,30.1
34216,AM Peak,27.4
34216,AM Peak,28.6
34216,AM Peak,26.3
34216,AM Peak,27.6
34216,AM Peak,22.6
34216,AM Peak,23.5
34216,AM Peak,19.1
34216,AM Peak,26.4
34216,AM Peak,27.6
34216,AM Peak,31.5
34216,AM Peak,25.4
34216,AM Peak,26.7
34216,AM Peak,30.9
34216,AM Peak,17.3
34216,AM Peak,28.9
34216,AM Peak,26.6
34216,AM Peak,33.3
34216,AM Peak,20.4
34216,AM Peak,29.4
34216,AM Peak,30.9
34216,AM Peak,27.4
34216,AM Peak,28.8
34216,AM Peak,25.2
34216,AM Peak,14.5
34216,AM Peak,27.2
34216,AM Peak,28.2
34216,AM Peak,29.9
34216,AM Peak,31.8
34216,AM Peak,25.7
34216,AM Peak,29.7
34216,AM Peak,19.4
34216,AM Peak,30.7
34216,AM Peak,19.3
34216,AM Peak,16.2
34216,AM Peak,31.3
34216,AM Peak,25.9
34216,AM Peak,25.7
34216,AM Peak,30.1
34216,AM Peak,28.3
34216,AM Peak,25.2
34216,AM Peak,22.5
34216,AM Peak,31.8
34216,AM Peak,22.1
34216,AM Peak,32.8
34216,AM Peak,29.6
34216,AM Peak,28.6
34216,AM Peak,29.6
34216,AM Peak,33.3
34216,AM Peak,29.2
34216,AM Peak,20.8
34216,AM Peak,30.9
34216,AM Peak,25
34216,AM Peak,29.8
34216,AM Peak,10.6
34216,AM Peak,28.8
34216,AM Peak,26.2
34216,AM Peak,17.7
34216,AM Peak,25.9
34216,AM Peak,28.2
34216,AM Peak,26.2
34216,AM Peak,26.2
34216,AM Peak,19.4
34216,AM Peak,39
34216,AM Peak,28.9
34216,AM Peak,28.2
34216,AM Peak,35.8
34216,AM Peak,13.7
34216,AM Peak,26.8
34216,AM Peak,23.2
34216,AM Peak,15.5
34216,AM Peak,23.4
34216,AM Peak,22
34216,AM Peak,18.2
34216,AM Peak,12.5
34216,AM Peak,27.4
34216,AM Peak,13.6
34216,AM Peak,28
34216,AM Peak,24.5
34216,AM Peak,23
34216,AM Peak,20.6
34216,AM Peak,30.7
34216,AM Peak,20
34216,AM Peak,23.1
34216,AM Peak,13.8
34216,AM Peak,24.9
34216,AM Peak,27.6
34216,AM Peak,25.4
34216,AM Peak,14.4
34216,AM Peak,22.2
34216,AM Peak,14.7
34216,AM Peak,28.1
34216,AM Peak,25.6
34216,AM Peak,34.3
34216,AM Peak,27.9
34216,AM Peak,30.1
34216,AM Peak,29.7
34216,AM Peak,21.4
34216,AM Peak,29.6
34216,AM Peak,23.8
34216,AM Peak,2.8
34216,AM Peak,32.3
34216,AM Peak,33.9
34216,AM Peak,21.1
34216,AM Peak,27.8
34216,AM Peak,21.6
34216,AM Peak,35.8
34216,AM Peak,27.2
34216,AM Peak,14.2
34216,AM Peak,24
34216,AM Peak,26.7
34216,AM Peak,22
34216,AM Peak,20.9
34216,AM Peak,20.4
34216,AM Peak,30.8
34216,AM Peak,24.8
34216,AM Peak,33.3
34216,AM Peak,24.7
34216,AM Peak,30.8
34216,AM Peak,21.7
34216,AM Peak,25
34216,AM Peak,30
34216,AM Peak,19.4
34216,AM Peak,23
34216,AM Peak,22.7
34216,AM Peak,25.9
34216,AM Peak,12.4
34216,AM Peak,22.2
34216,AM Peak,23.2
34216,AM Peak,29.9
34216,AM Peak,34.7
34216,AM Peak,26.2
34216,AM Peak,24.5
34216,AM Peak,34.4
34216,AM Peak,26.3
34216,AM Peak,30.7
34216,AM Peak,36.5
34216,AM Peak,25.2
34216,AM Peak,30.2
34216,AM Peak,4
34216,AM Peak,31.5
34216,AM Peak,13.3
34216,AM Peak,23.5
34216,AM Peak,29.8
34216,AM Peak,28
34216,AM Peak,25.8
34216,AM Peak,30.3
34216,AM Peak,26
34216,AM Peak,28
34216,AM Peak,32.8
34216,AM Peak,26.8
34216,AM Peak,26.8
34216,AM Peak,26.7
34216,AM Peak,15.1
34216,AM Peak,26.5
34216,AM Peak,19.9
34216,AM Peak,23.4
34216,AM Peak,24.8
34216,AM Peak,21.5
34216,AM Peak,2.1
34216,AM Peak,26
34216,AM Peak,29
34216,AM Peak,29.4
34216,AM Peak,26.4
34216,AM Peak,14.4
34216,AM Peak,17.7
34216,AM Peak,3.8
34216,AM Peak,26.3
34216,AM Peak,27.4
34216,AM Peak,31.1
34216,AM Peak,25.6
34216,AM Peak,21.6
34216,AM Peak,22.5
34216,AM Peak,27.6
34216,AM Peak,19.7
34216,AM Peak,26.9
34216,AM Peak,22.4
34216,AM Peak,23.1
34216,AM Peak,27.9
34216,AM Peak,26.8
34216,AM Peak,29.6
34216,AM Peak,21.4
34216,AM Peak,26
34216,AM Peak,29.3
34216,AM Peak,31.1
34216,AM Peak,29.1
34216,AM Peak,21.7
34216,AM Peak,25.5
34216,AM Peak,31.9
34216,AM Peak,27.2
34216,AM Peak,16.9
34216,AM Peak,24.5
34216,AM Peak,24.6
34216,AM Peak,26.1
34216,AM Peak,24.3
34216,AM Peak,26.4
34216,AM Peak,13.7
34216,AM Peak,27.1
34216,AM Peak,29.1
34216,AM Peak,32.8
34216,AM Peak,28.3
34216,AM Peak,31.2
34216,AM Peak,25.7
34216,AM Peak,25.6
34216,AM Peak,26.3
34216,AM Peak,30.3
34216,AM Peak,30.2
34216,AM Peak,27.6
34216,AM Peak,23.1
34216,AM Peak,28.4
34216,AM Peak,23.1
34216,AM Peak,24.1
34216,AM Peak,24.6
34216,AM Peak,23.7
34216,AM Peak,19.4
34216,AM Peak,24.2
34216,AM Peak,29.9
34216,AM Peak,32.1
34216,AM Peak,34.6
34216,AM Peak,30
34216,AM Peak,20
34216,AM Peak,25.3
34216,AM Peak,26.7
34216,AM Peak,27.4
34216,AM Peak,21.2
34216,AM Peak,26.1
34216,AM Peak,31.3
34216,AM Peak,22
34216,AM Peak,32.5
34216,AM Peak,29.5
34216,AM Peak,16.5
34216,AM Peak,28.7
34216,AM Peak,36
34216,AM Peak,6
34216,AM Peak,24.8
34216,AM Peak,31
34216,AM Peak,25.8
34216,AM Peak,28.2
34216,AM Peak,28.8
34216,AM Peak,27.2
34216,AM Peak,31
34216,AM Peak,19.8
34216,AM Peak,22.8
34216,AM Peak,28.1
34216,AM Peak,24.6
34216,AM Peak,29.4
34216,AM Peak,20.3
34216,AM Peak,39.6
34216,AM Peak,17.4
34216,AM Peak,25.9
34216,AM Peak,11.1
34216,AM Peak,26.7
34216,AM Peak,28.3
34216,AM Peak,23.1
34216,AM Peak,36
34216,AM Peak,32.2
34216,AM Peak,25.5
34216,AM Peak,29.5
34216,AM Peak,34.5
34216,AM Peak,24.3
34216,AM Peak,24.3
34216,AM Peak,27.9
34216,AM Peak,16.6
34216,AM Peak,30
34216,AM Peak,4.8
34216,AM Peak,27
34216,AM Peak,28.2
34216,AM Peak,27.3
34216,AM Peak,30.4
34216,AM Peak,26.5
34216,AM Peak,23.3
34216,AM Peak,29.3
34216,AM Peak,31.5
34216,AM Peak,23.4
34216,AM Peak,24
34216,AM Peak,14.2
34216,AM Peak,15.5
34216,AM Peak,28.8
34216,AM Peak,32
34216,AM Peak,26.9
34216,AM Peak,24.9
34216,AM Peak,28.7
34216,AM Peak,31.4
34216,AM Peak,26.2
34216,AM Peak,26.2
34216,AM Peak,25.7
34216,AM Peak,36.2
34216,AM Peak,17
34216,AM Peak,36.1
34216,AM Peak,27.4
34216,AM Peak,27.8
34216,AM Peak,19.1
34216,AM Peak,26.8
34216,AM Peak,31.2
34216,AM Peak,26.5
34216,AM Peak,27.2
34216,AM Peak,28.6
34216,AM Peak,25.6
34216,AM Peak,22.8
34216,AM Peak,34.4
34216,AM Peak,15.8
34216,AM Peak,29.2
34216,AM Peak,26.2
34216,AM Peak,21.3
34216,AM Peak,17.9
34216,AM Peak,20.8
34216,AM Peak,20
34216,AM Peak,23.9
34216,AM Peak,29.8
34216,AM Peak,28.5
34216,AM Peak,25.1
34216,AM Peak,20.5
34216,AM Peak,24.8
34216,AM Peak,17.5
34216,AM Peak,15.5
34216,AM Peak,27.2
34216,AM Peak,29.3
34216,AM Peak,29.5
34216,AM Peak,35
34216,AM Peak,29.5
34216,AM Peak,19
34216,AM Peak,18.2
34216,AM Peak,24.2
34216,AM Peak,31.2
34216,AM Peak,29.9
34216,AM Peak,30.8
34216,AM Peak,25.8
34216,AM Peak,35.2
34216,AM Peak,31.6
34216,AM Peak,31.5
34216,AM Peak,28.7
34216,AM Peak,30.7
34216,AM Peak,24.5
34216,AM Peak,26.2
34216,AM Peak,32
34216,AM Peak,29.1
34216,AM Peak,23
34216,AM Peak,31.5
34216,AM Peak,29.2
34216,AM Peak,25
34216,AM Peak,25.3
34216,AM Peak,27.9
34216,AM Peak,28.2
34216,AM Peak,26.8
34216,AM Peak,20.8
34216,AM Peak,26.6
34216,AM Peak,26.9
34216,AM Peak,23.6
34216,AM Peak,2.9
34216,AM Peak,18
34216,AM Peak,17.4
34216,AM Peak,27.8
34216,AM Peak,24.8
34216,AM Peak,25.4
34216,AM Peak,31.8
34216,AM Peak,27.3
34216,AM Peak,26
34216,AM Peak,22
34216,AM Peak,28.1
34216,AM Peak,26.1
34216,AM Peak,27.5
34216,AM Peak,16.8
34216,AM Peak,27.8
34216,AM Peak,25.2
34216,AM Peak,30
34216,AM Peak,30.7
34216,AM Peak,31.8
34216,AM Peak,30.9
34216,AM Peak,24
34216,AM Peak,27.3
34216,AM Peak,24.9
34216,AM Peak,28.8
34216,AM Peak,26.6
34216,AM Peak,10.5
34216,AM Peak,30.2
34216,AM Peak,22.5
34216,AM Peak,20.6
34216,AM Peak,30.8
34216,AM Peak,21.2
34216,AM Peak,23.1
34216,AM Peak,25.1
34216,AM Peak,28.1
34216,AM Peak,27.9
34216,AM Peak,29.3
34216,AM Peak,26.4
34216,AM Peak,26.2
34216,AM Peak,15
34216,AM Peak,28.2
34216,AM Peak,27.7
34216,AM Peak,34.1
34216,AM Peak,28.6
34216,AM Peak,22.1
34216,AM Peak,26.6
34216,AM Peak,26.8
34216,AM Peak,27.4
34216,AM Peak,26.1
34216,AM Peak,32.5
34216,AM Peak,35.7
34216,AM Peak,25.1
34216,AM Peak,30
34216,AM Peak,20.6
34216,PM Peak,24.5
34216,PM Peak,26.2
34216,PM Peak,19.6
34216,PM Peak,31.3
34216,PM Peak,22.5
34216,PM Peak,11.7
34216,PM Peak,18
34216,PM Peak,26.5
34216,PM Peak,15
34216,PM Peak,26.3
34216,PM Peak,15.5
34216,PM Peak,28.6
34216,PM Peak,17.9
34216,PM Peak,15.5
34216,PM Peak,22.4
34216,PM Peak,17.6
34216,PM Peak,30.5
34216,PM Peak,24.1
34216,PM Peak,19.6
34216,PM Peak,23.7
34216,PM Peak,14.8
34216,PM Peak,26.2
34216,PM Peak,22.1
34216,PM Peak,25.9
34216,PM Peak,27
34216,PM Peak,26.4
34216,PM Peak,25.5
34216,PM Peak,35.3
34216,PM Peak,14.4
34216,PM Peak,15.7
34216,PM Peak,23.2
34216,PM Peak,19.4
34216,PM Peak,19.8
34216,PM Peak,15.3
34216,PM Peak,23.6
34216,PM Peak,17.2
34216,PM Peak,24.6
34216,PM Peak,21
34216,PM Peak,22.8
34216,PM Peak,20
34216,PM Peak,18.3
34216,PM Peak,18.6
34216,PM Peak,28.9
34216,PM Peak,10.1
34216,PM Peak,13
34216,PM Peak,16.1
34216,PM Peak,27.7
34216,PM Peak,21.7
34216,PM Peak,2.3
34216,PM Peak,33.3
34216,PM Peak,15.3
34216,PM Peak,22.3
34216,PM Peak,24.9
34216,PM Peak,26.4
34216,PM Peak,23.8
34216,PM Peak,22.7
34216,PM Peak,12.7
34216,PM Peak,23.8
34216,PM Peak,24.4
34216,PM Peak,19.2
34216,PM Peak,16.3
34216,PM Peak,21.3
34216,PM Peak,20.2
34216,PM Peak,31.6
34216,PM Peak,24.3
34216,PM Peak,29.2
34216,PM Peak,21.9
34216,PM Peak,9
34216,PM Peak,40
34216,PM Peak,15
34216,PM Peak,17.4
34216,PM Peak,4.4
34216,PM Peak,24
34216,PM Peak,31.6
34216,PM Peak,17.8
34216,PM Peak,22.8
34216,PM Peak,15.1
34216,PM Peak,24.6
34216,PM Peak,25.4
34216,PM Peak,22.3
34216,PM Peak,17.7
34216,PM Peak,13.7
34216,PM Peak,20.8
34216,PM Peak,22.4
34216,PM Peak,32.9
34216,PM Peak,12.8
34216,PM Peak,29.1
34216,PM Peak,17.5
34216,PM Peak,22.1
34216,PM Peak,20
34216,PM Peak,16.3
34216,PM Peak,15.3
34216,PM Peak,17.7
34216,PM Peak,21.1
34216,PM Peak,25.6
34216,PM Peak,27.8
34216,PM Peak,23.6
34216,PM Peak,18
34216,PM Peak,35.6
34216,PM Peak,24.6
34216,PM Peak,17.7
34216,PM Peak,24.5
34216,PM Peak,21.1
34216,PM Peak,25.8
34216,PM Peak,20.3
34216,PM Peak,25
34216,PM Peak,21.3
34216,PM Peak,12.2
34216,PM Peak,26.3
34216,PM Peak,18.7
34216,PM Peak,22.8
34216,PM Peak,15.4
34216,PM Peak,24.6
34216,PM Peak,23.5
34216,PM Peak,27.6
34216,PM Peak,17.7
34216,PM Peak,19.3
34216,PM Peak,19.4
34216,PM Peak,16.6
34216,PM Peak,26
34216,PM Peak,21.1
34216,PM Peak,25.6
34216,PM Peak,26.2
34216,PM Peak,14.9
34216,PM Peak,29.1
34216,PM Peak,20.2
34216,PM Peak,22
34216,PM Peak,17.6
34216,PM Peak,26.3
34216,PM Peak,16.9
34216,PM Peak,23.6
34216,PM Peak,33.3
34216,PM Peak,15.2
34216,PM Peak,18.9
34216,PM Peak,21.9
34216,PM Peak,29.7
34216,PM Peak,28.8
34216,PM Peak,27.9
34216,PM Peak,21.5
34216,PM Peak,16.9
34216,PM Peak,24
34216,PM Peak,17.1
34216,PM Peak,23.2
34216,PM Peak,19
34216,PM Peak,23.1
34216,PM Peak,27.4
34216,PM Peak,26.7
34216,PM Peak,15
34216,PM Peak,17.9
34216,PM Peak,15.5
34216,PM Peak,30.3
34216,PM Peak,14.7
34216,PM Peak,16.6
34216,PM Peak,21.5
34216,PM Peak,25.1
34216,PM Peak,19.2
34216,PM Peak,13.4
34216,PM Peak,17.9
34216,PM Peak,24.7
34216,PM Peak,21.2
34216,PM Peak,15.6
34216,PM Peak,20.8
34216,PM Peak,19.7
34216,PM Peak,19.9
34216,PM Peak,24.9
34216,PM Peak,13.2
34216,PM Peak,25.6
34216,PM Peak,20.2
34216,PM Peak,19.6
34216,PM Peak,24.5
34216,PM Peak,31.8
34216,PM Peak,13
34216,PM Peak,26.6
34216,PM Peak,23.8
34216,PM Peak,20.9
34216,PM Peak,23.1
34216,PM Peak,20.8
34216,PM Peak,21.1
34216,PM Peak,29.5
34216,PM Peak,20.7
34216,PM Peak,19.1
34216,PM Peak,14.9
34216,PM Peak,18.5
34216,PM Peak,24.6
34216,PM Peak,31.8
34216,PM Peak,24.1
34216,PM Peak,23.8
34216,PM Peak,23.9
34216,PM Peak,20.9
34216,PM Peak,40.7
34216,PM Peak,26.3
34216,PM Peak,24.2
34216,PM Peak,22.7
34216,PM Peak,23
34216,PM Peak,20.7
34216,PM Peak,25.9
34216,PM Peak,16.7
34216,PM Peak,26.3
34216,PM Peak,12.4
34216,PM Peak,30.3
34216,PM Peak,31.6
34216,PM Peak,29
34216,PM Peak,19.2
34216,PM Peak,20.4
34216,PM Peak,24.7
34216,PM Peak,19.4
34216,PM Peak,30.8
34216,PM Peak,19.6
34216,PM Peak,18.7
34216,PM Peak,19.3
34216,PM Peak,25.5
34216,PM Peak,12.3
34216,PM Peak,18.7
34216,PM Peak,15.7
34216,PM Peak,16
34216,PM Peak,8.7
34216,PM Peak,22.9
34216,PM Peak,29.7
34216,PM Peak,16.8
34216,PM Peak,22
34216,PM Peak,28.5
34216,PM Peak,24.7
34216,PM Peak,29.6
34216,PM Peak,27.3
34216,PM Peak,23.2
34216,PM Peak,24.4
34216,PM Peak,23.8
34216,PM Peak,11.3
34216,PM Peak,23
34216,PM Peak,31.5
34216,PM Peak,20.8
34216,PM Peak,18.8
34216,PM Peak,20.2
34216,PM Peak,22.6
34216,PM Peak,26.1
34216,PM Peak,17.2
34216,PM Peak,31.8
34216,PM Peak,16.6
34216,PM Peak,15.2
34216,PM Peak,20.4
34216,PM Peak,19.7
34216,PM Peak,26.4
34216,PM Peak,26.2
34216,PM Peak,18.7
34216,PM Peak,14.7
34216,PM Peak,16.1
34216,PM Peak,21.9
34216,PM Peak,16.4
34216,PM Peak,12.6
34216,PM Peak,19.8
34216,PM Peak,15.3
34216,PM Peak,28.1
34216,PM Peak,21.4
34216,PM Peak,23.7
34216,PM Peak,24.9
34216,PM Peak,23
34216,PM Peak,25.5
34216,PM Peak,32.1
34216,PM Peak,23.4
34216,PM Peak,28
34216,PM Peak,20.2
34216,PM Peak,29.1
34216,PM Peak,18.6
34216,PM Peak,23.2
34216,PM Peak,29.7
34216,PM Peak,14.4
34216,PM Peak,31.7
34216,PM Peak,21.1
34216,PM Peak,19.9
34216,PM Peak,21.8
34216,PM Peak,24.5
34216,PM Peak,17.5
34216,PM Peak,29.8
34216,PM Peak,29.7
34216,PM Peak,24.3
34216,PM Peak,18.2
34216,PM Peak,19.1
34216,PM Peak,7
34216,PM Peak,21.6
34216,PM Peak,20.9
34216,PM Peak,16
34216,PM Peak,29.5
34216,PM Peak,15.6
34216,PM Peak,17.4
34216,PM Peak,17
34216,PM Peak,16.2
34216,PM Peak,18.6
34216,PM Peak,24.7
34216,PM Peak,26.6
34216,PM Peak,28
34216,PM Peak,31.6
34216,PM Peak,28.2
34216,PM Peak,30
34216,PM Peak,23.6
34216,PM Peak,18.3
34216,PM Peak,18.7
34216,PM Peak,34.4
34216,PM Peak,27.3
34216,PM Peak,27.7
34216,PM Peak,9.5
34216,PM Peak,26.2
34216,PM Peak,15.3
34216,PM Peak,22.8
34216,PM Peak,12.4
34216,PM Peak,17.1
34216,PM Peak,15.9
34216,PM Peak,21.6
34216,PM Peak,18.6
34216,PM Peak,20
34216,PM Peak,28
34216,PM Peak,27.3
34216,PM Peak,17.2
34216,PM Peak,34.1
34216,PM Peak,26.8
34216,PM Peak,20.9
34216,PM Peak,26.1
34216,PM Peak,27
34216,PM Peak,16.7
34216,PM Peak,19.9
34216,PM Peak,26.4
34216,PM Peak,15
34216,PM Peak,16.6
34216,PM Peak,24.2
34216,PM Peak,23.2
34216,PM Peak,32.7
34216,PM Peak,18.8
34216,PM Peak,26.3
34216,PM Peak,20.4
34216,PM Peak,15.4
34216,PM Peak,26.2
34216,PM Peak,13.8
34216,PM Peak,13.7
34216,PM Peak,15.1
34216,PM Peak,15.6
34216,PM Peak,15.3
34216,PM Peak,21.2
34216,PM Peak,20
34216,PM Peak,28.4
34216,PM Peak,23.8
34216,PM Peak,30.7
34216,PM Peak,24.1
34216,PM Peak,34
34216,PM Peak,18.1
34216,PM Peak,31.8
34216,PM Peak,31.8
34216,PM Peak,32.4
34216,PM Peak,16.1
34216,PM Peak,25.2
34216,PM Peak,38.1
34216,PM Peak,15.2
34216,PM Peak,23.3
34216,PM Peak,15.7
34216,PM Peak,31.2
34216,PM Peak,10.7
34216,PM Peak,20.2
34216,PM Peak,19.9
34216,PM Peak,18.4
34216,PM Peak,21.4
34216,PM Peak,18.7
34216,PM Peak,15.3
34216,PM Peak,11.9
34216,PM Peak,26.1
34216,PM Peak,26.7
34216,PM Peak,24.3
34216,PM Peak,28.4
34216,PM Peak,23
34216,PM Peak,26.1
34216,PM Peak,22.5
34216,PM Peak,29.2
34216,PM Peak,19.5
34216,PM Peak,25.5
34216,PM Peak,25.2
34216,PM Peak,20.9
34216,PM Peak,17.9
34216,PM Peak,15.5
34216,PM Peak,34.2
34216,PM Peak,25.5
34216,PM Peak,18.6
34216,PM Peak,27.8
34216,PM Peak,18
34216,PM Peak,26.9
34216,PM Peak,18.5
34216,PM Peak,14.9
34216,PM Peak,14.8
34216,PM Peak,25.4
34216,PM Peak,16.3
34216,PM Peak,13.4
34216,PM Peak,7.2
34216,PM Peak,20
34216,PM Peak,16.3
34216,PM Peak,24.7
34216,PM Peak,23.4
34216,PM Peak,27.9
34216,PM Peak,19.7
34216,PM Peak,20.5
34216,PM Peak,32.4
34216,PM Peak,17.4
34216,PM Peak,26.1
34216,PM Peak,19
34216,PM Peak,25.1
34216,PM Peak,22
34216,PM Peak,10.4
34216,PM Peak,17
34216,PM Peak,22.1
34216,PM Peak,17.4
34216,PM Peak,27.3
34216,PM Peak,28.1
34216,PM Peak,19.6
34216,PM Peak,11.6
34216,PM Peak,26.3
34216,PM Peak,23.5
34216,PM Peak,16.5
34216,PM Peak,25.6
34216,PM Peak,36.1
34216,PM Peak,14.5
34216,PM Peak,24.8
34216,PM Peak,13.9
34216,PM Peak,9.1
34216,PM Peak,27.7
34216,PM Peak,25.3
34216,PM Peak,17.5
34216,PM Peak,30.8
34216,PM Peak,26.5
34216,PM Peak,27.8
34216,PM Peak,18.2
34216,PM Peak,16.9
34216,PM Peak,25.8
34216,PM Peak,18.9
34216,PM Peak,23.1
34216,PM Peak,21
34216,PM Peak,21.5
34216,PM Peak,24.4
34216,PM Peak,15.5
34216,PM Peak,32.9
34216,PM Peak,26.8
34216,PM Peak,17.4
34216,PM Peak,30.3
34216,PM Peak,14.8
34216,PM Peak,17
34216,PM Peak,30.3
34216,PM Peak,26.8
34216,PM Peak,18.2
34216,PM Peak,26.4
34216,PM Peak,18.2
34216,PM Peak,22.8
34216,PM Peak,23
34216,PM Peak,26
34216,PM Peak,17.2
34216,PM Peak,22.9
34216,PM Peak,18.9
34216,PM Peak,30.3
34216,PM Peak,19.2
34216,PM Peak,21.1
34216,PM Peak,23.2
34216,PM Peak,17.9
34216,PM Peak,18.8
34216,PM Peak,12.1
34216,PM Peak,15.2
34216,PM Peak,13.8
34216,PM Peak,16
34216,PM Peak,22.7
34216,PM Peak,20.4
34216,PM Peak,28.2
34216,PM Peak,13.6
34216,PM Peak,14.7
34216,PM Peak,22.4
34216,PM Peak,28
34216,PM Peak,15.5
34216,PM Peak,14.5
34216,PM Peak,29.8
34216,PM Peak,21.5
34216,PM Peak,26.3
34216,PM Peak,22.4
34216,PM Peak,26.6
34216,PM Peak,10.6
34216,PM Peak,21.6
34216,PM Peak,21.4
34216,PM Peak,37
34216,PM Peak,15.1
34216,PM Peak,22.5
34216,PM Peak,11.7
34216,PM Peak,18.1
34216,PM Peak,27.5
34216,PM Peak,17.7
34216,PM Peak,14.4
34216,PM Peak,18.9
34216,PM Peak,22.4
34216,PM Peak,19.8
34216,PM Peak,20.7
34216,PM Peak,13.3
34216,PM Peak,17.4
34216,PM Peak,20.1
34216,PM Peak,17.6
34216,PM Peak,31.7
34216,PM Peak,24.9
34216,PM Peak,16.2
34216,PM Peak,15.9
34216,PM Peak,28.3
34216,PM Peak,23.1
34216,PM Peak,26.1
34217,AM Peak,19.7
34217,AM Peak,25.8
34217,AM Peak,19.8
34217,AM Peak,18.7
34217,AM Peak,34
34217,AM Peak,24.4
34217,AM Peak,23.3
34217,AM Peak,20
34217,AM Peak,21
34217,AM Peak,18.9
34217,AM Peak,24.6
34217,AM Peak,22.6
34217,AM Peak,18.4
34217,AM Peak,17.4
34217,AM Peak,17.7
34217,AM Peak,20
34217,AM Peak,20.4
34217,AM Peak,22.8
34217,AM Peak,14.9
34217,AM Peak,25.6
34217,AM Peak,22.7
34217,AM Peak,20.6
34217,AM Peak,22.2
34217,AM Peak,23.7
34217,AM Peak,22.9
34217,AM Peak,20.2
34217,AM Peak,25.6
34217,AM Peak,12.9
34217,AM Peak,26.2
34217,AM Peak,16.5
34217,AM Peak,27.6
34217,AM Peak,20.5
34217,AM Peak,31.7
34217,AM Peak,17.2
34217,AM Peak,16.7
34217,AM Peak,19.5
34217,AM Peak,13.5
34217,AM Peak,27.4
34217,AM Peak,21.6
34217,AM Peak,17.7
34217,AM Peak,19.5
34217,AM Peak,23
34217,AM Peak,32.4
34217,AM Peak,32.3
34217,AM Peak,28
34217,AM Peak,21.3
34217,AM Peak,24.2
34217,AM Peak,23.6
34217,AM Peak,17.9
34217,AM Peak,21.6
34217,AM Peak,23.1
34217,AM Peak,25
34217,AM Peak,23.2
34217,AM Peak,21.1
34217,AM Peak,20.8
34217,AM Peak,25.9
34217,AM Peak,16.9
34217,AM Peak,16.7
34217,AM Peak,22.6
34217,AM Peak,17.5
34217,AM Peak,20.8
34217,AM Peak,22.2
34217,AM Peak,18.5
34217,AM Peak,13.6
34217,AM Peak,21
34217,AM Peak,25.5
34217,AM Peak,23.8
34217,AM Peak,22
34217,AM Peak,35.7
34217,AM Peak,39.6
34217,AM Peak,14.2
34217,AM Peak,18.4
34217,AM Peak,20.7
34217,AM Peak,20.1
34217,AM Peak,22.4
34217,AM Peak,23.6
34217,AM Peak,26.1
34217,AM Peak,24.1
34217,AM Peak,17.8
34217,AM Peak,20.4
34217,AM Peak,18.9
34217,AM Peak,19.8
34217,AM Peak,20.9
34217,AM Peak,24.8
34217,AM Peak,19.4
34217,AM Peak,17.6
34217,AM Peak,26.9
34217,AM Peak,13.8
34217,AM Peak,21
34217,AM Peak,23.5
34217,AM Peak,15.3
34217,AM Peak,19.8
34217,AM Peak,21.4
34217,AM Peak,17.9
34217,AM Peak,21
34217,AM Peak,13.4
34217,AM Peak,22.8
34217,AM Peak,23.4
34217,AM Peak,21.1
34217,AM Peak,21.8
34217,AM Peak,21.9
34217,AM Peak,24.9
34217,AM Peak,17.6
34217,AM Peak,18.4
34217,AM Peak,17.2
34217,AM Peak,25.5
34217,AM Peak,22.9
34217,AM Peak,20.8
34217,AM Peak,19
34217,AM Peak,12.5
34217,AM Peak,20.8
34217,AM Peak,19.5
34217,AM Peak,16.3
34217,AM Peak,19.1
34217,AM Peak,9.1
34217,AM Peak,18.1
34217,AM Peak,15.2
34217,AM Peak,23.6
34217,AM Peak,23.5
34217,AM Peak,28.4
34217,AM Peak,18.7
34217,AM Peak,26
34217,AM Peak,22.7
34217,AM Peak,20.2
34217,AM Peak,25.3
34217,AM Peak,15.6
34217,AM Peak,23.6
34217,AM Peak,18.6
34217,AM Peak,20.6
34217,AM Peak,22.8
34217,AM Peak,19
34217,AM Peak,21
34217,AM Peak,19.9
34217,AM Peak,14.2
34217,AM Peak,25.6
34217,AM Peak,23
34217,AM Peak,17.5
34217,AM Peak,19.8
34217,AM Peak,25.7
34217,AM Peak,16.9
34217,AM Peak,20.5
34217,AM Peak,26.1
34217,AM Peak,18
34217,AM Peak,19.2
34217,AM Peak,18.6
34217,AM Peak,19.1
34217,AM Peak,22.8
34217,AM Peak,22.5
34217,AM Peak,26.9
34217,AM Peak,21.2
34217,AM Peak,26.1
34217,AM Peak,23.7
34217,AM Peak,20
34217,AM Peak,11.7
34217,AM Peak,22.7
34217,AM Peak,20.3
34217,AM Peak,15.1
34217,AM Peak,23.7
34217,AM Peak,22.6
34217,AM Peak,18.1
34217,AM Peak,13.7
34217,AM Peak,16.3
34217,AM Peak,18.9
34217,AM Peak,18.7
34217,AM Peak,21.2
34217,AM Peak,22.2
34217,AM Peak,26.1
34217,AM Peak,20.6
34217,AM Peak,13.4
34217,AM Peak,23.3
34217,AM Peak,30.5
34217,AM Peak,27.9
34217,AM Peak,22.9
34217,AM Peak,15.3
34217,AM Peak,17.7
34217,AM Peak,31.9
34217,AM Peak,19.6
34217,AM Peak,22.2
34217,AM Peak,22.2
34217,AM Peak,17.2
34217,AM Peak,24
34217,AM Peak,20.8
34217,AM Peak,19.1
34217,AM Peak,17.5
34217,AM Peak,29.3
34217,AM Peak,16.2
34217,AM Peak,17.8
34217,AM Peak,19.4
34217,AM Peak,26.6
34217,AM Peak,26.4
34217,AM Peak,19.2
34217,AM Peak,19.4
34217,AM Peak,20.5
34217,AM Peak,19.2
34217,AM Peak,19
34217,AM Peak,17.6
34217,AM Peak,20
34217,AM Peak,28.6
34217,AM Peak,29
34217,AM Peak,12.5
34217,AM Peak,20.5
34217,AM Peak,20.5
34217,AM Peak,21.5
34217,AM Peak,32.1
34217,AM Peak,25.6
34217,AM Peak,24.7
34217,AM Peak,19.2
34217,AM Peak,23.5
34217,AM Peak,16.8
34217,AM Peak,22.7
34217,AM Peak,19.8
34217,AM Peak,19.6
34217,AM Peak,24.2
34217,AM Peak,16.3
34217,AM Peak,20.1
34217,AM Peak,17.1
34217,AM Peak,20.2
34217,AM Peak,23.4
34217,AM Peak,20.3
34217,AM Peak,21.2
34217,AM Peak,20.6
34217,AM Peak,22.1
34217,AM Peak,22.3
34217,AM Peak,23.9
34217,AM Peak,23.2
34217,AM Peak,27.2
34217,AM Peak,17.9
34217,AM Peak,20
34217,AM Peak,22.6
34217,AM Peak,20.5
34217,AM Peak,16.6
34217,AM Peak,18.2
34217,AM Peak,29.9
34217,AM Peak,27.7
34217,AM Peak,26.5
34217,AM Peak,22.5
34217,AM Peak,13.7
34217,AM Peak,20
34217,AM Peak,22.4
34217,AM Peak,20.1
34217,AM Peak,18.7
34217,AM Peak,13.5
34217,AM Peak,15
34217,AM Peak,15.2
34217,AM Peak,17.7
34217,AM Peak,21.5
34217,AM Peak,20.5
34217,AM Peak,21.7
34217,AM Peak,22.9
34217,AM Peak,23.1
34217,AM Peak,30.5
34217,AM Peak,17.9
34217,AM Peak,20.6
34217,AM Peak,20
34217,AM Peak,20.9
34217,AM Peak,24.8
34217,AM Peak,17.8
34217,AM Peak,23.9
34217,AM Peak,22.1
34217,AM Peak,15.1
34217,AM Peak,15.6
34217,AM Peak,18.2
34217,AM Peak,24.5
34217,AM Peak,34.2
34217,AM Peak,30.1
34217,AM Peak,17.7
34217,AM Peak,26
34217,AM Peak,17.9
34217,AM Peak,24.6
34217,AM Peak,20.8
34217,AM Peak,33.2
34217,AM Peak,27.4
34217,AM Peak,21.8
34217,AM Peak,23.3
34217,AM Peak,20.3
34217,AM Peak,23
34217,AM Peak,22
34217,AM Peak,22.9
34217,AM Peak,19.1
34217,AM Peak,22.9
34217,AM Peak,22.9
34217,AM Peak,14
34217,AM Peak,13.1
34217,AM Peak,16.4
34217,AM Peak,22.1
34217,AM Peak,21.9
34217,AM Peak,21.2
34217,AM Peak,22.2
34217,AM Peak,19.6
34217,AM Peak,21.1
34217,AM Peak,33.7
34217,AM Peak,18.4
34217,AM Peak,15.2
34217,AM Peak,17.2
34217,AM Peak,21.7
34217,AM Peak,16.1
34217,AM Peak,16.3
34217,AM Peak,21.9
34217,AM Peak,22.5
34217,AM Peak,23.8
34217,AM Peak,27.1
34217,AM Peak,23.6
34217,AM Peak,26
34217,AM Peak,34.2
34217,AM Peak,16
34217,AM Peak,20.8
34217,AM Peak,20.4
34217,AM Peak,24.9
34217,AM Peak,20.6
34217,AM Peak,22.9
34217,AM Peak,23.3
34217,AM Peak,22
34217,AM Peak,33.8
34217,AM Peak,19.6
34217,AM Peak,22.7
34217,AM Peak,18.6
34217,AM Peak,17.2
34217,AM Peak,19.2
34217,AM Peak,20.5
34217,AM Peak,7.4
34217,AM Peak,23.7
34217,AM Peak,19.3
34217,AM Peak,20.4
34217,AM Peak,20
34217,AM Peak,15.5
34217,AM Peak,26
34217,AM Peak,15.7
34217,AM Peak,17.4
34217,AM Peak,16.8
34217,AM Peak,11.2
34217,AM Peak,26.9
34217,AM Peak,21.5
34217,AM Peak,26.3
34217,AM Peak,20.8
34217,AM Peak,18.5
34217,AM Peak,12.6
34217,AM Peak,19.6
34217,AM Peak,17.7
34217,AM Peak,17.8
34217,AM Peak,20
34217,AM Peak,17.1
34217,AM Peak,18
34217,AM Peak,23.3
34217,AM Peak,18
34217,AM Peak,19.5
34217,AM Peak,23.5
34217,AM Peak,18.5
34217,AM Peak,20.3
34217,AM Peak,28.9
34217,AM Peak,21.8
34217,AM Peak,18.2
34217,AM Peak,19.7
34217,AM Peak,20.4
34217,AM Peak,15.6
34217,AM Peak,18.3
34217,AM Peak,22.4
34217,AM Peak,18.3
34217,AM Peak,11.2
34217,AM Peak,22
34217,AM Peak,15.4
34217,AM Peak,19.3
34217,AM Peak,21.3
34217,AM Peak,21.3
34217,AM Peak,21.6
34217,AM Peak,18.7
34217,AM Peak,11.1
34217,AM Peak,22.6
34217,AM Peak,11.3
34217,AM Peak,20.4
34217,AM Peak,21.7
34217,AM Peak,42.8
34217,AM Peak,15.3
34217,AM Peak,29.8
34217,AM Peak,24
34217,AM Peak,26
34217,AM Peak,19.1
34217,AM Peak,16.3
34217,AM Peak,27.3
34217,AM Peak,18.3
34217,AM Peak,28.7
34217,AM Peak,19.1
34217,AM Peak,9.4
34217,AM Peak,22.5
34217,AM Peak,20
34217,AM Peak,20.4
34217,AM Peak,10.8
34217,AM Peak,16.3
34217,AM Peak,20.4
34217,AM Peak,20.6
34217,AM Peak,17.1
34217,AM Peak,21
34217,AM Peak,18.5
34217,AM Peak,24
34217,AM Peak,19.5
34217,AM Peak,20.1
34217,AM Peak,21.2
34217,AM Peak,14.2
34217,AM Peak,21.9
34217,AM Peak,22.7
34217,AM Peak,24.1
34217,AM Peak,20.5
34217,AM Peak,39.4
34217,AM Peak,25.8
34217,AM Peak,20.7
34217,AM Peak,22.7
34217,AM Peak,25.5
34217,AM Peak,24.1
34217,AM Peak,21.6
34217,AM Peak,20.5
34217,AM Peak,21.4
34217,AM Peak,25.5
34217,AM Peak,21.5
34217,AM Peak,33.1
34217,AM Peak,22.7
34217,AM Peak,21.4
34217,AM Peak,14.7
34217,AM Peak,23.2
34217,AM Peak,19.3
34217,AM Peak,12.7
34217,AM Peak,16.2
34217,AM Peak,26.5
34217,AM Peak,30.4
34217,AM Peak,13.5
34217,AM Peak,21.8
34217,AM Peak,13.4
34217,AM Peak,18.8
34217,AM Peak,20.4
34217,AM Peak,21.6
34217,AM Peak,21.9
34217,AM Peak,22.6
34217,AM Peak,13.1
34217,AM Peak,21.6
34217,AM Peak,20.4
34217,AM Peak,20.8
34217,AM Peak,25.2
34217,AM Peak,17.9
34217,AM Peak,23
34217,AM Peak,21.9
34217,AM Peak,25.9
34217,AM Peak,25.8
34217,AM Peak,17.5
34217,AM Peak,15.4
34217,AM Peak,21.1
34217,AM Peak,19.8
34217,AM Peak,19
34217,AM Peak,20.6
34217,AM Peak,13
34217,AM Peak,16.5
34217,AM Peak,20.9
34217,AM Peak,17.5
34217,AM Peak,18
34217,AM Peak,22.6
34217,AM Peak,23
34217,AM Peak,17
34217,AM Peak,23.6
34217,AM Peak,18.9
34217,AM Peak,23.8
34217,AM Peak,16.8
34217,AM Peak,17.8
34217,AM Peak,20.8
34217,AM Peak,21.9
34217,AM Peak,20
34217,AM Peak,25.2
34217,AM Peak,14.8
34217,AM Peak,24.2
34217,AM Peak,21.7
34217,AM Peak,23.8
34217,AM Peak,22.3
34217,AM Peak,22
34217,AM Peak,25.5
34217,AM Peak,24
34217,AM Peak,18.1
34217,AM Peak,28.4
34217,AM Peak,27.9
34217,AM Peak,25.6
34217,AM Peak,21.7
34217,AM Peak,18.9
34217,AM Peak,15.2
34217,AM Peak,18.7
34217,AM Peak,23.8
34217,AM Peak,24.3
34217,AM Peak,22.5
34217,AM Peak,19.3
34217,AM Peak,13.4
34217,AM Peak,15.5
34217,AM Peak,18.3
34217,AM Peak,18.2
34217,AM Peak,13
34217,AM Peak,22.9
34217,AM Peak,23.4
34217,AM Peak,12.7
34217,AM Peak,15.2
34217,AM Peak,11.1
34217,AM Peak,24.6
34217,AM Peak,17.8
34217,AM Peak,18.7
34217,AM Peak,25.2
34217,AM Peak,26.6
34217,AM Peak,14.2
34217,AM Peak,21.5
34217,PM Peak,21.5
34217,PM Peak,22.2
34217,PM Peak,18.7
34217,PM Peak,19.6
34217,PM Peak,23.2
34217,PM Peak,12.4
34217,PM Peak,21.9
34217,PM Peak,16.2
34217,PM Peak,18.4
34217,PM Peak,19.2
34217,PM Peak,17.9
34217,PM Peak,30.9
34217,PM Peak,18.4
34217,PM Peak,25.8
34217,PM Peak,19.8
34217,PM Peak,29.9
34217,PM Peak,20.1
34217,PM Peak,16.2
34217,PM Peak,18.9
34217,PM Peak,18.1
34217,PM Peak,24.6
34217,PM Peak,14.2
34217,PM Peak,12.3
34217,PM Peak,11.4
34217,PM Peak,25.1
34217,PM Peak,15.2
34217,PM Peak,14
34217,PM Peak,29.9
34217,PM Peak,18.9
34217,PM Peak,20.1
34217,PM Peak,12.3
34217,PM Peak,19
34217,PM Peak,15.5
34217,PM Peak,20.6
34217,PM Peak,25.7
34217,PM Peak,12.1
34217,PM Peak,19.9
34217,PM Peak,14.2
34217,PM Peak,23.4
34217,PM Peak,25.7
34217,PM Peak,21.2
34217,PM Peak,19.6
34217,PM Peak,19
34217,PM Peak,29.6
34217,PM Peak,23.1
34217,PM Peak,13.1
34217,PM Peak,19.9
34217,PM Peak,23.6
34217,PM Peak,22.1
34217,PM Peak,32.6
34217,PM Peak,20.9
34217,PM Peak,19.6
34217,PM Peak,26.7
34217,PM Peak,16.3
34217,PM Peak,13.8
34217,PM Peak,13.3
34217,PM Peak,19.2
34217,PM Peak,38.7
34217,PM Peak,16.4
34217,PM Peak,21
34217,PM Peak,20.1
34217,PM Peak,20
34217,PM Peak,17.4
34217,PM Peak,11
34217,PM Peak,15.9
34217,PM Peak,20.6
34217,PM Peak,29.1
34217,PM Peak,25.2
34217,PM Peak,23.2
34217,PM Peak,15.3
34217,PM Peak,20.4
34217,PM Peak,17.2
34217,PM Peak,18.2
34217,PM Peak,18.8
34217,PM Peak,19
34217,PM Peak,24.4
34217,PM Peak,23.4
34217,PM Peak,15.7
34217,PM Peak,14.9
34217,PM Peak,23.1
34217,PM Peak,18.3
34217,PM Peak,18.4
34217,PM Peak,18.8
34217,PM Peak,17.9
34217,PM Peak,25.4
34217,PM Peak,38.5
34217,PM Peak,20.4
34217,PM Peak,19.8
34217,PM Peak,3.5
34217,PM Peak,26.4
34217,PM Peak,21.3
34217,PM Peak,15.6
34217,PM Peak,27.8
34217,PM Peak,19.8
34217,PM Peak,21.2
34217,PM Peak,17.8
34217,PM Peak,12.5
34217,PM Peak,15.6
34217,PM Peak,22.1
34217,PM Peak,16.3
34217,PM Peak,23.5
34217,PM Peak,21
34217,PM Peak,19.4
34217,PM Peak,25.5
34217,PM Peak,22.4
34217,PM Peak,18.8
34217,PM Peak,15.8
34217,PM Peak,22.8
34217,PM Peak,13.5
34217,PM Peak,17.9
34217,PM Peak,26
34217,PM Peak,17.1
34217,PM Peak,20.7
34217,PM Peak,15.5
34217,PM Peak,13.1
34217,PM Peak,20.6
34217,PM Peak,29.6
34217,PM Peak,8.9
34217,PM Peak,19.1
34217,PM Peak,20.8
34217,PM Peak,13.7
34217,PM Peak,20.6
34217,PM Peak,17.9
34217,PM Peak,23.6
34217,PM Peak,14.5
34217,PM Peak,26.7
34217,PM Peak,20.8
34217,PM Peak,18.3
34217,PM Peak,18.4
34217,PM Peak,24.5
34217,PM Peak,36.8
34217,PM Peak,18
34217,PM Peak,22.5
34217,PM Peak,19.4
34217,PM Peak,16.4
34217,PM Peak,20.2
34217,PM Peak,29.5
34217,PM Peak,28
34217,PM Peak,20.2
34217,PM Peak,22.8
34217,PM Peak,21.6
34217,PM Peak,23.8
34217,PM Peak,15.4
34217,PM Peak,20.3
34217,PM Peak,11.8
34217,PM Peak,20.3
34217,PM Peak,17.9
34217,PM Peak,16.4
34217,PM Peak,24.2
34217,PM Peak,20
34217,PM Peak,20.3
34217,PM Peak,4.2
34217,PM Peak,26.5
34217,PM Peak,16.6
34217,PM Peak,23.9
34217,PM Peak,16.4
34217,PM Peak,16.7
34217,PM Peak,24.2
34217,PM Peak,16.2
34217,PM Peak,21.7
34217,PM Peak,24.7
34217,PM Peak,24.1
34217,PM Peak,20.5
34217,PM Peak,24.5
34217,PM Peak,20.2
34217,PM Peak,18
34217,PM Peak,27.1
34217,PM Peak,9.8
34217,PM Peak,20.3
34217,PM Peak,21
34217,PM Peak,34.1
34217,PM Peak,16.9
34217,PM Peak,21.5
34217,PM Peak,17.4
34217,PM Peak,4.3
34217,PM Peak,21.7
34217,PM Peak,24.2
34217,PM Peak,27.2
34217,PM Peak,18.4
34217,PM Peak,16.7
34217,PM Peak,16.8
34217,PM Peak,20.2
34217,PM Peak,20.9
34217,PM Peak,17.9
34217,PM Peak,20.6
34217,PM Peak,19.3
34217,PM Peak,36.1
34217,PM Peak,33.8
34217,PM Peak,23.7
34217,PM Peak,19.6
34217,PM Peak,11.7
34217,PM Peak,19.7
34217,PM Peak,32.6
34217,PM Peak,22
34217,PM Peak,25.5
34217,PM Peak,26.1
34217,PM Peak,22.2
34217,PM Peak,12.1
34217,PM Peak,15.2
34217,PM Peak,14.9
34217,PM Peak,12.8
34217,PM Peak,12.8
34217,PM Peak,21.6
34217,PM Peak,17.9
34217,PM Peak,18.1
34217,PM Peak,22.1
34217,PM Peak,12.3
34217,PM Peak,16.6
34217,PM Peak,18.9
34217,PM Peak,18
34217,PM Peak,24.2
34217,PM Peak,16.3
34217,PM Peak,19.1
34217,PM Peak,23.8
34217,PM Peak,27
34217,PM Peak,20.5
34217,PM Peak,19.6
34217,PM Peak,20.1
34217,PM Peak,22.5
34217,PM Peak,15.3
34217,PM Peak,18.5
34217,PM Peak,14
34217,PM Peak,18
34217,PM Peak,21.4
34217,PM Peak,11.5
34217,PM Peak,25.5
34217,PM Peak,24
34217,PM Peak,20.7
34217,PM Peak,34.7
34217,PM Peak,24.3
34217,PM Peak,22.5
34217,PM Peak,20.5
34217,PM Peak,14.4
34217,PM Peak,18
34217,PM Peak,19.5
34217,PM Peak,17.7
34217,PM Peak,23.6
34217,PM Peak,19.2
34217,PM Peak,24.2
34217,PM Peak,18
34217,PM Peak,16.5
34217,PM Peak,15
34217,PM Peak,18.5
34217,PM Peak,19.2
34217,PM Peak,23.6
34217,PM Peak,13.6
34217,PM Peak,19.3
34217,PM Peak,14.4
34217,PM Peak,18.8
34217,PM Peak,32.2
34217,PM Peak,21.6
34217,PM Peak,10.8
34217,PM Peak,22.5
34217,PM Peak,19.6
34217,PM Peak,26.1
34217,PM Peak,36.9
34217,PM Peak,12.9
34217,PM Peak,15.9
34217,PM Peak,20
34217,PM Peak,22.2
34217,PM Peak,20.3
34217,PM Peak,27.6
34217,PM Peak,16
34217,PM Peak,22.7
34217,PM Peak,14.6
34217,PM Peak,18.5
34217,PM Peak,28.2
34217,PM Peak,23.5
34217,PM Peak,18.4
34217,PM Peak,26.5
34217,PM Peak,22.6
34217,PM Peak,18.8
34217,PM Peak,18.2
34217,PM Peak,18
34217,PM Peak,19.2
34217,PM Peak,17.3
34217,PM Peak,27.3
34217,PM Peak,28.5
34217,PM Peak,20.4
34217,PM Peak,17.6
34217,PM Peak,24.3
34217,PM Peak,22.4
34217,PM Peak,15.8
34217,PM Peak,18.5
34217,PM Peak,21.2
34217,PM Peak,18
34217,PM Peak,20.7
34217,PM Peak,17.8
34217,PM Peak,19.9
34217,PM Peak,24
34217,PM Peak,16.2
34217,PM Peak,15.2
34217,PM Peak,19.4
34217,PM Peak,28.3
34217,PM Peak,19.5
34217,PM Peak,19.6
34217,PM Peak,23.7
34217,PM Peak,16.7
34217,PM Peak,21.9
34217,PM Peak,21.9
34217,PM Peak,25
34217,PM Peak,20.6
34217,PM Peak,17.6
34217,PM Peak,23
34217,PM Peak,20.3
34217,PM Peak,25.7
34217,PM Peak,9.1
34217,PM Peak,22.8
34217,PM Peak,13.8
34217,PM Peak,11
34217,PM Peak,28.4
34217,PM Peak,21.6
34217,PM Peak,35.7
34217,PM Peak,14.5
34217,PM Peak,21.4
34217,PM Peak,26.4
34217,PM Peak,22.2
34217,PM Peak,11.7
34217,PM Peak,13
34217,PM Peak,20.6
34217,PM Peak,21.6
34217,PM Peak,16.1
34217,PM Peak,17.7
34217,PM Peak,20.2
34217,PM Peak,28.5
34217,PM Peak,20.1
34217,PM Peak,23.5
34217,PM Peak,16.7
34217,PM Peak,26
34217,PM Peak,20.8
34217,PM Peak,15.9
34217,PM Peak,17.3
34217,PM Peak,17.1
34217,PM Peak,23.3
34217,PM Peak,19.1
34217,PM Peak,22.8
34217,PM Peak,36.9
34217,PM Peak,19
34217,PM Peak,16.8
34217,PM Peak,17.5
34217,PM Peak,16.4
34217,PM Peak,20.7
34217,PM Peak,17.6
34217,PM Peak,20.4
34217,PM Peak,19.4
34217,PM Peak,10.7
34217,PM Peak,13.5
34217,PM Peak,23.6
34217,PM Peak,28
34217,PM Peak,14.5
34217,PM Peak,24.1
34217,PM Peak,19.3
34217,PM Peak,20.4
34217,PM Peak,22.3
34217,PM Peak,19.3
34217,PM Peak,18.5
34217,PM Peak,18.4
34217,PM Peak,17.1
34217,PM Peak,20
34217,PM Peak,18
34217,PM Peak,39.1
34217,PM Peak,15.8
34217,PM Peak,29.3
34217,PM Peak,20.1
34217,PM Peak,20.9
34217,PM Peak,21.3
34217,PM Peak,17.6
34217,PM Peak,19.1
34217,PM Peak,21
34217,PM Peak,14.7
34217,PM Peak,5.1
34217,PM Peak,18.8
34217,PM Peak,20.7
34217,PM Peak,14.4
34217,PM Peak,18.9
34217,PM Peak,19.1
34217,PM Peak,18.9
34217,PM Peak,10.3
34217,PM Peak,21.8
34217,PM Peak,21.7
34217,PM Peak,18.4
34217,PM Peak,16.8
34217,PM Peak,14.8
34217,PM Peak,11
34217,PM Peak,23.6
34217,PM Peak,20.1
34217,PM Peak,25.6
34217,PM Peak,18.3
34217,PM Peak,19.2
34217,PM Peak,21.2
34217,PM Peak,24.8
34217,PM Peak,16.7
34217,PM Peak,20
34217,PM Peak,14.3
34217,PM Peak,27.8
34217,PM Peak,20.4
34217,PM Peak,15.9
34217,PM Peak,14.9
34217,PM Peak,22.5
34217,PM Peak,24
34217,PM Peak,20.6
34217,PM Peak,15.2
34217,PM Peak,22.8
34217,PM Peak,25.6
34217,PM Peak,16.3
34217,PM Peak,27.7
34217,PM Peak,18.4
34217,PM Peak,17.2
34217,PM Peak,25.5
34217,PM Peak,20.6
34217,PM Peak,15
34217,PM Peak,21.4
34217,PM Peak,20
34217,PM Peak,20.2
34217,PM Peak,24
34217,PM Peak,25.6
34217,PM Peak,22.8
34217,PM Peak,19.2
34217,PM Peak,16.3
34217,PM Peak,18.9
34217,PM Peak,15.9
34217,PM Peak,12.8
34217,PM Peak,14.3
34217,PM Peak,13.6
34217,PM Peak,24.1
34217,PM Peak,21.5
34217,PM Peak,17.7
34217,PM Peak,14.1
34217,PM Peak,16.9
34217,PM Peak,14.7
34217,PM Peak,13.9
34217,PM Peak,16.6
34217,PM Peak,22.9
34217,PM Peak,18.5
34217,PM Peak,19.3
34217,PM Peak,18
34217,PM Peak,17.6
34217,PM Peak,22.9
34217,PM Peak,18.2
34217,PM Peak,19.9
34217,PM Peak,23.7
34217,PM Peak,24.3
34217,PM Peak,12.8
34217,PM Peak,22.3
34217,PM Peak,15.5
34217,PM Peak,15.5
34217,PM Peak,17.9
34217,PM Peak,20.5
34217,PM Peak,32.2
34217,PM Peak,20.8
34217,PM Peak,22
34217,PM Peak,24
34217,PM Peak,17
34217,PM Peak,20.4
34217,PM Peak,22.2
34217,PM Peak,22.1
34217,PM Peak,19.3
34217,PM Peak,23.6
34217,PM Peak,19
34217,PM Peak,20.6
34217,PM Peak,21.1
34217,PM Peak,23
34217,PM Peak,21.8
34217,PM Peak,21.8
34217,PM Peak,14
34217,PM Peak,17.5
34217,PM Peak,22.2
34217,PM Peak,21.8
34217,PM Peak,20.3
34217,PM Peak,23.4
34217,PM Peak,24.4
34217,PM Peak,22.2
34217,PM Peak,22.5
34217,PM Peak,20.3
34217,PM Peak,14.8
34217,PM Peak,20.1
34217,PM Peak,22
34217,PM Peak,19.1
34217,PM Peak,16.8
34217,PM Peak,26.5
34217,PM Peak,25.9
34217,PM Peak,15.7
34217,PM Peak,20
34217,PM Peak,20.3
34217,PM Peak,23.2
34217,PM Peak,21.5
34217,PM Peak,13.7
34217,PM Peak,21.9
34217,PM Peak,20.8
34217,PM Peak,18.8
34217,PM Peak,19.6
34217,PM Peak,21.7
34217,PM Peak,18.1
34217,PM Peak,22.3
34217,PM Peak,23.8
34217,PM Peak,19.1
34217,PM Peak,20.1
34217,PM Peak,19.2
34217,PM Peak,13.4
34217,PM Peak,20.6
34271,AM Peak,27.8
34271,AM Peak,27.3
34271,AM Peak,27.2
34271,AM Peak,27.4
34271,AM Peak,23.1
34271,AM Peak,28.1
34271,AM Peak,25.9
34271,AM Peak,26.3
34271,AM Peak,25.1
34271,AM Peak,23.9
34271,AM Peak,5.8
34271,AM Peak,27.8
34271,AM Peak,21.2
34271,AM Peak,24.9
34271,AM Peak,28.8
34271,AM Peak,22.1
34271,AM Peak,30.6
34271,AM Peak,25.8
34271,AM Peak,21.7
34271,AM Peak,27.3
34271,AM Peak,28.3
34271,AM Peak,27.9
34271,AM Peak,32.3
34271,AM Peak,22.8
34271,AM Peak,28
34271,AM Peak,28.7
34271,AM Peak,24.4
34271,AM Peak,18.6
34271,AM Peak,27.3
34271,AM Peak,26.1
34271,AM Peak,23.7
34271,AM Peak,32.2
34271,AM Peak,41.8
34271,AM Peak,20.8
34271,AM Peak,29.7
34271,AM Peak,28.1
34271,AM Peak,22.6
34271,AM Peak,21.7
34271,AM Peak,32.8
34271,AM Peak,36.9
34271,AM Peak,36.8
34271,AM Peak,31.6
34271,AM Peak,24
34271,AM Peak,25.9
34271,AM Peak,18.5
34271,AM Peak,26.1
34271,AM Peak,5.3
34271,AM Peak,29.8
34271,AM Peak,38.3
34271,AM Peak,31.4
34271,AM Peak,23.1
34271,AM Peak,26.5
34271,AM Peak,30.3
34271,AM Peak,33
34271,AM Peak,29.8
34271,AM Peak,24.5
34271,AM Peak,21.5
34271,AM Peak,21.9
34271,AM Peak,40.7
34271,AM Peak,30.6
34271,AM Peak,29.4
34271,AM Peak,25.9
34271,AM Peak,25.4
34271,AM Peak,23.7
34271,AM Peak,30.1
34271,AM Peak,21.3
34271,AM Peak,31.4
34271,AM Peak,41.8
34271,AM Peak,19.2
34271,AM Peak,27.2
34271,AM Peak,27.3
34271,AM Peak,28.2
34271,AM Peak,28.4
34271,AM Peak,29.1
34271,AM Peak,27.6
34271,AM Peak,34.4
34271,AM Peak,19.6
34271,AM Peak,28.4
34271,AM Peak,33.3
34271,AM Peak,25.5
34271,AM Peak,29.5
34271,AM Peak,25.1
34271,AM Peak,30.1
34271,AM Peak,42.7
34271,AM Peak,26.3
34271,AM Peak,29.8
34271,AM Peak,20.2
34271,AM Peak,28.9
34271,AM Peak,27.3
34271,AM Peak,22.6
34271,AM Peak,30
34271,AM Peak,27.1
34271,AM Peak,33.7
34271,AM Peak,31.4
34271,AM Peak,27.4
34271,AM Peak,28.6
34271,AM Peak,20.2
34271,AM Peak,24
34271,AM Peak,24.7
34271,AM Peak,19.9
34271,AM Peak,23.1
34271,AM Peak,31.7
34271,AM Peak,27.2
34271,AM Peak,18.3
34271,AM Peak,27
34271,AM Peak,31.6
34271,AM Peak,27
34271,AM Peak,19.5
34271,AM Peak,26.8
34271,AM Peak,32
34271,AM Peak,36.2
34271,AM Peak,27.1
34271,AM Peak,33.6
34271,AM Peak,24.5
34271,AM Peak,32.6
34271,AM Peak,25.7
34271,AM Peak,44.3
34271,AM Peak,34.9
34271,AM Peak,21.1
34271,AM Peak,27.6
34271,AM Peak,27.8
34271,AM Peak,32.5
34271,AM Peak,28.4
34271,AM Peak,22.5
34271,AM Peak,26.4
34271,AM Peak,24.1
34271,AM Peak,24.2
34271,AM Peak,26.9
34271,AM Peak,30.2
34271,AM Peak,21.1
34271,AM Peak,25.9
34271,AM Peak,29.5
34271,AM Peak,25.9
34271,AM Peak,31.4
34271,AM Peak,30.2
34271,AM Peak,32.3
34271,AM Peak,22
34271,AM Peak,30.9
34271,AM Peak,24.3
34271,AM Peak,31
34271,AM Peak,26.8
34271,AM Peak,28.1
34271,AM Peak,25.2
34271,AM Peak,28.7
34271,AM Peak,33.2
34271,AM Peak,24.6
34271,AM Peak,24.3
34271,AM Peak,14.5
34271,AM Peak,23.1
34271,AM Peak,26.3
34271,AM Peak,29.2
34271,AM Peak,22.2
34271,AM Peak,33.1
34271,AM Peak,28.9
34271,AM Peak,29.7
34271,AM Peak,29.3
34271,AM Peak,25.5
34271,AM Peak,27.1
34271,AM Peak,26.6
34271,AM Peak,26.6
34271,AM Peak,18.7
34271,AM Peak,19.9
34271,AM Peak,39.3
34271,AM Peak,22.1
34271,AM Peak,27.4
34271,AM Peak,28.8
34271,AM Peak,31.6
34271,AM Peak,23.5
34271,AM Peak,22.4
34271,AM Peak,27.6
34271,AM Peak,29.6
34271,AM Peak,39.3
34271,AM Peak,25
34271,AM Peak,24.9
34271,AM Peak,28.5
34271,AM Peak,23.5
34271,AM Peak,26.5
34271,AM Peak,30.4
34271,AM Peak,36.1
34271,AM Peak,27.4
34271,AM Peak,26.4
34271,AM Peak,28.5
34271,AM Peak,20.8
34271,AM Peak,25
34271,AM Peak,30
34271,AM Peak,22.6
34271,AM Peak,33.9
34271,AM Peak,24.5
34271,AM Peak,24.4
34271,AM Peak,28.6
34271,AM Peak,17
34271,AM Peak,32.2
34271,AM Peak,25.6
34271,AM Peak,25.4
34271,AM Peak,23.2
34271,AM Peak,42.7
34271,AM Peak,24.2
34271,AM Peak,25.3
34271,AM Peak,26.2
34271,AM Peak,26.7
34271,AM Peak,21.4
34271,AM Peak,29.4
34271,AM Peak,29.1
34271,AM Peak,28.6
34271,AM Peak,24.1
34271,AM Peak,28.4
34271,AM Peak,29
34271,AM Peak,27
34271,AM Peak,33.9
34271,AM Peak,30.8
34271,AM Peak,24.9
34271,AM Peak,26.3
34271,AM Peak,22.6
34271,AM Peak,27.6
34271,AM Peak,27.2
34271,AM Peak,26.9
34271,AM Peak,29
34271,AM Peak,34
34271,AM Peak,20.6
34271,AM Peak,25.6
34271,AM Peak,29.6
34271,AM Peak,32.9
34271,AM Peak,23.3
34271,AM Peak,31.7
34271,AM Peak,29.4
34271,AM Peak,28
34271,AM Peak,24.4
34271,AM Peak,24.7
34271,AM Peak,24.4
34271,AM Peak,27.4
34271,AM Peak,29
34271,AM Peak,25.1
34271,AM Peak,25.7
34271,AM Peak,30.8
34271,AM Peak,27
34271,AM Peak,28.6
34271,AM Peak,24.5
34271,AM Peak,23.5
34271,AM Peak,27.5
34271,AM Peak,28.2
34271,AM Peak,26.8
34271,AM Peak,26.9
34271,AM Peak,40.5
34271,AM Peak,27.9
34271,AM Peak,24
34271,AM Peak,26.1
34271,AM Peak,40.7
34271,AM Peak,39.6
34271,AM Peak,22.3
34271,AM Peak,32.8
34271,AM Peak,26.8
34271,AM Peak,30.1
34271,AM Peak,30.3
34271,AM Peak,21.3
34271,AM Peak,21.3
34271,AM Peak,33.9
34271,AM Peak,24.2
34271,AM Peak,21.5
34271,AM Peak,26.5
34271,AM Peak,28.6
34271,AM Peak,27.5
34271,AM Peak,22.2
34271,AM Peak,29.3
34271,AM Peak,23.2
34271,AM Peak,29.1
34271,AM Peak,28.8
34271,AM Peak,28
34271,AM Peak,35.1
34271,AM Peak,20.4
34271,AM Peak,23.5
34271,AM Peak,31.5
34271,AM Peak,42.2
34271,AM Peak,31.9
34271,AM Peak,19.7
34271,AM Peak,37.1
34271,AM Peak,38
34271,AM Peak,32.5
34271,AM Peak,34.5
34271,AM Peak,29.7
34271,AM Peak,35.9
34271,AM Peak,20.7
34271,AM Peak,24.6
34271,AM Peak,32.6
34271,AM Peak,25.9
34271,AM Peak,21.7
34271,AM Peak,20.6
34271,AM Peak,30.9
34271,AM Peak,25.4
34271,AM Peak,43.7
34271,AM Peak,15.9
34271,AM Peak,30.9
34271,AM Peak,21.4
34271,AM Peak,25.8
34271,AM Peak,27
34271,AM Peak,22.7
34271,AM Peak,23.9
34271,AM Peak,19
34271,AM Peak,24.9
34271,AM Peak,30.7
34271,AM Peak,29.2
34271,AM Peak,24.4
34271,AM Peak,31.3
34271,AM Peak,26.2
34271,AM Peak,18.4
34271,AM Peak,29.6
34271,AM Peak,30.6
34271,AM Peak,20.1
34271,AM Peak,23.4
34271,AM Peak,31.8
34271,AM Peak,43.9
34271,AM Peak,20.9
34271,AM Peak,13.3
34271,AM Peak,25.9
34271,AM Peak,24.5
34271,AM Peak,30.4
34271,AM Peak,20.2
34271,AM Peak,23.4
34271,AM Peak,28.5
34271,AM Peak,31.4
34271,AM Peak,29.2
34271,AM Peak,24
34271,AM Peak,33.7
34271,AM Peak,24.9
34271,AM Peak,29
34271,AM Peak,21.3
34271,AM Peak,24.9
34271,AM Peak,27.4
34271,AM Peak,31.9
34271,AM Peak,26.3
34271,AM Peak,26.7
34271,AM Peak,20.1
34271,AM Peak,21.3
34271,AM Peak,33.6
34271,AM Peak,20.2
34271,AM Peak,31.5
34271,AM Peak,21.9
34271,AM Peak,17
34271,AM Peak,31.2
34271,AM Peak,34.7
34271,AM Peak,24.8
34271,AM Peak,21.7
34271,AM Peak,29.3
34271,AM Peak,25.4
34271,AM Peak,29.6
34271,AM Peak,27.7
34271,AM Peak,27.7
34271,AM Peak,23
34271,AM Peak,15.1
34271,AM Peak,24.2
34271,AM Peak,27.1
34271,AM Peak,34.9
34271,AM Peak,23.6
34271,AM Peak,23.5
34271,AM Peak,34.1
34271,AM Peak,23.2
34271,AM Peak,34.6
34271,AM Peak,20.7
34271,AM Peak,26
34271,AM Peak,21
34271,AM Peak,22.9
34271,AM Peak,24.7
34271,AM Peak,22.8
34271,AM Peak,28.2
34271,AM Peak,29
34271,AM Peak,21.8
34271,AM Peak,34.5
34271,AM Peak,30.9
34271,AM Peak,16.7
34271,AM Peak,28.7
34271,AM Peak,44.6
34271,AM Peak,24.7
34271,AM Peak,23.9
34271,AM Peak,25.2
34271,AM Peak,22.7
34271,AM Peak,22.4
34271,AM Peak,23.4
34271,AM Peak,21.2
34271,AM Peak,33.8
34271,AM Peak,31
34271,AM Peak,42
34271,AM Peak,22.7
34271,AM Peak,29.9
34271,AM Peak,27.5
34271,AM Peak,29.2
34271,AM Peak,34.3
34271,AM Peak,26.8
34271,AM Peak,21.4
34271,AM Peak,32.2
34271,AM Peak,38.7
34271,AM Peak,25.2
34271,AM Peak,18.3
34271,AM Peak,27.4
34271,AM Peak,25.9
34271,AM Peak,26.1
34271,AM Peak,20.6
34271,AM Peak,37.6
34271,AM Peak,19.6
34271,AM Peak,23.9
34271,AM Peak,25.8
34271,AM Peak,32.9
34271,AM Peak,34
34271,AM Peak,21.1
34271,AM Peak,34.4
34271,AM Peak,22.9
34271,AM Peak,37.2
34271,AM Peak,19.2
34271,AM Peak,22.9
34271,AM Peak,26.3
34271,AM Peak,8.6
34271,AM Peak,20.1
34271,AM Peak,31.3
34271,AM Peak,29
34271,AM Peak,42.4
34271,AM Peak,35.6
34271,AM Peak,22.2
34271,AM Peak,18.8
34271,AM Peak,27.8
34271,AM Peak,29.5
34271,AM Peak,28.6
34271,AM Peak,32
34271,AM Peak,33.5
34271,AM Peak,22.5
34271,AM Peak,37.9
34271,AM Peak,32.1
34271,AM Peak,21.1
34271,AM Peak,20.4
34271,AM Peak,22.9
34271,AM Peak,28.2
34271,AM Peak,35.9
34271,AM Peak,29.3
34271,AM Peak,33.3
34271,AM Peak,28.2
34271,AM Peak,29
34271,AM Peak,16
34271,AM Peak,27.7
34271,AM Peak,25.7
34271,AM Peak,7.5
34271,AM Peak,37.3
34271,AM Peak,30
34271,AM Peak,29.6
34271,AM Peak,35.7
34271,AM Peak,26.7
34271,AM Peak,29.6
34271,AM Peak,25.8
34271,AM Peak,30
34271,AM Peak,28.3
34271,AM Peak,23.8
34271,AM Peak,25.2
34271,AM Peak,29.5
34271,AM Peak,25.5
34271,AM Peak,34.4
34271,AM Peak,21.3
34271,AM Peak,34.7
34271,AM Peak,31.3
34271,AM Peak,34.4
34271,AM Peak,21.4
34271,AM Peak,30.3
34271,AM Peak,32.2
34271,AM Peak,30.7
34271,AM Peak,37.6
34271,AM Peak,22.8
34271,AM Peak,31.2
34271,AM Peak,32.9
34271,AM Peak,32.3
34271,AM Peak,33.2
34271,AM Peak,25.2
34271,AM Peak,23.2
34271,AM Peak,19.7
34271,AM Peak,25.6
34271,AM Peak,28
34271,AM Peak,25.9
34271,AM Peak,37.8
34271,AM Peak,30.1
34271,AM Peak,26.6
34271,AM Peak,24
34271,AM Peak,24.8
34271,AM Peak,25.3
34271,AM Peak,32.6
34271,AM Peak,30.6
34271,AM Peak,27.1
34271,AM Peak,30.4
34271,AM Peak,30.2
34271,AM Peak,24.9
34271,AM Peak,24.9
34271,AM Peak,37.8
34271,AM Peak,23.5
34271,AM Peak,21.3
34271,AM Peak,28.8
34271,AM Peak,20.8
34271,AM Peak,29.7
34271,AM Peak,5.4
34271,AM Peak,35.2
34271,AM Peak,26.8
34271,AM Peak,27.3
34271,AM Peak,24.2
34271,AM Peak,30.8
34271,AM Peak,26.8
34271,AM Peak,25
34271,AM Peak,29.3
34271,AM Peak,19.5
34271,PM Peak,28.4
34271,PM Peak,28.9
34271,PM Peak,24.9
34271,PM Peak,33.9
34271,PM Peak,39.6
34271,PM Peak,34.4
34271,PM Peak,28.7
34271,PM Peak,28.7
34271,PM Peak,37.9
34271,PM Peak,29.6
34271,PM Peak,29.5
34271,PM Peak,31.4
34271,PM Peak,26.2
34271,PM Peak,36.8
34271,PM Peak,30.1
34271,PM Peak,43.5
34271,PM Peak,22.8
34271,PM Peak,27.7
34271,PM Peak,20.2
34271,PM Peak,31.1
34271,PM Peak,22.2
34271,PM Peak,31.7
34271,PM Peak,30.2
34271,PM Peak,26
34271,PM Peak,30.7
34271,PM Peak,23.6
34271,PM Peak,25.1
34271,PM Peak,23.4
34271,PM Peak,22.8
34271,PM Peak,34.4
34271,PM Peak,32.5
34271,PM Peak,33
34271,PM Peak,27.8
34271,PM Peak,29
34271,PM Peak,29.1
34271,PM Peak,32.2
34271,PM Peak,30.2
34271,PM Peak,20.5
34271,PM Peak,31.7
34271,PM Peak,25.2
34271,PM Peak,22.3
34271,PM Peak,29.6
34271,PM Peak,33
34271,PM Peak,26
34271,PM Peak,31.6
34271,PM Peak,28.1
34271,PM Peak,32.2
34271,PM Peak,29.6
34271,PM Peak,26
34271,PM Peak,30.2
34271,PM Peak,24.9
34271,PM Peak,25.7
34271,PM Peak,32.3
34271,PM Peak,26.4
34271,PM Peak,33.8
34271,PM Peak,21.6
34271,PM Peak,41
34271,PM Peak,31.8
34271,PM Peak,33.8
34271,PM Peak,37.3
34271,PM Peak,31.2
34271,PM Peak,36.9
34271,PM Peak,29.9
34271,PM Peak,23.9
34271,PM Peak,30.8
34271,PM Peak,33
34271,PM Peak,27.2
34271,PM Peak,32.9
34271,PM Peak,27.5
34271,PM Peak,29.2
34271,PM Peak,32.8
34271,PM Peak,28.4
34271,PM Peak,33.6
34271,PM Peak,23.4
34271,PM Peak,22.4
34271,PM Peak,31.1
34271,PM Peak,27.1
34271,PM Peak,30.3
34271,PM Peak,28.6
34271,PM Peak,28.9
34271,PM Peak,30.2
34271,PM Peak,33.6
34271,PM Peak,18
34271,PM Peak,20.5
34271,PM Peak,36.5
34271,PM Peak,34.3
34271,PM Peak,26.2
34271,PM Peak,36.2
34271,PM Peak,21.8
34271,PM Peak,28.6
34271,PM Peak,23.7
34271,PM Peak,24.8
34271,PM Peak,28.5
34271,PM Peak,25.4
34271,PM Peak,24.5
34271,PM Peak,22.7
34271,PM Peak,31.9
34271,PM Peak,30.7
34271,PM Peak,31.7
34271,PM Peak,27.9
34271,PM Peak,26.6
34271,PM Peak,31.3
34271,PM Peak,19.7
34271,PM Peak,28.5
34271,PM Peak,26.7
34271,PM Peak,26.5
34271,PM Peak,29.3
34271,PM Peak,27.5
34271,PM Peak,25
34271,PM Peak,29.6
34271,PM Peak,32.1
34271,PM Peak,33.6
34271,PM Peak,27.2
34271,PM Peak,24.8
34271,PM Peak,27.6
34271,PM Peak,34.8
34271,PM Peak,22.4
34271,PM Peak,31.2
34271,PM Peak,31.5
34271,PM Peak,29.9
34271,PM Peak,26.4
34271,PM Peak,31.5
34271,PM Peak,30.7
34271,PM Peak,31.7
34271,PM Peak,32.6
34271,PM Peak,24.8
34271,PM Peak,30.5
34271,PM Peak,27.2
34271,PM Peak,29
34271,PM Peak,31.7
34271,PM Peak,30.3
34271,PM Peak,23.7
34271,PM Peak,20.4
34271,PM Peak,26.1
34271,PM Peak,29.3
34271,PM Peak,31.2
34271,PM Peak,26.4
34271,PM Peak,29.7
34271,PM Peak,30.6
34271,PM Peak,31.6
34271,PM Peak,26.6
34271,PM Peak,33.5
34271,PM Peak,25.3
34271,PM Peak,21.7
34271,PM Peak,27.2
34271,PM Peak,21.1
34271,PM Peak,29.3
34271,PM Peak,25.2
34271,PM Peak,30.8
34271,PM Peak,29.2
34271,PM Peak,37.3
34271,PM Peak,30.7
34271,PM Peak,18
34271,PM Peak,31.8
34271,PM Peak,33.5
34271,PM Peak,30.2
34271,PM Peak,30.8
34271,PM Peak,26.5
34271,PM Peak,30.5
34271,PM Peak,33
34271,PM Peak,29.1
34271,PM Peak,32.8
34271,PM Peak,27.6
34271,PM Peak,31
34271,PM Peak,31.1
34271,PM Peak,26.9
34271,PM Peak,27.8
34271,PM Peak,28.8
34271,PM Peak,28.6
34271,PM Peak,32.3
34271,PM Peak,31.3
34271,PM Peak,23.3
34271,PM Peak,20.3
34271,PM Peak,31.5
34271,PM Peak,24.4
34271,PM Peak,27
34271,PM Peak,32.8
34271,PM Peak,27.7
34271,PM Peak,30.4
34271,PM Peak,30.1
34271,PM Peak,24.2
34271,PM Peak,40.3
34271,PM Peak,39.9
34271,PM Peak,30.5
34271,PM Peak,29.8
34271,PM Peak,29
34271,PM Peak,31.9
34271,PM Peak,35.4
34271,PM Peak,31.2
34271,PM Peak,35.2
34271,PM Peak,23.4
34271,PM Peak,26.8
34271,PM Peak,27.9
34271,PM Peak,28.6
34271,PM Peak,30.5
34271,PM Peak,23.7
34271,PM Peak,32.5
34271,PM Peak,33.9
34271,PM Peak,3.3
34271,PM Peak,28.9
34271,PM Peak,36.6
34271,PM Peak,23.5
34271,PM Peak,30.9
34271,PM Peak,27.6
34271,PM Peak,31.2
34271,PM Peak,32
34271,PM Peak,39.2
34271,PM Peak,38.8
34271,PM Peak,34.4
34271,PM Peak,34
34271,PM Peak,21.2
34271,PM Peak,25.1
34271,PM Peak,29
34271,PM Peak,27.8
34271,PM Peak,23.4
34271,PM Peak,30.1
34271,PM Peak,28.2
34271,PM Peak,30.6
34271,PM Peak,26.6
34271,PM Peak,26.9
34271,PM Peak,24
34271,PM Peak,32.1
34271,PM Peak,27.7
34271,PM Peak,25.7
34271,PM Peak,34.5
34271,PM Peak,32.2
34271,PM Peak,21.8
34271,PM Peak,32.5
34271,PM Peak,28.8
34271,PM Peak,27.3
34271,PM Peak,32.3
34271,PM Peak,26.1
34271,PM Peak,25.2
34271,PM Peak,26.6
34271,PM Peak,31.3
34271,PM Peak,31.2
34271,PM Peak,36.9
34271,PM Peak,30.9
34271,PM Peak,37.1
34271,PM Peak,24.5
34271,PM Peak,30.3
34271,PM Peak,39.5
34271,PM Peak,28
34271,PM Peak,34.3
34271,PM Peak,27.1
34271,PM Peak,35
34271,PM Peak,36
34271,PM Peak,11.3
34271,PM Peak,37.2
34271,PM Peak,23.5
34271,PM Peak,40.7
34271,PM Peak,27.2
34271,PM Peak,32.2
34271,PM Peak,27.7
34271,PM Peak,36.5
34271,PM Peak,33.2
34271,PM Peak,26.6
34271,PM Peak,23.2
34271,PM Peak,26.6
34271,PM Peak,27
34271,PM Peak,28.8
34271,PM Peak,25.6
34271,PM Peak,31.4
34271,PM Peak,32.2
34271,PM Peak,32.1
34271,PM Peak,29.2
34271,PM Peak,33.1
34271,PM Peak,21.1
34271,PM Peak,35.2
34271,PM Peak,30.4
34271,PM Peak,24.4
34271,PM Peak,42.3
34271,PM Peak,32.3
34271,PM Peak,30.8
34271,PM Peak,33.7
34271,PM Peak,27.1
34271,PM Peak,28.3
34271,PM Peak,27.6
34271,PM Peak,23
34271,PM Peak,31.4
34271,PM Peak,30.1
34271,PM Peak,29.2
34271,PM Peak,24.6
34271,PM Peak,34.8
34271,PM Peak,31.4
34271,PM Peak,29
34271,PM Peak,34.2
34271,PM Peak,25.1
34271,PM Peak,24.9
34271,PM Peak,29.9
34271,PM Peak,37.9
34271,PM Peak,23.4
34271,PM Peak,26
34271,PM Peak,24.2
34271,PM Peak,36.5
34271,PM Peak,29.8
34271,PM Peak,27.2
34271,PM Peak,29
34271,PM Peak,26.7
34271,PM Peak,24.9
34271,PM Peak,24.4
34271,PM Peak,24.1
34271,PM Peak,23.2
34271,PM Peak,28.9
34271,PM Peak,26.6
34271,PM Peak,23.8
34271,PM Peak,32.6
34271,PM Peak,33.9
34271,PM Peak,31.9
34271,PM Peak,30
34271,PM Peak,34.1
34271,PM Peak,24.1
34271,PM Peak,22.7
34271,PM Peak,24.9
34271,PM Peak,26.9
34271,PM Peak,28.7
34271,PM Peak,25.4
34271,PM Peak,32.3
34271,PM Peak,33.4
34271,PM Peak,35.2
34271,PM Peak,26.8
34271,PM Peak,29.1
34271,PM Peak,25
34271,PM Peak,28.8
34271,PM Peak,28.9
34271,PM Peak,33.1
34271,PM Peak,27.2
34271,PM Peak,29.4
34271,PM Peak,32.8
34271,PM Peak,35.3
34271,PM Peak,30.9
34271,PM Peak,29.7
34271,PM Peak,26
34271,PM Peak,28.1
34271,PM Peak,30.2
34271,PM Peak,38.8
34271,PM Peak,30.1
34271,PM Peak,28.7
34271,PM Peak,19.5
34271,PM Peak,25.4
34271,PM Peak,28.7
34271,PM Peak,28.9
34271,PM Peak,30.2
34271,PM Peak,34.4
34271,PM Peak,23.7
34271,PM Peak,30.8
34271,PM Peak,31.3
34271,PM Peak,20.8
34271,PM Peak,31.5
34271,PM Peak,25
34271,PM Peak,31.5
34271,PM Peak,28.2
34271,PM Peak,26
34271,PM Peak,38.2
34271,PM Peak,25.8
34271,PM Peak,26.3
34271,PM Peak,34.8
34271,PM Peak,29.5
34271,PM Peak,28.9
34271,PM Peak,26.4
34271,PM Peak,26.1
34271,PM Peak,23.9
34271,PM Peak,44.7
34271,PM Peak,28.8
34271,PM Peak,30.4
34271,PM Peak,9.2
34271,PM Peak,35.3
34271,PM Peak,30.9
34271,PM Peak,23.1
34271,PM Peak,28.6
34271,PM Peak,31.7
34271,PM Peak,30.7
34271,PM Peak,29.4
34271,PM Peak,27.1
34271,PM Peak,31.3
34271,PM Peak,25.9
34271,PM Peak,31.8
34271,PM Peak,32.4
34271,PM Peak,32
34271,PM Peak,28.5
34271,PM Peak,30.1
34271,PM Peak,30.3
34271,PM Peak,29.9
34271,PM Peak,26.7
34271,PM Peak,27.1
34271,PM Peak,30.1
34271,PM Peak,22.9
34271,PM Peak,32
34271,PM Peak,22.6
34271,PM Peak,24.6
34271,PM Peak,29.4
34271,PM Peak,37.7
34271,PM Peak,30.7
34271,PM Peak,28.5
34271,PM Peak,29.4
34271,PM Peak,32
34271,PM Peak,28.1
34271,PM Peak,21.3
34271,PM Peak,34
34271,PM Peak,28.3
34271,PM Peak,35.6
34271,PM Peak,30.8
34271,PM Peak,26.5
34271,PM Peak,34.1
34271,PM Peak,30
34271,PM Peak,25.9
34271,PM Peak,27.1
34271,PM Peak,27
34271,PM Peak,37.4
34271,PM Peak,23.4
34271,PM Peak,32.8
34271,PM Peak,34
34271,PM Peak,36.9
34271,PM Peak,25.8
34271,PM Peak,42.6
34271,PM Peak,25.2
34271,PM Peak,28.6
34271,PM Peak,33.4
34271,PM Peak,26.9
34271,PM Peak,24.9
34271,PM Peak,26.5
34271,PM Peak,23.3
34271,PM Peak,39.9
34271,PM Peak,22.8
34271,PM Peak,21
34271,PM Peak,23.1
34271,PM Peak,29.6
34271,PM Peak,26.8
34271,PM Peak,32.4
34271,PM Peak,22.1
34271,PM Peak,29.9
34271,PM Peak,28.1
34271,PM Peak,36.4
34271,PM Peak,31.2
34271,PM Peak,32.4
34271,PM Peak,30.2
34271,PM Peak,27.2
34271,PM Peak,21.8
34271,PM Peak,21.1
34271,PM Peak,28.4
34271,PM Peak,31.6
34271,PM Peak,32.2
34271,PM Peak,30
34271,PM Peak,33.1
34271,PM Peak,26.2
34271,PM Peak,36.2
34271,PM Peak,30.7
34271,PM Peak,34.8
34271,PM Peak,28
34271,PM Peak,27.9
34271,PM Peak,27.6
34271,PM Peak,32.7
34271,PM Peak,22.9
34271,PM Peak,28.1
34271,PM Peak,32.4
34271,PM Peak,24.8
34271,PM Peak,38
34271,PM Peak,29
34271,PM Peak,33.4
34271,PM Peak,42.2
34271,PM Peak,38
34271,PM Peak,26.7
34271,PM Peak,25.8
34271,PM Peak,34.5
34271,PM Peak,35.3
34271,PM Peak,20
34271,PM Peak,26.6
34271,PM Peak,22.9
34271,PM Peak,32.8
34271,PM Peak,25.2
34271,PM Peak,32
34271,PM Peak,34.8
34271,PM Peak,34.5
34271,PM Peak,25.5
34271,PM Peak,35.4
34271,PM Peak,28.9
34271,PM Peak,27.2
34271,PM Peak,36.8
34271,PM Peak,24.4
34271,PM Peak,30
34271,PM Peak,26.4
34271,PM Peak,22.1
34271,PM Peak,32.9
34271,PM Peak,16.7
34271,PM Peak,31
34271,PM Peak,34.9
34271,PM Peak,21.1
34271,PM Peak,27.5
34271,PM Peak,26.8
34271,PM Peak,29.7
34271,PM Peak,26.6
34271,PM Peak,36.5
34271,PM Peak,31.1
34271,PM Peak,21.2
34271,PM Peak,30.7
34271,PM Peak,29.2
34271,PM Peak,32.1
34271,PM Peak,30.6
34271,PM Peak,27.8
34271,PM Peak,29.4
34314,AM Peak,20.5
34314,AM Peak,21.3
34314,AM Peak,20.6
34314,AM Peak,20.2
34314,AM Peak,24.8
34314,AM Peak,27.7
34314,AM Peak,19.2
34314,AM Peak,18.3
34314,AM Peak,16.8
34314,AM Peak,21.9
34314,AM Peak,24.5
34314,AM Peak,21.1
34314,AM Peak,20.3
34314,AM Peak,19.1
34314,AM Peak,20.7
34314,AM Peak,23.9
34314,AM Peak,24
34314,AM Peak,24
34314,AM Peak,22.4
34314,AM Peak,22.9
34314,AM Peak,23.8
34314,AM Peak,22.9
34314,AM Peak,28.7
34314,AM Peak,23.9
34314,AM Peak,20.1
34314,AM Peak,27.2
34314,AM Peak,21.4
34314,AM Peak,25.8
34314,AM Peak,20.7
34314,AM Peak,26.9
34314,AM Peak,17.7
34314,AM Peak,19.2
34314,AM Peak,22.9
34314,AM Peak,20.6
34314,AM Peak,25.4
34314,AM Peak,32.3
34314,AM Peak,20.7
34314,AM Peak,22.6
34314,AM Peak,25.7
34314,AM Peak,23.4
34314,AM Peak,17.1
34314,AM Peak,19.9
34314,AM Peak,23
34314,AM Peak,22.5
34314,AM Peak,21.6
34314,AM Peak,24.2
34314,AM Peak,21.7
34314,AM Peak,22.4
34314,AM Peak,18.1
34314,AM Peak,24.5
34314,AM Peak,26.9
34314,AM Peak,19.2
34314,AM Peak,11.3
34314,AM Peak,22.3
34314,AM Peak,16.6
34314,AM Peak,23.7
34314,AM Peak,21.8
34314,AM Peak,18.2
34314,AM Peak,14.1
34314,AM Peak,23.8
34314,AM Peak,23.5
34314,AM Peak,19.1
34314,AM Peak,25.1
34314,AM Peak,25.8
34314,AM Peak,21.6
34314,AM Peak,19.1
34314,AM Peak,24.6
34314,AM Peak,19.4
34314,AM Peak,16.5
34314,AM Peak,24.7
34314,AM Peak,23.9
34314,AM Peak,21.8
34314,AM Peak,25
34314,AM Peak,25.4
34314,AM Peak,21.3
34314,AM Peak,21.7
34314,AM Peak,23.2
34314,AM Peak,20.3
34314,AM Peak,19.3
34314,AM Peak,20
34314,AM Peak,26.2
34314,AM Peak,19.5
34314,AM Peak,15.2
34314,AM Peak,24.8
34314,AM Peak,17.3
34314,AM Peak,22.5
34314,AM Peak,22.4
34314,AM Peak,20.8
34314,AM Peak,20.3
34314,AM Peak,26.9
34314,AM Peak,20.7
34314,AM Peak,27.1
34314,AM Peak,22.4
34314,AM Peak,22.4
34314,AM Peak,21.9
34314,AM Peak,21.7
34314,AM Peak,23.5
34314,AM Peak,26.9
34314,AM Peak,19.9
34314,AM Peak,22.8
34314,AM Peak,21.8
34314,AM Peak,29.2
34314,AM Peak,18.5
34314,AM Peak,19.4
34314,AM Peak,24.2
34314,AM Peak,18.7
34314,AM Peak,24.7
34314,AM Peak,22.1
34314,AM Peak,19.8
34314,AM Peak,26
34314,AM Peak,23.8
34314,AM Peak,22.6
34314,AM Peak,23
34314,AM Peak,17.3
34314,AM Peak,25
34314,AM Peak,24.1
34314,AM Peak,22.7
34314,AM Peak,26.7
34314,AM Peak,20.6
34314,AM Peak,21.2
34314,AM Peak,24.1
34314,AM Peak,27.2
34314,AM Peak,27
34314,AM Peak,25.7
34314,AM Peak,24.6
34314,AM Peak,21.4
34314,AM Peak,21.1
34314,AM Peak,25.5
34314,AM Peak,17.6
34314,AM Peak,23
34314,AM Peak,37.4
34314,AM Peak,20.5
34314,AM Peak,17.4
34314,AM Peak,21.6
34314,AM Peak,25.7
34314,AM Peak,30.3
34314,AM Peak,23.2
34314,AM Peak,23.1
34314,AM Peak,23
34314,AM Peak,20.1
34314,AM Peak,19.8
34314,AM Peak,19.8
34314,AM Peak,20.6
34314,AM Peak,23
34314,AM Peak,18.5
34314,AM Peak,22.6
34314,AM Peak,17
34314,AM Peak,27.4
34314,AM Peak,17.6
34314,AM Peak,24.6
34314,AM Peak,21
34314,AM Peak,20.1
34314,AM Peak,24.8
34314,AM Peak,19.9
34314,AM Peak,22.8
34314,AM Peak,17.2
34314,AM Peak,23.2
34314,AM Peak,28.8
34314,AM Peak,23.8
34314,AM Peak,27.6
34314,AM Peak,26.3
34314,AM Peak,18.2
34314,AM Peak,27.2
34314,AM Peak,23.4
34314,AM Peak,20.7
34314,AM Peak,15.3
34314,AM Peak,29.7
34314,AM Peak,25.4
34314,AM Peak,25.7
34314,AM Peak,19.3
34314,AM Peak,18.4
34314,AM Peak,23.9
34314,AM Peak,21.8
34314,AM Peak,22
34314,AM Peak,26.5
34314,AM Peak,19.5
34314,AM Peak,29.3
34314,AM Peak,23.2
34314,AM Peak,20.9
34314,AM Peak,25.7
34314,AM Peak,19.1
34314,AM Peak,21.8
34314,AM Peak,25.9
34314,AM Peak,19.6
34314,AM Peak,20.8
34314,AM Peak,22.8
34314,AM Peak,20.4
34314,AM Peak,23.5
34314,AM Peak,23.5
34314,AM Peak,27.7
34314,AM Peak,17.9
34314,AM Peak,20.4
34314,AM Peak,20.6
34314,AM Peak,22.1
34314,AM Peak,21
34314,AM Peak,23
34314,AM Peak,21.7
34314,AM Peak,18.1
34314,AM Peak,23
34314,AM Peak,32.5
34314,AM Peak,18.5
34314,AM Peak,18.6
34314,AM Peak,16
34314,AM Peak,22.4
34314,AM Peak,20.9
34314,AM Peak,25.5
34314,AM Peak,26.5
34314,AM Peak,21.4
34314,AM Peak,18.7
34314,AM Peak,25.2
34314,AM Peak,23.3
34314,AM Peak,20.7
34314,AM Peak,17
34314,AM Peak,21.4
34314,AM Peak,24
34314,AM Peak,23.3
34314,AM Peak,20.5
34314,AM Peak,28
34314,AM Peak,13.6
34314,AM Peak,19.7
34314,AM Peak,19.5
34314,AM Peak,22.3
34314,AM Peak,27.8
34314,AM Peak,25.3
34314,AM Peak,19
34314,AM Peak,25.6
34314,AM Peak,20.3
34314,AM Peak,20.3
34314,AM Peak,20.6
34314,AM Peak,24.9
34314,AM Peak,20.6
34314,AM Peak,18.4
34314,AM Peak,22.2
34314,AM Peak,27.5
34314,AM Peak,23.3
34314,AM Peak,20.4
34314,AM Peak,27
34314,AM Peak,23.6
34314,AM Peak,20.2
34314,AM Peak,14.8
34314,AM Peak,24.1
34314,AM Peak,17.7
34314,AM Peak,17.7
34314,AM Peak,22.3
34314,AM Peak,23.3
34314,AM Peak,22.1
34314,AM Peak,23.8
34314,AM Peak,26.1
34314,AM Peak,21
34314,AM Peak,19.9
34314,AM Peak,24.6
34314,AM Peak,25.7
34314,AM Peak,19.3
34314,AM Peak,23.4
34314,AM Peak,34.1
34314,AM Peak,20.6
34314,AM Peak,23.3
34314,AM Peak,27.9
34314,AM Peak,15.5
34314,AM Peak,23.3
34314,AM Peak,20.9
34314,AM Peak,23
34314,AM Peak,20.8
34314,AM Peak,18.6
34314,AM Peak,26.8
34314,AM Peak,23.5
34314,AM Peak,20.2
34314,AM Peak,21.4
34314,AM Peak,19.3
34314,AM Peak,22.9
34314,AM Peak,24.9
34314,AM Peak,22.8
34314,AM Peak,23.4
34314,AM Peak,18.1
34314,AM Peak,22.4
34314,AM Peak,27.2
34314,AM Peak,23.3
34314,AM Peak,21.2
34314,AM Peak,20.3
34314,AM Peak,24.7
34314,AM Peak,20.2
34314,AM Peak,24.7
34314,AM Peak,15.5
34314,AM Peak,26.9
34314,AM Peak,19.8
34314,AM Peak,31
34314,AM Peak,17.5
34314,AM Peak,24.1
34314,AM Peak,23.5
34314,AM Peak,19.9
34314,AM Peak,26.3
34314,AM Peak,23.4
34314,AM Peak,24.9
34314,AM Peak,22.7
34314,AM Peak,20.1
34314,AM Peak,20.8
34314,AM Peak,28
34314,AM Peak,19.9
34314,AM Peak,20.1
34314,AM Peak,22.9
34314,AM Peak,24.9
34314,AM Peak,27.8
34314,AM Peak,18.8
34314,AM Peak,23
34314,AM Peak,27.4
34314,AM Peak,26.1
34314,AM Peak,20
34314,AM Peak,21.9
34314,AM Peak,24.2
34314,AM Peak,40.6
34314,AM Peak,21.9
34314,AM Peak,21
34314,AM Peak,24.5
34314,AM Peak,21.8
34314,AM Peak,24.2
34314,AM Peak,24.4
34314,AM Peak,22.7
34314,AM Peak,22.9
34314,AM Peak,21.6
34314,AM Peak,21.4
34314,AM Peak,31.8
34314,AM Peak,21.5
34314,AM Peak,28.1
34314,AM Peak,20.6
34314,AM Peak,21.6
34314,AM Peak,24.4
34314,AM Peak,22
34314,AM Peak,21.4
34314,AM Peak,20.9
34314,AM Peak,21.1
34314,AM Peak,29.1
34314,AM Peak,25
34314,AM Peak,24.9
34314,AM Peak,18.5
34314,AM Peak,20.5
34314,AM Peak,20
34314,AM Peak,22.5
34314,AM Peak,24
34314,AM Peak,20
34314,AM Peak,22.5
34314,AM Peak,22.7
34314,AM Peak,23.4
34314,AM Peak,26.9
34314,AM Peak,19.8
34314,AM Peak,25.1
34314,AM Peak,22.5
34314,AM Peak,21.3
34314,AM Peak,29.2
34314,AM Peak,21.2
34314,AM Peak,21
34314,AM Peak,22.3
34314,AM Peak,16.9
34314,AM Peak,18.9
34314,AM Peak,20.7
34314,AM Peak,26.1
34314,AM Peak,21.4
34314,AM Peak,20
34314,AM Peak,19.7
34314,AM Peak,22.5
34314,AM Peak,18.2
34314,AM Peak,23.3
34314,AM Peak,24.3
34314,AM Peak,21.1
34314,AM Peak,18.4
34314,AM Peak,21.7
34314,AM Peak,13.7
34314,AM Peak,24.3
34314,AM Peak,22.3
34314,AM Peak,19.3
34314,AM Peak,28.2
34314,AM Peak,18.1
34314,AM Peak,29.6
34314,AM Peak,28.3
34314,AM Peak,24.9
34314,AM Peak,23.6
34314,AM Peak,30.2
34314,AM Peak,25
34314,AM Peak,22.9
34314,AM Peak,24.2
34314,AM Peak,26
34314,AM Peak,21.9
34314,AM Peak,24.1
34314,AM Peak,24.5
34314,AM Peak,22.5
34314,AM Peak,27.5
34314,AM Peak,13.8
34314,AM Peak,23.8
34314,AM Peak,28.7
34314,AM Peak,26.7
34314,AM Peak,20.3
34314,AM Peak,20.8
34314,AM Peak,29.9
34314,AM Peak,16.8
34314,AM Peak,16.4
34314,AM Peak,29.8
34314,AM Peak,28.4
34314,AM Peak,26.4
34314,AM Peak,19.4
34314,AM Peak,25.4
34314,AM Peak,24.5
34314,AM Peak,24.9
34314,AM Peak,23.2
34314,AM Peak,29.1
34314,AM Peak,35.8
34314,AM Peak,22.5
34314,AM Peak,18.9
34314,AM Peak,19.6
34314,AM Peak,17.4
34314,AM Peak,25.5
34314,AM Peak,26.7
34314,AM Peak,23.5
34314,AM Peak,24.7
34314,AM Peak,22.4
34314,AM Peak,18.2
34314,AM Peak,14.3
34314,AM Peak,22
34314,AM Peak,25
34314,AM Peak,16.8
34314,AM Peak,23.8
34314,AM Peak,26
34314,AM Peak,21.2
34314,AM Peak,26
34314,AM Peak,19.6
34314,AM Peak,26.9
34314,AM Peak,21.6
34314,AM Peak,20
34314,AM Peak,21.7
34314,AM Peak,22.3
34314,AM Peak,22.7
34314,AM Peak,23.6
34314,AM Peak,25.1
34314,AM Peak,16.7
34314,AM Peak,21.6
34314,AM Peak,21.3
34314,AM Peak,20.2
34314,AM Peak,19.4
34314,AM Peak,30.2
34314,AM Peak,25.2
34314,AM Peak,18.6
34314,AM Peak,23.5
34314,AM Peak,22.2
34314,AM Peak,23.1
34314,AM Peak,23.6
34314,AM Peak,22.3
34314,AM Peak,27.4
34314,AM Peak,26.6
34314,AM Peak,28.6
34314,AM Peak,20.3
34314,AM Peak,27.1
34314,AM Peak,20.4
34314,AM Peak,21.5
34314,AM Peak,22
34314,AM Peak,23.7
34314,AM Peak,23.4
34314,AM Peak,33.6
34314,AM Peak,20.5
34314,AM Peak,27.2
34314,AM Peak,21.2
34314,AM Peak,22.7
34314,AM Peak,32
34314,AM Peak,21.6
34314,AM Peak,23.6
34314,AM Peak,19.9
34314,AM Peak,22.9
34314,AM Peak,24.8
34314,AM Peak,20.3
34314,AM Peak,26.7
34314,AM Peak,23.7
34314,AM Peak,22.4
34314,AM Peak,20.5
34314,AM Peak,21.5
34314,AM Peak,22.3
34314,AM Peak,25.5
34314,AM Peak,22.8
34314,AM Peak,20.3
34314,AM Peak,17.2
34314,AM Peak,24.8
34314,AM Peak,20.7
34314,AM Peak,23.9
34314,AM Peak,21.3
34314,AM Peak,18.2
34314,AM Peak,23.4
34314,AM Peak,28.2
34314,AM Peak,23.5
34314,AM Peak,29.7
34314,AM Peak,22.4
34314,AM Peak,27.2
34314,AM Peak,23.4
34314,AM Peak,22.9
34314,AM Peak,25.5
34314,AM Peak,19
34314,AM Peak,19.4
34314,AM Peak,25.4
34314,AM Peak,24.7
34314,AM Peak,21.4
34314,AM Peak,20.7
34314,AM Peak,28.1
34314,AM Peak,22
34314,AM Peak,16
34314,AM Peak,22.7
34314,PM Peak,21.7
34314,PM Peak,28.1
34314,PM Peak,27.1
34314,PM Peak,21.3
34314,PM Peak,16.6
34314,PM Peak,19.8
34314,PM Peak,19.5
34314,PM Peak,24.5
34314,PM Peak,19.1
34314,PM Peak,38.8
34314,PM Peak,17.5
34314,PM Peak,18.9
34314,PM Peak,18.5
34314,PM Peak,18.3
34314,PM Peak,29
34314,PM Peak,20.7
34314,PM Peak,21.1
34314,PM Peak,26.1
34314,PM Peak,19.9
34314,PM Peak,18.6
34314,PM Peak,21.4
34314,PM Peak,24.3
34314,PM Peak,23
34314,PM Peak,23.6
34314,PM Peak,26.1
34314,PM Peak,16.4
34314,PM Peak,22.4
34314,PM Peak,17.4
34314,PM Peak,22.9
34314,PM Peak,17
34314,PM Peak,26.4
34314,PM Peak,25.9
34314,PM Peak,15
34314,PM Peak,26.3
34314,PM Peak,24
34314,PM Peak,23
34314,PM Peak,18.3
34314,PM Peak,24.2
34314,PM Peak,22.3
34314,PM Peak,15.7
34314,PM Peak,25.5
34314,PM Peak,15.1
34314,PM Peak,20.5
34314,PM Peak,19.4
34314,PM Peak,21
34314,PM Peak,26.3
34314,PM Peak,20.8
34314,PM Peak,20
34314,PM Peak,20.7
34314,PM Peak,26.1
34314,PM Peak,25.9
34314,PM Peak,17.1
34314,PM Peak,22
34314,PM Peak,20.6
34314,PM Peak,20.4
34314,PM Peak,20.5
34314,PM Peak,27.7
34314,PM Peak,23.8
34314,PM Peak,19.8
34314,PM Peak,23.7
34314,PM Peak,22.8
34314,PM Peak,28.4
34314,PM Peak,19.7
34314,PM Peak,20.8
34314,PM Peak,23.5
34314,PM Peak,21
34314,PM Peak,28.1
34314,PM Peak,20.4
34314,PM Peak,17.6
34314,PM Peak,22.7
34314,PM Peak,25.2
34314,PM Peak,25.6
34314,PM Peak,24.1
34314,PM Peak,20
34314,PM Peak,16.6
34314,PM Peak,30.1
34314,PM Peak,22.2
34314,PM Peak,27.5
34314,PM Peak,15.8
34314,PM Peak,25
34314,PM Peak,17.4
34314,PM Peak,21.1
34314,PM Peak,22
34314,PM Peak,16.7
34314,PM Peak,16.1
34314,PM Peak,14.4
34314,PM Peak,24.6
34314,PM Peak,20.9
34314,PM Peak,15
34314,PM Peak,20
34314,PM Peak,22
34314,PM Peak,14.2
34314,PM Peak,21.7
34314,PM Peak,19.9
34314,PM Peak,34
34314,PM Peak,21.1
34314,PM Peak,26.1
34314,PM Peak,18.3
34314,PM Peak,34.5
34314,PM Peak,15.4
34314,PM Peak,28.8
34314,PM Peak,24.5
34314,PM Peak,24.1
34314,PM Peak,22.3
34314,PM Peak,17.3
34314,PM Peak,25.7
34314,PM Peak,24.4
34314,PM Peak,29.3
34314,PM Peak,20.1
34314,PM Peak,17.9
34314,PM Peak,18.3
34314,PM Peak,25.7
34314,PM Peak,20.7
34314,PM Peak,23.3
34314,PM Peak,18
34314,PM Peak,17.3
34314,PM Peak,23.3
34314,PM Peak,19
34314,PM Peak,20.7
34314,PM Peak,26.8
34314,PM Peak,20.2
34314,PM Peak,20.1
34314,PM Peak,24.6
34314,PM Peak,16
34314,PM Peak,22.5
34314,PM Peak,25.8
34314,PM Peak,19.2
34314,PM Peak,20.2
34314,PM Peak,21.5
34314,PM Peak,17.2
34314,PM Peak,19.8
34314,PM Peak,17.9
34314,PM Peak,21.1
34314,PM Peak,18.2
34314,PM Peak,31.6
34314,PM Peak,21.3
34314,PM Peak,19.8
34314,PM Peak,22.3
34314,PM Peak,20.1
34314,PM Peak,25.6
34314,PM Peak,19.5
34314,PM Peak,20.2
34314,PM Peak,21.9
34314,PM Peak,18.7
34314,PM Peak,25
34314,PM Peak,23.6
34314,PM Peak,21.1
34314,PM Peak,23.9
34314,PM Peak,26.6
34314,PM Peak,26
34314,PM Peak,19.1
34314,PM Peak,23.4
34314,PM Peak,22.5
34314,PM Peak,20.8
34314,PM Peak,28.6
34314,PM Peak,22.2
34314,PM Peak,21.4
34314,PM Peak,25.6
34314,PM Peak,19.7
34314,PM Peak,26.1
34314,PM Peak,19.1
34314,PM Peak,26
34314,PM Peak,34.2
34314,PM Peak,16
34314,PM Peak,16.5
34314,PM Peak,17
34314,PM Peak,15.2
34314,PM Peak,25.8
34314,PM Peak,21.2
34314,PM Peak,23.6
34314,PM Peak,30.4
34314,PM Peak,28.7
34314,PM Peak,24.8
34314,PM Peak,23.8
34314,PM Peak,31.9
34314,PM Peak,22.7
34314,PM Peak,23
34314,PM Peak,20.6
34314,PM Peak,27.4
34314,PM Peak,19.1
34314,PM Peak,21.2
34314,PM Peak,19.4
34314,PM Peak,26.5
34314,PM Peak,33.9
34314,PM Peak,25.5
34314,PM Peak,22.8
34314,PM Peak,18.3
34314,PM Peak,18.1
34314,PM Peak,18.9
34314,PM Peak,27
34314,PM Peak,19.6
34314,PM Peak,24.2
34314,PM Peak,22.1
34314,PM Peak,13.6
34314,PM Peak,15.9
34314,PM Peak,13.8
34314,PM Peak,20.7
34314,PM Peak,14.7
34314,PM Peak,33.6
34314,PM Peak,15.7
34314,PM Peak,27.1
34314,PM Peak,22.7
34314,PM Peak,21.9
34314,PM Peak,18.8
34314,PM Peak,34.3
34314,PM Peak,30.5
34314,PM Peak,12.3
34314,PM Peak,24.5
34314,PM Peak,23.8
34314,PM Peak,19.6
34314,PM Peak,23.4
34314,PM Peak,27.2
34314,PM Peak,22.8
34314,PM Peak,17.5
34314,PM Peak,31.2
34314,PM Peak,22
34314,PM Peak,21.4
34314,PM Peak,17.9
34314,PM Peak,29.3
34314,PM Peak,20.7
34314,PM Peak,19
34314,PM Peak,26.4
34314,PM Peak,24
34314,PM Peak,20.1
34314,PM Peak,20.6
34314,PM Peak,20.5
34314,PM Peak,17.7
34314,PM Peak,20.2
34314,PM Peak,21.9
34314,PM Peak,24.2
34314,PM Peak,20.5
34314,PM Peak,18
34314,PM Peak,20.3
34314,PM Peak,22.7
34314,PM Peak,23.1
34314,PM Peak,28.1
34314,PM Peak,20.8
34314,PM Peak,31.2
34314,PM Peak,19.3
34314,PM Peak,23
34314,PM Peak,20.3
34314,PM Peak,18.9
34314,PM Peak,20.7
34314,PM Peak,27.6
34314,PM Peak,20.5
34314,PM Peak,24.5
34314,PM Peak,26.3
34314,PM Peak,15.3
34314,PM Peak,20.5
34314,PM Peak,12.5
34314,PM Peak,22.5
34314,PM Peak,30.9
34314,PM Peak,26.6
34314,PM Peak,31.7
34314,PM Peak,18.3
34314,PM Peak,22.7
34314,PM Peak,22.5
34314,PM Peak,20.6
34314,PM Peak,22.4
34314,PM Peak,23.9
34314,PM Peak,25.3
34314,PM Peak,17.1
34314,PM Peak,20.5
34314,PM Peak,31.1
34314,PM Peak,19.7
34314,PM Peak,29.5
34314,PM Peak,20
34314,PM Peak,28.1
34314,PM Peak,19.6
34314,PM Peak,16.1
34314,PM Peak,24.8
34314,PM Peak,23.1
34314,PM Peak,23.8
34314,PM Peak,11.5
34314,PM Peak,22.1
34314,PM Peak,24.9
34314,PM Peak,21.9
34314,PM Peak,15.8
34314,PM Peak,28.6
34314,PM Peak,23.7
34314,PM Peak,23.4
34314,PM Peak,20.8
34314,PM Peak,30.1
34314,PM Peak,22.6
34314,PM Peak,18.8
34314,PM Peak,27
34314,PM Peak,17.6
34314,PM Peak,25.1
34314,PM Peak,26.1
34314,PM Peak,27.3
34314,PM Peak,16.7
34314,PM Peak,23.2
34314,PM Peak,22.1
34314,PM Peak,25.1
34314,PM Peak,22.6
34314,PM Peak,27.3
34314,PM Peak,26.1
34314,PM Peak,19.6
34314,PM Peak,19.1
34314,PM Peak,21.6
34314,PM Peak,21.1
34314,PM Peak,21.6
34314,PM Peak,19.9
34314,PM Peak,29.6
34314,PM Peak,23.7
34314,PM Peak,31.3
34314,PM Peak,16.9
34314,PM Peak,22.9
34314,PM Peak,18.4
34314,PM Peak,23.1
34314,PM Peak,34.4
34314,PM Peak,26.7
34314,PM Peak,19.8
34314,PM Peak,31.8
34314,PM Peak,21.7
34314,PM Peak,21.5
34314,PM Peak,22.9
34314,PM Peak,30.2
34314,PM Peak,19.9
34314,PM Peak,17
34314,PM Peak,31
34314,PM Peak,30.6
34314,PM Peak,20.6
34314,PM Peak,31.8
34314,PM Peak,18.6
34314,PM Peak,26.4
34314,PM Peak,30.3
34314,PM Peak,21
34314,PM Peak,21.7
34314,PM Peak,18.7
34314,PM Peak,19.9
34314,PM Peak,24.3
34314,PM Peak,22.7
34314,PM Peak,18.4
34314,PM Peak,24.5
34314,PM Peak,25
34314,PM Peak,26.1
34314,PM Peak,22.3
34314,PM Peak,18.8
34314,PM Peak,22.1
34314,PM Peak,20.2
34314,PM Peak,21.9
34314,PM Peak,20.3
34314,PM Peak,24.3
34314,PM Peak,25.5
34314,PM Peak,19.6
34314,PM Peak,20.1
34314,PM Peak,28.1
34314,PM Peak,20.6
34314,PM Peak,16.6
34314,PM Peak,17.1
34314,PM Peak,23.7
34314,PM Peak,18.4
34314,PM Peak,23.2
34314,PM Peak,14.3
34314,PM Peak,29.4
34314,PM Peak,14.7
34314,PM Peak,22.5
34314,PM Peak,25.2
34314,PM Peak,19
34314,PM Peak,24.5
34314,PM Peak,28.4
34314,PM Peak,26.3
34314,PM Peak,19.4
34314,PM Peak,22.9
34314,PM Peak,31.5
34314,PM Peak,23.3
34314,PM Peak,25.9
34314,PM Peak,26
34314,PM Peak,14.6
34314,PM Peak,20.8
34314,PM Peak,19.3
34314,PM Peak,19.3
34314,PM Peak,19.1
34314,PM Peak,15.9
34314,PM Peak,23.2
34314,PM Peak,26
34314,PM Peak,19.9
34314,PM Peak,16.1
34314,PM Peak,17.3
34314,PM Peak,16
34314,PM Peak,15.9
34314,PM Peak,19.8
34314,PM Peak,19.3
34314,PM Peak,21.5
34314,PM Peak,21.8
34314,PM Peak,18.5
34314,PM Peak,24
34314,PM Peak,20.4
34314,PM Peak,24.3
34314,PM Peak,20.6
34314,PM Peak,26.9
34314,PM Peak,18.1
34314,PM Peak,25.3
34314,PM Peak,18.9
34314,PM Peak,24.9
34314,PM Peak,22.7
34314,PM Peak,19.3
34314,PM Peak,25.6
34314,PM Peak,21.3
34314,PM Peak,13.6
34314,PM Peak,20.1
34314,PM Peak,22.4
34314,PM Peak,22.2
34314,PM Peak,15.2
34314,PM Peak,16.1
34314,PM Peak,18.2
34314,PM Peak,32.3
34314,PM Peak,24.5
34314,PM Peak,26.9
34314,PM Peak,23.2
34314,PM Peak,24.4
34314,PM Peak,27.1
34314,PM Peak,15.4
34314,PM Peak,25.8
34314,PM Peak,26.9
34314,PM Peak,19.3
34314,PM Peak,20.2
34314,PM Peak,15.5
34314,PM Peak,17.6
34314,PM Peak,24.4
34314,PM Peak,16.7
34314,PM Peak,18.4
34314,PM Peak,22.1
34314,PM Peak,29.7
34314,PM Peak,24.6
34314,PM Peak,24.9
34314,PM Peak,22.4
34314,PM Peak,21.4
34314,PM Peak,23.7
34314,PM Peak,19.5
34314,PM Peak,23.7
34314,PM Peak,27.2
34314,PM Peak,23.7
34314,PM Peak,20.9
34314,PM Peak,17.2
34314,PM Peak,29.8
34314,PM Peak,20.4
34314,PM Peak,27.2
34314,PM Peak,20.7
34314,PM Peak,23.4
34314,PM Peak,30.4
34314,PM Peak,26.2
34314,PM Peak,15.1
34314,PM Peak,20.4
34314,PM Peak,20
34314,PM Peak,23.5
34314,PM Peak,18.7
34314,PM Peak,20.4
34314,PM Peak,29.9
34314,PM Peak,21.6
34314,PM Peak,24.9
34314,PM Peak,17.9
34314,PM Peak,30.2
34314,PM Peak,22.2
34314,PM Peak,21.8
34314,PM Peak,21.7
34314,PM Peak,24.9
34314,PM Peak,23.3
34314,PM Peak,20.7
34314,PM Peak,26.3
34314,PM Peak,16.6
34314,PM Peak,19.7
34314,PM Peak,24.4
34314,PM Peak,24.9
34314,PM Peak,18.1
34314,PM Peak,22.5
34314,PM Peak,24.5
34314,PM Peak,27.7
34314,PM Peak,25
34314,PM Peak,25.2
34314,PM Peak,15.6
34314,PM Peak,21.1
34314,PM Peak,27.2
34314,PM Peak,21.2
34314,PM Peak,23.7
34314,PM Peak,29
34314,PM Peak,22.7
34314,PM Peak,18.7
34314,PM Peak,24.3
34314,PM Peak,19.8
34314,PM Peak,20.7
34314,PM Peak,21
34314,PM Peak,20.3
34314,PM Peak,23.3
34314,PM Peak,19.1
34314,PM Peak,22.2
34314,PM Peak,25
34314,PM Peak,20.9
34314,PM Peak,22.6
34314,PM Peak,25.2
34314,PM Peak,22.4
34314,PM Peak,18.8
34314,PM Peak,23.2
34314,PM Peak,25.9
34314,PM Peak,23
34314,PM Peak,24.2
34314,PM Peak,21
34314,PM Peak,20
34314,PM Peak,22.4
34315,AM Peak,22.6
34315,AM Peak,24.8
34315,AM Peak,22
34315,AM Peak,15.1
34315,AM Peak,22.6
34315,AM Peak,20.2
34315,AM Peak,24.7
34315,AM Peak,18
34315,AM Peak,20.2
34315,AM Peak,22.4
34315,AM Peak,22.1
34315,AM Peak,21.5
34315,AM Peak,18.6
34315,AM Peak,20.1
34315,AM Peak,21.1
34315,AM Peak,19.9
34315,AM Peak,31.8
34315,AM Peak,23.9
34315,AM Peak,22.2
34315,AM Peak,18.1
34315,AM Peak,28.3
34315,AM Peak,20.3
34315,AM Peak,9.5
34315,AM Peak,23.1
34315,AM Peak,22.4
34315,AM Peak,21
34315,AM Peak,24.6
34315,AM Peak,21.8
34315,AM Peak,17.8
34315,AM Peak,22
34315,AM Peak,23.3
34315,AM Peak,23.1
34315,AM Peak,22.3
34315,AM Peak,22.9
34315,AM Peak,21.6
34315,AM Peak,29.8
34315,AM Peak,15.7
34315,AM Peak,13.8
34315,AM Peak,18.8
34315,AM Peak,19
34315,AM Peak,19.4
34315,AM Peak,17.7
34315,AM Peak,20.9
34315,AM Peak,20.2
34315,AM Peak,18.6
34315,AM Peak,22.9
34315,AM Peak,19.8
34315,AM Peak,18.6
34315,AM Peak,16.6
34315,AM Peak,22.5
34315,AM Peak,18.1
34315,AM Peak,21.8
34315,AM Peak,20.9
34315,AM Peak,24.3
34315,AM Peak,15.6
34315,AM Peak,17.1
34315,AM Peak,21.6
34315,AM Peak,23.2
34315,AM Peak,24.3
34315,AM Peak,21
34315,AM Peak,22
34315,AM Peak,10.8
34315,AM Peak,18.8
34315,AM Peak,14.6
34315,AM Peak,4.4
34315,AM Peak,20.2
34315,AM Peak,18
34315,AM Peak,25.2
34315,AM Peak,13.9
34315,AM Peak,20.6
34315,AM Peak,20.6
34315,AM Peak,30.9
34315,AM Peak,21.2
34315,AM Peak,22.4
34315,AM Peak,17.4
34315,AM Peak,25
34315,AM Peak,14.9
34315,AM Peak,21.4
34315,AM Peak,20.5
34315,AM Peak,18
34315,AM Peak,23.4
34315,AM Peak,17.5
34315,AM Peak,17.9
34315,AM Peak,28.7
34315,AM Peak,18.2
34315,AM Peak,21.6
34315,AM Peak,19.6
34315,AM Peak,20.7
34315,AM Peak,9.1
34315,AM Peak,19.1
34315,AM Peak,26.3
34315,AM Peak,24.5
34315,AM Peak,23.5
34315,AM Peak,21.7
34315,AM Peak,16.5
34315,AM Peak,11.5
34315,AM Peak,20.4
34315,AM Peak,25.5
34315,AM Peak,18.5
34315,AM Peak,17.3
34315,AM Peak,26.3
34315,AM Peak,23
34315,AM Peak,21
34315,AM Peak,13.7
34315,AM Peak,21.6
34315,AM Peak,18
34315,AM Peak,27.1
34315,AM Peak,16.8
34315,AM Peak,23.3
34315,AM Peak,18.3
34315,AM Peak,24.7
34315,AM Peak,18.6
34315,AM Peak,19.3
34315,AM Peak,14.3
34315,AM Peak,23.2
34315,AM Peak,26.9
34315,AM Peak,10.9
34315,AM Peak,21.2
34315,AM Peak,20.9
34315,AM Peak,18.8
34315,AM Peak,22.5
34315,AM Peak,25.2
34315,AM Peak,23.4
34315,AM Peak,16.2
34315,AM Peak,23.3
34315,AM Peak,16.7
34315,AM Peak,23.8
34315,AM Peak,22.7
34315,AM Peak,29.2
34315,AM Peak,16.2
34315,AM Peak,17.4
34315,AM Peak,23
34315,AM Peak,23.1
34315,AM Peak,21.5
34315,AM Peak,19
34315,AM Peak,12.3
34315,AM Peak,29.9
34315,AM Peak,23.5
34315,AM Peak,21.3
34315,AM Peak,22.4
34315,AM Peak,24.9
34315,AM Peak,27.8
34315,AM Peak,17.3
34315,AM Peak,5.7
34315,AM Peak,28.7
34315,AM Peak,27.5
34315,AM Peak,17.3
34315,AM Peak,27.3
34315,AM Peak,22.4
34315,AM Peak,22.9
34315,AM Peak,20.2
34315,AM Peak,20.9
34315,AM Peak,19.2
34315,AM Peak,17.7
34315,AM Peak,24.4
34315,AM Peak,17.2
34315,AM Peak,26.3
34315,AM Peak,17.4
34315,AM Peak,14.6
34315,AM Peak,13.4
34315,AM Peak,21.5
34315,AM Peak,17.9
34315,AM Peak,18
34315,AM Peak,23.2
34315,AM Peak,19.1
34315,AM Peak,16.7
34315,AM Peak,22.1
34315,AM Peak,16.5
34315,AM Peak,20.5
34315,AM Peak,16.6
34315,AM Peak,22.8
34315,AM Peak,21.1
34315,AM Peak,22.2
34315,AM Peak,19.6
34315,AM Peak,26.8
34315,AM Peak,17.3
34315,AM Peak,23.1
34315,AM Peak,26.2
34315,AM Peak,26.3
34315,AM Peak,18.9
34315,AM Peak,23.1
34315,AM Peak,13.8
34315,AM Peak,19.5
34315,AM Peak,24.3
34315,AM Peak,21.3
34315,AM Peak,18.8
34315,AM Peak,25
34315,AM Peak,23.7
34315,AM Peak,23.7
34315,AM Peak,20.2
34315,AM Peak,24.7
34315,AM Peak,18.5
34315,AM Peak,21.4
34315,AM Peak,23.1
34315,AM Peak,17.4
34315,AM Peak,24.8
34315,AM Peak,20.1
34315,AM Peak,18.2
34315,AM Peak,22.9
34315,AM Peak,22.1
34315,AM Peak,20.7
34315,AM Peak,30.1
34315,AM Peak,22.2
34315,AM Peak,22.2
34315,AM Peak,25.1
34315,AM Peak,19.4
34315,AM Peak,25.7
34315,AM Peak,19.5
34315,AM Peak,18
34315,AM Peak,27.1
34315,AM Peak,20
34315,AM Peak,17.6
34315,AM Peak,27.3
34315,AM Peak,15.8
34315,AM Peak,9.9
34315,AM Peak,26.2
34315,AM Peak,13.4
34315,AM Peak,17.8
34315,AM Peak,17
34315,AM Peak,23.9
34315,AM Peak,17.4
34315,AM Peak,21.7
34315,AM Peak,18.1
34315,AM Peak,29.5
34315,AM Peak,29.8
34315,AM Peak,18.1
34315,AM Peak,9.1
34315,AM Peak,18.5
34315,AM Peak,19.3
34315,AM Peak,16.6
34315,AM Peak,18.1
34315,AM Peak,19.3
34315,AM Peak,22.5
34315,AM Peak,14.8
34315,AM Peak,19.9
34315,AM Peak,19.1
34315,AM Peak,20
34315,AM Peak,18.5
34315,AM Peak,24.6
34315,AM Peak,24.5
34315,AM Peak,13.1
34315,AM Peak,21.3
34315,AM Peak,19.4
34315,AM Peak,25.3
34315,AM Peak,20
34315,AM Peak,20
34315,AM Peak,21.4
34315,AM Peak,21.9
34315,AM Peak,20.5
34315,AM Peak,20.8
34315,AM Peak,22
34315,AM Peak,23.5
34315,AM Peak,16.1
34315,AM Peak,20.5
34315,AM Peak,18.8
34315,AM Peak,19.8
34315,AM Peak,21.9
34315,AM Peak,15.9
34315,AM Peak,22.4
34315,AM Peak,27.4
34315,AM Peak,15.2
34315,AM Peak,25
34315,AM Peak,21
34315,AM Peak,18.8
34315,AM Peak,20.5
34315,AM Peak,10.5
34315,AM Peak,23.2
34315,AM Peak,13.6
34315,AM Peak,21.5
34315,AM Peak,32.8
34315,AM Peak,19.8
34315,AM Peak,20.3
34315,AM Peak,21.7
34315,AM Peak,18.9
34315,AM Peak,21.4
34315,AM Peak,19.3
34315,AM Peak,19.3
34315,AM Peak,19
34315,AM Peak,20.1
34315,AM Peak,18.3
34315,AM Peak,23.4
34315,AM Peak,20.5
34315,AM Peak,20.4
34315,AM Peak,23
34315,AM Peak,21.1
34315,AM Peak,18.8
34315,AM Peak,24.1
34315,AM Peak,19.8
34315,AM Peak,20.8
34315,AM Peak,23.6
34315,AM Peak,26
34315,AM Peak,22.8
34315,AM Peak,12.5
34315,AM Peak,24.9
34315,AM Peak,23.9
34315,AM Peak,18.6
34315,AM Peak,32.1
34315,AM Peak,20.4
34315,AM Peak,20
34315,AM Peak,20.3
34315,AM Peak,29.3
34315,AM Peak,21
34315,AM Peak,15.1
34315,AM Peak,14.2
34315,AM Peak,20.2
34315,AM Peak,17
34315,AM Peak,17.7
34315,AM Peak,20.6
34315,AM Peak,21.2
34315,AM Peak,16.2
34315,AM Peak,26.4
34315,AM Peak,20.2
34315,AM Peak,19.1
34315,AM Peak,18.1
34315,AM Peak,15.4
34315,AM Peak,19.3
34315,AM Peak,4.1
34315,AM Peak,21.4
34315,AM Peak,25.1
34315,AM Peak,22.2
34315,AM Peak,21.1
34315,AM Peak,21.8
34315,AM Peak,24.7
34315,AM Peak,28.5
34315,AM Peak,17.1
34315,AM Peak,19.2
34315,AM Peak,20.4
34315,AM Peak,23
34315,AM Peak,19.6
34315,AM Peak,27.1
34315,AM Peak,33.9
34315,AM Peak,24.9
34315,AM Peak,17.2
34315,AM Peak,19.8
34315,AM Peak,21.1
34315,AM Peak,17.6
34315,AM Peak,17.9
34315,AM Peak,23.6
34315,AM Peak,22.6
34315,AM Peak,22.9
34315,AM Peak,18.9
34315,AM Peak,24.4
34315,AM Peak,17
34315,AM Peak,23.6
34315,AM Peak,17.3
34315,AM Peak,24
34315,AM Peak,23.5
34315,AM Peak,15
34315,AM Peak,18.1
34315,AM Peak,22
34315,AM Peak,21.8
34315,AM Peak,28.3
34315,AM Peak,24.7
34315,AM Peak,16.8
34315,AM Peak,21
34315,AM Peak,17.6
34315,AM Peak,13.4
34315,AM Peak,23.5
34315,AM Peak,29.1
34315,AM Peak,23.7
34315,AM Peak,27.8
34315,AM Peak,19.7
34315,AM Peak,17.4
34315,AM Peak,21.6
34315,AM Peak,21.8
34315,AM Peak,21
34315,AM Peak,22
34315,AM Peak,17.5
34315,AM Peak,29.5
34315,AM Peak,19.2
34315,AM Peak,17.7
34315,AM Peak,20.3
34315,AM Peak,17.3
34315,AM Peak,19.4
34315,AM Peak,15.2
34315,AM Peak,16.1
34315,AM Peak,26
34315,AM Peak,11.9
34315,AM Peak,18.8
34315,AM Peak,20.9
34315,AM Peak,13.4
34315,AM Peak,26.1
34315,AM Peak,15.9
34315,AM Peak,28.7
34315,AM Peak,19.1
34315,AM Peak,19.6
34315,AM Peak,23.2
34315,AM Peak,17.2
34315,AM Peak,21.7
34315,AM Peak,20.3
34315,AM Peak,16.6
34315,AM Peak,18.4
34315,AM Peak,17.8
34315,AM Peak,23.9
34315,AM Peak,26.7
34315,AM Peak,25.2
34315,AM Peak,20.1
34315,AM Peak,21
34315,AM Peak,24.2
34315,AM Peak,29.3
34315,AM Peak,13.9
34315,AM Peak,24.3
34315,AM Peak,21.1
34315,AM Peak,13.3
34315,AM Peak,21.9
34315,AM Peak,18.8
34315,AM Peak,24.1
34315,AM Peak,23.9
34315,AM Peak,24.3
34315,AM Peak,23.5
34315,AM Peak,17.8
34315,AM Peak,23.6
34315,AM Peak,18.4
34315,AM Peak,26
34315,AM Peak,24
34315,AM Peak,22.8
34315,AM Peak,20.5
34315,AM Peak,17.9
34315,AM Peak,25.5
34315,AM Peak,15.4
34315,AM Peak,14.7
34315,AM Peak,4.9
34315,AM Peak,24.6
34315,AM Peak,11.3
34315,AM Peak,13.1
34315,AM Peak,24.7
34315,AM Peak,25
34315,AM Peak,22.7
34315,AM Peak,20.8
34315,AM Peak,18.2
34315,AM Peak,16.2
34315,AM Peak,27.6
34315,AM Peak,26.8
34315,AM Peak,20.9
34315,AM Peak,14.2
34315,AM Peak,20.4
34315,AM Peak,19.2
34315,AM Peak,22.9
34315,AM Peak,19.4
34315,AM Peak,4.3
34315,AM Peak,16.9
34315,AM Peak,26.5
34315,AM Peak,9.5
34315,AM Peak,24.8
34315,AM Peak,16.4
34315,AM Peak,20.2
34315,AM Peak,22.6
34315,AM Peak,23.8
34315,AM Peak,18.8
34315,AM Peak,19.5
34315,AM Peak,18.8
34315,AM Peak,25.5
34315,AM Peak,21.5
34315,AM Peak,18.7
34315,AM Peak,23.8
34315,AM Peak,19.5
34315,AM Peak,17.2
34315,AM Peak,25.3
34315,AM Peak,13.8
34315,AM Peak,17.9
34315,AM Peak,21
34315,AM Peak,27.4
34315,AM Peak,10.6
34315,AM Peak,23
34315,AM Peak,21.1
34315,AM Peak,28.8
34315,AM Peak,19.8
34315,AM Peak,19.5
34315,AM Peak,22.9
34315,AM Peak,11.6
34315,AM Peak,23.4
34315,AM Peak,14.1
34315,AM Peak,18.2
34315,AM Peak,19.1
34315,AM Peak,21.7
34315,AM Peak,27.2
34315,AM Peak,26.6
34315,AM Peak,24.9
34315,AM Peak,24.2
34315,AM Peak,24.4
34315,AM Peak,19.8
34315,AM Peak,19.3
34315,AM Peak,3.5
34315,AM Peak,4.5
34315,AM Peak,22.6
34315,AM Peak,28.9
34315,AM Peak,19.8
34315,AM Peak,28.1
34315,AM Peak,23.3
34315,AM Peak,17.1
34315,AM Peak,20.3
34315,AM Peak,20.6
34315,AM Peak,17.3
34315,AM Peak,21.4
34315,AM Peak,25.2
34315,AM Peak,21
34315,AM Peak,21.5
34315,AM Peak,17.4
34315,AM Peak,24.7
34315,AM Peak,21.2
34315,PM Peak,23.3
34315,PM Peak,15.9
34315,PM Peak,28
34315,PM Peak,19.8
34315,PM Peak,14.7
34315,PM Peak,26.1
34315,PM Peak,12
34315,PM Peak,19.4
34315,PM Peak,17.8
34315,PM Peak,23.4
34315,PM Peak,18.5
34315,PM Peak,21
34315,PM Peak,27.6
34315,PM Peak,14.6
34315,PM Peak,26.7
34315,PM Peak,24.8
34315,PM Peak,18.2
34315,PM Peak,24.1
34315,PM Peak,14.7
34315,PM Peak,16.5
34315,PM Peak,15.8
34315,PM Peak,10.4
34315,PM Peak,25.7
34315,PM Peak,29.6
34315,PM Peak,25.7
34315,PM Peak,22.8
34315,PM Peak,24
34315,PM Peak,20.1
34315,PM Peak,19.1
34315,PM Peak,17.6
34315,PM Peak,22.3
34315,PM Peak,18.8
34315,PM Peak,25.2
34315,PM Peak,19.4
34315,PM Peak,27
34315,PM Peak,17.4
34315,PM Peak,26.6
34315,PM Peak,21.6
34315,PM Peak,24.1
34315,PM Peak,18.8
34315,PM Peak,16.9
34315,PM Peak,13.2
34315,PM Peak,16.7
34315,PM Peak,21.5
34315,PM Peak,4
34315,PM Peak,17.2
34315,PM Peak,31
34315,PM Peak,24
34315,PM Peak,22.9
34315,PM Peak,35.2
34315,PM Peak,17.5
34315,PM Peak,19.9
34315,PM Peak,22.8
34315,PM Peak,26.4
34315,PM Peak,27.1
34315,PM Peak,16.5
34315,PM Peak,17.7
34315,PM Peak,23.5
34315,PM Peak,19.6
34315,PM Peak,19.2
34315,PM Peak,27.8
34315,PM Peak,24.6
34315,PM Peak,21.2
34315,PM Peak,12.6
34315,PM Peak,14.4
34315,PM Peak,12.1
34315,PM Peak,18.3
34315,PM Peak,11.5
34315,PM Peak,20.8
34315,PM Peak,16
34315,PM Peak,28.6
34315,PM Peak,24.5
34315,PM Peak,22.3
34315,PM Peak,12.7
34315,PM Peak,17
34315,PM Peak,17.6
34315,PM Peak,10
34315,PM Peak,13.5
34315,PM Peak,14.9
34315,PM Peak,27
34315,PM Peak,9.2
34315,PM Peak,4.9
34315,PM Peak,18
34315,PM Peak,25.5
34315,PM Peak,29.1
34315,PM Peak,20.4
34315,PM Peak,12.7
34315,PM Peak,20.3
34315,PM Peak,32.3
34315,PM Peak,23.3
34315,PM Peak,19.5
34315,PM Peak,22.7
34315,PM Peak,14.1
34315,PM Peak,17.8
34315,PM Peak,18.2
34315,PM Peak,20.9
34315,PM Peak,17.5
34315,PM Peak,24.1
34315,PM Peak,17.4
34315,PM Peak,28
34315,PM Peak,27.1
34315,PM Peak,15.6
34315,PM Peak,19.1
34315,PM Peak,14
34315,PM Peak,22.2
34315,PM Peak,16.8
34315,PM Peak,22.2
34315,PM Peak,24.1
34315,PM Peak,26
34315,PM Peak,14.8
34315,PM Peak,13.3
34315,PM Peak,21.3
34315,PM Peak,18.3
34315,PM Peak,25.7
34315,PM Peak,9.5
34315,PM Peak,11.1
34315,PM Peak,19.5
34315,PM Peak,20.3
34315,PM Peak,24
34315,PM Peak,22.3
34315,PM Peak,22.4
34315,PM Peak,22.8
34315,PM Peak,21.3
34315,PM Peak,20.8
34315,PM Peak,25.2
34315,PM Peak,17
34315,PM Peak,16.9
34315,PM Peak,17.3
34315,PM Peak,23.8
34315,PM Peak,12.4
34315,PM Peak,20.8
34315,PM Peak,13
34315,PM Peak,28.4
34315,PM Peak,23
34315,PM Peak,20.7
34315,PM Peak,25.7
34315,PM Peak,17.6
34315,PM Peak,14.8
34315,PM Peak,17.5
34315,PM Peak,21.5
34315,PM Peak,18.5
34315,PM Peak,13.3
34315,PM Peak,22
34315,PM Peak,21.6
34315,PM Peak,14.7
34315,PM Peak,16.3
34315,PM Peak,19.2
34315,PM Peak,5.5
34315,PM Peak,26.7
34315,PM Peak,20.4
34315,PM Peak,13.7
34315,PM Peak,20.6
34315,PM Peak,20.4
34315,PM Peak,18.8
34315,PM Peak,22.4
34315,PM Peak,24.4
34315,PM Peak,16.6
34315,PM Peak,26.5
34315,PM Peak,31.5
34315,PM Peak,16.5
34315,PM Peak,12.6
34315,PM Peak,10.9
34315,PM Peak,24.3
34315,PM Peak,19.4
34315,PM Peak,24.6
34315,PM Peak,24.1
34315,PM Peak,18.4
34315,PM Peak,11.1
34315,PM Peak,21.7
34315,PM Peak,23.5
34315,PM Peak,14.3
34315,PM Peak,20.9
34315,PM Peak,23.5
34315,PM Peak,14.1
34315,PM Peak,17.1
34315,PM Peak,25
34315,PM Peak,25.5
34315,PM Peak,24.6
34315,PM Peak,20.4
34315,PM Peak,26.4
34315,PM Peak,15.1
34315,PM Peak,27.5
34315,PM Peak,20.5
34315,PM Peak,27.1
34315,PM Peak,18
34315,PM Peak,16.4
34315,PM Peak,21.5
34315,PM Peak,19.7
34315,PM Peak,19.2
34315,PM Peak,16.2
34315,PM Peak,16.7
34315,PM Peak,12
34315,PM Peak,18.6
34315,PM Peak,24.9
34315,PM Peak,35.8
34315,PM Peak,18
34315,PM Peak,21
34315,PM Peak,16.3
34315,PM Peak,15.8
34315,PM Peak,16.5
34315,PM Peak,19.9
34315,PM Peak,20.2
34315,PM Peak,12.2
34315,PM Peak,27.8
34315,PM Peak,24
34315,PM Peak,32.5
34315,PM Peak,25.8
34315,PM Peak,25.1
34315,PM Peak,21.7
34315,PM Peak,20.6
34315,PM Peak,15.6
34315,PM Peak,31
34315,PM Peak,24.8
34315,PM Peak,23.5
34315,PM Peak,23.7
34315,PM Peak,20.7
34315,PM Peak,18.7
34315,PM Peak,23.5
34315,PM Peak,14.8
34315,PM Peak,15.7
34315,PM Peak,14.6
34315,PM Peak,13.5
34315,PM Peak,15.8
34315,PM Peak,23
34315,PM Peak,14.3
34315,PM Peak,20.7
34315,PM Peak,14.7
34315,PM Peak,14.2
34315,PM Peak,18.9
34315,PM Peak,13.5
34315,PM Peak,18.7
34315,PM Peak,5.1
34315,PM Peak,21.3
34315,PM Peak,18.5
34315,PM Peak,23.6
34315,PM Peak,21.3
34315,PM Peak,25.1
34315,PM Peak,15.6
34315,PM Peak,25.4
34315,PM Peak,17.2
34315,PM Peak,21.9
34315,PM Peak,18.2
34315,PM Peak,25.1
34315,PM Peak,17.4
34315,PM Peak,16
34315,PM Peak,20.6
34315,PM Peak,21.9
34315,PM Peak,24.6
34315,PM Peak,13.1
34315,PM Peak,20.4
34315,PM Peak,21.2
34315,PM Peak,27.1
34315,PM Peak,10.4
34315,PM Peak,23.8
34315,PM Peak,22.6
34315,PM Peak,15.6
34315,PM Peak,14.3
34315,PM Peak,26.7
34315,PM Peak,9.4
34315,PM Peak,20.4
34315,PM Peak,23.5
34315,PM Peak,16.5
34315,PM Peak,16.1
34315,PM Peak,23.5
34315,PM Peak,15.5
34315,PM Peak,18.4
34315,PM Peak,17.4
34315,PM Peak,23.7
34315,PM Peak,13.2
34315,PM Peak,24.8
34315,PM Peak,12.5
34315,PM Peak,26
34315,PM Peak,18.9
34315,PM Peak,15.3
34315,PM Peak,7.2
34315,PM Peak,20.5
34315,PM Peak,14.9
34315,PM Peak,22.9
34315,PM Peak,19.8
34315,PM Peak,14.3
34315,PM Peak,19.8
34315,PM Peak,27.2
34315,PM Peak,16.5
34315,PM Peak,18.6
34315,PM Peak,29.1
34315,PM Peak,17.7
34315,PM Peak,21.8
34315,PM Peak,24.5
34315,PM Peak,16.3
34315,PM Peak,13.5
34315,PM Peak,13.6
34315,PM Peak,24.3
34315,PM Peak,23.2
34315,PM Peak,23.6
34315,PM Peak,11.7
34315,PM Peak,19.3
34315,PM Peak,33.3
34315,PM Peak,23
34315,PM Peak,16.6
34315,PM Peak,21.3
34315,PM Peak,21.3
34315,PM Peak,28.5
34315,PM Peak,16.6
34315,PM Peak,21.5
34315,PM Peak,25.9
34315,PM Peak,24.3
34315,PM Peak,19.9
34315,PM Peak,23.4
34315,PM Peak,14
34315,PM Peak,16.5
34315,PM Peak,38
34315,PM Peak,19.1
34315,PM Peak,22.3
34315,PM Peak,19.5
34315,PM Peak,32.8
34315,PM Peak,22.5
34315,PM Peak,23.4
34315,PM Peak,14.6
34315,PM Peak,14
34315,PM Peak,19.2
34315,PM Peak,16.2
34315,PM Peak,19.8
34315,PM Peak,27.4
34315,PM Peak,17.9
34315,PM Peak,24.4
34315,PM Peak,14.5
34315,PM Peak,15.3
34315,PM Peak,16.8
34315,PM Peak,20
34315,PM Peak,14
34315,PM Peak,20.5
34315,PM Peak,21.6
34315,PM Peak,23.7
34315,PM Peak,30.7
34315,PM Peak,7
34315,PM Peak,23
34315,PM Peak,9.3
34315,PM Peak,16.9
34315,PM Peak,16.9
34315,PM Peak,17.3
34315,PM Peak,17
34315,PM Peak,11.8
34315,PM Peak,12.6
34315,PM Peak,21.6
34315,PM Peak,10.9
34315,PM Peak,17.4
34315,PM Peak,14.6
34315,PM Peak,19.4
34315,PM Peak,19.3
34315,PM Peak,20.1
34315,PM Peak,19.8
34315,PM Peak,22
34315,PM Peak,16.8
34315,PM Peak,26.7
34315,PM Peak,26
34315,PM Peak,16
34315,PM Peak,19.6
34315,PM Peak,22.8
34315,PM Peak,19.7
34315,PM Peak,30
34315,PM Peak,15.6
34315,PM Peak,18
34315,PM Peak,17.1
34315,PM Peak,25.5
34315,PM Peak,21.8
34315,PM Peak,22.4
34315,PM Peak,18.7
34315,PM Peak,16.3
34315,PM Peak,14.7
34315,PM Peak,19.5
34315,PM Peak,14.4
34315,PM Peak,21.7
34315,PM Peak,22.9
34315,PM Peak,12.7
34315,PM Peak,19
34315,PM Peak,13.3
34315,PM Peak,18.2
34315,PM Peak,20.4
34315,PM Peak,14.1
34315,PM Peak,25.1
34315,PM Peak,20.5
34315,PM Peak,22.9
34315,PM Peak,23.6
34315,PM Peak,25.2
34315,PM Peak,24.5
34315,PM Peak,17.3
34315,PM Peak,21.1
34315,PM Peak,23
34315,PM Peak,19.8
34315,PM Peak,22.1
34315,PM Peak,19.7
34315,PM Peak,16.2
34315,PM Peak,25.1
34315,PM Peak,24.6
34315,PM Peak,17.1
34315,PM Peak,29
34315,PM Peak,22.2
34315,PM Peak,17
34315,PM Peak,24.3
34315,PM Peak,15.1
34315,PM Peak,15.1
34315,PM Peak,18.2
34315,PM Peak,24.2
34315,PM Peak,23.2
34315,PM Peak,18.3
34315,PM Peak,25
34315,PM Peak,22.2
34315,PM Peak,16.3
34315,PM Peak,19.6
34315,PM Peak,11.5
34315,PM Peak,24.7
34315,PM Peak,20
34315,PM Peak,28.8
34315,PM Peak,25.4
34315,PM Peak,27.7
34315,PM Peak,24.7
34315,PM Peak,24.7
34315,PM Peak,15.2
34315,PM Peak,21.9
34315,PM Peak,23.2
34315,PM Peak,18
34315,PM Peak,26
34315,PM Peak,21.1
34315,PM Peak,19.8
34315,PM Peak,19.8
34315,PM Peak,13.6
34315,PM Peak,22.7
34315,PM Peak,22
34315,PM Peak,18
34315,PM Peak,21.9
34315,PM Peak,28
34315,PM Peak,25
34315,PM Peak,18.2
34315,PM Peak,17.3
34315,PM Peak,24.1
34315,PM Peak,18.8
34315,PM Peak,22.6
34315,PM Peak,23
34315,PM Peak,18.3
34315,PM Peak,15
34315,PM Peak,14.4
34315,PM Peak,17.6
34315,PM Peak,19.8
34315,PM Peak,19.3
34315,PM Peak,23.7
34315,PM Peak,20.7
34315,PM Peak,26.1
34315,PM Peak,13.4
34315,PM Peak,28
34315,PM Peak,23.6
34315,PM Peak,16
34315,PM Peak,22.6
34315,PM Peak,16.1
34315,PM Peak,21
34315,PM Peak,25.9
34315,PM Peak,12.7
34315,PM Peak,10.7
34315,PM Peak,13.7
34315,PM Peak,18.5
34315,PM Peak,23.1
34315,PM Peak,18.4
34315,PM Peak,21.4
34315,PM Peak,23.6
34315,PM Peak,19.7
34315,PM Peak,21.4
34315,PM Peak,16.2
34315,PM Peak,23.9
34315,PM Peak,18.8
34315,PM Peak,13.7
34315,PM Peak,19.9
34315,PM Peak,26.5
34315,PM Peak,22.5
34315,PM Peak,15.7
34315,PM Peak,17.3
34315,PM Peak,18.4
34315,PM Peak,24.2
34315,PM Peak,5.5
34315,PM Peak,13.1
34315,PM Peak,22.3
34315,PM Peak,4.4
34315,PM Peak,25.2
34315,PM Peak,12.6
34315,PM Peak,3.6
34315,PM Peak,18.1
34315,PM Peak,26.4
34315,PM Peak,24.8
34315,PM Peak,25.1
34315,PM Peak,17.1
34315,PM Peak,18
34315,PM Peak,24.7
34315,PM Peak,26
34315,PM Peak,25.5
34315,PM Peak,18.9
34315,PM Peak,19.2
34315,PM Peak,21.8
34315,PM Peak,19.9
34315,PM Peak,25.6
34315,PM Peak,21.2
34315,PM Peak,10.9
34315,PM Peak,23.9
34556,AM Peak,27.2
34556,AM Peak,19.7
34556,AM Peak,22.2
34556,AM Peak,13.4
34556,AM Peak,25
34556,AM Peak,22.8
34556,AM Peak,26.7
34556,AM Peak,24.2
34556,AM Peak,16.3
34556,AM Peak,17.6
34556,AM Peak,17
34556,AM Peak,20.7
34556,AM Peak,19.1
34556,AM Peak,13.9
34556,AM Peak,20.1
34556,AM Peak,26.3
34556,AM Peak,4.3
34556,AM Peak,23.7
34556,AM Peak,23.3
34556,AM Peak,30.8
34556,AM Peak,29.3
34556,AM Peak,25.9
34556,AM Peak,30.6
34556,AM Peak,24.3
34556,AM Peak,22.9
34556,AM Peak,17.6
34556,AM Peak,26.1
34556,AM Peak,21.3
34556,AM Peak,26.6
34556,AM Peak,18.2
34556,AM Peak,23.3
34556,AM Peak,23.9
34556,AM Peak,12
34556,AM Peak,21.2
34556,AM Peak,20.9
34556,AM Peak,14.5
34556,AM Peak,22.6
34556,AM Peak,14
34556,AM Peak,15.2
34556,AM Peak,24.9
34556,AM Peak,26.9
34556,AM Peak,35.5
34556,AM Peak,30.8
34556,AM Peak,22.1
34556,AM Peak,24.6
34556,AM Peak,27.3
34556,AM Peak,12.6
34556,AM Peak,26.6
34556,AM Peak,8.9
34556,AM Peak,16.7
34556,AM Peak,17.8
34556,AM Peak,34.4
34556,AM Peak,25.1
34556,AM Peak,33.8
34556,AM Peak,23.8
34556,AM Peak,16.3
34556,AM Peak,4.2
34556,AM Peak,5
34556,AM Peak,11.1
34556,AM Peak,25.2
34556,AM Peak,25.6
34556,AM Peak,20.2
34556,AM Peak,26.2
34556,AM Peak,25.2
34556,AM Peak,19.9
34556,AM Peak,4.8
34556,AM Peak,16.5
34556,AM Peak,17.1
34556,AM Peak,10.1
34556,AM Peak,27.5
34556,AM Peak,27.4
34556,AM Peak,14
34556,AM Peak,36.2
34556,AM Peak,24.4
34556,AM Peak,10.7
34556,AM Peak,11.1
34556,AM Peak,16
34556,AM Peak,11.7
34556,AM Peak,12
34556,AM Peak,20.3
34556,AM Peak,12.2
34556,AM Peak,26.7
34556,AM Peak,22.4
34556,AM Peak,17.5
34556,AM Peak,24.5
34556,AM Peak,4.5
34556,AM Peak,17.4
34556,AM Peak,28.1
34556,AM Peak,21.9
34556,AM Peak,21
34556,AM Peak,24.3
34556,AM Peak,21.7
34556,AM Peak,21.1
34556,AM Peak,17.6
34556,AM Peak,24.6
34556,AM Peak,14.9
34556,AM Peak,26
34556,AM Peak,13.4
34556,AM Peak,16.9
34556,AM Peak,17.8
34556,AM Peak,14.7
34556,AM Peak,19.9
34556,AM Peak,34.6
34556,AM Peak,21.5
34556,AM Peak,3.7
34556,AM Peak,8.1
34556,AM Peak,34.9
34556,AM Peak,21.5
34556,AM Peak,25.6
34556,AM Peak,19.7
34556,AM Peak,16.4
34556,AM Peak,29.9
34556,AM Peak,26.4
34556,AM Peak,28.1
34556,AM Peak,25.6
34556,AM Peak,25.5
34556,AM Peak,17.9
34556,AM Peak,7.3
34556,AM Peak,31.1
34556,AM Peak,25.4
34556,AM Peak,18.6
34556,AM Peak,22.4
34556,AM Peak,33.9
34556,AM Peak,27.5
34556,AM Peak,21.9
34556,AM Peak,26.4
34556,AM Peak,13
34556,AM Peak,15.4
34556,AM Peak,27.7
34556,AM Peak,17.7
34556,AM Peak,20.9
34556,AM Peak,31.1
34556,AM Peak,3.4
34556,AM Peak,18.3
34556,AM Peak,27.1
34556,AM Peak,17.9
34556,AM Peak,24.1
34556,AM Peak,16.4
34556,AM Peak,3.3
34556,AM Peak,22
34556,AM Peak,3.1
34556,AM Peak,26
34556,AM Peak,15.3
34556,AM Peak,17.9
34556,AM Peak,19.3
34556,AM Peak,14.7
34556,AM Peak,21.2
34556,AM Peak,16
34556,AM Peak,39.2
34556,AM Peak,8.3
34556,AM Peak,26.2
34556,AM Peak,25.5
34556,AM Peak,25.9
34556,AM Peak,28.1
34556,AM Peak,16.5
34556,AM Peak,22.8
34556,AM Peak,28.8
34556,AM Peak,21.5
34556,AM Peak,15.2
34556,AM Peak,15
34556,AM Peak,15.6
34556,AM Peak,15.6
34556,AM Peak,22.1
34556,AM Peak,15.8
34556,AM Peak,24.8
34556,AM Peak,19.1
34556,AM Peak,22.9
34556,AM Peak,12.7
34556,AM Peak,20.7
34556,AM Peak,15.7
34556,AM Peak,23
34556,AM Peak,20.9
34556,AM Peak,18
34556,AM Peak,22.5
34556,AM Peak,19.9
34556,AM Peak,24.5
34556,AM Peak,36.9
34556,AM Peak,17.6
34556,AM Peak,25.6
34556,AM Peak,24.8
34556,AM Peak,1.6
34556,AM Peak,36.5
34556,AM Peak,39.6
34556,AM Peak,24.5
34556,AM Peak,17.6
34556,AM Peak,20.7
34556,AM Peak,26.6
34556,AM Peak,28.2
34556,AM Peak,24.5
34556,AM Peak,20.9
34556,AM Peak,12.9
34556,AM Peak,22.7
34556,AM Peak,23.8
34556,AM Peak,27.4
34556,AM Peak,25.6
34556,AM Peak,4.2
34556,AM Peak,24.3
34556,AM Peak,19.5
34556,AM Peak,24.4
34556,AM Peak,16.9
34556,AM Peak,11.8
34556,AM Peak,23.6
34556,AM Peak,20.2
34556,AM Peak,20.3
34556,AM Peak,4.4
34556,AM Peak,14.4
34556,AM Peak,26.4
34556,AM Peak,31.3
34556,AM Peak,23.6
34556,AM Peak,27.4
34556,AM Peak,15.2
34556,AM Peak,25.2
34556,AM Peak,28.4
34556,AM Peak,25.9
34556,AM Peak,22.8
34556,AM Peak,19.3
34556,AM Peak,13.4
34556,AM Peak,24.6
34556,AM Peak,31.1
34556,AM Peak,40.8
34556,AM Peak,25.2
34556,AM Peak,33.2
34556,AM Peak,13.6
34556,AM Peak,25
34556,AM Peak,26.8
34556,AM Peak,19.6
34556,AM Peak,14.5
34556,AM Peak,30.6
34556,AM Peak,27.7
34556,AM Peak,13.8
34556,AM Peak,11.6
34556,AM Peak,15.4
34556,AM Peak,21.4
34556,AM Peak,22.7
34556,AM Peak,27.6
34556,AM Peak,18.3
34556,AM Peak,14.1
34556,AM Peak,20.9
34556,AM Peak,22.2
34556,AM Peak,23.7
34556,AM Peak,19.4
34556,AM Peak,19.7
34556,AM Peak,25.6
34556,AM Peak,15.4
34556,AM Peak,24
34556,AM Peak,26.9
34556,AM Peak,24.6
34556,AM Peak,21.8
34556,AM Peak,14.9
34556,AM Peak,2.9
34556,AM Peak,27
34556,AM Peak,27.6
34556,AM Peak,26.1
34556,AM Peak,25.6
34556,AM Peak,11.8
34556,AM Peak,19.6
34556,AM Peak,25
34556,AM Peak,12.5
34556,AM Peak,25
34556,AM Peak,26.2
34556,AM Peak,13.4
34556,AM Peak,25
34556,AM Peak,19.6
34556,AM Peak,25.2
34556,AM Peak,27.6
34556,AM Peak,32.8
34556,AM Peak,16.8
34556,AM Peak,22
34556,AM Peak,27.2
34556,AM Peak,8
34556,AM Peak,3.9
34556,AM Peak,25.5
34556,AM Peak,18.7
34556,AM Peak,38.5
34556,AM Peak,20.5
34556,AM Peak,13
34556,AM Peak,26.5
34556,AM Peak,38.7
34556,AM Peak,30.9
34556,AM Peak,29
34556,AM Peak,30.8
34556,AM Peak,16.5
34556,AM Peak,14.7
34556,AM Peak,34.8
34556,AM Peak,29.7
34556,AM Peak,27.7
34556,AM Peak,15.3
34556,AM Peak,21.2
34556,AM Peak,27.6
34556,AM Peak,25.3
34556,AM Peak,15.9
34556,AM Peak,22.3
34556,AM Peak,17.4
34556,AM Peak,23.5
34556,AM Peak,41
34556,AM Peak,42.1
34556,AM Peak,28.3
34556,AM Peak,17.2
34556,AM Peak,16.3
34556,AM Peak,20.3
34556,AM Peak,9.6
34556,AM Peak,17
34556,AM Peak,24
34556,AM Peak,23.6
34556,AM Peak,22.1
34556,AM Peak,23.4
34556,AM Peak,14.7
34556,AM Peak,27.1
34556,AM Peak,14.5
34556,AM Peak,15.3
34556,AM Peak,22.6
34556,AM Peak,21.9
34556,AM Peak,23.2
34556,AM Peak,22
34556,AM Peak,19.7
34556,AM Peak,23.8
34556,AM Peak,12.5
34556,AM Peak,15.7
34556,AM Peak,27.8
34556,AM Peak,17.7
34556,AM Peak,24.7
34556,AM Peak,18.4
34556,AM Peak,27
34556,AM Peak,21.3
34556,AM Peak,24
34556,AM Peak,24.2
34556,AM Peak,24.2
34556,AM Peak,20.7
34556,AM Peak,23.9
34556,AM Peak,3.2
34556,AM Peak,22.6
34556,AM Peak,20.1
34556,AM Peak,28.2
34556,AM Peak,13
34556,AM Peak,27.9
34556,AM Peak,29
34556,AM Peak,16.5
34556,AM Peak,30.3
34556,AM Peak,25.4
34556,AM Peak,8.2
34556,AM Peak,18.9
34556,AM Peak,17.4
34556,AM Peak,21.1
34556,AM Peak,14.8
34556,AM Peak,27.8
34556,AM Peak,33
34556,AM Peak,12.1
34556,AM Peak,4.1
34556,AM Peak,24
34556,AM Peak,23.9
34556,AM Peak,23.9
34556,AM Peak,24.9
34556,AM Peak,23.8
34556,AM Peak,4.5
34556,AM Peak,15
34556,AM Peak,28.1
34556,AM Peak,20.1
34556,AM Peak,14.1
34556,AM Peak,19.5
34556,AM Peak,28
34556,AM Peak,31.8
34556,AM Peak,4
34556,AM Peak,28.2
34556,AM Peak,26.2
34556,AM Peak,14.4
34556,AM Peak,29.4
34556,AM Peak,16
34556,AM Peak,13.6
34556,AM Peak,31.6
34556,AM Peak,16.6
34556,AM Peak,26
34556,AM Peak,23.6
34556,AM Peak,22.5
34556,AM Peak,20.8
34556,AM Peak,12.6
34556,AM Peak,16.4
34556,AM Peak,24.5
34556,AM Peak,27.9
34556,AM Peak,9.5
34556,AM Peak,17.7
34556,AM Peak,24.2
34556,AM Peak,20.6
34556,AM Peak,16.7
34556,AM Peak,23.1
34556,AM Peak,25
34556,AM Peak,26
34556,AM Peak,25.8
34556,AM Peak,30.9
34556,AM Peak,21.5
34556,AM Peak,25.4
34556,AM Peak,25.4
34556,AM Peak,25.6
34556,AM Peak,24.4
34556,AM Peak,13.4
34556,AM Peak,19.7
34556,AM Peak,30.7
34556,AM Peak,19.9
34556,AM Peak,2.7
34556,AM Peak,25.4
34556,AM Peak,36.9
34556,AM Peak,21.3
34556,AM Peak,19.1
34556,AM Peak,26.9
34556,AM Peak,15.8
34556,AM Peak,17.7
34556,AM Peak,26.7
34556,AM Peak,13.3
34556,AM Peak,38.9
34556,AM Peak,17.4
34556,AM Peak,25.9
34556,AM Peak,19
34556,AM Peak,18.6
34556,AM Peak,14.8
34556,AM Peak,9.2
34556,AM Peak,28.7
34556,AM Peak,32.1
34556,AM Peak,29.1
34556,AM Peak,6.2
34556,AM Peak,17.1
34556,AM Peak,22.5
34556,AM Peak,21.7
34556,AM Peak,30.5
34556,AM Peak,29.5
34556,AM Peak,18.6
34556,AM Peak,28.2
34556,AM Peak,26.2
34556,AM Peak,23
34556,AM Peak,17.4
34556,AM Peak,27.3
34556,AM Peak,22
34556,AM Peak,14
34556,AM Peak,27.8
34556,AM Peak,24.1
34556,AM Peak,20.6
34556,AM Peak,23.6
34556,AM Peak,25.9
34556,AM Peak,21.1
34556,AM Peak,18.3
34556,AM Peak,23.9
34556,AM Peak,31.2
34556,AM Peak,18.1
34556,AM Peak,17.7
34556,AM Peak,27.6
34556,AM Peak,8.5
34556,AM Peak,21
34556,AM Peak,14.9
34556,AM Peak,17.5
34556,AM Peak,26.8
34556,AM Peak,26.3
34556,AM Peak,28.2
34556,AM Peak,24.5
34556,AM Peak,17.5
34556,AM Peak,25.8
34556,AM Peak,27.9
34556,AM Peak,19.5
34556,AM Peak,22.5
34556,AM Peak,27.7
34556,AM Peak,22.1
34556,AM Peak,18.4
34556,AM Peak,14.4
34556,AM Peak,25.6
34556,AM Peak,11.6
34556,AM Peak,29.5
34556,AM Peak,41.7
34556,AM Peak,26.4
34556,AM Peak,24.6
34556,AM Peak,16.1
34556,AM Peak,28.8
34556,AM Peak,30.5
34556,AM Peak,10.8
34556,AM Peak,15.5
34556,AM Peak,18.7
34556,AM Peak,22.1
34556,AM Peak,29.1
34556,AM Peak,31.3
34556,AM Peak,20.2
34556,AM Peak,27.7
34556,AM Peak,15.9
34556,AM Peak,19.8
34556,AM Peak,28
34556,AM Peak,17.7
34556,AM Peak,12.4
34556,AM Peak,10.3
34556,AM Peak,29.8
34556,AM Peak,13.2
34556,AM Peak,18.4
34556,AM Peak,3.6
34556,AM Peak,30.8
34556,AM Peak,23.1
34556,AM Peak,20.6
34556,AM Peak,25.4
34556,AM Peak,23.4
34556,AM Peak,20.5
34556,AM Peak,11.6
34556,AM Peak,18.1
34556,AM Peak,29.3
34556,AM Peak,20.1
34556,AM Peak,23.9
34556,AM Peak,14.4
34556,AM Peak,12.5
34556,PM Peak,34.4
34556,PM Peak,11.8
34556,PM Peak,43
34556,PM Peak,21.1
34556,PM Peak,17.8
34556,PM Peak,23.1
34556,PM Peak,15.2
34556,PM Peak,3.4
34556,PM Peak,24.5
34556,PM Peak,22.5
34556,PM Peak,25.9
34556,PM Peak,20.8
34556,PM Peak,26.4
34556,PM Peak,13.9
34556,PM Peak,22.6
34556,PM Peak,29.8
34556,PM Peak,22.8
34556,PM Peak,23.7
34556,PM Peak,25.7
34556,PM Peak,20.4
34556,PM Peak,15
34556,PM Peak,30.9
34556,PM Peak,15.1
34556,PM Peak,18.4
34556,PM Peak,14.3
34556,PM Peak,29.1
34556,PM Peak,23.6
34556,PM Peak,25.8
34556,PM Peak,11.4
34556,PM Peak,19.1
34556,PM Peak,17.4
34556,PM Peak,13
34556,PM Peak,43.5
34556,PM Peak,7.9
34556,PM Peak,19.9
34556,PM Peak,8.3
34556,PM Peak,28.5
34556,PM Peak,26.1
34556,PM Peak,12.1
34556,PM Peak,33.3
34556,PM Peak,32.1
34556,PM Peak,13.5
34556,PM Peak,4.8
34556,PM Peak,20.8
34556,PM Peak,20
34556,PM Peak,17
34556,PM Peak,20
34556,PM Peak,26.9
34556,PM Peak,12.6
34556,PM Peak,26.2
34556,PM Peak,27.9
34556,PM Peak,21.2
34556,PM Peak,21.8
34556,PM Peak,21.9
34556,PM Peak,26
34556,PM Peak,22.9
34556,PM Peak,14.3
34556,PM Peak,30.7
34556,PM Peak,23.3
34556,PM Peak,30.2
34556,PM Peak,21.3
34556,PM Peak,20.3
34556,PM Peak,12.2
34556,PM Peak,18.3
34556,PM Peak,11.3
34556,PM Peak,26.4
34556,PM Peak,10.1
34556,PM Peak,10.9
34556,PM Peak,33.6
34556,PM Peak,15.9
34556,PM Peak,17.5
34556,PM Peak,31.7
34556,PM Peak,26.5
34556,PM Peak,13.2
34556,PM Peak,44.4
34556,PM Peak,13.8
34556,PM Peak,14.9
34556,PM Peak,24.1
34556,PM Peak,27.5
34556,PM Peak,26
34556,PM Peak,16.4
34556,PM Peak,15.8
34556,PM Peak,25.4
34556,PM Peak,32.5
34556,PM Peak,18.4
34556,PM Peak,22.9
34556,PM Peak,31.3
34556,PM Peak,17.7
34556,PM Peak,23.2
34556,PM Peak,22.8
34556,PM Peak,13.6
34556,PM Peak,24.1
34556,PM Peak,22.8
34556,PM Peak,8.5
34556,PM Peak,20.6
34556,PM Peak,14.4
34556,PM Peak,23.5
34556,PM Peak,23
34556,PM Peak,20.9
34556,PM Peak,27.8
34556,PM Peak,21
34556,PM Peak,23
34556,PM Peak,22.6
34556,PM Peak,17.1
34556,PM Peak,26.4
34556,PM Peak,20.1
34556,PM Peak,15.2
34556,PM Peak,21.7
34556,PM Peak,16.4
34556,PM Peak,19.6
34556,PM Peak,17.1
34556,PM Peak,21.5
34556,PM Peak,21.8
34556,PM Peak,19.9
34556,PM Peak,21.7
34556,PM Peak,22.1
34556,PM Peak,19.7
34556,PM Peak,19.9
34556,PM Peak,24.6
34556,PM Peak,19.9
34556,PM Peak,23
34556,PM Peak,20.5
34556,PM Peak,15.6
34556,PM Peak,17.1
34556,PM Peak,27.9
34556,PM Peak,8.9
34556,PM Peak,21.5
34556,PM Peak,19.3
34556,PM Peak,31.8
34556,PM Peak,17
34556,PM Peak,18.8
34556,PM Peak,8.2
34556,PM Peak,19.4
34556,PM Peak,39.3
34556,PM Peak,27.5
34556,PM Peak,29.1
34556,PM Peak,19.3
34556,PM Peak,17.3
34556,PM Peak,10.8
34556,PM Peak,20.7
34556,PM Peak,18.6
34556,PM Peak,18.5
34556,PM Peak,20.5
34556,PM Peak,19.1
34556,PM Peak,18.3
34556,PM Peak,12.7
34556,PM Peak,17.6
34556,PM Peak,29
34556,PM Peak,35.5
34556,PM Peak,16.5
34556,PM Peak,14.5
34556,PM Peak,24.4
34556,PM Peak,7.5
34556,PM Peak,25.1
34556,PM Peak,15.5
34556,PM Peak,22.4
34556,PM Peak,34.5
34556,PM Peak,15.2
34556,PM Peak,13.8
34556,PM Peak,27.7
34556,PM Peak,5.1
34556,PM Peak,18.4
34556,PM Peak,28.7
34556,PM Peak,23.8
34556,PM Peak,23.9
34556,PM Peak,14.8
34556,PM Peak,15.6
34556,PM Peak,41.1
34556,PM Peak,21.8
34556,PM Peak,18
34556,PM Peak,27.1
34556,PM Peak,3.6
34556,PM Peak,20.6
34556,PM Peak,31.9
34556,PM Peak,20.8
34556,PM Peak,27.3
34556,PM Peak,12.2
34556,PM Peak,13.3
34556,PM Peak,20.5
34556,PM Peak,22.1
34556,PM Peak,19.6
34556,PM Peak,28.6
34556,PM Peak,20
34556,PM Peak,38.6
34556,PM Peak,8.4
34556,PM Peak,14.5
34556,PM Peak,16
34556,PM Peak,25.2
34556,PM Peak,11.1
34556,PM Peak,30.2
34556,PM Peak,31.6
34556,PM Peak,8.6
34556,PM Peak,25.4
34556,PM Peak,16.7
34556,PM Peak,23.5
34556,PM Peak,25.3
34556,PM Peak,29.3
34556,PM Peak,16.7
34556,PM Peak,15.6
34556,PM Peak,18.8
34556,PM Peak,25.5
34556,PM Peak,30.1
34556,PM Peak,17.3
34556,PM Peak,27.6
34556,PM Peak,21.3
34556,PM Peak,20.4
34556,PM Peak,26.4
34556,PM Peak,6.9
34556,PM Peak,17.5
34556,PM Peak,31.3
34556,PM Peak,35
34556,PM Peak,20.4
34556,PM Peak,25.7
34556,PM Peak,30.9
34556,PM Peak,15.7
34556,PM Peak,11.1
34556,PM Peak,34.2
34556,PM Peak,13.6
34556,PM Peak,25.6
34556,PM Peak,18.7
34556,PM Peak,22.9
34556,PM Peak,32.4
34556,PM Peak,28.7
34556,PM Peak,13.3
34556,PM Peak,22.5
34556,PM Peak,23.6
34556,PM Peak,15.5
34556,PM Peak,39.6
34556,PM Peak,28.1
34556,PM Peak,39.2
34556,PM Peak,17.4
34556,PM Peak,19.9
34556,PM Peak,23.5
34556,PM Peak,15.2
34556,PM Peak,28.9
34556,PM Peak,20.1
34556,PM Peak,9.7
34556,PM Peak,2.6
34556,PM Peak,29.2
34556,PM Peak,38.5
34556,PM Peak,38.2
34556,PM Peak,27.4
34556,PM Peak,18.2
34556,PM Peak,29.5
34556,PM Peak,35.9
34556,PM Peak,22.7
34556,PM Peak,18.1
34556,PM Peak,28.6
34556,PM Peak,15.2
34556,PM Peak,13.4
34556,PM Peak,20.5
34556,PM Peak,27.4
34556,PM Peak,28.5
34556,PM Peak,41.5
34556,PM Peak,19
34556,PM Peak,14.7
34556,PM Peak,3.4
34556,PM Peak,25.3
34556,PM Peak,24.9
34556,PM Peak,19.5
34556,PM Peak,26.3
34556,PM Peak,22.6
34556,PM Peak,13.6
34556,PM Peak,22.1
34556,PM Peak,21.5
34556,PM Peak,28.3
34556,PM Peak,20.4
34556,PM Peak,30
34556,PM Peak,23.3
34556,PM Peak,16.4
34556,PM Peak,16.3
34556,PM Peak,15.9
34556,PM Peak,3
34556,PM Peak,12.9
34556,PM Peak,32.1
34556,PM Peak,18.8
34556,PM Peak,13.2
34556,PM Peak,22.2
34556,PM Peak,27.2
34556,PM Peak,27.6
34556,PM Peak,14
34556,PM Peak,6.4
34556,PM Peak,11.6
34556,PM Peak,4.5
34556,PM Peak,9.8
34556,PM Peak,18.9
34556,PM Peak,15.9
34556,PM Peak,10.3
34556,PM Peak,7
34556,PM Peak,20.4
34556,PM Peak,11.6
34556,PM Peak,27.5
34556,PM Peak,10.9
34556,PM Peak,17.2
34556,PM Peak,15.3
34556,PM Peak,16.9
34556,PM Peak,5.9
34556,PM Peak,14.9
34556,PM Peak,17.4
34556,PM Peak,20.5
34556,PM Peak,4.3
34556,PM Peak,17.9
34556,PM Peak,19
34556,PM Peak,14.1
34556,PM Peak,23.3
34556,PM Peak,10
34556,PM Peak,23
34556,PM Peak,28
34556,PM Peak,21.7
34556,PM Peak,18.7
34556,PM Peak,30.4
34556,PM Peak,29.9
34556,PM Peak,17.8
34556,PM Peak,27
34556,PM Peak,9.2
34556,PM Peak,18.7
34556,PM Peak,19.2
34556,PM Peak,18.7
34556,PM Peak,4.3
34556,PM Peak,28.5
34556,PM Peak,24
34556,PM Peak,11.5
34556,PM Peak,33.3
34556,PM Peak,14.3
34556,PM Peak,4.8
34556,PM Peak,23.8
34556,PM Peak,20.3
34556,PM Peak,23
34556,PM Peak,37.2
34556,PM Peak,17.8
34556,PM Peak,13
34556,PM Peak,19.9
34556,PM Peak,23.2
34556,PM Peak,21.7
34556,PM Peak,14.3
34556,PM Peak,3.3
34556,PM Peak,31.6
34556,PM Peak,20.1
34556,PM Peak,18.3
34556,PM Peak,12.9
34556,PM Peak,17.3
34556,PM Peak,14.7
34556,PM Peak,40
34556,PM Peak,8.8
34556,PM Peak,44.4
34556,PM Peak,17.8
34556,PM Peak,25.7
34556,PM Peak,21.7
34556,PM Peak,25.1
34556,PM Peak,16.1
34556,PM Peak,20.5
34556,PM Peak,4.5
34556,PM Peak,22
34556,PM Peak,10.2
34556,PM Peak,22.7
34556,PM Peak,18.5
34556,PM Peak,12.4
34556,PM Peak,21.6
34556,PM Peak,37.6
34556,PM Peak,29.2
34556,PM Peak,24.3
34556,PM Peak,24.7
34556,PM Peak,17
34556,PM Peak,17.9
34556,PM Peak,22.2
34556,PM Peak,25.7
34556,PM Peak,25.3
34556,PM Peak,28.1
34556,PM Peak,1.8
34556,PM Peak,22.1
34556,PM Peak,18.4
34556,PM Peak,12.9
34556,PM Peak,15.4
34556,PM Peak,27.4
34556,PM Peak,24.2
34556,PM Peak,19.9
34556,PM Peak,11.9
34556,PM Peak,25.4
34556,PM Peak,10.4
34556,PM Peak,21.3
34556,PM Peak,12.8
34556,PM Peak,30.7
34556,PM Peak,25.9
34556,PM Peak,27.6
34556,PM Peak,12.2
34556,PM Peak,15.3
34556,PM Peak,12.1
34556,PM Peak,21.2
34556,PM Peak,18.2
34556,PM Peak,19.4
34556,PM Peak,17.2
34556,PM Peak,22.5
34556,PM Peak,33.3
34556,PM Peak,15.6
34556,PM Peak,14.6
34556,PM Peak,25
34556,PM Peak,12.5
34556,PM Peak,11.1
34556,PM Peak,24.5
34556,PM Peak,30.9
34556,PM Peak,31.8
34556,PM Peak,12.5
34556,PM Peak,22.1
34556,PM Peak,15
34556,PM Peak,17.2
34556,PM Peak,14.7
34556,PM Peak,13.1
34556,PM Peak,25.7
34556,PM Peak,20.4
34556,PM Peak,22.7
34556,PM Peak,19.1
34556,PM Peak,24.1
34556,PM Peak,10.8
34556,PM Peak,12.6
34556,PM Peak,14.6
34556,PM Peak,3.5
34556,PM Peak,23.5
34556,PM Peak,19.7
34556,PM Peak,23.4
34556,PM Peak,13.6
34556,PM Peak,18.4
34556,PM Peak,11.4
34556,PM Peak,24.2
34556,PM Peak,36.1
34556,PM Peak,30.1
34556,PM Peak,20.2
34556,PM Peak,21.4
34556,PM Peak,16.4
34556,PM Peak,23.9
34556,PM Peak,13.6
34556,PM Peak,30
34556,PM Peak,21
34556,PM Peak,21.7
34556,PM Peak,21.8
34556,PM Peak,34
34556,PM Peak,25.4
34556,PM Peak,21.7
34556,PM Peak,17.3
34556,PM Peak,23.2
34556,PM Peak,19.4
34556,PM Peak,20.7
34556,PM Peak,29.3
34556,PM Peak,18.2
34556,PM Peak,30.3
34556,PM Peak,21.3
34556,PM Peak,19.4
34556,PM Peak,26.6
34556,PM Peak,20.9
34556,PM Peak,13.5
34556,PM Peak,17.2
34556,PM Peak,30.7
34556,PM Peak,13.2
34556,PM Peak,16.5
34556,PM Peak,17.5
34556,PM Peak,26.6
34556,PM Peak,17.4
34556,PM Peak,28.7
34556,PM Peak,12
34556,PM Peak,30.1
34556,PM Peak,20
34556,PM Peak,17.3
34556,PM Peak,15.6
34556,PM Peak,16.5
34556,PM Peak,19.1
34556,PM Peak,27.3
34556,PM Peak,12.8
34556,PM Peak,21.7
34556,PM Peak,27.4
34556,PM Peak,20
34556,PM Peak,10.8
34556,PM Peak,13.8
34556,PM Peak,3
34556,PM Peak,25.2
34556,PM Peak,15.3
34556,PM Peak,12.3
34556,PM Peak,34
34556,PM Peak,9.7
34556,PM Peak,24.5
34556,PM Peak,22.6
34556,PM Peak,17
34556,PM Peak,9.3
34556,PM Peak,35.1
34556,PM Peak,3.2
34556,PM Peak,3.7
34556,PM Peak,9.9
34556,PM Peak,15.2
34556,PM Peak,15
34556,PM Peak,14.9
34556,PM Peak,15
34556,PM Peak,18.1
34556,PM Peak,18.5
34556,PM Peak,17.3
34556,PM Peak,30.3
34556,PM Peak,19.2
34556,PM Peak,20.3
34556,PM Peak,6
34556,PM Peak,28.6
34556,PM Peak,15.2
34556,PM Peak,13.6
34556,PM Peak,30.3
