DATA_TYPE,TIS_DATA_REQUEST,SITE_XN_ROUTE,LOC_LEG,DATE,TIME,CLASS,LANE,SPEED,WHEELBASE,HEADWAY,GAP,AXLE,AXLE_GROUPING,RHO,VEHICLE,DIRECTION
IND,208,6411,59438,25/12/2023,00:19:47,15,1,26.4,1.0,0.0,0.0,2,1,1.00,CYCLE,S
IND,208,6411,59438,25/12/2023,00:19:48,15,1,26.3,1.1,1.0,0.9,2,1,1.00,CYCLE,S
IND,208,6411,59438,25/12/2023,00:34:43,15,1,22.1,1.1,895.0,894.8,2,1,1.00,CYCLE,S
IND,208,6411,59437,25/12/2023,01:08:26,15,0,18.7,1.0,2918.9,2918.9,2,1,1.00,CYCLE,N
IND,208,6411,59437,25/12/2023,01:25:02,15,0,25.0,1.0,996.4,996.2,2,1,1.00,CYCLE,N
IND,208,6411,59438,25/12/2023,02:51:42,15,1,22.9,1.0,8219.3,8219.1,2,1,1.00,CYCLE,S
IND,208,6411,59437,25/12/2023,03:50:50,15,0,16.3,1.0,8747.1,8746.9,2,1,1.00,CYCLE,N
IND,208,6411,59438,25/12/2023,05:31:15,15,1,32.9,1.0,9573.1,9572.9,2,1,1.00,CYCLE,S
IND,208,6411,59437,25/12/2023,05:58:05,15,0,30.1,1.2,7635.7,7635.5,2,1,1.00,CYCLE,N
IND,208,6411,59438,25/12/2023,06:03:55,15,1,23.7,1.0,1959.4,1959.3,2,1,1.00,CYCLE,S
IND,208,6411,59438,25/12/2023,06:37:09,15,1,23.8,1.0,1993.9,1993.8,2,1,1.00,CYCLE,S
IND,208,6411,59437,25/12/2023,06:52:13,15,0,2.0,0.0,3248.1,3248.0,2,1,1.00,CYCLE,N
IND,208,6411,59438,25/12/2023,07:37:10,15,1,25.7,1.0,3600.8,3600.7,2,1,1.00,CYCLE,S
IND,208,6411,59438,25/12/2023,08:17:55,15,1,38.8,1.0,2445.8,2445.7,2,1,1.00,CYCLE,S
IND,208,6411,59437,25/12/2023,08:32:40,15,0,25.9,1.0,2347.6,2347.6,2,1,1.00,CYCLE,N
IND,208,6411,59438,25/12/2023,08:43:01,15,1,29.1,1.0,1505.4,1505.4,2,1,1.00,CYCLE,S
IND,208,6411,59438,25/12/2023,08:52:25,15,1,20.9,0.8,564.2,564.1,2,1,1.00,CYCLE,S
IND,208,6411,59438,25/12/2023,09:31:51,15,1,19.6,1.0,2366.2,2366.0,2,1,1.00,CYCLE,S
IND,208,6411,59437,25/12/2023,09:39:09,15,0,24.1,1.2,3989.0,3988.9,2,1,1.00,CYCLE,N
IND,208,6411,59437,25/12/2023,09:48:36,15,0,25.7,1.0,277.5,276.0,2,1,1.00,CYCLE,N
IND,208,6411,59438,25/12/2023,10:01:45,15,1,27.4,1.0,1794.2,1794.0,2,1,1.00,CYCLE,S
IND,208,6411,59437,25/12/2023,10:04:08,15,0,28.2,1.0,932.2,932.1,2,1,1.00,CYCLE,N
IND,208,6411,59437,25/12/2023,10:05:28,15,0,29.2,1.0,79.7,79.6,2,1,1.00,CYCLE,N
IND,208,6411,59438,25/12/2023,10:14:36,15,1,25.7,1.1,770.5,770.4,2,1,1.00,CYCLE,S
IND,208,6411,59437,25/12/2023,10:19:16,15,0,17.8,1.0,828.7,828.6,2,1,1.00,CYCLE,N
IND,208,6411,59437,25/12/2023,10:48:03,15,0,25.6,1.1,1726.2,1726.0,2,1,1.00,CYCLE,N
IND,208,6411,59438,25/12/2023,11:02:05,15,1,24.7,1.1,2848.9,2848.7,2,1,1.00,CYCLE,S
IND,208,6411,59437,25/12/2023,11:23:42,15,0,17.2,1.1,2139.7,2139.5,2,1,1.00,CYCLE,N
IND,208,6411,59438,25/12/2023,11:35:41,15,1,24.0,1.1,2016.1,2015.9,2,1,1.00,CYCLE,S
IND,208,6411,59438,25/12/2023,11:37:44,15,1,28.7,1.0,122.8,122.6,2,1,1.00,CYCLE,S
IND,208,6411,59437,25/12/2023,11:52:34,15,0,22.8,1.1,1731.3,1731.1,2,1,1.00,CYCLE,N
IND,208,6411,59438,25/12/2023,13:10:16,15,1,20.3,1.0,5552.5,5552.4,2,1,1.00,CYCLE,S
IND,208,6411,59438,25/12/2023,13:33:13,15,1,26.6,1.0,1376.7,1376.5,2,1,1.00,CYCLE,S
IND,208,6411,59438,25/12/2023,14:28:38,15,1,24.3,1.1,3324.7,3324.6,2,1,1.00,CYCLE,S
IND,208,6411,59438,25/12/2023,14:30:28,15,1,22.6,1.0,110.7,110.6,2,1,1.00,CYCLE,S
IND,208,6411,59437,25/12/2023,14:37:24,15,0,24.9,1.1,9890.7,9890.5,2,1,1.00,CYCLE,N
IND,208,6411,59437,25/12/2023,14:56:23,15,0,25.1,1.1,1138.6,1138.4,2,1,1.00,CYCLE,N
IND,208,6411,59438,25/12/2023,15:11:14,15,1,25.1,1.1,2445.7,2445.6,2,1,1.00,CYCLE,S
IND,208,6411,59438,25/12/2023,15:29:13,15,1,35.6,1.0,1079.0,1078.8,2,1,1.00,CYCLE,S
IND,208,6411,59438,25/12/2023,15:35:27,15,1,22.6,0.9,374.1,374.0,2,1,1.00,CYCLE,S
IND,208,6411,59437,25/12/2023,15:47:18,15,0,19.4,1.0,3055.3,3055.2,2,1,1.00,CYCLE,N
IND,208,6411,59437,25/12/2023,15:52:59,15,0,23.4,1.1,341.1,340.9,2,1,1.00,CYCLE,N
IND,208,6411,59438,25/12/2023,16:09:38,15,1,28.8,1.0,2051.0,2050.9,2,1,1.00,CYCLE,S
IND,208,6411,59437,25/12/2023,16:13:13,15,0,25.3,1.1,1213.8,1213.6,2,1,1.00,CYCLE,N
IND,208,6411,59438,25/12/2023,16:17:00,15,1,25.7,1.0,441.7,441.6,2,1,1.00,CYCLE,S
IND,208,6411,59437,25/12/2023,16:20:04,15,0,14.4,1.1,410.9,410.8,2,1,1.00,CYCLE,N
IND,208,6411,59438,25/12/2023,16:20:43,15,1,23.0,1.0,223.1,223.0,2,1,1.00,CYCLE,S
IND,208,6411,59437,25/12/2023,16:40:11,15,0,16.7,1.1,569.7,569.6,2,1,1.00,CYCLE,N
IND,208,6411,59438,25/12/2023,16:46:11,15,1,26.6,1.0,1528.5,1528.4,2,1,1.00,CYCLE,S
IND,208,6411,59438,25/12/2023,17:05:16,15,1,22.9,1.0,1144.8,1144.7,2,1,1.00,CYCLE,S
IND,208,6411,59438,25/12/2023,17:18:09,15,1,20.3,1.2,772.3,772.1,2,1,1.00,CYCLE,S
IND,208,6411,59437,25/12/2023,17:27:23,15,0,20.9,1.2,2832.3,2832.0,2,1,1.00,CYCLE,N
IND,208,6411,59438,25/12/2023,17:29:17,15,1,22.3,1.0,668.2,668.0,2,1,1.00,CYCLE,S
IND,208,6411,59438,25/12/2023,17:42:47,15,1,17.5,1.0,810.0,809.8,2,1,1.00,CYCLE,S
IND,208,6411,59437,25/12/2023,17:51:40,15,0,12.7,1.0,1456.4,1456.2,2,1,1.00,CYCLE,N
IND,208,6411,59437,25/12/2023,17:51:40,15,0,12.7,1.0,0.0,0.0,2,1,1.00,CYCLE,N
IND,208,6411,59438,25/12/2023,17:59:37,15,1,23.2,1.0,1010.4,1010.2,2,1,1.00,CYCLE,S
IND,208,6411,59438,25/12/2023,18:04:31,15,1,26.8,1.0,294.2,294.0,2,1,1.00,CYCLE,S
IND,208,6411,59438,25/12/2023,18:05:27,15,1,13.3,1.1,55.4,55.3,2,1,1.00,CYCLE,S
IND,208,6411,59438,25/12/2023,18:05:29,15,1,20.6,1.1,1.9,1.6,2,1,1.00,CYCLE,S
IND,208,6411,59437,25/12/2023,18:07:04,15,0,29.6,1.1,924.6,924.2,2,1,1.00,CYCLE,N
IND,208,6411,59438,25/12/2023,18:15:38,15,1,21.5,1.0,609.7,609.5,2,1,1.00,CYCLE,S
IND,208,6411,59437,25/12/2023,18:46:22,15,0,22.5,1.1,863.1,863.0,2,1,1.00,CYCLE,N
IND,208,6411,59438,25/12/2023,18:48:24,15,1,14.9,1.0,1965.8,1965.6,2,1,1.00,CYCLE,S
IND,208,6411,59438,25/12/2023,19:12:21,15,1,23.7,1.1,1436.9,1436.6,2,1,1.00,CYCLE,S
IND,208,6411,59438,25/12/2023,19:27:56,15,1,20.2,1.0,935.4,935.2,2,1,1.00,CYCLE,S
IND,208,6411,59438,25/12/2023,19:29:40,15,1,24.9,1.2,103.9,103.7,2,1,1.00,CYCLE,S
IND,208,6411,59438,25/12/2023,19:45:11,15,1,28.4,1.0,930.5,930.4,2,1,1.00,CYCLE,S
IND,208,6411,59438,25/12/2023,19:51:11,15,1,20.9,1.0,359.8,359.7,2,1,1.00,CYCLE,S
IND,208,6411,59438,25/12/2023,19:56:12,15,1,39.5,1.0,301.7,301.6,2,1,1.00,CYCLE,S
IND,208,6411,59438,25/12/2023,20:02:42,15,1,20.4,1.1,389.5,389.4,2,1,1.00,CYCLE,S
IND,208,6411,59437,25/12/2023,20:10:24,15,0,31.1,1.0,3896.8,3896.7,2,1,1.00,CYCLE,N
IND,208,6411,59438,25/12/2023,20:12:34,15,1,11.7,1.1,592.6,592.4,2,1,1.00,CYCLE,S
IND,208,6411,59438,25/12/2023,20:13:38,15,1,24.3,0.9,63.5,63.2,2,1,1.00,CYCLE,S
IND,208,6411,59437,25/12/2023,20:20:35,15,0,23.0,1.0,610.8,610.7,2,1,1.00,CYCLE,N
IND,208,6411,59437,25/12/2023,20:25:42,15,0,26.8,1.1,306.5,306.3,2,1,1.00,CYCLE,N
IND,208,6411,59437,25/12/2023,20:27:10,15,0,19.9,1.0,88.6,88.5,2,1,1.00,CYCLE,N
IND,208,6411,59437,25/12/2023,20:39:35,15,0,20.5,1.1,744.6,744.4,2,1,1.00,CYCLE,N
IND,208,6411,59437,25/12/2023,20:39:45,15,0,23.8,1.0,10.4,10.2,2,1,1.00,CYCLE,N
IND,208,6411,59437,25/12/2023,21:07:36,15,0,29.6,1.2,1670.6,1670.4,2,1,1.00,CYCLE,N
IND,208,6411,59438,25/12/2023,21:11:54,15,1,14.7,1.1,881.1,881.0,2,1,1.00,CYCLE,S
IND,208,6411,59438,25/12/2023,21:11:55,15,1,16.5,1.0,1.2,0.9,2,1,1.00,CYCLE,S
IND,208,6411,59438,25/12/2023,21:11:57,15,1,19.8,1.0,1.1,0.9,2,1,1.00,CYCLE,S
IND,208,6411,59437,25/12/2023,21:13:24,15,0,24.9,1.1,348.3,348.1,2,1,1.00,CYCLE,N
IND,208,6411,59438,25/12/2023,21:33:46,15,1,23.1,1.0,1309.0,1308.8,2,1,1.00,CYCLE,S
IND,208,6411,59438,25/12/2023,21:59:10,15,1,17.8,1.0,1524.5,1524.4,2,1,1.00,CYCLE,S
IND,208,6411,59438,25/12/2023,21:59:10,15,1,17.8,1.0,0.0,0.0,2,1,1.00,CYCLE,S
IND,208,6411,59437,25/12/2023,22:14:11,15,0,15.5,1.0,3646.8,3646.7,2,1,1.00,CYCLE,N
IND,208,6411,59437,25/12/2023,22:14:35,15,0,26.5,1.0,24.0,23.8,2,1,1.00,CYCLE,N
IND,208,6411,59437,25/12/2023,22:35:34,15,0,23.9,1.2,3.0,2.9,2,1,1.00,CYCLE,N
IND,208,6411,59438,25/12/2023,22:40:49,15,1,17.2,1.0,2499.0,2498.5,2,1,1.00,CYCLE,S
IND,208,6411,59437,25/12/2023,22:58:56,15,0,21.6,1.0,1402.1,1401.9,2,1,1.00,CYCLE,N
IND,208,6411,59437,25/12/2023,23:11:52,15,0,19.0,1.1,776.6,776.4,2,1,1.00,CYCLE,N
IND,208,6411,59437,25/12/2023,23:46:37,15,0,23.3,1.1,2084.6,2084.4,2,1,1.00,CYCLE,N
IND,208,6411,59438,26/12/2023,00:11:43,15,1,21.3,1.0,5453.3,5453.1,2,1,1.00,CYCLE,S
IND,208,6411,59438,26/12/2023,00:18:33,15,1,23.0,1.1,410.3,410.1,2,1,1.00,CYCLE,S
IND,208,6411,59437,26/12/2023,00:39:02,15,0,15.8,1.0,3145.5,3145.4,2,1,1.00,CYCLE,N
IND,208,6411,59438,26/12/2023,00:57:11,15,1,23.3,1.0,2317.9,2317.8,2,1,1.00,CYCLE,S
IND,208,6411,59438,26/12/2023,01:44:44,15,1,22.3,1.0,2853.2,2853.0,2,1,1.00,CYCLE,S
IND,208,6411,59438,26/12/2023,02:54:36,15,1,19.0,1.1,4191.8,4191.6,2,1,1.00,CYCLE,S
IND,208,6411,59437,26/12/2023,03:10:17,15,0,18.1,1.1,9074.9,9074.7,2,1,1.00,CYCLE,N
IND,208,6411,59438,26/12/2023,03:36:35,15,1,31.1,1.0,2519.8,2519.6,2,1,1.00,CYCLE,S
IND,208,6411,59438,26/12/2023,04:09:31,15,1,26.3,1.1,1975.5,1975.4,2,1,1.00,CYCLE,S
IND,208,6411,59438,26/12/2023,04:49:01,15,1,17.3,1.0,2369.7,2369.6,2,1,1.00,CYCLE,S
IND,208,6411,59438,26/12/2023,04:54:36,15,1,20.9,1.0,335.0,334.8,2,1,1.00,CYCLE,S
IND,208,6411,59438,26/12/2023,05:10:49,15,1,25.1,1.1,972.9,972.7,2,1,1.00,CYCLE,S
IND,208,6411,59438,26/12/2023,05:33:14,15,1,31.3,1.0,1345.6,1345.5,2,1,1.00,CYCLE,S
IND,208,6411,59437,26/12/2023,05:49:30,15,0,28.9,1.1,65.2,63.9,2,1,1.00,CYCLE,N
IND,208,6411,59438,26/12/2023,05:53:36,15,1,29.7,1.0,1221.6,1221.5,2,1,0.75,CYCLE,S
IND,208,6411,59438,26/12/2023,05:56:03,15,1,30.1,1.0,146.9,146.8,2,1,1.00,CYCLE,S
IND,208,6411,59438,26/12/2023,06:15:36,15,1,23.3,1.0,1173.1,1172.9,2,1,1.00,CYCLE,S
IND,208,6411,59438,26/12/2023,06:20:37,15,1,27.3,1.0,301.2,301.1,2,1,1.00,CYCLE,S
IND,208,6411,59438,26/12/2023,06:29:09,15,1,27.2,1.0,512.5,512.4,2,1,1.00,CYCLE,S
IND,208,6411,59438,26/12/2023,06:33:07,15,1,26.1,1.0,237.5,237.4,2,1,1.00,CYCLE,S
IND,208,6411,59438,26/12/2023,06:33:08,15,1,26.9,1.0,1.1,1.0,2,1,1.00,CYCLE,S
IND,208,6411,59438,26/12/2023,06:36:40,15,1,27.8,1.1,211.5,211.4,2,1,1.00,CYCLE,S
IND,208,6411,59438,26/12/2023,06:43:11,15,1,23.4,1.2,391.3,391.2,2,1,1.00,CYCLE,S
IND,208,6411,59438,26/12/2023,06:59:47,15,1,31.5,1.0,995.8,995.6,2,1,1.00,CYCLE,S
IND,208,6411,59438,26/12/2023,07:04:47,15,1,31.8,1.0,300.7,300.6,2,1,1.00,CYCLE,S
IND,208,6411,59438,26/12/2023,07:07:38,15,1,30.0,0.9,170.3,170.2,2,1,1.00,CYCLE,S
IND,208,6411,59438,26/12/2023,07:08:09,15,1,17.3,1.0,31.8,31.7,2,1,1.00,CYCLE,S
IND,208,6411,59437,26/12/2023,07:11:24,15,0,17.8,1.1,221.1,220.5,2,1,1.00,CYCLE,N
IND,208,6411,59438,26/12/2023,07:20:10,15,1,27.5,1.0,720.8,720.6,2,1,1.00,CYCLE,S
IND,208,6411,59438,26/12/2023,07:26:29,15,1,30.1,1.0,378.8,378.7,2,1,1.00,CYCLE,S
IND,208,6411,59437,26/12/2023,07:26:49,15,0,27.7,1.0,120.9,120.2,2,1,1.00,CYCLE,N
IND,208,6411,59438,26/12/2023,07:30:10,15,1,23.7,1.0,220.7,220.6,2,1,0.80,CYCLE,S
IND,208,6411,59438,26/12/2023,07:30:10,15,1,23.7,1.0,0.0,0.0,2,1,0.80,CYCLE,S
IND,208,6411,59437,26/12/2023,07:30:42,15,0,24.6,1.1,87.0,86.6,2,1,1.00,CYCLE,N
IND,208,6411,59437,26/12/2023,07:32:30,15,0,28.9,1.1,107.7,107.5,2,1,1.00,CYCLE,N
IND,208,6411,59438,26/12/2023,07:33:02,15,1,25.1,1.0,172.3,172.1,2,1,1.00,CYCLE,S
IND,208,6411,59438,26/12/2023,07:39:11,15,1,21.5,1.0,368.6,368.4,2,1,1.00,CYCLE,S
IND,208,6411,59438,26/12/2023,07:42:00,15,1,27.3,1.0,169.4,169.3,2,1,1.00,CYCLE,S
IND,208,6411,59438,26/12/2023,07:42:05,15,1,14.7,1.1,4.3,4.2,2,1,1.00,CYCLE,S
IND,208,6411,59438,26/12/2023,07:42:58,15,1,24.3,0.9,52.7,52.2,2,1,1.00,CYCLE,S
IND,208,6411,59438,26/12/2023,07:43:29,15,1,16.7,1.0,30.8,30.7,2,1,1.00,CYCLE,S
IND,208,6411,59438,26/12/2023,07:44:56,15,1,17.6,1.0,87.5,87.3,2,1,1.00,CYCLE,S
IND,208,6411,59437,26/12/2023,07:48:33,15,0,24.2,1.0,962.6,962.5,2,1,1.00,CYCLE,N
IND,208,6411,59437,26/12/2023,07:50:16,15,0,35.8,1.1,103.5,103.4,2,1,1.00,CYCLE,N
IND,208,6411,59438,26/12/2023,07:51:20,15,1,22.7,1.0,383.8,383.6,2,1,1.00,CYCLE,S
IND,208,6411,59437,26/12/2023,07:51:48,15,0,18.5,1.1,91.6,91.5,2,1,1.00,CYCLE,N
IND,208,6411,59438,26/12/2023,07:55:02,15,1,25.7,1.1,222.2,222.0,2,1,1.00,CYCLE,S
IND,208,6411,59438,26/12/2023,07:55:41,15,1,10.2,1.0,38.7,38.5,2,1,0.80,CYCLE,S
IND,208,6411,59438,26/12/2023,07:55:41,15,1,10.2,1.0,0.0,0.0,2,1,0.80,CYCLE,S
IND,208,6411,59438,26/12/2023,07:57:15,15,1,32.6,1.0,94.2,93.7,2,1,1.00,CYCLE,S
IND,208,6411,59438,26/12/2023,08:01:44,15,1,29.5,0.9,269.2,269.1,2,1,1.00,CYCLE,S
IND,208,6411,59437,26/12/2023,08:04:15,15,0,33.5,1.0,196.4,196.2,2,1,1.00,CYCLE,N
IND,208,6411,59437,26/12/2023,08:04:32,15,0,22.0,1.1,17.7,17.5,2,1,1.00,CYCLE,N
IND,208,6411,59438,26/12/2023,08:04:40,15,1,20.9,1.0,176.2,176.1,2,1,1.00,CYCLE,S
IND,208,6411,59437,26/12/2023,08:06:04,15,0,23.0,1.0,91.9,91.7,2,1,1.00,CYCLE,N
IND,208,6411,59438,26/12/2023,08:06:13,15,1,19.7,1.1,92.6,92.4,2,1,1.00,CYCLE,S
IND,208,6411,59438,26/12/2023,08:09:40,15,1,30.1,1.0,207.1,206.9,2,1,1.00,CYCLE,S
IND,208,6411,59438,26/12/2023,08:12:14,15,1,23.2,1.1,154.2,154.0,2,1,1.00,CYCLE,S
IND,208,6411,59437,26/12/2023,08:15:27,15,0,15.6,1.1,15.6,15.2,2,1,1.00,CYCLE,N
IND,208,6411,59438,26/12/2023,08:17:45,15,1,25.0,1.0,330.9,330.8,2,1,1.00,CYCLE,S
IND,208,6411,59437,26/12/2023,08:19:43,15,0,27.4,1.0,255.6,255.3,2,1,1.00,CYCLE,N
IND,208,6411,59438,26/12/2023,08:20:29,15,1,24.3,1.0,164.2,164.0,2,1,1.00,CYCLE,S
IND,208,6411,59437,26/12/2023,08:22:36,15,0,26.3,1.1,153.7,153.2,2,1,1.00,CYCLE,N
IND,208,6411,59438,26/12/2023,08:23:26,15,1,26.2,1.0,176.6,176.4,2,1,1.00,CYCLE,S
IND,208,6411,59437,26/12/2023,08:24:22,15,0,13.9,1.0,106.3,106.1,2,1,1.00,CYCLE,N
IND,208,6411,59438,26/12/2023,08:26:04,15,1,33.7,1.0,157.7,157.5,2,1,1.00,CYCLE,S
IND,208,6411,59437,26/12/2023,08:28:17,15,0,27.1,1.0,234.8,234.5,2,1,1.00,CYCLE,N
IND,208,6411,59438,26/12/2023,08:28:18,15,1,26.2,1.0,134.6,134.5,2,1,1.00,CYCLE,S
IND,208,6411,59437,26/12/2023,08:28:52,15,0,23.9,1.2,35.3,35.2,2,1,1.00,CYCLE,N
IND,208,6411,59437,26/12/2023,08:29:35,15,0,26.1,1.0,42.7,42.6,2,1,1.00,CYCLE,N
IND,208,6411,59438,26/12/2023,08:31:06,15,1,28.6,1.0,167.4,167.3,2,1,1.00,CYCLE,S
IND,208,6411,59438,26/12/2023,08:44:09,15,1,26.1,1.0,783.2,783.1,2,1,1.00,CYCLE,S
IND,208,6411,59437,26/12/2023,08:48:00,15,0,20.5,1.1,820.1,819.8,2,1,1.00,CYCLE,N
IND,208,6411,59438,26/12/2023,08:48:50,15,1,24.9,1.1,281.7,281.6,2,1,1.00,CYCLE,S
IND,208,6411,59438,26/12/2023,08:51:53,15,1,27.1,1.0,182.5,182.4,2,1,1.00,CYCLE,S
IND,208,6411,59438,26/12/2023,08:55:29,15,1,26.1,1.0,215.8,215.7,2,1,1.00,CYCLE,S
IND,208,6411,59438,26/12/2023,08:56:08,15,1,29.6,0.9,39.5,39.3,2,1,1.00,CYCLE,S
IND,208,6411,59437,26/12/2023,08:58:18,15,0,26.5,1.0,17.5,17.3,2,1,1.00,CYCLE,N
IND,208,6411,59438,26/12/2023,09:07:42,15,1,28.9,1.0,693.7,693.6,2,1,1.00,CYCLE,S
IND,208,6411,59438,26/12/2023,09:10:32,15,1,16.3,1.0,169.9,169.7,2,1,1.00,CYCLE,S
IND,208,6411,59438,26/12/2023,09:10:53,15,1,17.1,1.0,20.8,20.5,2,1,1.00,CYCLE,S
IND,208,6411,59438,26/12/2023,09:10:53,15,1,14.5,1.0,0.5,0.3,2,1,1.00,CYCLE,S
IND,208,6411,59437,26/12/2023,09:10:56,15,0,26.9,1.1,324.7,324.5,2,1,1.00,CYCLE,N
IND,208,6411,59437,26/12/2023,09:12:28,15,0,21.9,1.1,92.2,92.0,2,1,1.00,CYCLE,N
IND,208,6411,59438,26/12/2023,09:14:10,15,1,30.5,1.0,196.5,196.3,2,1,1.00,CYCLE,S
IND,208,6411,59438,26/12/2023,09:15:45,15,1,29.2,0.9,95.4,95.3,2,1,1.00,CYCLE,S
IND,208,6411,59438,26/12/2023,09:19:12,15,1,17.4,1.0,206.9,206.8,2,1,1.00,CYCLE,S
IND,208,6411,59438,26/12/2023,09:20:50,15,1,25.5,1.0,98.4,98.2,2,1,1.00,CYCLE,S
IND,208,6411,59437,26/12/2023,09:22:49,15,0,20.1,1.0,423.5,422.0,2,1,1.00,CYCLE,N
IND,208,6411,59437,26/12/2023,09:23:49,15,0,25.4,1.0,60.6,60.4,2,1,1.00,CYCLE,N
IND,208,6411,59438,26/12/2023,09:24:37,15,1,16.5,1.1,226.2,226.1,2,1,1.00,CYCLE,S
IND,208,6411,59438,26/12/2023,09:31:03,15,1,28.7,0.9,386.7,386.5,2,1,1.00,CYCLE,S
IND,208,6411,59438,26/12/2023,09:31:51,15,1,35.5,1.1,47.3,47.2,2,1,1.00,CYCLE,S
IND,208,6411,59437,26/12/2023,09:32:03,15,0,22.9,1.1,19.6,18.9,2,1,1.00,CYCLE,N
IND,208,6411,59438,26/12/2023,09:32:50,15,1,24.5,1.0,59.1,59.0,2,1,1.00,CYCLE,S
IND,208,6411,59437,26/12/2023,09:35:46,15,0,30.3,1.0,223.0,222.8,2,1,1.00,CYCLE,N
IND,208,6411,59437,26/12/2023,09:38:34,15,0,22.0,1.0,167.8,167.6,2,1,1.00,CYCLE,N
IND,208,6411,59437,26/12/2023,09:40:37,15,0,25.0,1.0,123.2,123.0,2,1,1.00,CYCLE,N
IND,208,6411,59437,26/12/2023,09:47:35,15,0,22.4,1.1,417.9,417.8,2,1,1.00,CYCLE,N
IND,208,6411,59438,26/12/2023,09:48:17,15,1,30.0,1.0,289.7,289.5,2,1,1.00,CYCLE,S
IND,208,6411,59437,26/12/2023,09:48:37,15,0,20.5,1.1,61.7,61.5,2,1,1.00,CYCLE,N
IND,208,6411,59438,26/12/2023,09:51:20,15,1,24.6,1.1,182.7,182.6,2,1,1.00,CYCLE,S
IND,208,6411,59438,26/12/2023,09:52:41,15,1,27.5,1.0,81.1,80.9,2,1,1.00,CYCLE,S
IND,208,6411,59438,26/12/2023,09:59:11,15,1,27.1,1.0,390.3,390.2,2,1,1.00,CYCLE,S
IND,208,6411,59438,26/12/2023,10:05:23,15,1,22.3,1.0,371.6,371.5,2,1,1.00,CYCLE,S
IND,208,6411,59438,26/12/2023,10:10:12,15,1,16.6,1.0,288.9,288.7,2,1,1.00,CYCLE,S
IND,208,6411,59438,26/12/2023,10:10:37,15,1,16.4,1.1,25.7,25.5,2,1,1.00,CYCLE,S
IND,208,6411,59438,26/12/2023,10:10:39,15,1,16.3,1.0,1.3,1.1,2,1,1.00,CYCLE,S
IND,208,6411,59438,26/12/2023,10:10:48,15,1,23.9,1.1,8.9,8.6,2,1,1.00,CYCLE,S
IND,208,6411,59438,26/12/2023,10:13:15,15,1,17.7,1.0,147.3,147.1,2,1,1.00,CYCLE,S
IND,208,6411,59438,26/12/2023,10:13:17,15,1,16.3,1.1,1.7,1.5,2,1,1.00,CYCLE,S
IND,208,6411,59437,26/12/2023,10:14:46,15,0,26.6,1.0,254.3,252.1,2,1,1.00,CYCLE,N
IND,208,6411,59437,26/12/2023,10:14:47,15,0,26.5,1.0,0.5,0.3,2,1,1.00,CYCLE,N
IND,208,6411,59438,26/12/2023,10:18:07,15,1,23.7,1.0,290.1,289.9,2,1,1.00,CYCLE,S
IND,208,6411,59438,26/12/2023,10:18:50,15,1,27.9,1.0,43.3,43.2,2,1,1.00,CYCLE,S
IND,208,6411,59437,26/12/2023,10:20:13,15,0,20.8,1.1,326.2,326.0,2,1,1.00,CYCLE,N
IND,208,6411,59438,26/12/2023,10:28:40,15,1,19.8,1.1,164.2,163.9,2,1,1.00,CYCLE,S
IND,208,6411,59438,26/12/2023,10:31:57,15,1,22.8,1.0,196.8,196.6,2,1,0.89,CYCLE,S
IND,208,6411,59438,26/12/2023,10:31:57,15,1,22.8,1.0,0.0,0.0,2,1,0.89,CYCLE,S
IND,208,6411,59438,26/12/2023,10:34:10,15,1,27.6,1.0,132.7,132.4,2,1,1.00,CYCLE,S
IND,208,6411,59438,26/12/2023,10:34:33,15,1,29.5,1.1,23.1,22.9,2,1,1.00,CYCLE,S
IND,208,6411,59438,26/12/2023,10:34:34,15,1,27.8,1.1,0.9,0.8,2,1,1.00,CYCLE,S
IND,208,6411,59438,26/12/2023,10:42:43,15,1,35.5,1.0,488.5,488.4,2,1,1.00,CYCLE,S
IND,208,6411,59438,26/12/2023,10:44:26,15,1,22.2,0.9,104.0,103.9,2,1,1.00,CYCLE,S
IND,208,6411,59437,26/12/2023,10:46:25,15,0,33.8,1.1,1158.6,1158.1,2,1,1.00,CYCLE,N
IND,208,6411,59438,26/12/2023,10:47:19,15,1,21.4,1.0,68.7,68.4,2,1,1.00,CYCLE,S
IND,208,6411,59438,26/12/2023,10:50:00,15,1,24.9,0.9,161.5,161.4,2,1,1.00,CYCLE,S
IND,208,6411,59437,26/12/2023,10:52:08,15,0,28.0,1.0,343.1,343.0,2,1,1.00,CYCLE,N
IND,208,6411,59438,26/12/2023,10:52:52,15,1,27.0,1.0,172.3,172.1,2,1,1.00,CYCLE,S
IND,208,6411,59437,26/12/2023,10:53:46,15,0,28.8,1.1,98.3,98.2,2,1,1.00,CYCLE,N
IND,208,6411,59438,26/12/2023,10:55:18,15,1,27.0,1.0,145.3,145.2,2,1,1.00,CYCLE,S
IND,208,6411,59438,26/12/2023,10:59:02,15,1,25.9,1.0,224.6,224.4,2,1,1.00,CYCLE,S
IND,208,6411,59438,26/12/2023,11:04:47,15,1,16.7,1.0,345.1,345.0,2,1,1.00,CYCLE,S
IND,208,6411,59437,26/12/2023,11:07:39,15,0,22.9,1.0,719.6,719.2,2,1,1.00,CYCLE,N
IND,208,6411,59437,26/12/2023,11:11:14,15,0,19.2,1.1,214.9,214.8,2,1,1.00,CYCLE,N
IND,208,6411,59437,26/12/2023,11:11:15,15,0,18.0,1.1,1.0,0.8,2,1,1.00,CYCLE,N
IND,208,6411,59438,26/12/2023,11:11:52,15,1,20.2,1.0,31.1,31.0,2,1,1.00,CYCLE,S
IND,208,6411,59438,26/12/2023,11:12:30,15,1,29.6,1.0,38.1,37.9,2,1,1.00,CYCLE,S
IND,208,6411,59438,26/12/2023,11:13:07,15,1,19.5,1.0,36.8,36.7,2,1,1.00,CYCLE,S
IND,208,6411,59437,26/12/2023,11:13:58,15,0,23.2,1.1,163.2,163.0,2,1,1.00,CYCLE,N
IND,208,6411,59438,26/12/2023,11:14:30,15,1,24.3,1.0,82.9,82.7,2,1,1.00,CYCLE,S
IND,208,6411,59437,26/12/2023,11:14:44,15,0,26.4,1.1,45.5,45.3,2,1,1.00,CYCLE,N
IND,208,6411,59437,26/12/2023,11:16:12,15,0,30.1,1.1,88.2,88.0,2,1,1.00,CYCLE,N
IND,208,6411,59438,26/12/2023,11:22:55,15,1,20.0,1.0,505.5,505.3,2,1,1.00,CYCLE,S
IND,208,6411,59438,26/12/2023,11:23:13,15,1,24.7,1.0,17.4,17.2,2,1,1.00,CYCLE,S
IND,208,6411,59438,26/12/2023,11:23:50,15,1,28.9,1.0,37.2,37.1,2,1,1.00,CYCLE,S
IND,208,6411,59438,26/12/2023,11:25:57,15,1,10.5,1.1,127.2,127.0,2,1,1.00,CYCLE,S
IND,208,6411,59437,26/12/2023,11:27:09,15,0,26.2,1.1,657.6,657.5,2,1,1.00,CYCLE,N
IND,208,6411,59438,26/12/2023,11:33:30,15,1,39.4,1.0,452.6,452.2,2,1,1.00,CYCLE,S
IND,208,6411,59438,26/12/2023,11:33:30,15,1,28.5,1.1,0.3,0.2,2,1,1.00,CYCLE,S
IND,208,6411,59437,26/12/2023,11:34:03,15,0,19.1,1.2,413.7,413.5,2,1,1.00,CYCLE,N
IND,208,6411,59438,26/12/2023,11:35:10,15,1,22.2,1.1,99.6,99.5,2,1,1.00,CYCLE,S
IND,208,6411,59437,26/12/2023,11:35:23,15,0,20.5,1.1,79.9,79.7,2,1,1.00,CYCLE,N
IND,208,6411,59437,26/12/2023,11:35:39,15,0,26.5,1.0,15.5,14.0,2,1,1.00,CYCLE,N
IND,208,6411,59437,26/12/2023,11:36:51,15,0,24.4,1.0,71.9,71.8,2,1,1.00,CYCLE,N
IND,208,6411,59437,26/12/2023,11:41:45,15,0,22.6,1.1,294.0,293.9,2,1,1.00,CYCLE,N
IND,208,6411,59438,26/12/2023,11:47:08,15,1,24.6,1.0,718.9,718.7,2,1,1.00,CYCLE,S
IND,208,6411,59438,26/12/2023,11:48:54,15,1,27.0,1.0,105.2,105.1,2,1,1.00,CYCLE,S
IND,208,6411,59438,26/12/2023,11:51:55,15,1,22.2,1.1,1.4,1.2,2,1,1.00,CYCLE,S
IND,208,6411,59437,26/12/2023,11:56:55,15,0,28.5,1.0,910.7,910.5,2,1,1.00,CYCLE,N
IND,208,6411,59437,26/12/2023,11:57:14,15,0,23.3,1.0,18.9,18.7,2,1,1.00,CYCLE,N
IND,208,6411,59437,26/12/2023,12:00:45,15,0,31.4,1.1,210.5,210.4,2,1,1.00,CYCLE,N
IND,208,6411,59437,26/12/2023,12:00:48,15,0,29.8,1.1,3.0,2.9,2,1,1.00,CYCLE,N
IND,208,6411,59437,26/12/2023,12:03:08,15,0,19.7,1.1,21.1,20.7,2,1,1.00,CYCLE,N
IND,208,6411,59437,26/12/2023,12:07:44,15,0,20.3,1.0,276.0,275.8,2,1,1.00,CYCLE,N
IND,208,6411,59437,26/12/2023,12:08:31,15,0,23.5,1.0,47.5,47.3,2,1,1.00,CYCLE,N
IND,208,6411,59438,26/12/2023,12:08:57,15,1,25.6,1.0,1022.8,1022.6,2,1,1.00,CYCLE,S
IND,208,6411,59437,26/12/2023,12:10:07,15,0,24.2,1.2,96.1,95.9,2,1,1.00,CYCLE,N
IND,208,6411,59437,26/12/2023,12:12:33,15,0,19.3,1.2,146.2,146.0,2,1,1.00,CYCLE,N
IND,208,6411,59437,26/12/2023,12:12:34,15,0,22.0,1.0,1.0,0.8,2,1,1.00,CYCLE,N
IND,208,6411,59437,26/12/2023,12:13:13,15,0,38.0,1.1,39.2,39.0,2,1,1.00,CYCLE,N
IND,208,6411,59437,26/12/2023,12:13:30,15,0,15.8,1.1,16.2,16.1,2,1,1.00,CYCLE,N
IND,208,6411,59437,26/12/2023,12:13:30,15,0,16.0,1.0,0.7,0.5,2,1,1.00,CYCLE,N
IND,208,6411,59437,26/12/2023,12:17:58,15,0,27.4,1.1,267.5,267.2,2,1,1.00,CYCLE,N
IND,208,6411,59437,26/12/2023,12:20:48,15,0,28.1,1.0,169.9,169.8,2,1,1.00,CYCLE,N
IND,208,6411,59438,26/12/2023,12:22:18,15,1,23.4,1.0,800.3,800.1,2,1,1.00,CYCLE,S
IND,208,6411,59438,26/12/2023,12:23:55,15,1,19.3,1.0,97.0,96.9,2,1,1.00,CYCLE,S
IND,208,6411,59437,26/12/2023,12:25:14,15,0,26.2,1.1,266.1,266.0,2,1,1.00,CYCLE,N
IND,208,6411,59437,26/12/2023,12:31:25,15,0,20.6,1.0,370.9,370.7,2,1,1.00,CYCLE,N
IND,208,6411,59437,26/12/2023,12:32:17,15,0,29.5,1.0,13.4,13.2,2,1,1.00,CYCLE,N
IND,208,6411,59437,26/12/2023,12:35:32,15,0,29.2,1.2,194.4,194.3,2,1,1.00,CYCLE,N
IND,208,6411,59438,26/12/2023,12:35:52,15,1,30.0,0.9,717.6,717.4,2,1,1.00,CYCLE,S
IND,208,6411,59437,26/12/2023,12:37:34,15,0,18.3,1.0,122.2,122.0,2,1,1.00,CYCLE,N
IND,208,6411,59437,26/12/2023,12:37:44,15,0,17.1,1.1,9.5,9.3,2,1,1.00,CYCLE,N
IND,208,6411,59437,26/12/2023,12:37:44,15,0,16.8,1.1,0.9,0.7,2,1,1.00,CYCLE,N
IND,208,6411,59437,26/12/2023,12:38:23,15,0,21.4,1.1,38.1,37.9,2,1,1.00,CYCLE,N
IND,208,6411,59438,26/12/2023,12:43:20,15,1,16.6,1.0,447.3,447.2,2,1,1.00,CYCLE,S
IND,208,6411,59438,26/12/2023,12:51:50,15,1,28.2,1.1,510.7,510.5,2,1,1.00,CYCLE,S
IND,208,6411,59437,26/12/2023,12:52:15,15,0,26.8,1.1,333.1,332.9,2,1,1.00,CYCLE,N
IND,208,6411,59438,26/12/2023,12:54:29,15,1,21.4,1.0,133.1,132.9,2,1,1.00,CYCLE,S
IND,208,6411,59437,26/12/2023,12:56:40,15,0,30.6,1.0,265.5,265.6,2,1,0.80,CYCLE,N
IND,208,6411,59437,26/12/2023,12:57:45,15,0,21.5,1.1,64.8,64.5,2,1,1.00,CYCLE,N
IND,208,6411,59438,26/12/2023,12:58:31,15,1,37.7,1.1,242.0,241.9,2,1,1.00,CYCLE,S
IND,208,6411,59437,26/12/2023,13:02:01,15,0,22.6,1.1,256.2,256.1,2,1,1.00,CYCLE,N
IND,208,6411,59437,26/12/2023,13:02:08,15,0,36.0,1.0,6.4,6.7,2,1,0.73,CYCLE,N
IND,208,6411,59437,26/12/2023,13:02:08,15,0,36.0,1.0,0.0,0.0,2,1,0.73,CYCLE,N
IND,208,6411,59438,26/12/2023,13:04:38,15,1,26.3,1.0,366.2,366.1,2,1,1.00,CYCLE,S
IND,208,6411,59437,26/12/2023,13:11:45,15,0,19.6,1.0,256.9,255.5,2,1,1.00,CYCLE,N
IND,208,6411,59437,26/12/2023,13:13:10,15,0,22.6,1.0,84.8,84.6,2,1,1.00,CYCLE,N
IND,208,6411,59438,26/12/2023,13:15:27,15,1,22.5,1.1,649.1,649.0,2,1,1.00,CYCLE,S
IND,208,6411,59438,26/12/2023,13:18:42,15,1,15.9,1.1,194.8,194.6,2,1,1.00,CYCLE,S
IND,208,6411,59437,26/12/2023,13:19:15,15,0,24.2,1.1,365.4,365.2,2,1,1.00,CYCLE,N
IND,208,6411,59437,26/12/2023,13:25:05,15,0,25.6,1.0,349.8,349.6,2,1,1.00,CYCLE,N
IND,208,6411,59438,26/12/2023,13:52:14,15,1,30.7,1.2,2012.3,2012.1,2,1,1.00,CYCLE,S
IND,208,6411,59437,26/12/2023,13:52:53,15,0,12.0,1.1,1668.4,1668.3,2,1,1.00,CYCLE,N
IND,208,6411,59437,26/12/2023,13:57:02,15,0,23.2,1.2,248.8,248.5,2,1,1.00,CYCLE,N
IND,208,6411,59437,26/12/2023,14:00:41,15,0,18.8,1.1,214.8,214.6,2,1,1.00,CYCLE,N
IND,208,6411,59438,26/12/2023,14:02:47,15,1,36.5,1.0,633.3,633.2,2,1,1.00,CYCLE,S
IND,208,6411,59437,26/12/2023,14:09:09,15,0,30.9,1.1,508.5,508.2,2,1,1.00,CYCLE,N
IND,208,6411,59437,26/12/2023,14:10:47,15,0,18.1,1.0,98.1,98.0,2,1,1.00,CYCLE,N
IND,208,6411,59438,26/12/2023,14:24:11,15,1,28.1,1.2,1283.5,1283.4,2,1,1.00,CYCLE,S
IND,208,6411,59438,26/12/2023,14:27:18,15,1,26.5,1.0,187.0,186.9,2,1,1.00,CYCLE,S
IND,208,6411,59437,26/12/2023,14:27:53,15,0,35.1,1.0,1025.8,1025.6,2,1,1.00,CYCLE,N
IND,208,6411,59438,26/12/2023,14:40:12,15,1,23.9,1.1,774.3,774.1,2,1,1.00,CYCLE,S
IND,208,6411,59438,26/12/2023,14:41:53,15,1,23.0,1.2,101.2,101.1,2,1,1.00,CYCLE,S
IND,208,6411,59437,26/12/2023,14:43:25,15,0,29.5,1.0,931.8,931.7,2,1,1.00,CYCLE,N
IND,208,6411,59437,26/12/2023,14:45:08,15,0,16.8,1.0,103.0,102.9,2,1,1.00,CYCLE,N
IND,208,6411,59438,26/12/2023,14:45:55,15,1,25.6,1.0,241.9,241.7,2,1,1.00,CYCLE,S
IND,208,6411,59438,26/12/2023,14:49:41,15,1,25.3,1.1,225.7,225.5,2,1,1.00,CYCLE,S
IND,208,6411,59437,26/12/2023,14:53:34,15,0,26.0,1.0,506.7,506.4,2,1,1.00,CYCLE,N
IND,208,6411,59438,26/12/2023,14:54:26,15,1,26.9,1.0,285.3,285.1,2,1,1.00,CYCLE,S
IND,208,6411,59438,26/12/2023,14:58:22,15,1,24.9,1.0,235.7,235.6,2,1,1.00,CYCLE,S
IND,208,6411,59437,26/12/2023,14:58:29,15,0,17.0,1.2,294.2,294.1,2,1,1.00,CYCLE,N
IND,208,6411,59437,26/12/2023,15:00:43,15,0,23.0,1.1,134.1,133.9,2,1,1.00,CYCLE,N
IND,208,6411,59438,26/12/2023,15:01:54,15,1,14.0,1.0,212.4,212.3,2,1,1.00,CYCLE,S
IND,208,6411,59438,26/12/2023,15:24:37,15,1,23.9,1.1,1363.0,1362.8,2,1,1.00,CYCLE,S
IND,208,6411,59437,26/12/2023,15:25:57,15,0,25.4,1.0,1514.6,1514.4,2,1,1.00,CYCLE,N
IND,208,6411,59437,26/12/2023,15:29:53,15,0,25.1,0.9,235.6,235.4,2,1,1.00,CYCLE,N
IND,208,6411,59438,26/12/2023,15:30:07,15,1,21.5,1.0,329.7,329.5,2,1,1.00,CYCLE,S
IND,208,6411,59438,26/12/2023,15:30:50,15,1,21.2,1.1,42.6,42.5,2,1,1.00,CYCLE,S
IND,208,6411,59438,26/12/2023,15:33:41,15,1,27.9,1.1,171.3,171.1,2,1,1.00,CYCLE,S
IND,208,6411,59437,26/12/2023,15:40:01,15,0,20.6,1.0,607.8,607.7,2,1,1.00,CYCLE,N
IND,208,6411,59438,26/12/2023,15:41:00,15,1,24.8,1.0,439.7,439.5,2,1,1.00,CYCLE,S
IND,208,6411,59438,26/12/2023,15:44:32,15,1,23.0,1.1,211.2,211.1,2,1,1.00,CYCLE,S
IND,208,6411,59438,26/12/2023,15:45:30,15,1,24.3,1.0,58.5,58.3,2,1,1.00,CYCLE,S
IND,208,6411,59438,26/12/2023,15:49:19,15,1,27.2,1.0,228.4,228.3,2,1,1.00,CYCLE,S
IND,208,6411,59438,26/12/2023,15:50:34,15,1,30.8,1.0,75.7,75.6,2,1,1.00,CYCLE,S
IND,208,6411,59438,26/12/2023,15:56:42,15,1,17.2,1.1,336.4,336.4,2,1,1.00,CYCLE,S
IND,208,6411,59437,26/12/2023,16:01:10,15,0,26.7,1.0,1269.6,1269.4,2,1,1.00,CYCLE,N
IND,208,6411,59438,26/12/2023,16:04:25,15,1,27.5,1.0,463.7,463.5,2,1,1.00,CYCLE,S
IND,208,6411,59438,26/12/2023,16:06:46,15,1,23.3,1.1,140.9,140.8,2,1,1.00,CYCLE,S
IND,208,6411,59438,26/12/2023,16:14:30,15,1,28.7,1.1,463.5,463.4,2,1,1.00,CYCLE,S
IND,208,6411,59438,26/12/2023,16:23:40,15,1,26.7,1.0,550.7,550.6,2,1,1.00,CYCLE,S
IND,208,6411,59438,26/12/2023,16:25:12,15,1,23.3,1.0,91.3,91.2,2,1,1.00,CYCLE,S
IND,208,6411,59437,26/12/2023,16:32:21,15,0,24.4,1.2,96.4,95.2,2,1,1.00,CYCLE,N
IND,208,6411,59438,26/12/2023,16:37:25,15,1,21.0,0.9,732.9,732.8,2,1,1.00,CYCLE,S
IND,208,6411,59437,26/12/2023,16:38:20,15,0,24.0,1.0,359.4,359.2,2,1,1.00,CYCLE,N
IND,208,6411,59438,26/12/2023,16:45:50,15,1,24.4,1.0,505.9,505.7,2,1,1.00,CYCLE,S
IND,208,6411,59438,26/12/2023,16:53:33,15,1,23.1,1.2,462.7,462.5,2,1,1.00,CYCLE,S
IND,208,6411,59437,26/12/2023,16:56:50,15,0,19.0,1.1,45.4,44.9,2,1,1.00,CYCLE,N
IND,208,6411,59438,26/12/2023,16:57:36,15,1,31.1,1.2,243.0,242.8,2,1,1.00,CYCLE,S
IND,208,6411,59437,26/12/2023,16:59:06,15,0,23.9,1.1,135.6,135.4,2,1,1.00,CYCLE,N
IND,208,6411,59437,26/12/2023,17:08:48,15,0,30.2,1.1,380.5,380.2,2,1,1.00,CYCLE,N
IND,208,6411,59437,26/12/2023,17:09:19,15,0,21.6,1.1,30.8,30.7,2,1,1.00,CYCLE,N
IND,208,6411,59438,26/12/2023,17:16:52,15,1,29.7,1.0,1156.0,1155.9,2,1,1.00,CYCLE,S
IND,208,6411,59437,26/12/2023,17:22:47,15,0,32.7,1.0,808.1,807.9,2,1,1.00,CYCLE,N
IND,208,6411,59437,26/12/2023,17:27:28,15,0,24.1,1.1,271.1,270.6,2,1,1.00,CYCLE,N
IND,208,6411,59437,26/12/2023,17:30:24,15,0,22.0,1.0,176.3,176.1,2,1,1.00,CYCLE,N
IND,208,6411,59438,26/12/2023,17:30:55,15,1,23.8,0.9,843.1,843.0,2,1,1.00,CYCLE,S
IND,208,6411,59437,26/12/2023,17:33:27,15,0,22.3,1.1,183.0,182.8,2,1,1.00,CYCLE,N
IND,208,6411,59438,26/12/2023,17:35:24,15,1,19.7,1.1,268.2,268.1,2,1,1.00,CYCLE,S
IND,208,6411,59437,26/12/2023,17:36:22,15,0,30.0,1.1,174.8,174.6,2,1,1.00,CYCLE,N
IND,208,6411,59437,26/12/2023,17:36:49,15,0,28.1,1.1,26.3,26.2,2,1,1.00,CYCLE,N
IND,208,6411,59437,26/12/2023,17:39:07,15,0,26.5,1.0,138.9,138.8,2,1,1.00,CYCLE,N
IND,208,6411,59438,26/12/2023,17:42:13,15,1,16.8,1.0,409.1,408.9,2,1,1.00,CYCLE,S
IND,208,6411,59437,26/12/2023,17:50:19,15,0,31.7,1.0,79.1,78.9,2,1,0.80,CYCLE,N
IND,208,6411,59438,26/12/2023,17:54:50,15,1,25.7,1.1,756.9,756.7,2,1,1.00,CYCLE,S
IND,208,6411,59438,26/12/2023,17:58:52,15,1,27.5,1.0,242.8,242.7,2,1,1.00,CYCLE,S
IND,208,6411,59437,26/12/2023,18:03:50,15,0,20.8,1.1,289.2,288.2,2,1,1.00,CYCLE,N
IND,208,6411,59437,26/12/2023,18:08:21,15,0,29.7,1.0,270.8,270.8,2,1,0.80,CYCLE,N
IND,208,6411,59438,26/12/2023,18:09:02,15,1,18.0,1.0,609.8,609.6,2,1,1.00,CYCLE,S
IND,208,6411,59438,26/12/2023,18:09:03,15,1,17.3,1.0,0.7,0.5,2,1,1.00,CYCLE,S
IND,208,6411,59437,26/12/2023,18:09:13,15,0,23.4,1.1,51.9,51.6,2,1,1.00,CYCLE,N
IND,208,6411,59437,26/12/2023,18:13:47,15,0,31.8,1.0,273.8,273.8,2,1,0.80,CYCLE,N
IND,208,6411,59438,26/12/2023,18:15:54,15,1,20.1,1.0,410.7,410.5,2,1,1.00,CYCLE,S
IND,208,6411,59438,26/12/2023,18:24:27,15,1,23.8,1.0,513.7,513.5,2,1,1.00,CYCLE,S
IND,208,6411,59438,26/12/2023,18:27:56,15,1,26.8,1.1,208.8,208.6,2,1,1.00,CYCLE,S
IND,208,6411,59438,26/12/2023,18:35:13,15,1,25.9,1.0,437.0,436.9,2,1,1.00,CYCLE,S
IND,208,6411,59437,26/12/2023,18:37:57,15,0,27.2,1.0,290.8,290.1,2,1,1.00,CYCLE,N
IND,208,6411,59438,26/12/2023,18:42:23,15,1,31.1,1.0,429.7,429.5,2,1,1.00,CYCLE,S
IND,208,6411,59438,26/12/2023,18:47:36,15,1,23.0,1.1,313.1,313.0,2,1,1.00,CYCLE,S
IND,208,6411,59438,26/12/2023,18:47:44,15,1,24.4,1.0,8.4,8.3,2,1,1.00,CYCLE,S
IND,208,6411,59438,26/12/2023,18:47:45,15,1,25.4,1.0,0.5,0.4,2,1,1.00,CYCLE,S
IND,208,6411,59438,26/12/2023,18:52:18,15,1,17.5,1.0,273.0,272.8,2,1,1.00,CYCLE,S
IND,208,6411,59437,26/12/2023,18:55:12,15,0,17.6,1.1,608.2,607.1,2,1,1.00,CYCLE,N
IND,208,6411,59437,26/12/2023,18:59:10,15,0,23.9,1.1,238.2,238.0,2,1,1.00,CYCLE,N
IND,208,6411,59437,26/12/2023,19:01:22,15,0,27.7,1.1,131.4,131.3,2,1,1.00,CYCLE,N
IND,208,6411,59437,26/12/2023,19:09:00,15,0,22.4,1.1,100.9,100.7,2,1,1.00,CYCLE,N
IND,208,6411,59437,26/12/2023,19:12:06,15,0,22.4,1.0,185.8,185.6,2,1,1.00,CYCLE,N
IND,208,6411,59437,26/12/2023,19:12:13,15,0,25.0,1.0,7.3,7.1,2,1,1.00,CYCLE,N
IND,208,6411,59437,26/12/2023,19:14:40,15,0,16.9,1.1,146.9,146.8,2,1,1.00,CYCLE,N
IND,208,6411,59438,26/12/2023,19:15:03,15,1,21.9,1.0,577.4,577.2,2,1,1.00,CYCLE,S
IND,208,6411,59437,26/12/2023,19:15:55,15,0,24.3,1.0,74.6,74.3,2,1,1.00,CYCLE,N
IND,208,6411,59438,26/12/2023,19:19:06,15,1,25.5,1.0,242.6,242.5,2,1,1.00,CYCLE,S
IND,208,6411,59438,26/12/2023,19:24:20,15,1,25.5,1.0,314.0,313.8,2,1,1.00,CYCLE,S
IND,208,6411,59438,26/12/2023,19:29:44,15,1,25.6,1.0,324.4,324.3,2,1,1.00,CYCLE,S
IND,208,6411,59437,26/12/2023,19:30:09,15,0,27.1,1.0,854.3,854.2,2,1,1.00,CYCLE,N
IND,208,6411,59437,26/12/2023,19:32:21,15,0,24.0,1.1,131.8,131.7,2,1,1.00,CYCLE,N
IND,208,6411,59437,26/12/2023,19:32:22,15,0,24.8,1.1,0.4,0.2,2,1,1.00,CYCLE,N
IND,208,6411,59437,26/12/2023,19:41:04,15,0,32.5,1.0,522.3,522.1,2,1,1.00,CYCLE,N
IND,208,6411,59437,26/12/2023,19:41:05,15,0,23.7,1.0,1.5,1.4,2,1,1.00,CYCLE,N
IND,208,6411,59437,26/12/2023,19:43:46,15,0,32.0,1.0,160.3,160.2,2,1,1.00,CYCLE,N
IND,208,6411,59437,26/12/2023,19:43:48,15,0,26.9,1.0,2.5,2.4,2,1,1.00,CYCLE,N
IND,208,6411,59437,26/12/2023,19:55:19,15,0,27.4,1.1,690.5,690.4,2,1,1.00,CYCLE,N
IND,208,6411,59438,26/12/2023,20:09:02,15,1,29.6,1.0,2357.8,2357.7,2,1,1.00,CYCLE,S
IND,208,6411,59437,26/12/2023,20:24:50,15,0,31.5,1.0,1771.6,1771.4,2,1,1.00,CYCLE,N
IND,208,6411,59437,26/12/2023,20:27:58,15,0,25.9,1.0,187.7,187.6,2,1,1.00,CYCLE,N
IND,208,6411,59437,26/12/2023,20:28:19,15,0,27.7,1.1,21.5,21.4,2,1,1.00,CYCLE,N
IND,208,6411,59438,26/12/2023,20:32:39,15,1,27.9,1.1,1417.5,1417.4,2,1,1.00,CYCLE,S
IND,208,6411,59437,26/12/2023,20:42:56,15,0,20.0,1.1,876.5,876.4,2,1,1.00,CYCLE,N
IND,208,6411,59438,26/12/2023,20:46:22,15,1,23.9,1.0,822.5,822.3,2,1,1.00,CYCLE,S
IND,208,6411,59438,26/12/2023,20:46:25,15,1,23.2,1.0,3.1,3.0,2,1,1.00,CYCLE,S
IND,208,6411,59437,26/12/2023,21:05:41,15,0,18.4,1.0,1364.9,1364.7,2,1,1.00,CYCLE,N
IND,208,6411,59437,26/12/2023,21:26:05,15,0,21.5,1.0,1223.9,1223.7,2,1,1.00,CYCLE,N
IND,208,6411,59437,26/12/2023,21:32:07,15,0,24.2,1.1,362.0,361.9,2,1,1.00,CYCLE,N
IND,208,6411,59437,26/12/2023,21:32:10,15,0,23.0,1.0,2.9,2.7,2,1,1.00,CYCLE,N
IND,208,6411,59438,26/12/2023,21:32:36,15,1,24.5,1.0,2771.1,2770.9,2,1,1.00,CYCLE,S
IND,208,6411,59437,26/12/2023,21:34:39,15,0,21.8,1.1,149.6,149.5,2,1,1.00,CYCLE,N
IND,208,6411,59438,26/12/2023,21:46:01,15,1,25.2,1.0,804.4,804.3,2,1,1.00,CYCLE,S
IND,208,6411,59437,26/12/2023,21:50:10,15,0,25.7,1.0,930.8,930.6,2,1,1.00,CYCLE,N
IND,208,6411,59437,26/12/2023,21:53:15,15,0,18.6,1.1,185.0,184.9,2,1,1.00,CYCLE,N
IND,208,6411,59437,26/12/2023,22:06:01,15,0,20.8,1.0,766.1,765.9,2,1,1.00,CYCLE,N
IND,208,6411,59437,26/12/2023,22:16:00,15,0,13.9,1.0,599.1,599.0,2,1,1.00,CYCLE,N
IND,208,6411,59437,26/12/2023,22:16:07,15,0,21.8,1.0,6.8,6.6,2,1,0.25,CYCLE,N
IND,208,6411,59438,26/12/2023,22:35:44,15,1,17.2,1.0,2983.2,2983.0,2,1,1.00,CYCLE,S
IND,208,6411,59437,26/12/2023,22:36:30,15,0,19.4,1.0,1222.3,1222.1,2,1,1.00,CYCLE,N
IND,208,6411,59437,26/12/2023,22:41:50,15,0,16.0,1.0,320.7,320.5,2,1,1.00,CYCLE,N
IND,208,6411,59437,26/12/2023,22:55:58,15,0,27.4,1.1,225.2,225.1,2,1,1.00,CYCLE,N
IND,208,6411,59437,26/12/2023,22:57:03,15,0,26.6,1.1,64.3,64.2,2,1,1.00,CYCLE,N
IND,208,6411,59438,26/12/2023,22:57:44,15,1,16.8,1.1,1320.4,1320.1,2,1,1.00,CYCLE,S
IND,208,6411,59437,26/12/2023,23:24:50,15,0,20.9,0.9,1667.5,1667.4,2,1,1.00,CYCLE,N
IND,208,6411,59438,26/12/2023,23:33:03,15,1,35.7,0.9,2119.0,2118.8,2,1,1.00,CYCLE,S
IND,208,6411,59437,26/12/2023,23:39:59,15,0,19.6,1.0,908.9,908.7,2,1,1.00,CYCLE,N
IND,208,6411,59437,26/12/2023,23:39:59,15,0,19.6,1.0,0.0,0.0,2,1,1.00,CYCLE,N
IND,208,6411,59437,26/12/2023,23:56:03,15,0,29.8,1.0,964.5,964.2,2,1,1.00,CYCLE,N
IND,208,6411,59438,27/12/2023,00:08:12,15,1,19.4,1.0,2109.3,2109.2,2,1,1.00,CYCLE,S
IND,208,6411,59438,27/12/2023,00:09:13,15,1,17.1,1.1,61.1,60.9,2,1,1.00,CYCLE,S
IND,208,6411,59438,27/12/2023,00:32:50,15,1,33.3,0.9,1416.8,1416.6,2,1,1.00,CYCLE,S
IND,208,6411,59437,27/12/2023,01:56:17,15,0,25.2,1.0,7214.0,7213.9,2,1,1.00,CYCLE,N
IND,208,6411,59438,27/12/2023,03:09:40,15,1,26.8,1.0,9410.3,9410.2,2,1,1.00,CYCLE,S
IND,208,6411,59437,27/12/2023,03:30:28,15,0,38.4,1.2,5650.4,5650.3,2,1,1.00,CYCLE,N
IND,208,6411,59437,27/12/2023,04:38:01,15,0,34.9,1.1,4052.9,4052.8,2,1,1.00,CYCLE,N
IND,208,6411,59438,27/12/2023,04:42:18,15,1,20.4,1.1,1438.6,1438.4,2,1,1.00,CYCLE,S
IND,208,6411,59438,27/12/2023,04:44:10,15,1,22.5,1.1,112.0,111.8,2,1,1.00,CYCLE,S
IND,208,6411,59438,27/12/2023,04:50:33,15,1,22.8,1.0,382.9,382.7,2,1,1.00,CYCLE,S
IND,208,6411,59437,27/12/2023,04:51:02,15,0,21.3,1.2,670.0,669.9,2,1,1.00,CYCLE,N
IND,208,6411,59437,27/12/2023,04:56:55,15,0,25.9,1.1,352.7,352.5,2,1,1.00,CYCLE,N
IND,208,6411,59438,27/12/2023,05:14:26,15,1,26.8,1.0,1433.6,1433.4,2,1,1.00,CYCLE,S
IND,208,6411,59438,27/12/2023,05:17:10,15,1,27.7,1.0,163.7,163.6,2,1,1.00,CYCLE,S
IND,208,6411,59438,27/12/2023,05:17:11,15,1,28.0,1.1,0.7,0.6,2,1,1.00,CYCLE,S
IND,208,6411,59438,27/12/2023,05:18:30,15,1,25.5,1.2,79.4,79.3,2,1,1.00,CYCLE,S
IND,208,6411,59438,27/12/2023,05:21:59,15,1,25.5,1.0,208.5,208.3,2,1,1.00,CYCLE,S
IND,208,6411,59438,27/12/2023,05:21:59,15,1,24.6,1.0,0.5,0.3,2,1,1.00,CYCLE,S
IND,208,6411,59438,27/12/2023,05:22:48,15,1,22.3,1.0,48.3,48.2,2,1,1.00,CYCLE,S
IND,208,6411,59438,27/12/2023,05:22:57,15,1,21.6,1.1,9.3,9.1,2,1,1.00,CYCLE,S
IND,208,6411,59438,27/12/2023,05:23:53,15,1,29.4,1.0,56.4,56.2,2,1,1.00,CYCLE,S
IND,208,6411,59438,27/12/2023,05:25:03,15,1,35.4,0.9,69.5,69.4,2,1,1.00,CYCLE,S
IND,208,6411,59438,27/12/2023,05:28:22,15,1,22.2,1.0,198.9,198.8,2,1,1.00,CYCLE,S
IND,208,6411,59438,27/12/2023,05:35:45,15,1,25.4,1.2,442.9,442.7,2,1,1.00,CYCLE,S
IND,208,6411,59438,27/12/2023,05:47:01,15,1,26.9,1.0,676.5,676.3,2,1,0.86,CYCLE,S
IND,208,6411,59437,27/12/2023,05:50:43,15,0,33.2,1.2,3228.0,3227.9,2,1,1.00,CYCLE,N
IND,208,6411,59438,27/12/2023,05:54:52,15,1,30.4,1.0,470.5,470.4,2,1,1.00,CYCLE,S
IND,208,6411,59438,27/12/2023,05:58:18,15,1,31.0,1.0,206.8,206.7,2,1,1.00,CYCLE,S
IND,208,6411,59438,27/12/2023,06:00:41,15,1,26.4,1.0,142.8,142.7,2,1,1.00,CYCLE,S
IND,208,6411,59438,27/12/2023,06:05:04,15,1,31.9,1.1,262.8,262.6,2,1,1.00,CYCLE,S
IND,208,6411,59438,27/12/2023,06:06:16,15,1,23.8,1.1,72.2,72.1,2,1,1.00,CYCLE,S
IND,208,6411,59438,27/12/2023,06:09:05,15,1,30.9,1.0,169.2,169.0,2,1,1.00,CYCLE,S
IND,208,6411,59438,27/12/2023,06:11:43,15,1,23.4,1.0,158.1,157.9,2,1,1.00,CYCLE,S
IND,208,6411,59438,27/12/2023,06:14:18,15,1,32.2,1.0,154.9,154.8,2,1,1.00,CYCLE,S
IND,208,6411,59438,27/12/2023,06:14:25,15,1,30.0,1.0,6.6,6.5,2,1,1.00,CYCLE,S
IND,208,6411,59438,27/12/2023,06:14:26,15,1,31.0,1.0,0.6,0.5,2,1,1.00,CYCLE,S
IND,208,6411,59438,27/12/2023,06:15:22,15,1,26.9,1.0,56.5,56.4,2,1,1.00,CYCLE,S
IND,208,6411,59438,27/12/2023,06:16:14,15,1,23.1,1.1,52.4,52.2,2,1,1.00,CYCLE,S
IND,208,6411,59438,27/12/2023,06:20:42,15,1,28.4,1.0,268.0,267.8,2,1,1.00,CYCLE,S
IND,208,6411,59438,27/12/2023,06:24:38,15,1,31.6,1.0,25.6,25.5,2,1,1.00,CYCLE,S
IND,208,6411,59438,27/12/2023,06:24:59,15,1,28.1,1.0,21.1,21.0,2,1,1.00,CYCLE,S
IND,208,6411,59438,27/12/2023,06:25:17,15,1,31.7,0.9,17.7,17.6,2,1,1.00,CYCLE,S
IND,208,6411,59438,27/12/2023,06:26:03,15,1,25.8,1.0,45.4,45.3,2,1,1.00,CYCLE,S
IND,208,6411,59437,27/12/2023,06:28:56,15,0,16.5,1.1,525.6,524.3,2,1,1.00,CYCLE,N
IND,208,6411,59438,27/12/2023,06:29:21,15,1,24.2,1.0,198.4,198.2,2,1,1.00,CYCLE,S
IND,208,6411,59438,27/12/2023,06:33:19,15,1,32.7,1.1,237.8,237.6,2,1,1.00,CYCLE,S
IND,208,6411,59437,27/12/2023,06:33:44,15,0,35.0,1.0,287.5,287.2,2,1,1.00,CYCLE,N
IND,208,6411,59438,27/12/2023,06:34:51,15,1,24.9,1.0,91.9,91.7,2,1,1.00,CYCLE,S
IND,208,6411,59438,27/12/2023,06:38:05,15,1,22.8,1.0,30.7,30.6,2,1,1.00,CYCLE,S
IND,208,6411,59438,27/12/2023,06:38:55,15,1,23.4,1.0,50.2,50.1,2,1,1.00,CYCLE,S
IND,208,6411,59438,27/12/2023,06:38:58,15,1,22.8,1.0,2.6,2.4,2,1,1.00,CYCLE,S
IND,208,6411,59437,27/12/2023,06:39:33,15,0,27.7,1.2,349.5,349.4,2,1,1.00,CYCLE,N
IND,208,6411,59438,27/12/2023,06:40:28,15,1,31.5,1.0,89.7,89.6,2,1,1.00,CYCLE,S
IND,208,6411,59438,27/12/2023,06:40:43,15,1,27.7,1.0,15.5,15.4,2,1,1.00,CYCLE,S
IND,208,6411,59438,27/12/2023,06:42:55,15,1,25.3,1.0,131.9,131.7,2,1,0.89,CYCLE,S
IND,208,6411,59438,27/12/2023,06:43:10,15,1,28.7,1.0,14.5,14.2,2,1,1.00,CYCLE,S
IND,208,6411,59437,27/12/2023,06:45:53,15,0,25.8,1.1,379.7,379.6,2,1,1.00,CYCLE,N
IND,208,6411,59438,27/12/2023,06:47:59,15,1,32.2,0.9,289.2,289.1,2,1,1.00,CYCLE,S
IND,208,6411,59438,27/12/2023,06:48:19,15,1,24.8,1.0,20.5,20.4,2,1,1.00,CYCLE,S
IND,208,6411,59438,27/12/2023,06:52:34,15,1,29.5,1.0,254.4,254.3,2,1,1.00,CYCLE,S
IND,208,6411,59438,27/12/2023,06:54:36,15,1,25.9,0.9,122.6,122.5,2,1,1.00,CYCLE,S
IND,208,6411,59438,27/12/2023,06:56:58,15,1,30.5,1.0,141.8,141.6,2,1,1.00,CYCLE,S
IND,208,6411,59438,27/12/2023,06:58:43,15,1,27.6,1.0,104.7,104.6,2,1,1.00,CYCLE,S
IND,208,6411,59438,27/12/2023,07:01:40,15,1,36.8,1.0,36.6,36.4,2,1,1.00,CYCLE,S
IND,208,6411,59438,27/12/2023,07:02:55,15,1,29.1,1.0,75.4,75.3,2,1,1.00,CYCLE,S
IND,208,6411,59438,27/12/2023,07:03:36,15,1,27.2,1.1,41.5,41.3,2,1,1.00,CYCLE,S
IND,208,6411,59438,27/12/2023,07:03:42,15,1,23.3,1.0,5.3,5.2,2,1,1.00,CYCLE,S
IND,208,6411,59438,27/12/2023,07:03:43,15,1,21.7,1.0,1.4,1.2,2,1,1.00,CYCLE,S
IND,208,6411,59438,27/12/2023,07:04:42,15,1,15.2,1.0,58.5,58.3,2,1,1.00,CYCLE,S
IND,208,6411,59438,27/12/2023,07:05:38,15,1,22.2,1.0,56.5,56.3,2,1,1.00,CYCLE,S
IND,208,6411,59437,27/12/2023,07:06:43,15,0,19.1,1.0,609.6,608.4,2,1,1.00,CYCLE,N
IND,208,6411,59438,27/12/2023,07:07:27,15,1,24.3,1.0,108.3,108.2,2,1,1.00,CYCLE,S
IND,208,6411,59437,27/12/2023,07:08:12,15,0,23.3,1.1,89.2,89.0,2,1,1.00,CYCLE,N
IND,208,6411,59438,27/12/2023,07:09:11,15,1,22.0,1.1,104.9,104.7,2,1,1.00,CYCLE,S
IND,208,6411,59437,27/12/2023,07:09:20,15,0,22.9,1.1,68.5,68.4,2,1,1.00,CYCLE,N
IND,208,6411,59438,27/12/2023,07:09:27,15,1,22.4,1.0,15.4,15.2,2,1,1.00,CYCLE,S
IND,208,6411,59438,27/12/2023,07:10:20,15,1,21.7,1.1,53.1,52.9,2,1,1.00,CYCLE,S
IND,208,6411,59437,27/12/2023,07:15:38,15,0,31.8,1.0,377.9,377.7,2,1,1.00,CYCLE,N
IND,208,6411,59437,27/12/2023,07:16:02,15,0,33.4,1.1,23.2,23.1,2,1,1.00,CYCLE,N
IND,208,6411,59438,27/12/2023,07:16:24,15,1,24.7,1.1,364.0,363.8,2,1,1.00,CYCLE,S
IND,208,6411,59438,27/12/2023,07:18:52,15,1,30.1,1.0,148.1,147.9,2,1,1.00,CYCLE,S
IND,208,6411,59438,27/12/2023,07:19:00,15,1,25.9,1.1,8.4,8.3,2,1,1.00,CYCLE,S
IND,208,6411,59438,27/12/2023,07:21:43,15,1,25.4,1.0,162.4,162.2,2,1,1.00,CYCLE,S
IND,208,6411,59438,27/12/2023,07:22:51,15,1,34.0,1.1,68.5,68.4,2,1,1.00,CYCLE,S
IND,208,6411,59438,27/12/2023,07:23:03,15,1,25.9,1.1,11.7,11.6,2,1,1.00,CYCLE,S
IND,208,6411,59438,27/12/2023,07:25:41,15,1,38.7,0.9,158.5,158.3,2,1,1.00,CYCLE,S
IND,208,6411,59437,27/12/2023,07:26:18,15,0,24.1,1.1,32.6,32.2,2,1,1.00,CYCLE,N
IND,208,6411,59438,27/12/2023,07:26:26,15,1,27.2,1.0,33.4,33.1,2,1,1.00,CYCLE,S
IND,208,6411,59438,27/12/2023,07:28:28,15,1,24.0,1.0,79.3,79.2,2,1,1.00,CYCLE,S
IND,208,6411,59438,27/12/2023,07:31:04,15,1,27.5,1.0,155.1,155.0,2,1,1.00,CYCLE,S
IND,208,6411,59438,27/12/2023,07:31:46,15,1,23.1,1.0,42.2,42.1,2,1,1.00,CYCLE,S
IND,208,6411,59438,27/12/2023,07:32:59,15,1,24.9,1.0,73.7,73.5,2,1,1.00,CYCLE,S
IND,208,6411,59438,27/12/2023,07:33:46,15,1,18.0,1.0,46.3,46.2,2,1,1.00,CYCLE,S
IND,208,6411,59438,27/12/2023,07:34:25,15,1,14.3,1.0,38.9,38.7,2,1,1.00,CYCLE,S
IND,208,6411,59437,27/12/2023,07:34:36,15,0,22.8,1.1,498.1,497.9,2,1,1.00,CYCLE,N
IND,208,6411,59437,27/12/2023,07:35:03,15,0,24.8,1.0,27.5,27.3,2,1,1.00,CYCLE,N
IND,208,6411,59438,27/12/2023,07:37:01,15,1,33.0,1.0,155.8,155.8,2,1,1.00,CYCLE,S
IND,208,6411,59438,27/12/2023,07:38:12,15,1,19.1,1.0,71.1,71.0,2,1,1.00,CYCLE,S
IND,208,6411,59437,27/12/2023,07:38:16,15,0,30.3,1.0,64.1,63.6,2,1,1.00,CYCLE,N
IND,208,6411,59438,27/12/2023,07:39:14,15,1,22.1,1.0,62.0,61.8,2,1,1.00,CYCLE,S
IND,208,6411,59438,27/12/2023,07:39:41,15,1,24.0,1.1,27.3,27.2,2,1,1.00,CYCLE,S
IND,208,6411,59437,27/12/2023,07:40:58,15,0,15.5,1.0,161.5,161.4,2,1,1.00,CYCLE,N
IND,208,6411,59438,27/12/2023,07:41:49,15,1,24.1,1.0,127.3,127.1,2,1,1.00,CYCLE,S
IND,208,6411,59438,27/12/2023,07:42:28,15,1,24.6,1.1,39.0,38.9,2,1,1.00,CYCLE,S
IND,208,6411,59438,27/12/2023,07:45:41,15,1,26.6,1.0,193.2,193.0,2,1,1.00,CYCLE,S
IND,208,6411,59438,27/12/2023,07:46:31,15,1,18.1,1.0,50.5,50.4,2,1,1.00,CYCLE,S
IND,208,6411,59438,27/12/2023,07:50:58,15,1,32.5,1.0,266.6,266.4,2,1,1.00,CYCLE,S
IND,208,6411,59438,27/12/2023,07:53:15,15,1,20.6,1.0,137.4,137.3,2,1,1.00,CYCLE,S
IND,208,6411,59438,27/12/2023,07:53:20,15,1,25.9,0.9,4.6,4.4,2,1,1.00,CYCLE,S
IND,208,6411,59438,27/12/2023,07:54:13,15,1,28.4,1.0,53.3,53.2,2,1,1.00,CYCLE,S
IND,208,6411,59437,27/12/2023,07:54:38,15,0,19.1,1.0,39.9,39.4,2,1,0.80,CYCLE,N
IND,208,6411,59438,27/12/2023,07:55:36,15,1,16.4,1.0,82.6,82.5,2,1,1.00,CYCLE,S
IND,208,6411,59437,27/12/2023,07:56:00,15,0,15.6,1.1,81.6,81.4,2,1,1.00,CYCLE,N
IND,208,6411,59438,27/12/2023,08:01:02,15,1,11.8,1.0,325.7,325.4,2,1,1.00,CYCLE,S
IND,208,6411,59438,27/12/2023,08:01:28,15,1,23.9,1.0,26.2,25.9,2,1,1.00,CYCLE,S
IND,208,6411,59437,27/12/2023,08:04:42,15,0,30.4,1.1,201.1,200.2,2,1,1.00,CYCLE,N
IND,208,6411,59438,27/12/2023,08:08:05,15,1,25.3,1.1,396.8,396.6,2,1,1.00,CYCLE,S
IND,208,6411,59437,27/12/2023,08:08:59,15,0,23.7,1.1,218.3,217.3,2,1,1.00,CYCLE,N
IND,208,6411,59438,27/12/2023,08:09:46,15,1,26.0,1.0,73.8,73.7,2,1,1.00,CYCLE,S
IND,208,6411,59438,27/12/2023,08:13:05,15,1,25.3,1.0,199.4,199.3,2,1,1.00,CYCLE,S
IND,208,6411,59438,27/12/2023,08:14:50,15,1,23.7,1.0,104.7,104.6,2,1,1.00,CYCLE,S
IND,208,6411,59437,27/12/2023,08:15:25,15,0,24.1,1.0,385.2,385.0,2,1,1.00,CYCLE,N
IND,208,6411,59438,27/12/2023,08:16:25,15,1,18.8,1.0,93.2,92.7,2,1,1.00,CYCLE,S
IND,208,6411,59438,27/12/2023,08:17:08,15,1,14.9,1.1,42.8,42.6,2,1,1.00,CYCLE,S
IND,208,6411,59438,27/12/2023,08:20:18,15,1,23.7,1.0,190.1,189.8,2,1,0.75,CYCLE,S
IND,208,6411,59437,27/12/2023,08:24:33,15,0,21.4,1.1,548.2,548.1,2,1,1.00,CYCLE,N
IND,208,6411,59437,27/12/2023,08:24:37,15,0,23.6,1.1,3.9,3.7,2,1,1.00,CYCLE,N
IND,208,6411,59438,27/12/2023,08:26:28,15,1,26.2,1.1,226.9,226.6,2,1,1.00,CYCLE,S
IND,208,6411,59437,27/12/2023,08:30:17,15,0,19.0,1.0,340.4,340.3,2,1,1.00,CYCLE,N
IND,208,6411,59438,27/12/2023,08:30:24,15,1,24.8,1.0,235.9,235.7,2,1,1.00,CYCLE,S
IND,208,6411,59438,27/12/2023,08:31:01,15,1,24.0,1.0,38.0,37.8,2,1,1.00,CYCLE,S
IND,208,6411,59438,27/12/2023,08:35:28,15,1,28.0,1.0,266.3,266.1,2,1,1.00,CYCLE,S
IND,208,6411,59438,27/12/2023,08:35:29,15,1,26.6,1.1,1.5,1.4,2,1,1.00,CYCLE,S
IND,208,6411,59438,27/12/2023,08:35:39,15,1,28.4,1.0,9.9,9.8,2,1,1.00,CYCLE,S
IND,208,6411,59438,27/12/2023,08:35:40,15,1,23.0,0.9,0.5,0.3,2,1,1.00,CYCLE,S
IND,208,6411,59438,27/12/2023,08:36:58,15,1,14.3,1.1,78.0,77.8,2,1,1.00,CYCLE,S
IND,208,6411,59438,27/12/2023,08:36:59,15,1,14.6,0.9,1.5,1.3,2,1,1.00,CYCLE,S
IND,208,6411,59437,27/12/2023,08:37:41,15,0,25.8,1.1,132.6,132.2,2,1,1.00,CYCLE,N
IND,208,6411,59438,27/12/2023,08:38:01,15,1,25.7,1.1,62.3,62.1,2,1,1.00,CYCLE,S
IND,208,6411,59438,27/12/2023,08:38:24,15,1,22.1,1.1,22.3,22.2,2,1,1.00,CYCLE,S
IND,208,6411,59438,27/12/2023,08:38:30,15,1,24.0,1.0,6.5,6.3,2,1,1.00,CYCLE,S
IND,208,6411,59438,27/12/2023,08:38:38,15,1,23.7,1.1,8.1,8.0,2,1,1.00,CYCLE,S
IND,208,6411,59437,27/12/2023,08:41:09,15,0,16.4,1.0,208.1,207.9,2,1,1.00,CYCLE,N
IND,208,6411,59437,27/12/2023,08:41:35,15,0,22.1,1.1,25.8,25.6,2,1,1.00,CYCLE,N
IND,208,6411,59438,27/12/2023,08:42:08,15,1,27.5,1.0,209.8,209.6,2,1,1.00,CYCLE,S
IND,208,6411,59437,27/12/2023,08:42:41,15,0,21.6,1.0,66.8,66.7,2,1,1.00,CYCLE,N
IND,208,6411,59438,27/12/2023,08:43:26,15,1,24.6,0.9,78.1,78.0,2,1,1.00,CYCLE,S
IND,208,6411,59438,27/12/2023,08:46:41,15,1,27.1,1.0,194.4,194.3,2,1,1.00,CYCLE,S
IND,208,6411,59438,27/12/2023,08:49:15,15,1,34.8,0.9,153.9,153.7,2,1,1.00,CYCLE,S
IND,208,6411,59438,27/12/2023,08:56:02,15,1,14.3,1.0,407.6,407.5,2,1,1.00,CYCLE,S
IND,208,6411,59438,27/12/2023,08:56:43,15,1,23.8,0.9,41.1,40.8,2,1,1.00,CYCLE,S
IND,208,6411,59438,27/12/2023,08:57:31,15,1,18.7,1.1,47.6,47.4,2,1,1.00,CYCLE,S
IND,208,6411,59438,27/12/2023,08:58:15,15,1,26.9,1.1,44.0,43.8,2,1,1.00,CYCLE,S
IND,208,6411,59438,27/12/2023,08:59:27,15,1,34.2,1.0,72.5,72.3,2,1,1.00,CYCLE,S
IND,208,6411,59438,27/12/2023,08:59:41,15,1,21.7,1.0,13.5,13.3,2,1,1.00,CYCLE,S
IND,208,6411,59437,27/12/2023,09:01:18,15,0,22.1,1.1,1046.8,1046.7,2,1,1.00,CYCLE,N
IND,208,6411,59437,27/12/2023,09:01:21,15,0,21.4,1.0,2.9,1.8,2,1,0.92,CYCLE,N
IND,208,6411,59437,27/12/2023,09:01:21,15,0,21.4,1.0,0.0,0.0,2,1,0.92,CYCLE,N
IND,208,6411,59437,27/12/2023,09:01:21,15,0,21.4,1.0,0.0,0.0,2,1,0.92,CYCLE,N
IND,208,6411,59437,27/12/2023,09:01:24,15,0,21.9,1.1,2.4,1.7,2,1,1.00,CYCLE,N
IND,208,6411,59437,27/12/2023,09:01:25,15,0,22.9,1.0,1.3,1.2,2,1,1.00,CYCLE,N
IND,208,6411,59438,27/12/2023,09:04:27,15,1,23.8,1.0,280.1,278.6,2,1,1.00,CYCLE,S
IND,208,6411,59437,27/12/2023,09:06:51,15,0,26.3,1.0,326.4,326.3,2,1,1.00,CYCLE,N
IND,208,6411,59437,27/12/2023,09:08:01,15,0,26.1,1.1,69.6,69.5,2,1,1.00,CYCLE,N
IND,208,6411,59438,27/12/2023,09:11:53,15,1,35.7,1.0,446.6,446.4,2,1,1.00,CYCLE,S
IND,208,6411,59438,27/12/2023,09:11:55,15,1,40.0,1.0,1.3,1.2,2,1,1.00,CYCLE,S
IND,208,6411,59438,27/12/2023,09:12:20,15,1,22.2,1.0,25.4,25.3,2,1,1.00,CYCLE,S
IND,208,6411,59438,27/12/2023,09:12:40,15,1,14.3,1.1,19.4,19.3,2,1,1.00,CYCLE,S
IND,208,6411,59437,27/12/2023,09:12:56,15,0,33.5,1.0,228.4,228.1,2,1,0.80,CYCLE,N
IND,208,6411,59437,27/12/2023,09:13:41,15,0,31.4,1.0,44.7,44.4,2,1,1.00,CYCLE,N
IND,208,6411,59438,27/12/2023,09:13:45,15,1,24.8,1.1,65.5,65.3,2,1,1.00,CYCLE,S
IND,208,6411,59438,27/12/2023,09:15:47,15,1,19.0,1.0,122.0,121.9,2,1,1.00,CYCLE,S
IND,208,6411,59438,27/12/2023,09:19:04,15,1,22.9,1.0,196.6,196.4,2,1,1.00,CYCLE,S
IND,208,6411,59438,27/12/2023,09:20:27,15,1,22.1,0.9,82.9,82.8,2,1,1.00,CYCLE,S
IND,208,6411,59438,27/12/2023,09:20:48,15,1,20.3,1.2,21.3,21.2,2,1,1.00,CYCLE,S
IND,208,6411,59437,27/12/2023,09:21:35,15,0,25.0,1.0,473.9,473.7,2,1,1.00,CYCLE,N
IND,208,6411,59438,27/12/2023,09:23:14,15,1,21.5,1.0,146.5,146.3,2,1,1.00,CYCLE,S
IND,208,6411,59437,27/12/2023,09:24:41,15,0,30.1,1.1,23.6,23.1,2,1,1.00,CYCLE,N
IND,208,6411,59438,27/12/2023,09:25:03,15,1,31.1,1.0,39.5,39.2,2,1,1.00,CYCLE,S
IND,208,6411,59437,27/12/2023,09:26:00,15,0,32.9,1.0,78.7,78.8,2,1,0.86,CYCLE,N
IND,208,6411,59437,27/12/2023,09:26:15,15,0,24.5,1.0,15.3,14.9,2,1,1.00,CYCLE,N
IND,208,6411,59438,27/12/2023,09:26:53,15,1,14.5,1.0,109.3,109.2,2,1,1.00,CYCLE,S
IND,208,6411,59438,27/12/2023,09:26:54,15,1,15.6,1.1,1.1,0.8,2,1,1.00,CYCLE,S
IND,208,6411,59438,27/12/2023,09:27:02,15,1,25.9,1.0,8.4,8.1,2,1,1.00,CYCLE,S
IND,208,6411,59438,27/12/2023,09:27:11,15,1,23.1,1.0,9.4,9.3,2,1,1.00,CYCLE,S
IND,208,6411,59438,27/12/2023,09:29:06,15,1,21.7,1.0,114.5,114.3,2,1,1.00,CYCLE,S
IND,208,6411,59438,27/12/2023,09:29:19,15,1,20.3,1.1,12.9,12.7,2,1,1.00,CYCLE,S
IND,208,6411,59438,27/12/2023,09:29:27,15,1,16.8,1.0,8.2,8.0,2,1,1.00,CYCLE,S
IND,208,6411,59438,27/12/2023,09:31:56,15,1,12.2,1.0,149.2,149.0,2,1,1.00,CYCLE,S
IND,208,6411,59438,27/12/2023,09:32:29,15,1,37.1,1.0,32.4,32.1,2,1,1.00,CYCLE,S
IND,208,6411,59438,27/12/2023,09:32:39,15,1,20.2,1.0,10.6,10.5,2,1,1.00,CYCLE,S
IND,208,6411,59438,27/12/2023,09:34:20,15,1,25.3,1.1,100.7,100.5,2,1,1.00,CYCLE,S
IND,208,6411,59437,27/12/2023,09:35:38,15,0,21.2,1.1,563.0,562.8,2,1,1.00,CYCLE,N
IND,208,6411,59437,27/12/2023,09:36:36,15,0,41.5,1.0,58.6,58.4,2,1,1.00,CYCLE,N
IND,208,6411,59437,27/12/2023,09:36:50,15,0,27.6,1.0,13.9,13.8,2,1,1.00,CYCLE,N
IND,208,6411,59437,27/12/2023,09:40:22,15,0,20.4,0.9,30.1,29.3,2,1,1.00,CYCLE,N
IND,208,6411,59437,27/12/2023,09:40:23,15,0,20.3,1.1,1.3,1.1,2,1,1.00,CYCLE,N
IND,208,6411,59438,27/12/2023,09:43:34,15,1,33.5,1.0,485.7,484.6,2,1,1.00,CYCLE,S
IND,208,6411,59437,27/12/2023,09:44:16,15,0,27.0,1.2,110.9,110.6,2,1,1.00,CYCLE,N
IND,208,6411,59438,27/12/2023,09:45:25,15,1,26.6,1.1,111.2,111.0,2,1,1.00,CYCLE,S
IND,208,6411,59438,27/12/2023,09:48:05,15,1,30.1,1.0,160.6,160.5,2,1,1.00,CYCLE,S
IND,208,6411,59438,27/12/2023,09:49:42,15,1,24.8,1.0,96.6,96.5,2,1,1.00,CYCLE,S
IND,208,6411,59437,27/12/2023,09:51:12,15,0,32.6,1.0,4.7,4.5,2,1,1.00,CYCLE,N
IND,208,6411,59437,27/12/2023,09:52:15,15,0,16.0,1.0,62.8,62.7,2,1,1.00,CYCLE,N
IND,208,6411,59438,27/12/2023,09:52:28,15,1,26.4,1.0,165.7,165.5,2,1,1.00,CYCLE,S
IND,208,6411,59438,27/12/2023,09:52:39,15,1,34.0,1.0,11.7,11.6,2,1,1.00,CYCLE,S
IND,208,6411,59438,27/12/2023,09:53:24,15,1,18.2,1.0,44.2,44.1,2,1,1.00,CYCLE,S
IND,208,6411,59437,27/12/2023,09:54:00,15,0,25.9,1.0,105.4,105.1,2,1,1.00,CYCLE,N
IND,208,6411,59437,27/12/2023,09:54:00,15,0,25.9,1.0,0.0,0.0,2,1,1.00,CYCLE,N
IND,208,6411,59438,27/12/2023,09:54:47,15,1,33.8,1.1,83.1,82.9,2,1,1.00,CYCLE,S
IND,208,6411,59438,27/12/2023,09:54:47,15,1,25.9,1.1,0.5,0.4,2,1,1.00,CYCLE,S
IND,208,6411,59438,27/12/2023,09:55:14,15,1,23.9,1.0,26.4,26.3,2,1,1.00,CYCLE,S
IND,208,6411,59438,27/12/2023,09:56:29,15,1,23.7,1.1,74.9,74.8,2,1,1.00,CYCLE,S
IND,208,6411,59437,27/12/2023,09:57:50,15,0,16.4,1.0,229.7,229.5,2,1,1.00,CYCLE,N
IND,208,6411,59437,27/12/2023,09:59:14,15,0,22.2,1.1,84.4,83.7,2,1,1.00,CYCLE,N
IND,208,6411,59438,27/12/2023,10:03:14,15,1,32.0,1.1,405.9,405.8,2,1,1.00,CYCLE,S
IND,208,6411,59437,27/12/2023,10:06:57,15,0,30.0,1.0,462.9,462.7,2,1,1.00,CYCLE,N
IND,208,6411,59437,27/12/2023,10:08:18,15,0,36.4,1.0,81.3,81.2,2,1,1.00,CYCLE,N
IND,208,6411,59438,27/12/2023,10:09:24,15,1,8.7,1.1,369.5,369.3,2,1,1.00,CYCLE,S
IND,208,6411,59438,27/12/2023,10:10:12,15,1,22.8,1.0,47.9,47.5,2,1,1.00,CYCLE,S
IND,208,6411,59438,27/12/2023,10:10:20,15,1,23.1,1.1,8.0,7.9,2,1,1.00,CYCLE,S
IND,208,6411,59438,27/12/2023,10:10:35,15,1,19.9,1.0,15.2,15.1,2,1,1.00,CYCLE,S
IND,208,6411,59438,27/12/2023,10:10:38,15,1,17.9,1.1,2.4,2.2,2,1,1.00,CYCLE,S
IND,208,6411,59438,27/12/2023,10:11:11,15,1,23.8,1.1,33.0,32.8,2,1,1.00,CYCLE,S
IND,208,6411,59438,27/12/2023,10:11:19,15,1,25.6,1.0,8.2,8.0,2,1,1.00,CYCLE,S
IND,208,6411,59438,27/12/2023,10:12:17,15,1,18.9,1.2,58.5,58.4,2,1,1.00,CYCLE,S
IND,208,6411,59438,27/12/2023,10:17:18,15,1,29.2,0.9,300.8,300.6,2,1,1.00,CYCLE,S
IND,208,6411,59438,27/12/2023,10:17:48,15,1,20.2,1.0,30.3,30.2,2,1,1.00,CYCLE,S
IND,208,6411,59437,27/12/2023,10:21:14,15,0,19.0,1.1,775.7,775.6,2,1,1.00,CYCLE,N
IND,208,6411,59437,27/12/2023,10:21:15,15,0,19.1,1.2,0.5,0.3,2,1,1.00,CYCLE,N
IND,208,6411,59438,27/12/2023,10:26:34,15,1,20.6,1.0,525.5,525.3,2,1,1.00,CYCLE,S
IND,208,6411,59438,27/12/2023,10:28:09,15,1,21.7,1.0,95.0,94.8,2,1,1.00,CYCLE,S
IND,208,6411,59438,27/12/2023,10:28:10,15,1,23.1,1.0,1.2,1.0,2,1,1.00,CYCLE,S
IND,208,6411,59438,27/12/2023,10:28:28,15,1,17.3,1.0,18.2,18.0,2,1,1.00,CYCLE,S
IND,208,6411,59438,27/12/2023,10:28:28,15,1,17.3,1.0,0.0,0.0,2,1,1.00,CYCLE,S
IND,208,6411,59437,27/12/2023,10:30:42,15,0,28.9,1.0,89.6,89.4,2,1,1.00,CYCLE,N
IND,208,6411,59437,27/12/2023,10:32:17,15,0,21.3,1.1,94.8,94.7,2,1,1.00,CYCLE,N
IND,208,6411,59437,27/12/2023,10:33:21,15,0,27.6,1.0,64.5,64.3,2,1,1.00,CYCLE,N
IND,208,6411,59438,27/12/2023,10:34:15,15,1,30.9,1.0,346.4,346.1,2,1,1.00,CYCLE,S
IND,208,6411,59438,27/12/2023,10:34:18,15,1,27.0,1.0,3.4,3.3,2,1,1.00,CYCLE,S
IND,208,6411,59438,27/12/2023,10:36:26,15,1,29.9,1.0,127.9,127.8,2,1,1.00,CYCLE,S
IND,208,6411,59438,27/12/2023,10:40:11,15,1,23.2,1.0,224.5,224.4,2,1,1.00,CYCLE,S
IND,208,6411,59438,27/12/2023,10:40:11,15,1,23.7,1.0,0.9,0.7,2,1,1.00,CYCLE,S
IND,208,6411,59437,27/12/2023,10:40:47,15,0,21.9,1.0,445.8,445.7,2,1,1.00,CYCLE,N
IND,208,6411,59437,27/12/2023,10:42:38,15,0,27.8,1.0,111.1,110.9,2,1,1.00,CYCLE,N
IND,208,6411,59437,27/12/2023,10:44:17,15,0,20.7,1.1,98.5,98.4,2,1,1.00,CYCLE,N
IND,208,6411,59438,27/12/2023,10:46:02,15,1,21.1,1.0,350.2,350.1,2,1,1.00,CYCLE,S
IND,208,6411,59438,27/12/2023,10:47:12,15,1,26.9,1.0,70.2,70.0,2,1,1.00,CYCLE,S
IND,208,6411,59438,27/12/2023,10:47:16,15,1,35.3,1.0,4.6,4.4,2,1,1.00,CYCLE,S
IND,208,6411,59438,27/12/2023,10:47:34,15,1,24.8,1.0,17.1,17.0,2,1,1.00,CYCLE,S
IND,208,6411,59437,27/12/2023,10:47:35,15,0,20.9,1.0,198.0,197.8,2,1,1.00,CYCLE,N
IND,208,6411,59438,27/12/2023,10:48:55,15,1,28.1,1.0,81.0,80.8,2,1,1.00,CYCLE,S
IND,208,6411,59438,27/12/2023,10:49:17,15,1,29.8,1.0,22.8,22.7,2,1,1.00,CYCLE,S
IND,208,6411,59438,27/12/2023,10:49:20,15,1,31.5,1.0,3.1,3.0,2,1,1.00,CYCLE,S
IND,208,6411,59438,27/12/2023,10:49:23,15,1,25.5,0.9,2.6,2.5,2,1,1.00,CYCLE,S
IND,208,6411,59438,27/12/2023,10:51:07,15,1,33.9,1.0,103.9,103.8,2,1,1.00,CYCLE,S
IND,208,6411,59438,27/12/2023,10:52:06,15,1,22.5,1.1,59.5,59.4,2,1,1.00,CYCLE,S
IND,208,6411,59438,27/12/2023,10:56:43,15,1,28.9,1.0,276.3,276.2,2,1,1.00,CYCLE,S
IND,208,6411,59438,27/12/2023,10:57:30,15,1,21.1,1.0,47.3,47.2,2,1,1.00,CYCLE,S
IND,208,6411,59438,27/12/2023,11:00:45,15,1,19.8,1.1,194.9,194.7,2,1,1.00,CYCLE,S
IND,208,6411,59437,27/12/2023,11:01:44,15,0,23.7,1.0,849.8,849.6,2,1,1.00,CYCLE,N
IND,208,6411,59437,27/12/2023,11:03:44,15,0,26.8,1.1,119.3,119.1,2,1,1.00,CYCLE,N
IND,208,6411,59438,27/12/2023,11:06:17,15,1,25.3,1.1,332.0,331.9,2,1,1.00,CYCLE,S
IND,208,6411,59438,27/12/2023,11:06:20,15,1,23.1,1.0,2.6,2.4,2,1,1.00,CYCLE,S
IND,208,6411,59438,27/12/2023,11:08:11,15,1,25.6,1.1,110.8,110.7,2,1,1.00,CYCLE,S
IND,208,6411,59437,27/12/2023,11:12:14,15,0,26.1,1.1,102.4,102.2,2,1,1.00,CYCLE,N
IND,208,6411,59437,27/12/2023,11:12:16,15,0,24.5,1.1,2.4,2.2,2,1,1.00,CYCLE,N
IND,208,6411,59437,27/12/2023,11:12:17,15,0,22.8,1.1,1.0,0.8,2,1,1.00,CYCLE,N
IND,208,6411,59437,27/12/2023,11:12:20,15,0,31.1,1.0,2.7,2.5,2,1,1.00,CYCLE,N
IND,208,6411,59438,27/12/2023,11:15:07,15,1,32.2,0.9,329.8,329.6,2,1,1.00,CYCLE,S
IND,208,6411,59437,27/12/2023,11:15:46,15,0,27.3,1.1,85.9,85.8,2,1,1.00,CYCLE,N
IND,208,6411,59438,27/12/2023,11:19:18,15,1,19.9,0.9,251.5,251.4,2,1,1.00,CYCLE,S
IND,208,6411,59438,27/12/2023,11:19:19,15,1,20.3,1.1,0.9,0.7,2,1,1.00,CYCLE,S
IND,208,6411,59437,27/12/2023,11:19:32,15,0,17.2,1.1,226.2,226.0,2,1,1.00,CYCLE,N
IND,208,6411,59438,27/12/2023,11:22:43,15,1,19.1,0.9,203.9,203.8,2,1,1.00,CYCLE,S
IND,208,6411,59438,27/12/2023,11:22:47,15,1,18.3,1.0,4.3,4.1,2,1,1.00,CYCLE,S
IND,208,6411,59437,27/12/2023,11:23:17,15,0,30.0,1.0,5.5,5.3,2,1,1.00,CYCLE,N
IND,208,6411,59437,27/12/2023,11:23:38,15,0,24.1,1.1,20.8,20.7,2,1,1.00,CYCLE,N
IND,208,6411,59438,27/12/2023,11:26:30,15,1,18.9,1.0,222.7,222.5,2,1,1.00,CYCLE,S
IND,208,6411,59437,27/12/2023,11:26:49,15,0,30.7,1.0,191.4,191.2,2,1,1.00,CYCLE,N
IND,208,6411,59437,27/12/2023,11:26:59,15,0,28.2,1.0,9.8,9.7,2,1,1.00,CYCLE,N
IND,208,6411,59438,27/12/2023,11:27:41,15,1,31.7,1.0,70.6,70.4,2,1,1.00,CYCLE,S
IND,208,6411,59438,27/12/2023,11:28:05,15,1,20.3,1.1,24.7,24.5,2,1,1.00,CYCLE,S
IND,208,6411,59438,27/12/2023,11:29:43,15,1,34.8,1.1,98.1,98.0,2,1,1.00,CYCLE,S
IND,208,6411,59438,27/12/2023,11:31:55,15,1,9.1,1.1,131.2,131.1,2,1,1.00,CYCLE,S
IND,208,6411,59437,27/12/2023,11:34:01,15,0,33.6,1.1,422.1,422.0,2,1,1.00,CYCLE,N
IND,208,6411,59437,27/12/2023,11:34:02,15,0,34.1,1.2,0.8,0.6,2,1,1.00,CYCLE,N
IND,208,6411,59438,27/12/2023,11:35:28,15,1,21.1,1.0,213.1,212.6,2,1,1.00,CYCLE,S
IND,208,6411,59437,27/12/2023,11:36:27,15,0,16.5,1.0,145.1,145.0,2,1,1.00,CYCLE,N
IND,208,6411,59438,27/12/2023,11:36:30,15,1,17.3,0.9,62.5,62.4,2,1,1.00,CYCLE,S
IND,208,6411,59437,27/12/2023,11:36:32,15,0,15.0,1.0,4.8,4.6,2,1,1.00,CYCLE,N
IND,208,6411,59438,27/12/2023,11:36:34,15,1,18.5,1.0,4.2,4.1,2,1,1.00,CYCLE,S
IND,208,6411,59437,27/12/2023,11:36:36,15,0,19.1,1.0,4.4,4.2,2,1,1.00,CYCLE,N
IND,208,6411,59437,27/12/2023,11:36:42,15,0,14.9,1.0,6.4,6.2,2,1,1.00,CYCLE,N
IND,208,6411,59438,27/12/2023,11:37:02,15,1,25.5,1.1,28.0,27.8,2,1,1.00,CYCLE,S
IND,208,6411,59438,27/12/2023,11:37:03,15,1,25.4,1.0,0.5,0.3,2,1,1.00,CYCLE,S
IND,208,6411,59437,27/12/2023,11:37:11,15,0,23.6,1.1,28.6,28.3,2,1,1.00,CYCLE,N
IND,208,6411,59437,27/12/2023,11:38:37,15,0,34.5,1.0,86.0,85.8,2,1,1.00,CYCLE,N
IND,208,6411,59437,27/12/2023,11:38:52,15,0,26.0,1.0,14.6,14.5,2,1,1.00,CYCLE,N
IND,208,6411,59438,27/12/2023,11:38:54,15,1,18.6,0.9,111.3,111.2,2,1,1.00,CYCLE,S
IND,208,6411,59437,27/12/2023,11:40:40,15,0,18.4,1.0,108.8,108.6,2,1,1.00,CYCLE,N
IND,208,6411,59437,27/12/2023,11:41:31,15,0,27.2,1.0,50.1,49.9,2,1,1.00,CYCLE,N
IND,208,6411,59437,27/12/2023,11:41:53,15,0,20.2,1.2,22.8,22.7,2,1,1.00,CYCLE,N
IND,208,6411,59437,27/12/2023,11:44:13,15,0,36.6,1.0,140.0,139.7,2,1,1.00,CYCLE,N
IND,208,6411,59437,27/12/2023,11:44:54,15,0,34.3,1.1,40.2,40.1,2,1,1.00,CYCLE,N
IND,208,6411,59437,27/12/2023,11:45:40,15,0,25.1,1.2,46.5,46.4,2,1,1.00,CYCLE,N
IND,208,6411,59438,27/12/2023,11:45:42,15,1,27.7,1.1,407.3,407.1,2,1,1.00,CYCLE,S
IND,208,6411,59437,27/12/2023,11:46:19,15,0,32.5,1.1,39.1,38.9,2,1,1.00,CYCLE,N
IND,208,6411,59438,27/12/2023,11:49:03,15,1,24.2,1.0,201.0,200.8,2,1,1.00,CYCLE,S
IND,208,6411,59438,27/12/2023,11:49:37,15,1,29.2,1.0,34.7,34.5,2,1,1.00,CYCLE,S
IND,208,6411,59437,27/12/2023,11:51:19,15,0,28.6,1.0,85.4,85.3,2,1,1.00,CYCLE,N
IND,208,6411,59437,27/12/2023,11:51:37,15,0,23.5,1.2,18.4,18.3,2,1,1.00,CYCLE,N
IND,208,6411,59438,27/12/2023,11:51:55,15,1,22.1,1.1,137.9,137.8,2,1,1.00,CYCLE,S
IND,208,6411,59438,27/12/2023,11:51:59,15,1,22.5,1.1,3.3,3.1,2,1,1.00,CYCLE,S
IND,208,6411,59437,27/12/2023,11:54:12,15,0,23.1,1.1,155.3,155.1,2,1,1.00,CYCLE,N
IND,208,6411,59438,27/12/2023,11:55:59,15,1,25.6,1.0,240.2,240.1,2,1,1.00,CYCLE,S
IND,208,6411,59437,27/12/2023,11:56:21,15,0,38.4,1.0,40.3,40.2,2,1,1.00,CYCLE,N
IND,208,6411,59437,27/12/2023,11:56:28,15,0,25.6,1.0,7.1,7.0,2,1,1.00,CYCLE,N
IND,208,6411,59438,27/12/2023,11:57:14,15,1,28.9,1.0,75.0,74.9,2,1,1.00,CYCLE,S
IND,208,6411,59438,27/12/2023,11:57:14,15,1,30.2,1.0,0.5,0.3,2,1,1.00,CYCLE,S
IND,208,6411,59437,27/12/2023,11:57:17,15,0,18.9,1.1,12.2,12.0,2,1,1.00,CYCLE,N
IND,208,6411,59437,27/12/2023,11:57:18,15,0,19.2,1.1,0.8,0.6,2,1,1.00,CYCLE,N
IND,208,6411,59438,27/12/2023,11:57:52,15,1,21.1,1.0,37.6,37.5,2,1,1.00,CYCLE,S
IND,208,6411,59437,27/12/2023,11:58:02,15,0,25.0,0.9,44.4,44.2,2,1,1.00,CYCLE,N
IND,208,6411,59438,27/12/2023,11:59:28,15,1,22.6,1.0,96.3,96.1,2,1,1.00,CYCLE,S
IND,208,6411,59438,27/12/2023,12:02:34,15,1,24.1,1.0,185.5,185.4,2,1,1.00,CYCLE,S
IND,208,6411,59437,27/12/2023,12:04:27,15,0,26.1,1.1,384.6,384.5,2,1,1.00,CYCLE,N
IND,208,6411,59437,27/12/2023,12:07:29,15,0,15.1,1.1,182.4,182.3,2,1,1.00,CYCLE,N
IND,208,6411,59438,27/12/2023,12:08:21,15,1,22.2,1.0,347.8,347.7,2,1,1.00,CYCLE,S
IND,208,6411,59438,27/12/2023,12:08:22,15,1,28.4,1.0,1.0,0.8,2,1,1.00,CYCLE,S
IND,208,6411,59438,27/12/2023,12:09:55,15,1,28.1,1.0,92.5,92.4,2,1,1.00,CYCLE,S
IND,208,6411,59438,27/12/2023,12:10:09,15,1,27.8,1.0,14.3,14.1,2,1,1.00,CYCLE,S
IND,208,6411,59438,27/12/2023,12:10:11,15,1,24.5,1.0,2.2,2.1,2,1,1.00,CYCLE,S
IND,208,6411,59437,27/12/2023,12:10:30,15,0,24.2,1.0,180.7,180.4,2,1,1.00,CYCLE,N
IND,208,6411,59437,27/12/2023,12:10:30,15,0,24.2,1.0,0.0,0.0,2,1,1.00,CYCLE,N
IND,208,6411,59437,27/12/2023,12:11:36,15,0,19.8,1.0,65.9,65.6,2,1,1.00,CYCLE,N
IND,208,6411,59438,27/12/2023,12:11:50,15,1,31.0,1.0,98.6,98.5,2,1,1.00,CYCLE,S
IND,208,6411,59438,27/12/2023,12:12:04,15,1,29.0,1.0,14.5,14.4,2,1,1.00,CYCLE,S
IND,208,6411,59438,27/12/2023,12:13:32,15,1,22.9,1.1,1.9,1.7,2,1,1.00,CYCLE,S
IND,208,6411,59437,27/12/2023,12:13:50,15,0,25.6,1.0,134.2,134.0,2,1,1.00,CYCLE,N
IND,208,6411,59437,27/12/2023,12:15:00,15,0,19.1,1.0,70.3,70.2,2,1,1.00,CYCLE,N
IND,208,6411,59437,27/12/2023,12:15:00,15,0,19.1,1.0,0.0,0.0,2,1,1.00,CYCLE,N
IND,208,6411,59437,27/12/2023,12:15:35,15,0,20.5,1.1,34.9,34.6,2,1,1.00,CYCLE,N
IND,208,6411,59437,27/12/2023,12:16:19,15,0,28.0,1.0,43.4,43.3,2,1,1.00,CYCLE,N
IND,208,6411,59438,27/12/2023,12:18:12,15,1,22.5,1.0,280.8,280.6,2,1,1.00,CYCLE,S
IND,208,6411,59437,27/12/2023,12:20:49,15,0,27.0,1.0,270.4,270.3,2,1,1.00,CYCLE,N
IND,208,6411,59438,27/12/2023,12:22:45,15,1,24.4,1.0,272.2,272.0,2,1,1.00,CYCLE,S
IND,208,6411,59438,27/12/2023,12:24:08,15,1,23.1,1.0,83.8,83.6,2,1,1.00,CYCLE,S
IND,208,6411,59438,27/12/2023,12:24:29,15,1,19.4,1.1,20.8,20.7,2,1,1.00,CYCLE,S
IND,208,6411,59438,27/12/2023,12:25:04,15,1,23.4,1.0,35.3,35.1,2,1,1.00,CYCLE,S
IND,208,6411,59438,27/12/2023,12:26:40,15,1,33.0,1.2,95.2,95.1,2,1,1.00,CYCLE,S
IND,208,6411,59437,27/12/2023,12:27:20,15,0,27.7,1.1,391.0,390.9,2,1,1.00,CYCLE,N
IND,208,6411,59438,27/12/2023,12:28:49,15,1,16.5,1.1,129.4,129.3,2,1,1.00,CYCLE,S
IND,208,6411,59437,27/12/2023,12:30:40,15,0,16.0,1.2,200.0,199.9,2,1,1.00,CYCLE,N
IND,208,6411,59438,27/12/2023,12:30:47,15,1,25.3,1.2,118.5,118.2,2,1,1.00,CYCLE,S
IND,208,6411,59437,27/12/2023,12:30:55,15,0,25.8,1.0,15.2,14.9,2,1,1.00,CYCLE,N
IND,208,6411,59437,27/12/2023,12:31:03,15,0,23.3,1.0,7.5,7.3,2,1,1.00,CYCLE,N
IND,208,6411,59437,27/12/2023,12:32:01,15,0,32.1,1.0,57.6,57.4,2,1,1.00,CYCLE,N
IND,208,6411,59437,27/12/2023,12:32:04,15,0,27.3,1.0,3.3,3.1,2,1,1.00,CYCLE,N
IND,208,6411,59437,27/12/2023,12:32:25,15,0,22.8,1.1,21.5,21.3,2,1,1.00,CYCLE,N
IND,208,6411,59437,27/12/2023,12:33:06,15,0,23.8,1.0,40.5,40.3,2,1,1.00,CYCLE,N
IND,208,6411,59438,27/12/2023,12:33:49,15,1,18.1,1.1,181.1,180.9,2,1,1.00,CYCLE,S
IND,208,6411,59437,27/12/2023,12:34:04,15,0,30.3,1.0,58.4,58.2,2,1,1.00,CYCLE,N
IND,208,6411,59437,27/12/2023,12:34:16,15,0,23.9,1.0,11.9,11.8,2,1,1.00,CYCLE,N
IND,208,6411,59437,27/12/2023,12:34:34,15,0,22.7,1.0,3.3,2.2,2,1,1.00,CYCLE,N
IND,208,6411,59437,27/12/2023,12:35:54,15,0,24.1,1.1,79.9,79.7,2,1,1.00,CYCLE,N
IND,208,6411,59437,27/12/2023,12:36:04,15,0,19.8,1.1,9.2,9.1,2,1,1.00,CYCLE,N
IND,208,6411,59438,27/12/2023,12:37:11,15,1,26.9,1.0,202.2,202.0,2,1,1.00,CYCLE,S
IND,208,6411,59437,27/12/2023,12:40:26,15,0,25.2,1.2,262.1,261.9,2,1,1.00,CYCLE,N
IND,208,6411,59438,27/12/2023,12:42:40,15,1,17.8,1.1,329.6,329.5,2,1,1.00,CYCLE,S
IND,208,6411,59437,27/12/2023,12:44:57,15,0,23.1,1.0,271.3,271.1,2,1,1.00,CYCLE,N
IND,208,6411,59437,27/12/2023,12:46:42,15,0,19.1,1.1,105.6,105.4,2,1,1.00,CYCLE,N
IND,208,6411,59437,27/12/2023,12:48:38,15,0,28.9,1.1,115.2,115.0,2,1,1.00,CYCLE,N
IND,208,6411,59437,27/12/2023,12:48:57,15,0,18.5,1.0,19.6,19.4,2,1,1.00,CYCLE,N
IND,208,6411,59437,27/12/2023,12:48:59,15,0,36.7,1.1,1.4,1.2,2,1,1.00,CYCLE,N
IND,208,6411,59438,27/12/2023,12:49:06,15,1,28.2,1.1,385.2,385.0,2,1,1.00,CYCLE,S
IND,208,6411,59438,27/12/2023,12:52:41,15,1,25.8,1.0,215.2,215.1,2,1,1.00,CYCLE,S
IND,208,6411,59438,27/12/2023,12:52:58,15,1,23.3,1.0,17.5,17.3,2,1,1.00,CYCLE,S
IND,208,6411,59438,27/12/2023,12:54:32,15,1,26.3,1.0,93.2,93.1,2,1,1.00,CYCLE,S
IND,208,6411,59438,27/12/2023,12:54:49,15,1,23.5,1.2,17.5,17.3,2,1,1.00,CYCLE,S
IND,208,6411,59437,27/12/2023,12:55:24,15,0,25.7,1.0,385.7,385.6,2,1,1.00,CYCLE,N
IND,208,6411,59437,27/12/2023,12:57:23,15,0,36.7,1.0,118.7,118.5,2,1,1.00,CYCLE,N
IND,208,6411,59437,27/12/2023,12:57:59,15,0,18.9,1.0,36.0,35.9,2,1,1.00,CYCLE,N
IND,208,6411,59438,27/12/2023,12:58:41,15,1,15.5,1.1,231.8,231.6,2,1,1.00,CYCLE,S
IND,208,6411,59438,27/12/2023,12:58:43,15,1,16.3,1.0,1.8,1.6,2,1,1.00,CYCLE,S
IND,208,6411,59437,27/12/2023,13:01:02,15,0,20.8,1.1,182.5,182.5,2,1,1.00,CYCLE,N
IND,208,6411,59437,27/12/2023,13:01:07,15,0,20.6,1.1,5.7,5.5,2,1,1.00,CYCLE,N
IND,208,6411,59438,27/12/2023,13:01:27,15,1,19.0,1.0,164.3,164.1,2,1,1.00,CYCLE,S
IND,208,6411,59437,27/12/2023,13:02:05,15,0,20.0,1.1,57.4,57.2,2,1,1.00,CYCLE,N
IND,208,6411,59438,27/12/2023,13:02:51,15,1,24.1,1.1,83.8,83.6,2,1,1.00,CYCLE,S
IND,208,6411,59438,27/12/2023,13:02:51,15,1,25.3,1.1,0.8,0.7,2,1,1.00,CYCLE,S
IND,208,6411,59437,27/12/2023,13:02:52,15,0,29.2,1.2,47.7,47.5,2,1,1.00,CYCLE,N
IND,208,6411,59438,27/12/2023,13:04:41,15,1,29.9,1.2,109.1,108.9,2,1,1.00,CYCLE,S
IND,208,6411,59438,27/12/2023,13:04:48,15,1,24.8,1.1,7.9,7.7,2,1,1.00,CYCLE,S
IND,208,6411,59437,27/12/2023,13:05:11,15,0,19.3,1.1,138.7,138.5,2,1,1.00,CYCLE,N
IND,208,6411,59438,27/12/2023,13:06:21,15,1,23.9,1.0,92.7,92.5,2,1,1.00,CYCLE,S
IND,208,6411,59438,27/12/2023,13:07:22,15,1,25.8,1.0,60.8,60.7,2,1,1.00,CYCLE,S
IND,208,6411,59437,27/12/2023,13:07:59,15,0,37.9,1.0,168.3,168.1,2,1,1.00,CYCLE,N
IND,208,6411,59438,27/12/2023,13:08:03,15,1,17.4,1.1,41.0,40.9,2,1,1.00,CYCLE,S
IND,208,6411,59438,27/12/2023,13:10:53,15,1,32.5,1.1,170.5,170.3,2,1,1.00,CYCLE,S
IND,208,6411,59438,27/12/2023,13:12:50,15,1,19.2,1.0,116.4,116.3,2,1,1.00,CYCLE,S
IND,208,6411,59437,27/12/2023,13:13:01,15,0,25.3,1.2,190.8,190.6,2,1,1.00,CYCLE,N
IND,208,6411,59437,27/12/2023,13:14:11,15,0,26.3,1.0,70.1,69.9,2,1,1.00,CYCLE,N
IND,208,6411,59438,27/12/2023,13:14:21,15,1,18.4,1.2,91.2,91.0,2,1,1.00,CYCLE,S
IND,208,6411,59438,27/12/2023,13:15:46,15,1,15.5,1.1,85.3,85.1,2,1,1.00,CYCLE,S
IND,208,6411,59438,27/12/2023,13:17:39,15,1,26.1,1.1,112.4,112.2,2,1,1.00,CYCLE,S
IND,208,6411,59437,27/12/2023,13:20:04,15,0,28.4,1.0,353.2,353.1,2,1,1.00,CYCLE,N
IND,208,6411,59438,27/12/2023,13:22:35,15,1,24.0,1.1,296.0,295.9,2,1,1.00,CYCLE,S
IND,208,6411,59438,27/12/2023,13:24:02,15,1,28.5,1.0,87.3,87.2,2,1,1.00,CYCLE,S
IND,208,6411,59437,27/12/2023,13:24:12,15,0,20.8,1.0,248.2,248.0,2,1,1.00,CYCLE,N
IND,208,6411,59437,27/12/2023,13:24:13,15,0,20.6,1.0,0.7,0.5,2,1,1.00,CYCLE,N
IND,208,6411,59437,27/12/2023,13:24:15,15,0,19.1,1.1,1.6,1.4,2,1,1.00,CYCLE,N
IND,208,6411,59437,27/12/2023,13:24:32,15,0,17.8,0.9,17.5,17.3,2,1,1.00,CYCLE,N
IND,208,6411,59438,27/12/2023,13:25:28,15,1,41.7,1.1,86.3,86.2,2,1,1.00,CYCLE,S
IND,208,6411,59437,27/12/2023,13:26:02,15,0,24.8,1.0,90.0,89.8,2,1,1.00,CYCLE,N
IND,208,6411,59437,27/12/2023,13:31:10,15,0,18.3,1.1,307.7,307.5,2,1,1.00,CYCLE,N
IND,208,6411,59438,27/12/2023,13:31:26,15,1,24.0,1.1,358.1,358.0,2,1,1.00,CYCLE,S
IND,208,6411,59437,27/12/2023,13:32:49,15,0,26.4,1.0,99.1,98.9,2,1,1.00,CYCLE,N
IND,208,6411,59437,27/12/2023,13:32:51,15,0,28.5,1.0,1.7,1.6,2,1,1.00,CYCLE,N
IND,208,6411,59437,27/12/2023,13:33:05,15,0,24.2,1.1,14.3,14.2,2,1,1.00,CYCLE,N
IND,208,6411,59438,27/12/2023,13:34:39,15,1,25.2,1.1,7.4,7.4,2,1,1.00,CYCLE,S
IND,208,6411,59437,27/12/2023,13:40:08,15,0,22.1,1.1,194.7,194.6,2,1,1.00,CYCLE,N
IND,208,6411,59437,27/12/2023,13:42:48,15,0,21.0,1.1,159.4,159.2,2,1,1.00,CYCLE,N
IND,208,6411,59438,27/12/2023,13:43:15,15,1,32.4,1.0,516.4,516.2,2,1,1.00,CYCLE,S
IND,208,6411,59437,27/12/2023,13:43:23,15,0,27.4,1.0,35.3,35.1,2,1,1.00,CYCLE,N
IND,208,6411,59438,27/12/2023,13:43:50,15,1,21.3,1.1,34.2,34.1,2,1,1.00,CYCLE,S
IND,208,6411,59438,27/12/2023,13:43:51,15,1,24.4,1.0,1.3,1.1,2,1,1.00,CYCLE,S
IND,208,6411,59438,27/12/2023,13:43:52,15,1,18.2,1.1,0.9,0.7,2,1,1.00,CYCLE,S
IND,208,6411,59437,27/12/2023,13:44:04,15,0,28.7,1.0,41.3,41.1,2,1,1.00,CYCLE,N
IND,208,6411,59438,27/12/2023,13:47:08,15,1,24.1,1.0,196.1,195.9,2,1,1.00,CYCLE,S
IND,208,6411,59438,27/12/2023,13:49:11,15,1,23.5,1.0,123.0,122.8,2,1,1.00,CYCLE,S
IND,208,6411,59437,27/12/2023,13:49:31,15,0,24.4,1.0,327.0,326.8,2,1,1.00,CYCLE,N
IND,208,6411,59437,27/12/2023,13:49:33,15,0,24.4,1.1,1.8,1.7,2,1,1.00,CYCLE,N
IND,208,6411,59438,27/12/2023,13:50:17,15,1,16.4,1.0,65.8,65.6,2,1,1.00,CYCLE,S
IND,208,6411,59438,27/12/2023,13:50:45,15,1,34.2,1.2,28.6,28.4,2,1,1.00,CYCLE,S
IND,208,6411,59437,27/12/2023,13:51:48,15,0,28.0,1.1,134.5,134.4,2,1,1.00,CYCLE,N
IND,208,6411,59437,27/12/2023,13:52:06,15,0,26.8,1.1,18.2,18.1,2,1,1.00,CYCLE,N
IND,208,6411,59438,27/12/2023,13:52:33,15,1,24.2,1.0,108.0,107.8,2,1,1.00,CYCLE,S
IND,208,6411,59438,27/12/2023,13:56:23,15,1,19.4,1.0,229.9,229.7,2,1,1.00,CYCLE,S
IND,208,6411,59437,27/12/2023,14:01:33,15,0,27.7,1.0,567.4,567.2,2,1,1.00,CYCLE,N
IND,208,6411,59437,27/12/2023,14:02:16,15,0,33.1,1.1,43.2,43.0,2,1,1.00,CYCLE,N
IND,208,6411,59438,27/12/2023,14:03:05,15,1,27.4,1.0,401.8,401.6,2,1,1.00,CYCLE,S
IND,208,6411,59437,27/12/2023,14:03:14,15,0,36.1,1.0,57.7,57.6,2,1,1.00,CYCLE,N
IND,208,6411,59438,27/12/2023,14:04:40,15,1,21.7,1.0,95.7,95.5,2,1,1.00,CYCLE,S
IND,208,6411,59437,27/12/2023,14:07:27,15,0,25.4,1.1,252.5,252.4,2,1,1.00,CYCLE,N
IND,208,6411,59437,27/12/2023,14:07:27,15,0,23.5,1.0,0.5,0.4,2,1,1.00,CYCLE,N
IND,208,6411,59437,27/12/2023,14:08:11,15,0,27.6,1.0,43.8,43.7,2,1,1.00,CYCLE,N
IND,208,6411,59438,27/12/2023,14:08:18,15,1,23.8,1.0,103.3,103.1,2,1,1.00,CYCLE,S
IND,208,6411,59437,27/12/2023,14:09:37,15,0,33.2,1.0,86.4,86.2,2,1,1.00,CYCLE,N
IND,208,6411,59438,27/12/2023,14:10:01,15,1,26.7,0.8,103.4,103.3,2,1,1.00,CYCLE,S
IND,208,6411,59438,27/12/2023,14:12:40,15,1,19.6,1.0,158.6,158.5,2,1,1.00,CYCLE,S
IND,208,6411,59438,27/12/2023,14:12:41,15,1,18.5,1.0,0.9,0.7,2,1,1.00,CYCLE,S
IND,208,6411,59438,27/12/2023,14:15:03,15,1,11.1,1.2,141.9,141.7,2,1,1.00,CYCLE,S
IND,208,6411,59438,27/12/2023,14:15:29,15,1,27.1,1.0,26.6,26.3,2,1,1.00,CYCLE,S
IND,208,6411,59437,27/12/2023,14:17:13,15,0,35.8,1.0,433.3,432.6,2,1,1.00,CYCLE,N
IND,208,6411,59437,27/12/2023,14:17:15,15,0,33.9,1.1,2.2,2.1,2,1,1.00,CYCLE,N
IND,208,6411,59437,27/12/2023,14:18:28,15,0,18.7,1.0,73.0,72.9,2,1,1.00,CYCLE,N
IND,208,6411,59437,27/12/2023,14:18:34,15,0,34.0,1.0,6.7,6.5,2,1,1.00,CYCLE,N
IND,208,6411,59437,27/12/2023,14:18:37,15,0,39.9,1.1,2.7,2.6,2,1,1.00,CYCLE,N
IND,208,6411,59438,27/12/2023,14:19:10,15,1,25.8,1.0,220.7,220.5,2,1,1.00,CYCLE,S
IND,208,6411,59438,27/12/2023,14:20:58,15,1,16.0,1.0,107.7,107.5,2,1,1.00,CYCLE,S
IND,208,6411,59437,27/12/2023,14:21:18,15,0,28.5,1.0,160.6,160.5,2,1,1.00,CYCLE,N
IND,208,6411,59437,27/12/2023,14:23:00,15,0,26.6,1.0,102.2,102.1,2,1,1.00,CYCLE,N
IND,208,6411,59437,27/12/2023,14:23:03,15,0,33.1,1.0,3.4,3.2,2,1,1.00,CYCLE,N
IND,208,6411,59438,27/12/2023,14:23:40,15,1,15.2,1.1,40.4,40.2,2,1,1.00,CYCLE,S
IND,208,6411,59438,27/12/2023,14:28:42,15,1,28.7,1.0,302.7,302.5,2,1,1.00,CYCLE,S
IND,208,6411,59438,27/12/2023,14:29:50,15,1,25.0,1.1,67.3,67.1,2,1,1.00,CYCLE,S
IND,208,6411,59438,27/12/2023,14:30:03,15,1,22.8,1.0,12.9,12.8,2,1,1.00,CYCLE,S
IND,208,6411,59437,27/12/2023,14:30:47,15,0,18.3,1.0,463.3,463.2,2,1,1.00,CYCLE,N
IND,208,6411,59437,27/12/2023,14:30:51,15,0,18.5,1.0,4.3,4.1,2,1,1.00,CYCLE,N
IND,208,6411,59437,27/12/2023,14:32:38,15,0,26.6,1.1,107.2,107.0,2,1,1.00,CYCLE,N
IND,208,6411,59437,27/12/2023,14:32:58,15,0,29.5,1.0,20.2,20.1,2,1,1.00,CYCLE,N
IND,208,6411,59438,27/12/2023,14:32:59,15,1,15.4,1.0,176.7,176.5,2,1,1.00,CYCLE,S
IND,208,6411,59438,27/12/2023,14:32:59,15,1,15.4,1.0,0.0,0.0,2,1,1.00,CYCLE,S
IND,208,6411,59437,27/12/2023,14:33:21,15,0,26.3,1.1,22.4,22.3,2,1,1.00,CYCLE,N
IND,208,6411,59437,27/12/2023,14:33:44,15,0,27.7,1.1,23.6,23.4,2,1,1.00,CYCLE,N
IND,208,6411,59437,27/12/2023,14:37:48,15,0,23.0,1.1,107.8,106.8,2,1,1.00,CYCLE,N
IND,208,6411,59437,27/12/2023,14:39:16,15,0,28.6,1.0,87.5,87.3,2,1,1.00,CYCLE,N
IND,208,6411,59438,27/12/2023,14:40:02,15,1,25.5,1.0,423.3,422.8,2,1,1.00,CYCLE,S
IND,208,6411,59437,27/12/2023,14:40:37,15,0,19.7,1.1,81.9,81.8,2,1,1.00,CYCLE,N
IND,208,6411,59437,27/12/2023,14:40:39,15,0,20.0,0.8,1.6,1.4,2,1,1.00,CYCLE,N
IND,208,6411,59438,27/12/2023,14:41:28,15,1,27.1,1.0,85.2,85.1,2,1,1.00,CYCLE,S
IND,208,6411,59437,27/12/2023,14:44:58,15,0,26.5,1.0,160.0,159.8,2,1,1.00,CYCLE,N
IND,208,6411,59438,27/12/2023,14:48:07,15,1,20.7,1.0,399.3,399.2,2,1,1.00,CYCLE,S
IND,208,6411,59438,27/12/2023,14:49:02,15,1,22.9,1.1,55.3,55.1,2,1,1.00,CYCLE,S
IND,208,6411,59438,27/12/2023,14:49:09,15,1,27.7,1.0,7.0,6.8,2,1,1.00,CYCLE,S
IND,208,6411,59437,27/12/2023,14:49:19,15,0,26.2,1.1,260.8,260.6,2,1,1.00,CYCLE,N
IND,208,6411,59437,27/12/2023,14:49:26,15,0,25.0,1.1,7.0,6.9,2,1,1.00,CYCLE,N
IND,208,6411,59437,27/12/2023,14:52:09,15,0,34.2,1.0,163.0,162.8,2,1,1.00,CYCLE,N
IND,208,6411,59437,27/12/2023,14:53:43,15,0,35.4,1.0,94.1,94.0,2,1,1.00,CYCLE,N
IND,208,6411,59437,27/12/2023,14:56:10,15,0,29.7,1.1,146.4,146.3,2,1,1.00,CYCLE,N
IND,208,6411,59437,27/12/2023,14:56:41,15,0,28.8,1.1,31.7,31.6,2,1,1.00,CYCLE,N
IND,208,6411,59438,27/12/2023,14:59:07,15,1,24.2,1.0,597.8,597.7,2,1,1.00,CYCLE,S
IND,208,6411,59437,27/12/2023,15:01:32,15,0,29.6,1.1,286.6,286.5,2,1,1.00,CYCLE,N
IND,208,6411,59438,27/12/2023,15:01:40,15,1,26.5,0.9,153.3,153.1,2,1,1.00,CYCLE,S
IND,208,6411,59438,27/12/2023,15:03:22,15,1,20.2,1.1,102.1,101.9,2,1,1.00,CYCLE,S
IND,208,6411,59437,27/12/2023,15:04:14,15,0,29.4,1.1,161.3,161.2,2,1,1.00,CYCLE,N
IND,208,6411,59438,27/12/2023,15:04:40,15,1,26.4,1.1,77.5,77.3,2,1,1.00,CYCLE,S
IND,208,6411,59438,27/12/2023,15:04:42,15,1,24.1,1.1,2.1,2.0,2,1,1.00,CYCLE,S
IND,208,6411,59437,27/12/2023,15:05:16,15,0,22.3,1.0,62.4,62.2,2,1,1.00,CYCLE,N
IND,208,6411,59438,27/12/2023,15:08:31,15,1,23.4,1.0,229.1,229.0,2,1,1.00,CYCLE,S
IND,208,6411,59437,27/12/2023,15:10:39,15,0,29.3,1.0,204.3,204.1,2,1,1.00,CYCLE,N
IND,208,6411,59437,27/12/2023,15:11:55,15,0,26.6,1.1,76.6,76.5,2,1,1.00,CYCLE,N
IND,208,6411,59438,27/12/2023,15:13:30,15,1,27.8,1.0,3.7,3.7,2,1,1.00,CYCLE,S
IND,208,6411,59437,27/12/2023,15:13:43,15,0,26.6,1.1,107.3,107.2,2,1,1.00,CYCLE,N
IND,208,6411,59437,27/12/2023,15:14:02,15,0,27.5,1.0,19.4,19.3,2,1,1.00,CYCLE,N
IND,208,6411,59438,27/12/2023,15:15:42,15,1,25.0,1.2,1.8,1.6,2,1,1.00,CYCLE,S
IND,208,6411,59438,27/12/2023,15:17:48,15,1,17.9,1.1,125.3,125.2,2,1,1.00,CYCLE,S
IND,208,6411,59437,27/12/2023,15:19:13,15,0,18.4,1.1,176.7,176.5,2,1,1.00,CYCLE,N
IND,208,6411,59438,27/12/2023,15:19:26,15,1,29.6,1.0,98.3,98.1,2,1,1.00,CYCLE,S
IND,208,6411,59437,27/12/2023,15:22:13,15,0,28.8,1.0,180.3,180.1,2,1,1.00,CYCLE,N
IND,208,6411,59437,27/12/2023,15:22:19,15,0,27.6,1.1,5.4,5.3,2,1,1.00,CYCLE,N
IND,208,6411,59437,27/12/2023,15:27:08,15,0,29.8,1.1,289.8,289.7,2,1,1.00,CYCLE,N
IND,208,6411,59437,27/12/2023,15:28:31,15,0,36.0,1.0,83.0,82.9,2,1,1.00,CYCLE,N
IND,208,6411,59437,27/12/2023,15:32:30,15,0,28.3,1.0,239.0,238.9,2,1,1.00,CYCLE,N
IND,208,6411,59438,27/12/2023,15:32:58,15,1,21.7,1.1,811.7,811.6,2,1,1.00,CYCLE,S
IND,208,6411,59438,27/12/2023,15:33:48,15,1,23.3,1.0,50.1,49.9,2,1,1.00,CYCLE,S
IND,208,6411,59438,27/12/2023,15:33:49,15,1,22.6,1.0,1.7,1.6,2,1,1.00,CYCLE,S
IND,208,6411,59437,27/12/2023,15:35:03,15,0,32.4,1.0,152.8,152.7,2,1,1.00,CYCLE,N
IND,208,6411,59438,27/12/2023,15:35:10,15,1,23.3,1.0,81.0,80.9,2,1,1.00,CYCLE,S
IND,208,6411,59437,27/12/2023,15:36:10,15,0,27.4,1.1,66.3,66.2,2,1,1.00,CYCLE,N
IND,208,6411,59437,27/12/2023,15:36:21,15,0,25.1,1.1,11.3,11.1,2,1,1.00,CYCLE,N
IND,208,6411,59438,27/12/2023,15:37:01,15,1,27.4,1.0,110.5,110.3,2,1,1.00,CYCLE,S
IND,208,6411,59438,27/12/2023,15:37:01,15,1,28.5,0.9,0.2,0.1,2,1,1.00,CYCLE,S
IND,208,6411,59438,27/12/2023,15:37:02,15,1,32.7,1.1,0.5,0.4,2,1,1.00,CYCLE,S
IND,208,6411,59438,27/12/2023,15:37:03,15,1,25.6,1.0,1.7,1.6,2,1,1.00,CYCLE,S
IND,208,6411,59437,27/12/2023,15:40:03,15,0,19.3,1.1,222.0,221.8,2,1,1.00,CYCLE,N
IND,208,6411,59437,27/12/2023,15:41:30,15,0,28.1,1.0,58.3,58.2,2,1,1.00,CYCLE,N
IND,208,6411,59437,27/12/2023,15:41:34,15,0,28.5,1.1,4.3,4.1,2,1,1.00,CYCLE,N
IND,208,6411,59438,27/12/2023,15:42:34,15,1,29.7,1.1,331.1,330.9,2,1,1.00,CYCLE,S
IND,208,6411,59438,27/12/2023,15:42:38,15,1,25.9,1.2,3.6,3.5,2,1,1.00,CYCLE,S
IND,208,6411,59437,27/12/2023,15:44:13,15,0,34.4,1.1,159.0,158.9,2,1,1.00,CYCLE,N
IND,208,6411,59437,27/12/2023,15:44:30,15,0,20.6,1.1,17.2,17.1,2,1,1.00,CYCLE,N
IND,208,6411,59437,27/12/2023,15:44:36,15,0,17.9,1.1,6.3,6.2,2,1,1.00,CYCLE,N
IND,208,6411,59437,27/12/2023,15:44:40,15,0,21.0,1.1,4.1,3.9,2,1,1.00,CYCLE,N
IND,208,6411,59438,27/12/2023,15:44:46,15,1,21.7,1.1,128.1,127.9,2,1,1.00,CYCLE,S
IND,208,6411,59437,27/12/2023,15:45:02,15,0,22.1,1.0,21.4,21.2,2,1,1.00,CYCLE,N
IND,208,6411,59438,27/12/2023,15:45:54,15,1,23.1,1.0,68.2,68.0,2,1,1.00,CYCLE,S
IND,208,6411,59437,27/12/2023,15:46:00,15,0,27.5,1.0,58.3,58.1,2,1,1.00,CYCLE,N
IND,208,6411,59437,27/12/2023,15:46:09,15,0,26.3,1.0,8.6,8.5,2,1,1.00,CYCLE,N
IND,208,6411,59437,27/12/2023,15:48:13,15,0,26.5,1.0,124.1,123.9,2,1,1.00,CYCLE,N
IND,208,6411,59437,27/12/2023,15:49:32,15,0,20.4,1.1,79.0,78.8,2,1,1.00,CYCLE,N
IND,208,6411,59437,27/12/2023,15:49:49,15,0,33.6,1.1,17.3,17.1,2,1,1.00,CYCLE,N
IND,208,6411,59437,27/12/2023,15:50:26,15,0,33.0,1.0,36.9,36.8,2,1,1.00,CYCLE,N
IND,208,6411,59437,27/12/2023,15:51:27,15,0,19.4,1.1,61.1,61.0,2,1,1.00,CYCLE,N
IND,208,6411,59438,27/12/2023,15:55:37,15,1,14.9,1.1,127.0,126.8,2,1,1.00,CYCLE,S
IND,208,6411,59438,27/12/2023,15:55:37,15,1,15.1,1.0,0.5,0.2,2,1,1.00,CYCLE,S
IND,208,6411,59437,27/12/2023,15:56:48,15,0,29.0,1.0,320.5,320.3,2,1,1.00,CYCLE,N
IND,208,6411,59438,27/12/2023,15:58:37,15,1,29.1,1.1,179.6,179.4,2,1,1.00,CYCLE,S
IND,208,6411,59438,27/12/2023,15:59:02,15,1,21.7,1.0,24.6,24.5,2,1,1.00,CYCLE,S
IND,208,6411,59438,27/12/2023,15:59:08,15,1,18.9,1.1,6.5,6.3,2,1,1.00,CYCLE,S
IND,208,6411,59437,27/12/2023,16:00:17,15,0,27.2,1.1,209.1,209.0,2,1,1.00,CYCLE,N
IND,208,6411,59437,27/12/2023,16:00:19,15,0,23.6,1.1,2.0,1.8,2,1,1.00,CYCLE,N
IND,208,6411,59438,27/12/2023,16:01:23,15,1,33.3,1.1,134.5,134.3,2,1,1.00,CYCLE,S
IND,208,6411,59437,27/12/2023,16:01:43,15,0,30.8,1.0,83.2,83.0,2,1,1.00,CYCLE,N
IND,208,6411,59438,27/12/2023,16:03:21,15,1,32.2,1.0,118.7,118.6,2,1,1.00,CYCLE,S
IND,208,6411,59438,27/12/2023,16:03:22,15,1,31.7,1.0,0.3,0.1,2,1,1.00,CYCLE,S
IND,208,6411,59438,27/12/2023,16:03:45,15,1,22.0,1.0,23.2,23.1,2,1,1.00,CYCLE,S
IND,208,6411,59438,27/12/2023,16:03:48,15,1,23.5,1.0,3.6,3.5,2,1,1.00,CYCLE,S
IND,208,6411,59438,27/12/2023,16:04:24,15,1,12.3,1.0,35.8,35.7,2,1,1.00,CYCLE,S
IND,208,6411,59438,27/12/2023,16:04:25,15,1,12.2,1.0,0.5,0.2,2,1,1.00,CYCLE,S
IND,208,6411,59437,27/12/2023,16:06:08,15,0,36.3,1.1,214.2,214.0,2,1,1.00,CYCLE,N
IND,208,6411,59438,27/12/2023,16:08:54,15,1,25.9,1.0,269.4,269.1,2,1,1.00,CYCLE,S
IND,208,6411,59437,27/12/2023,16:08:54,15,0,37.2,1.1,166.5,166.4,2,1,1.00,CYCLE,N
IND,208,6411,59437,27/12/2023,16:11:45,15,0,33.6,1.1,157.6,157.4,2,1,1.00,CYCLE,N
IND,208,6411,59437,27/12/2023,16:12:11,15,0,26.2,1.1,26.1,26.0,2,1,1.00,CYCLE,N
IND,208,6411,59437,27/12/2023,16:12:19,15,0,22.1,1.0,7.6,7.5,2,1,1.00,CYCLE,N
IND,208,6411,59438,27/12/2023,16:12:31,15,1,26.6,0.9,217.3,217.1,2,1,1.00,CYCLE,S
IND,208,6411,59438,27/12/2023,16:12:38,15,1,24.7,1.0,7.0,6.8,2,1,1.00,CYCLE,S
IND,208,6411,59438,27/12/2023,16:14:10,15,1,23.2,1.1,92.0,91.8,2,1,1.00,CYCLE,S
IND,208,6411,59437,27/12/2023,16:15:41,15,0,33.8,1.0,202.8,202.7,2,1,1.00,CYCLE,N
IND,208,6411,59437,27/12/2023,16:16:48,15,0,37.1,1.0,66.7,66.6,2,1,1.00,CYCLE,N
IND,208,6411,59438,27/12/2023,16:17:50,15,1,21.4,1.0,219.6,219.5,2,1,1.00,CYCLE,S
IND,208,6411,59437,27/12/2023,16:23:27,15,0,26.1,1.0,40.3,40.1,2,1,1.00,CYCLE,N
IND,208,6411,59437,27/12/2023,16:24:41,15,0,22.6,0.8,39.2,38.9,2,1,1.00,CYCLE,N
IND,208,6411,59438,27/12/2023,16:25:17,15,1,23.0,1.0,447.2,447.0,2,1,1.00,CYCLE,S
IND,208,6411,59437,27/12/2023,16:25:25,15,0,24.5,1.0,43.9,43.8,2,1,1.00,CYCLE,N
IND,208,6411,59437,27/12/2023,16:26:21,15,0,4.0,1.3,55.3,55.1,2,1,0.80,CYCLE,N
IND,208,6411,59437,27/12/2023,16:28:29,15,0,27.9,1.1,128.9,128.8,2,1,1.00,CYCLE,N
IND,208,6411,59438,27/12/2023,16:29:04,15,1,16.5,1.0,227.4,227.2,2,1,1.00,CYCLE,S
IND,208,6411,59438,27/12/2023,16:29:05,15,1,17.1,1.1,0.5,0.3,2,1,1.00,CYCLE,S
IND,208,6411,59437,27/12/2023,16:31:56,15,0,21.2,1.0,206.8,206.7,2,1,1.00,CYCLE,N
IND,208,6411,59437,27/12/2023,16:31:59,15,0,22.8,1.0,2.3,2.1,2,1,1.00,CYCLE,N
IND,208,6411,59438,27/12/2023,16:32:07,15,1,19.8,1.0,182.3,182.1,2,1,1.00,CYCLE,S
IND,208,6411,59437,27/12/2023,16:33:10,15,0,32.6,1.1,71.2,71.1,2,1,1.00,CYCLE,N
IND,208,6411,59437,27/12/2023,16:33:19,15,0,29.8,1.1,9.6,9.5,2,1,1.00,CYCLE,N
IND,208,6411,59438,27/12/2023,16:33:55,15,1,26.6,1.0,108.0,107.8,2,1,1.00,CYCLE,S
IND,208,6411,59437,27/12/2023,16:35:09,15,0,28.7,1.0,109.1,109.0,2,1,1.00,CYCLE,N
IND,208,6411,59437,27/12/2023,16:37:23,15,0,25.4,1.0,127.6,127.5,2,1,1.00,CYCLE,N
IND,208,6411,59438,27/12/2023,16:37:32,15,1,26.5,1.0,216.6,216.4,2,1,1.00,CYCLE,S
IND,208,6411,59438,27/12/2023,16:38:55,15,1,29.3,1.0,82.7,82.6,2,1,1.00,CYCLE,S
IND,208,6411,59438,27/12/2023,16:39:04,15,1,23.8,1.1,9.6,9.5,2,1,1.00,CYCLE,S
IND,208,6411,59438,27/12/2023,16:41:27,15,1,23.3,0.9,142.5,142.4,2,1,1.00,CYCLE,S
IND,208,6411,59437,27/12/2023,16:41:34,15,0,22.3,1.0,165.2,163.4,2,1,1.00,CYCLE,N
IND,208,6411,59437,27/12/2023,16:42:47,15,0,35.4,1.0,45.9,45.7,2,1,1.00,CYCLE,N
IND,208,6411,59437,27/12/2023,16:42:57,15,0,23.1,1.1,9.9,9.8,2,1,1.00,CYCLE,N
IND,208,6411,59438,27/12/2023,16:43:07,15,1,23.4,1.0,100.7,100.5,2,1,1.00,CYCLE,S
IND,208,6411,59437,27/12/2023,16:45:39,15,0,26.5,1.0,161.9,161.7,2,1,1.00,CYCLE,N
IND,208,6411,59437,27/12/2023,16:47:53,15,0,24.9,0.9,134.5,134.4,2,1,1.00,CYCLE,N
IND,208,6411,59437,27/12/2023,16:48:31,15,0,28.0,1.1,37.8,37.7,2,1,1.00,CYCLE,N
IND,208,6411,59437,27/12/2023,16:49:26,15,0,34.1,1.0,55.1,54.9,2,1,1.00,CYCLE,N
IND,208,6411,59437,27/12/2023,16:49:39,15,0,23.8,1.0,12.6,12.5,2,1,1.00,CYCLE,N
IND,208,6411,59437,27/12/2023,16:52:18,15,0,30.0,1.0,158.7,158.5,2,1,1.00,CYCLE,N
IND,208,6411,59438,27/12/2023,16:52:50,15,1,31.4,1.0,582.5,582.3,2,1,1.00,CYCLE,S
IND,208,6411,59437,27/12/2023,16:53:20,15,0,27.7,1.1,62.3,62.2,2,1,1.00,CYCLE,N
IND,208,6411,59437,27/12/2023,16:55:59,15,0,22.1,1.1,159.3,159.2,2,1,1.00,CYCLE,N
IND,208,6411,59437,27/12/2023,16:56:58,15,0,25.2,1.1,58.8,58.6,2,1,1.00,CYCLE,N
IND,208,6411,59438,27/12/2023,16:57:05,15,1,26.1,1.0,255.5,255.4,2,1,1.00,CYCLE,S
IND,208,6411,59437,27/12/2023,16:57:24,15,0,21.8,1.0,26.2,26.0,2,1,1.00,CYCLE,N
IND,208,6411,59438,27/12/2023,16:57:33,15,1,19.7,1.1,27.5,27.3,2,1,1.00,CYCLE,S
IND,208,6411,59437,27/12/2023,16:58:32,15,0,28.8,1.1,68.0,67.8,2,1,1.00,CYCLE,N
IND,208,6411,59438,27/12/2023,16:58:45,15,1,26.9,1.0,72.6,72.4,2,1,1.00,CYCLE,S
IND,208,6411,59438,27/12/2023,16:58:57,15,1,23.9,0.8,11.7,11.5,2,1,1.00,CYCLE,S
IND,208,6411,59437,27/12/2023,16:59:12,15,0,23.1,1.1,40.3,40.2,2,1,1.00,CYCLE,N
IND,208,6411,59438,27/12/2023,17:02:33,15,1,20.5,1.0,215.8,215.7,2,1,1.00,CYCLE,S
IND,208,6411,59438,27/12/2023,17:02:35,15,1,23.3,1.0,1.8,1.6,2,1,1.00,CYCLE,S
IND,208,6411,59438,27/12/2023,17:03:57,15,1,25.4,1.1,82.2,82.0,2,1,1.00,CYCLE,S
IND,208,6411,59438,27/12/2023,17:04:52,15,1,18.6,1.1,54.9,54.8,2,1,1.00,CYCLE,S
IND,208,6411,59437,27/12/2023,17:05:03,15,0,28.7,1.2,285.4,285.3,2,1,1.00,CYCLE,N
IND,208,6411,59437,27/12/2023,17:05:29,15,0,27.1,1.1,26.6,26.4,2,1,1.00,CYCLE,N
IND,208,6411,59437,27/12/2023,17:08:39,15,0,23.0,1.2,22.3,22.2,2,1,1.00,CYCLE,N
IND,208,6411,59438,27/12/2023,17:09:05,15,1,21.0,1.0,253.3,253.1,2,1,1.00,CYCLE,S
IND,208,6411,59437,27/12/2023,17:11:03,15,0,20.1,0.9,144.0,143.8,2,1,1.00,CYCLE,N
IND,208,6411,59437,27/12/2023,17:11:26,15,0,24.1,1.1,22.8,22.7,2,1,1.00,CYCLE,N
IND,208,6411,59437,27/12/2023,17:11:29,15,0,35.3,0.9,3.0,2.8,2,1,1.00,CYCLE,N
IND,208,6411,59438,27/12/2023,17:13:16,15,1,26.5,1.0,250.9,250.7,2,1,1.00,CYCLE,S
IND,208,6411,59437,27/12/2023,17:14:27,15,0,28.7,1.1,13.4,12.2,2,1,1.00,CYCLE,N
IND,208,6411,59438,27/12/2023,17:15:37,15,1,23.7,1.0,140.8,140.7,2,1,1.00,CYCLE,S
IND,208,6411,59437,27/12/2023,17:15:49,15,0,21.1,1.0,82.0,81.9,2,1,1.00,CYCLE,N
IND,208,6411,59437,27/12/2023,17:16:25,15,0,29.4,1.1,36.3,36.2,2,1,1.00,CYCLE,N
IND,208,6411,59437,27/12/2023,17:16:26,15,0,30.8,1.1,0.5,0.3,2,1,1.00,CYCLE,N
IND,208,6411,59437,27/12/2023,17:16:30,15,0,24.3,1.0,4.6,4.5,2,1,0.80,CYCLE,N
IND,208,6411,59438,27/12/2023,17:16:32,15,1,26.0,1.0,55.4,55.3,2,1,1.00,CYCLE,S
IND,208,6411,59438,27/12/2023,17:16:33,15,1,26.9,1.0,0.6,0.4,2,1,1.00,CYCLE,S
IND,208,6411,59437,27/12/2023,17:19:31,15,0,34.1,1.0,180.3,180.2,2,1,1.00,CYCLE,N
IND,208,6411,59437,27/12/2023,17:20:04,15,0,24.2,1.2,32.8,32.6,2,1,1.00,CYCLE,N
IND,208,6411,59438,27/12/2023,17:20:06,15,1,23.7,1.1,213.1,213.0,2,1,1.00,CYCLE,S
IND,208,6411,59438,27/12/2023,17:20:09,15,1,23.7,1.1,3.1,3.0,2,1,1.00,CYCLE,S
IND,208,6411,59438,27/12/2023,17:20:10,15,1,23.7,1.0,0.9,0.7,2,1,1.00,CYCLE,S
IND,208,6411,59438,27/12/2023,17:20:11,15,1,22.3,1.0,1.3,1.1,2,1,1.00,CYCLE,S
IND,208,6411,59437,27/12/2023,17:20:50,15,0,32.6,1.0,45.2,45.0,2,1,1.00,CYCLE,N
IND,208,6411,59438,27/12/2023,17:21:44,15,1,18.6,1.0,92.7,92.6,2,1,1.00,CYCLE,S
IND,208,6411,59437,27/12/2023,17:22:11,15,0,33.6,1.1,82.0,81.8,2,1,1.00,CYCLE,N
IND,208,6411,59437,27/12/2023,17:23:25,15,0,15.1,1.2,73.9,73.8,2,1,1.00,CYCLE,N
IND,208,6411,59438,27/12/2023,17:24:17,15,1,22.8,1.0,153.1,152.9,2,1,1.00,CYCLE,S
IND,208,6411,59438,27/12/2023,17:25:37,15,1,17.4,1.1,80.4,80.2,2,1,1.00,CYCLE,S
IND,208,6411,59437,27/12/2023,17:26:35,15,0,39.0,1.0,190.1,189.8,2,1,1.00,CYCLE,N
IND,208,6411,59438,27/12/2023,17:26:41,15,1,30.8,1.0,64.0,63.8,2,1,1.00,CYCLE,S
IND,208,6411,59438,27/12/2023,17:26:58,15,1,22.4,1.2,16.6,16.5,2,1,1.00,CYCLE,S
IND,208,6411,59437,27/12/2023,17:27:55,15,0,26.4,1.1,42.2,42.0,2,1,1.00,CYCLE,N
IND,208,6411,59438,27/12/2023,17:29:52,15,1,32.4,1.2,173.5,173.3,2,1,1.00,CYCLE,S
IND,208,6411,59437,27/12/2023,17:29:55,15,0,18.2,1.1,119.4,119.3,2,1,1.00,CYCLE,N
IND,208,6411,59437,27/12/2023,17:31:01,15,0,27.5,1.0,65.9,65.6,2,1,1.00,CYCLE,N
IND,208,6411,59438,27/12/2023,17:31:19,15,1,21.0,1.0,87.3,87.2,2,1,1.00,CYCLE,S
IND,208,6411,59437,27/12/2023,17:31:41,15,0,36.8,1.1,40.4,40.2,2,1,1.00,CYCLE,N
IND,208,6411,59437,27/12/2023,17:32:04,15,0,25.1,1.0,22.5,22.4,2,1,1.00,CYCLE,N
IND,208,6411,59437,27/12/2023,17:32:04,15,0,25.1,1.0,0.0,0.0,2,1,1.00,CYCLE,N
IND,208,6411,59437,27/12/2023,17:32:44,15,0,33.2,1.1,40.7,40.4,2,1,1.00,CYCLE,N
IND,208,6411,59437,27/12/2023,17:33:14,15,0,26.6,1.1,30.0,29.8,2,1,1.00,CYCLE,N
IND,208,6411,59438,27/12/2023,17:33:39,15,1,29.2,0.9,140.4,140.2,2,1,1.00,CYCLE,S
IND,208,6411,59438,27/12/2023,17:33:40,15,1,15.8,1.1,1.2,1.1,2,1,1.00,CYCLE,S
IND,208,6411,59437,27/12/2023,17:34:02,15,0,29.1,1.1,48.3,48.1,2,1,1.00,CYCLE,N
IND,208,6411,59437,27/12/2023,17:36:16,15,0,27.7,1.1,133.4,133.3,2,1,1.00,CYCLE,N
IND,208,6411,59437,27/12/2023,17:36:21,15,0,25.7,1.0,5.2,5.1,2,1,1.00,CYCLE,N
IND,208,6411,59437,27/12/2023,17:36:29,15,0,28.2,1.0,8.2,8.1,2,1,1.00,CYCLE,N
IND,208,6411,59438,27/12/2023,17:37:00,15,1,21.1,1.0,199.3,199.0,2,1,1.00,CYCLE,S
IND,208,6411,59437,27/12/2023,17:38:21,15,0,32.2,1.1,111.3,111.1,2,1,1.00,CYCLE,N
IND,208,6411,59437,27/12/2023,17:38:25,15,0,25.4,1.1,4.9,4.8,2,1,1.00,CYCLE,N
IND,208,6411,59437,27/12/2023,17:41:38,15,0,25.1,1.2,192.6,192.4,2,1,1.00,CYCLE,N
IND,208,6411,59437,27/12/2023,17:42:15,15,0,32.4,1.1,36.5,36.3,2,1,1.00,CYCLE,N
IND,208,6411,59437,27/12/2023,17:42:15,15,0,31.9,1.1,0.8,0.7,2,1,1.00,CYCLE,N
IND,208,6411,59437,27/12/2023,17:44:49,15,0,21.4,1.0,154.0,153.9,2,1,1.00,CYCLE,N
IND,208,6411,59437,27/12/2023,17:44:52,15,0,22.4,1.1,2.8,2.6,2,1,1.00,CYCLE,N
IND,208,6411,59438,27/12/2023,17:49:52,15,1,13.1,1.1,772.1,772.0,2,1,1.00,CYCLE,S
IND,208,6411,59437,27/12/2023,17:50:06,15,0,28.2,1.2,314.2,314.1,2,1,1.00,CYCLE,N
IND,208,6411,59437,27/12/2023,17:51:25,15,0,36.9,1.1,78.9,78.7,2,1,1.00,CYCLE,N
IND,208,6411,59437,27/12/2023,17:51:26,15,0,34.8,1.0,0.3,0.2,2,1,1.00,CYCLE,N
IND,208,6411,59437,27/12/2023,17:53:01,15,0,32.3,1.1,95.1,95.0,2,1,1.00,CYCLE,N
IND,208,6411,59437,27/12/2023,17:53:12,15,0,29.4,1.1,11.7,11.6,2,1,1.00,CYCLE,N
IND,208,6411,59437,27/12/2023,17:53:56,15,0,32.6,1.0,43.9,43.7,2,1,1.00,CYCLE,N
IND,208,6411,59438,27/12/2023,17:56:34,15,1,18.0,1.0,402.2,401.9,2,1,1.00,CYCLE,S
IND,208,6411,59438,27/12/2023,17:56:37,15,1,15.6,1.0,2.9,2.7,2,1,1.00,CYCLE,S
IND,208,6411,59437,27/12/2023,17:57:01,15,0,29.0,1.1,184.6,184.5,2,1,1.00,CYCLE,N
IND,208,6411,59437,27/12/2023,17:57:32,15,0,22.1,1.1,30.9,30.8,2,1,1.00,CYCLE,N
IND,208,6411,59438,27/12/2023,17:57:45,15,1,26.0,1.1,67.0,66.8,2,1,1.00,CYCLE,S
IND,208,6411,59438,27/12/2023,18:01:35,15,1,21.7,1.0,230.0,229.8,2,1,1.00,CYCLE,S
IND,208,6411,59437,27/12/2023,18:01:41,15,0,32.0,1.0,249.5,249.8,2,1,0.80,CYCLE,N
IND,208,6411,59438,27/12/2023,18:01:43,15,1,21.7,1.0,7.8,7.6,2,1,1.00,CYCLE,S
IND,208,6411,59437,27/12/2023,18:02:33,15,0,20.2,0.9,51.8,51.1,2,1,1.00,CYCLE,N
IND,208,6411,59438,27/12/2023,18:02:43,15,1,22.7,1.1,60.0,59.8,2,1,1.00,CYCLE,S
IND,208,6411,59438,27/12/2023,18:05:06,15,1,27.4,1.1,143.1,143.0,2,1,1.00,CYCLE,S
IND,208,6411,59438,27/12/2023,18:05:24,15,1,20.2,1.1,17.7,17.6,2,1,1.00,CYCLE,S
IND,208,6411,59437,27/12/2023,18:05:47,15,0,14.8,1.1,194.0,193.9,2,1,1.00,CYCLE,N
IND,208,6411,59437,27/12/2023,18:05:48,15,0,14.6,1.0,0.6,0.3,2,1,1.00,CYCLE,N
IND,208,6411,59438,27/12/2023,18:07:49,15,1,27.5,1.2,132.8,132.5,2,1,1.00,CYCLE,S
IND,208,6411,59437,27/12/2023,18:08:22,15,0,29.2,1.1,46.3,46.1,2,1,1.00,CYCLE,N
IND,208,6411,59438,27/12/2023,18:14:05,15,1,26.7,1.0,376.0,375.9,2,1,1.00,CYCLE,S
IND,208,6411,59437,27/12/2023,18:17:05,15,0,31.0,1.2,428.1,428.0,2,1,1.00,CYCLE,N
IND,208,6411,59437,27/12/2023,18:18:28,15,0,25.6,1.1,54.0,53.5,2,1,1.00,CYCLE,N
IND,208,6411,59438,27/12/2023,18:24:18,15,1,14.9,1.0,613.3,613.2,2,1,1.00,CYCLE,S
IND,208,6411,59437,27/12/2023,18:27:10,15,0,28.1,1.1,522.7,522.5,2,1,1.00,CYCLE,N
IND,208,6411,59437,27/12/2023,18:31:10,15,0,31.9,1.1,114.8,113.8,2,1,1.00,CYCLE,N
IND,208,6411,59437,27/12/2023,18:33:37,15,0,24.4,1.1,147.4,147.3,2,1,1.00,CYCLE,N
IND,208,6411,59438,27/12/2023,18:34:40,15,1,21.2,1.0,621.6,621.4,2,1,1.00,CYCLE,S
IND,208,6411,59438,27/12/2023,18:36:51,15,1,21.3,1.0,131.7,131.5,2,1,1.00,CYCLE,S
IND,208,6411,59438,27/12/2023,18:39:42,15,1,24.5,1.0,170.2,170.0,2,1,1.00,CYCLE,S
IND,208,6411,59437,27/12/2023,18:43:14,15,0,23.2,1.1,576.6,576.4,2,1,1.00,CYCLE,N
IND,208,6411,59437,27/12/2023,18:45:12,15,0,24.5,1.1,47.6,47.3,2,1,1.00,CYCLE,N
IND,208,6411,59438,27/12/2023,18:46:01,15,1,26.8,1.1,379.8,379.6,2,1,1.00,CYCLE,S
IND,208,6411,59438,27/12/2023,18:47:33,15,1,20.4,1.0,92.1,91.9,2,1,1.00,CYCLE,S
IND,208,6411,59437,27/12/2023,18:48:04,15,0,26.4,1.1,171.7,171.5,2,1,1.00,CYCLE,N
IND,208,6411,59437,27/12/2023,18:49:35,15,0,23.3,1.0,91.3,91.2,2,1,1.00,CYCLE,N
IND,208,6411,59438,27/12/2023,18:52:20,15,1,24.7,0.9,286.3,286.1,2,1,1.00,CYCLE,S
IND,208,6411,59438,27/12/2023,18:52:36,15,1,24.5,1.0,16.1,15.9,2,1,1.00,CYCLE,S
IND,208,6411,59438,27/12/2023,18:56:59,15,1,26.5,1.0,263.8,263.6,2,1,1.00,CYCLE,S
IND,208,6411,59438,27/12/2023,18:58:29,15,1,24.6,1.0,89.9,89.8,2,1,1.00,CYCLE,S
IND,208,6411,59437,27/12/2023,19:02:17,15,0,28.9,1.1,115.6,115.0,2,1,1.00,CYCLE,N
IND,208,6411,59437,27/12/2023,19:05:21,15,0,27.8,1.0,184.0,184.1,2,1,0.80,CYCLE,N
IND,208,6411,59437,27/12/2023,19:25:15,15,0,22.3,1.2,381.3,380.9,2,1,1.00,CYCLE,N
IND,208,6411,59437,27/12/2023,19:39:48,15,0,26.1,1.1,75.0,74.5,2,1,1.00,CYCLE,N
IND,208,6411,59437,27/12/2023,19:40:24,15,0,24.3,0.9,35.9,35.7,2,1,1.00,CYCLE,N
IND,208,6411,59438,27/12/2023,19:41:33,15,1,26.1,1.0,1223.8,1223.6,2,1,1.00,CYCLE,S
IND,208,6411,59438,27/12/2023,19:42:40,15,1,23.8,1.0,67.2,67.1,2,1,1.00,CYCLE,S
IND,208,6411,59438,27/12/2023,19:44:33,15,1,27.1,1.0,113.2,113.1,2,1,1.00,CYCLE,S
IND,208,6411,59438,27/12/2023,19:55:53,15,1,26.9,0.9,616.2,616.1,2,1,1.00,CYCLE,S
IND,208,6411,59437,27/12/2023,19:58:13,15,0,26.3,0.9,386.4,385.9,2,1,1.00,CYCLE,N
IND,208,6411,59437,27/12/2023,20:02:12,15,0,20.0,1.1,239.6,239.4,2,1,1.00,CYCLE,N
IND,208,6411,59437,27/12/2023,20:03:09,15,0,28.7,1.2,56.3,55.8,2,1,1.00,CYCLE,N
IND,208,6411,59437,27/12/2023,20:07:14,15,0,20.7,1.0,244.9,244.8,2,1,1.00,CYCLE,N
IND,208,6411,59437,27/12/2023,20:08:21,15,0,24.9,1.0,67.3,67.2,2,1,1.00,CYCLE,N
IND,208,6411,59437,27/12/2023,20:09:33,15,0,21.4,1.1,71.9,71.8,2,1,1.00,CYCLE,N
IND,208,6411,59437,27/12/2023,20:12:23,15,0,26.9,1.1,112.8,112.6,2,1,1.00,CYCLE,N
IND,208,6411,59438,27/12/2023,20:13:43,15,1,22.9,1.0,1070.1,1070.0,2,1,1.00,CYCLE,S
IND,208,6411,59438,27/12/2023,20:13:49,15,1,23.2,1.0,5.7,5.6,2,1,1.00,CYCLE,S
IND,208,6411,59437,27/12/2023,20:34:12,15,0,25.3,1.0,1308.7,1308.6,2,1,1.00,CYCLE,N
IND,208,6411,59437,27/12/2023,20:35:49,15,0,26.9,1.1,97.8,97.6,2,1,1.00,CYCLE,N
IND,208,6411,59438,27/12/2023,20:38:57,15,1,19.1,1.0,1508.3,1508.2,2,1,1.00,CYCLE,S
IND,208,6411,59438,27/12/2023,20:46:10,15,1,27.8,1.1,432.3,432.1,2,1,1.00,CYCLE,S
IND,208,6411,59437,27/12/2023,20:46:43,15,0,24.0,1.1,602.1,602.0,2,1,1.00,CYCLE,N
IND,208,6411,59437,27/12/2023,20:52:01,15,0,29.4,1.0,317.8,317.6,2,1,1.00,CYCLE,N
IND,208,6411,59438,27/12/2023,20:54:05,15,1,20.0,1.0,474.9,474.8,2,1,1.00,CYCLE,S
IND,208,6411,59437,27/12/2023,20:54:43,15,0,27.4,1.1,161.8,161.7,2,1,1.00,CYCLE,N
IND,208,6411,59437,27/12/2023,20:55:48,15,0,35.4,1.2,65.4,65.3,2,1,1.00,CYCLE,N
IND,208,6411,59437,27/12/2023,21:00:21,15,0,26.9,1.0,273.2,273.0,2,1,1.00,CYCLE,N
IND,208,6411,59437,27/12/2023,21:02:06,15,0,25.6,1.1,104.5,104.3,2,1,1.00,CYCLE,N
IND,208,6411,59437,27/12/2023,21:02:07,15,0,26.0,1.2,1.1,1.0,2,1,1.00,CYCLE,N
IND,208,6411,59438,27/12/2023,21:09:35,15,1,37.4,1.0,930.1,929.8,2,1,1.00,CYCLE,S
IND,208,6411,59438,27/12/2023,21:09:54,15,1,25.0,1.1,19.5,19.4,2,1,1.00,CYCLE,S
IND,208,6411,59437,27/12/2023,21:16:55,15,0,17.4,1.0,668.3,668.1,2,1,1.00,CYCLE,N
IND,208,6411,59437,27/12/2023,21:16:55,15,0,17.4,1.0,0.0,0.0,2,1,1.00,CYCLE,N
IND,208,6411,59437,27/12/2023,21:16:55,15,0,17.4,1.0,0.0,0.0,2,1,1.00,CYCLE,N
IND,208,6411,59437,27/12/2023,21:16:59,15,0,20.4,1.1,4.8,3.8,2,1,1.00,CYCLE,N
IND,208,6411,59438,27/12/2023,21:20:44,15,1,24.3,1.0,650.2,650.0,2,1,1.00,CYCLE,S
IND,208,6411,59438,27/12/2023,21:20:45,15,1,25.9,1.2,0.4,0.3,2,1,1.00,CYCLE,S
IND,208,6411,59437,27/12/2023,21:29:45,15,0,19.5,1.1,765.5,765.3,2,1,1.00,CYCLE,N
IND,208,6411,59438,27/12/2023,21:32:01,15,1,26.2,1.0,675.9,675.7,2,1,1.00,CYCLE,S
IND,208,6411,59437,27/12/2023,21:34:32,15,0,31.3,1.1,287.1,286.9,2,1,1.00,CYCLE,N
IND,208,6411,59437,27/12/2023,21:34:33,15,0,31.8,1.0,0.7,0.5,2,1,1.00,CYCLE,N
IND,208,6411,59437,27/12/2023,21:34:33,15,0,30.4,1.0,0.7,0.6,2,1,1.00,CYCLE,N
IND,208,6411,59438,27/12/2023,21:43:41,15,1,27.0,1.0,700.1,699.9,2,1,1.00,CYCLE,S
IND,208,6411,59437,27/12/2023,21:49:35,15,0,24.0,1.2,902.0,901.9,2,1,1.00,CYCLE,N
IND,208,6411,59437,27/12/2023,21:50:14,15,0,25.3,1.1,38.4,38.2,2,1,1.00,CYCLE,N
IND,208,6411,59437,27/12/2023,21:56:11,15,0,27.3,1.1,357.8,357.6,2,1,1.00,CYCLE,N
IND,208,6411,59437,27/12/2023,22:03:26,15,0,21.1,1.0,434.3,434.2,2,1,1.00,CYCLE,N
IND,208,6411,59437,27/12/2023,22:06:26,15,0,19.4,1.1,180.4,180.2,2,1,1.00,CYCLE,N
IND,208,6411,59437,27/12/2023,22:18:18,15,0,27.2,1.1,711.5,711.3,2,1,1.00,CYCLE,N
IND,208,6411,59437,27/12/2023,22:21:28,15,0,26.5,1.1,190.5,190.4,2,1,1.00,CYCLE,N
IND,208,6411,59437,27/12/2023,22:22:57,15,0,26.0,1.1,89.3,89.1,2,1,1.00,CYCLE,N
IND,208,6411,59437,27/12/2023,22:26:06,15,0,27.8,1.0,188.3,188.1,2,1,1.00,CYCLE,N
IND,208,6411,59438,27/12/2023,22:27:25,15,1,18.8,1.0,2624.6,2624.5,2,1,1.00,CYCLE,S
IND,208,6411,59438,27/12/2023,22:27:25,15,1,18.8,1.0,0.0,0.0,2,1,1.00,CYCLE,S
IND,208,6411,59437,27/12/2023,22:29:57,15,0,24.0,1.0,230.9,230.7,2,1,1.00,CYCLE,N
IND,208,6411,59438,27/12/2023,22:31:16,15,1,26.5,1.0,230.6,230.3,2,1,1.00,CYCLE,S
IND,208,6411,59437,27/12/2023,22:53:10,15,0,34.8,1.1,1088.3,1088.1,2,1,1.00,CYCLE,N
IND,208,6411,59437,27/12/2023,23:15:52,15,0,28.9,1.0,1361.8,1361.7,2,1,1.00,CYCLE,N
IND,208,6411,59437,27/12/2023,23:40:12,15,0,21.7,1.0,1460.7,1460.6,2,1,1.00,CYCLE,N
IND,208,6411,59437,27/12/2023,23:47:58,15,0,4.0,1.0,465.9,465.7,2,1,0.67,CYCLE,N
IND,208,6411,59437,28/12/2023,00:06:18,15,0,30.5,1.2,1099.6,1098.8,2,1,1.00,CYCLE,N
IND,208,6411,59437,28/12/2023,00:07:23,15,0,30.7,1.0,65.3,65.2,2,1,1.00,CYCLE,N
IND,208,6411,59437,28/12/2023,00:29:39,15,0,28.7,1.1,523.4,523.3,2,1,1.00,CYCLE,N
IND,208,6411,59438,28/12/2023,00:50:19,15,1,27.4,1.0,8342.5,8342.4,2,1,1.00,CYCLE,S
IND,208,6411,59437,28/12/2023,00:51:17,15,0,31.1,1.0,1298.4,1298.2,2,1,1.00,CYCLE,N
IND,208,6411,59437,28/12/2023,00:54:59,15,0,19.7,1.0,222.1,221.9,2,1,1.00,CYCLE,N
IND,208,6411,59438,28/12/2023,01:44:47,15,1,24.2,1.0,3268.3,3268.2,2,1,1.00,CYCLE,S
IND,208,6411,59438,28/12/2023,02:48:35,15,1,28.5,1.0,3827.7,3827.5,2,1,1.00,CYCLE,S
IND,208,6411,59438,28/12/2023,02:48:35,15,1,28.5,1.0,0.0,0.0,2,1,1.00,CYCLE,S
IND,208,6411,59438,28/12/2023,02:51:52,15,1,27.9,1.0,197.1,197.0,2,1,1.00,CYCLE,S
IND,208,6411,59437,28/12/2023,03:18:21,15,0,26.0,1.1,8601.7,8601.5,2,1,1.00,CYCLE,N
IND,208,6411,59437,28/12/2023,03:25:13,15,0,37.4,1.2,412.2,412.1,2,1,1.00,CYCLE,N
IND,208,6411,59438,28/12/2023,03:43:08,15,1,31.5,1.0,3076.7,3076.5,2,1,1.00,CYCLE,S
IND,208,6411,59437,28/12/2023,04:16:21,15,0,35.5,1.1,3067.7,3067.6,2,1,1.00,CYCLE,N
IND,208,6411,59437,28/12/2023,04:16:24,15,0,35.3,1.2,3.2,3.1,2,1,1.00,CYCLE,N
IND,208,6411,59438,28/12/2023,04:16:40,15,1,31.4,1.0,2011.4,2011.3,2,1,1.00,CYCLE,S
IND,208,6411,59438,28/12/2023,04:29:16,15,1,20.8,1.0,628.1,628.0,2,1,1.00,CYCLE,S
IND,208,6411,59438,28/12/2023,04:39:00,15,1,26.2,1.0,584.1,583.9,2,1,1.00,CYCLE,S
IND,208,6411,59438,28/12/2023,04:41:03,15,1,26.0,1.0,122.7,122.6,2,1,1.00,CYCLE,S
IND,208,6411,59437,28/12/2023,04:42:16,15,0,16.3,1.1,1552.2,1552.1,2,1,1.00,CYCLE,N
IND,208,6411,59437,28/12/2023,04:42:39,15,0,36.3,1.1,22.8,22.6,2,1,1.00,CYCLE,N
IND,208,6411,59438,28/12/2023,04:43:01,15,1,22.8,1.1,117.7,117.5,2,1,1.00,CYCLE,S
IND,208,6411,59438,28/12/2023,04:46:39,15,1,24.0,1.0,218.3,218.1,2,1,1.00,CYCLE,S
IND,208,6411,59438,28/12/2023,04:53:30,15,1,26.2,1.0,411.2,411.1,2,1,1.00,CYCLE,S
IND,208,6411,59438,28/12/2023,05:08:28,15,1,27.9,1.0,897.2,897.1,2,1,1.00,CYCLE,S
IND,208,6411,59438,28/12/2023,05:11:30,15,1,22.8,1.0,182.5,182.4,2,1,1.00,CYCLE,S
IND,208,6411,59438,28/12/2023,05:14:51,15,1,22.3,1.1,201.1,200.9,2,1,1.00,CYCLE,S
IND,208,6411,59438,28/12/2023,05:20:24,15,1,21.9,1.0,333.2,333.1,2,1,1.00,CYCLE,S
IND,208,6411,59438,28/12/2023,05:21:38,15,1,26.7,1.0,73.6,73.5,2,1,1.00,CYCLE,S
IND,208,6411,59438,28/12/2023,05:22:50,15,1,28.8,1.0,72.3,72.2,2,1,1.00,CYCLE,S
IND,208,6411,59438,28/12/2023,05:23:50,15,1,30.1,1.1,60.2,60.1,2,1,1.00,CYCLE,S
IND,208,6411,59438,28/12/2023,05:28:14,15,1,25.2,1.0,263.9,263.8,2,1,1.00,CYCLE,S
IND,208,6411,59438,28/12/2023,05:33:53,15,1,24.5,1.2,339.1,338.9,2,1,1.00,CYCLE,S
IND,208,6411,59438,28/12/2023,05:35:12,15,1,21.6,1.0,78.7,78.6,2,1,1.00,CYCLE,S
IND,208,6411,59438,28/12/2023,05:35:24,15,1,15.3,1.0,11.4,11.2,2,1,1.00,CYCLE,S
IND,208,6411,59437,28/12/2023,05:36:32,15,0,31.3,1.0,845.7,845.6,2,1,1.00,CYCLE,N
IND,208,6411,59438,28/12/2023,05:42:42,15,1,26.6,1.0,438.5,438.2,2,1,1.00,CYCLE,S
IND,208,6411,59438,28/12/2023,05:46:17,15,1,23.2,1.0,215.4,215.3,2,1,1.00,CYCLE,S
IND,208,6411,59438,28/12/2023,05:46:47,15,1,29.0,1.0,29.7,29.6,2,1,1.00,CYCLE,S
IND,208,6411,59438,28/12/2023,05:47:50,15,1,25.8,1.0,63.0,62.9,2,1,1.00,CYCLE,S
IND,208,6411,59438,28/12/2023,05:53:05,15,1,27.8,1.0,314.9,314.7,2,1,1.00,CYCLE,S
IND,208,6411,59438,28/12/2023,05:53:15,15,1,22.6,1.0,10.0,9.9,2,1,1.00,CYCLE,S
IND,208,6411,59438,28/12/2023,05:54:50,15,1,24.5,1.0,95.1,94.9,2,1,1.00,CYCLE,S
IND,208,6411,59438,28/12/2023,05:55:52,15,1,31.5,1.0,62.3,62.1,2,1,1.00,CYCLE,S
IND,208,6411,59438,28/12/2023,05:56:09,15,1,31.0,1.0,17.0,16.9,2,1,1.00,CYCLE,S
IND,208,6411,59438,28/12/2023,05:58:50,15,1,25.8,1.1,160.7,160.5,2,1,1.00,CYCLE,S
IND,208,6411,59438,28/12/2023,06:00:09,15,1,20.6,1.0,79.2,79.1,2,1,1.00,CYCLE,S
IND,208,6411,59438,28/12/2023,06:03:48,15,1,24.3,1.1,219.1,218.9,2,1,1.00,CYCLE,S
IND,208,6411,59438,28/12/2023,06:04:46,15,1,29.6,1.0,57.8,57.7,2,1,1.00,CYCLE,S
IND,208,6411,59438,28/12/2023,06:06:14,15,1,24.8,1.1,88.2,88.0,2,1,1.00,CYCLE,S
IND,208,6411,59438,28/12/2023,06:11:48,15,1,29.3,1.0,333.8,333.6,2,1,1.00,CYCLE,S
IND,208,6411,59438,28/12/2023,06:11:48,15,1,29.2,1.0,0.3,0.2,2,1,1.00,CYCLE,S
IND,208,6411,59438,28/12/2023,06:12:48,15,1,27.5,1.0,59.3,59.2,2,1,1.00,CYCLE,S
IND,208,6411,59438,28/12/2023,06:13:09,15,1,25.2,1.0,21.2,21.1,2,1,1.00,CYCLE,S
IND,208,6411,59437,28/12/2023,06:16:42,15,0,26.1,1.0,2410.1,2410.0,2,1,1.00,CYCLE,N
IND,208,6411,59438,28/12/2023,06:17:11,15,1,21.4,1.0,242.2,242.1,2,1,1.00,CYCLE,S
IND,208,6411,59438,28/12/2023,06:20:31,15,1,23.0,1.1,199.8,199.6,2,1,1.00,CYCLE,S
IND,208,6411,59438,28/12/2023,06:21:55,15,1,23.0,1.0,83.6,83.4,2,1,1.00,CYCLE,S
IND,208,6411,59438,28/12/2023,06:23:13,15,1,18.5,1.1,78.6,78.4,2,1,1.00,CYCLE,S
IND,208,6411,59438,28/12/2023,06:23:19,15,1,25.9,1.0,6.2,6.0,2,1,1.00,CYCLE,S
IND,208,6411,59438,28/12/2023,06:24:09,15,1,31.4,0.9,49.9,49.8,2,1,1.00,CYCLE,S
IND,208,6411,59438,28/12/2023,06:24:46,15,1,27.7,1.0,36.9,36.8,2,1,1.00,CYCLE,S
IND,208,6411,59438,28/12/2023,06:25:18,15,1,24.2,1.1,32.2,32.1,2,1,1.00,CYCLE,S
IND,208,6411,59438,28/12/2023,06:26:21,15,1,27.2,1.0,62.7,62.5,2,1,1.00,CYCLE,S
IND,208,6411,59438,28/12/2023,06:28:12,15,1,25.3,1.0,110.6,110.4,2,1,1.00,CYCLE,S
IND,208,6411,59438,28/12/2023,06:28:23,15,1,31.7,0.9,11.5,11.4,2,1,1.00,CYCLE,S
IND,208,6411,59438,28/12/2023,06:29:35,15,1,25.6,1.0,71.5,71.4,2,1,1.00,CYCLE,S
IND,208,6411,59438,28/12/2023,06:33:23,15,1,20.5,1.0,228.6,228.5,2,1,1.00,CYCLE,S
IND,208,6411,59438,28/12/2023,06:33:52,15,1,24.4,1.1,28.4,28.3,2,1,1.00,CYCLE,S
IND,208,6411,59438,28/12/2023,06:34:10,15,1,22.5,1.1,18.5,18.4,2,1,1.00,CYCLE,S
IND,208,6411,59438,28/12/2023,06:35:04,15,1,26.2,1.0,53.7,53.6,2,1,1.00,CYCLE,S
IND,208,6411,59438,28/12/2023,06:35:22,15,1,31.1,1.0,18.1,18.0,2,1,1.00,CYCLE,S
IND,208,6411,59438,28/12/2023,06:36:08,15,1,28.4,1.0,45.8,45.7,2,1,1.00,CYCLE,S
IND,208,6411,59438,28/12/2023,06:36:20,15,1,23.5,0.9,11.6,11.5,2,1,1.00,CYCLE,S
IND,208,6411,59438,28/12/2023,06:40:21,15,1,25.1,1.1,241.5,241.3,2,1,1.00,CYCLE,S
IND,208,6411,59437,28/12/2023,06:40:37,15,0,27.4,1.0,1434.3,1434.1,2,1,1.00,CYCLE,N
IND,208,6411,59437,28/12/2023,06:42:01,15,0,20.9,1.0,84.2,84.0,2,1,1.00,CYCLE,N
IND,208,6411,59437,28/12/2023,06:42:01,15,0,20.9,1.0,0.0,0.0,2,1,1.00,CYCLE,N
IND,208,6411,59438,28/12/2023,06:43:58,15,1,25.8,1.0,217.0,216.8,2,1,1.00,CYCLE,S
IND,208,6411,59438,28/12/2023,06:44:01,15,1,29.0,1.0,2.8,2.7,2,1,1.00,CYCLE,S
IND,208,6411,59438,28/12/2023,06:44:58,15,1,23.7,1.0,57.6,57.5,2,1,0.50,CYCLE,S
IND,208,6411,59437,28/12/2023,06:44:58,15,0,23.7,1.0,0.0,0.0,2,1,0.50,CYCLE,N
IND,208,6411,59438,28/12/2023,06:45:45,15,1,23.7,1.0,46.1,45.7,2,1,1.00,CYCLE,S
IND,208,6411,59437,28/12/2023,06:47:52,15,0,27.7,1.1,351.5,351.3,2,1,1.00,CYCLE,N
IND,208,6411,59438,28/12/2023,06:50:56,15,1,14.0,1.1,311.1,311.0,2,1,1.00,CYCLE,S
IND,208,6411,59438,28/12/2023,06:54:06,15,1,21.8,1.1,190.8,190.5,2,1,1.00,CYCLE,S
IND,208,6411,59438,28/12/2023,06:55:05,15,1,28.3,1.0,58.2,58.0,2,1,1.00,CYCLE,S
IND,208,6411,59437,28/12/2023,06:55:38,15,0,15.1,1.1,466.0,465.8,2,1,1.00,CYCLE,N
IND,208,6411,59438,28/12/2023,06:58:27,15,1,20.0,1.1,202.7,202.6,2,1,1.00,CYCLE,S
IND,208,6411,59438,28/12/2023,07:00:16,15,1,28.6,1.0,108.6,108.4,2,1,1.00,CYCLE,S
IND,208,6411,59438,28/12/2023,07:02:19,15,1,26.6,1.0,122.7,122.6,2,1,1.00,CYCLE,S
IND,208,6411,59438,28/12/2023,07:02:52,15,1,20.6,1.1,33.1,32.9,2,1,1.00,CYCLE,S
IND,208,6411,59438,28/12/2023,07:04:04,15,1,21.5,1.0,72.6,72.4,2,1,1.00,CYCLE,S
IND,208,6411,59438,28/12/2023,07:04:48,15,1,24.8,1.0,43.7,43.5,2,1,1.00,CYCLE,S
IND,208,6411,59438,28/12/2023,07:05:21,15,1,23.2,1.1,33.0,32.9,2,1,1.00,CYCLE,S
IND,208,6411,59437,28/12/2023,07:05:45,15,0,31.3,1.0,607.2,606.9,2,1,1.00,CYCLE,N
IND,208,6411,59438,28/12/2023,07:05:57,15,1,25.8,1.0,36.1,35.9,2,1,1.00,CYCLE,S
IND,208,6411,59438,28/12/2023,07:07:16,15,1,26.4,1.1,79.0,78.8,2,1,1.00,CYCLE,S
IND,208,6411,59437,28/12/2023,07:08:09,15,0,22.7,1.1,143.4,143.3,2,1,1.00,CYCLE,N
IND,208,6411,59438,28/12/2023,07:08:43,15,1,33.6,1.0,86.8,86.6,2,1,1.00,CYCLE,S
IND,208,6411,59438,28/12/2023,07:08:44,15,1,34.5,1.0,0.8,0.7,2,1,1.00,CYCLE,S
IND,208,6411,59438,28/12/2023,07:10:04,15,1,31.2,0.9,80.8,80.7,2,1,1.00,CYCLE,S
IND,208,6411,59438,28/12/2023,07:10:07,15,1,24.6,1.0,2.2,2.1,2,1,1.00,CYCLE,S
IND,208,6411,59438,28/12/2023,07:10:13,15,1,34.2,1.0,6.0,5.9,2,1,1.00,CYCLE,S
IND,208,6411,59438,28/12/2023,07:10:20,15,1,21.1,1.1,2.3,2.1,2,1,1.00,CYCLE,S
IND,208,6411,59438,28/12/2023,07:11:49,15,1,25.8,1.0,11.1,10.9,2,1,1.00,CYCLE,S
IND,208,6411,59438,28/12/2023,07:18:10,15,1,26.1,1.1,381.8,381.6,2,1,1.00,CYCLE,S
IND,208,6411,59438,28/12/2023,07:18:23,15,1,22.5,1.1,12.7,12.6,2,1,1.00,CYCLE,S
IND,208,6411,59438,28/12/2023,07:22:10,15,1,22.7,1.1,226.6,226.5,2,1,1.00,CYCLE,S
IND,208,6411,59438,28/12/2023,07:24:05,15,1,22.1,1.0,115.3,115.1,2,1,1.00,CYCLE,S
IND,208,6411,59438,28/12/2023,07:24:55,15,1,24.6,1.1,49.8,49.7,2,1,1.00,CYCLE,S
IND,208,6411,59438,28/12/2023,07:26:19,15,1,24.7,1.1,84.6,84.5,2,1,1.00,CYCLE,S
IND,208,6411,59438,28/12/2023,07:27:55,15,1,17.8,1.0,95.7,95.5,2,1,1.00,CYCLE,S
IND,208,6411,59438,28/12/2023,07:31:51,15,1,28.5,1.0,235.9,235.7,2,1,1.00,CYCLE,S
IND,208,6411,59438,28/12/2023,07:36:04,15,1,25.0,1.1,61.2,61.1,2,1,1.00,CYCLE,S
IND,208,6411,59438,28/12/2023,07:36:10,15,1,27.6,1.0,5.8,5.6,2,1,1.00,CYCLE,S
IND,208,6411,59438,28/12/2023,07:36:11,15,1,29.4,1.0,1.7,1.5,2,1,1.00,CYCLE,S
IND,208,6411,59437,28/12/2023,07:38:15,15,0,34.0,1.0,1806.5,1806.3,2,1,1.00,CYCLE,N
IND,208,6411,59438,28/12/2023,07:39:18,15,1,21.5,1.0,186.5,186.4,2,1,1.00,CYCLE,S
IND,208,6411,59438,28/12/2023,07:40:15,15,1,21.4,1.0,57.3,57.1,2,1,1.00,CYCLE,S
IND,208,6411,59437,28/12/2023,07:46:09,15,0,28.0,1.0,473.9,473.8,2,1,1.00,CYCLE,N
IND,208,6411,59438,28/12/2023,07:47:50,15,1,23.1,1.0,455.0,454.9,2,1,1.00,CYCLE,S
IND,208,6411,59437,28/12/2023,07:48:47,15,0,34.3,1.0,157.9,157.8,2,1,1.00,CYCLE,N
IND,208,6411,59438,28/12/2023,07:50:51,15,1,21.9,1.2,180.6,180.4,2,1,1.00,CYCLE,S
IND,208,6411,59438,28/12/2023,07:57:30,15,1,24.1,0.9,399.5,399.3,2,1,1.00,CYCLE,S
IND,208,6411,59438,28/12/2023,07:59:31,15,1,25.1,1.0,120.4,120.2,2,1,1.00,CYCLE,S
IND,208,6411,59438,28/12/2023,08:01:23,15,1,24.9,1.0,112.8,112.6,2,1,1.00,CYCLE,S
IND,208,6411,59438,28/12/2023,08:01:25,15,1,24.3,1.0,1.4,1.2,2,1,1.00,CYCLE,S
IND,208,6411,59437,28/12/2023,08:07:55,15,0,23.0,1.0,1147.5,1147.4,2,1,1.00,CYCLE,N
IND,208,6411,59438,28/12/2023,08:10:45,15,1,18.6,1.0,560.1,560.0,2,1,1.00,CYCLE,S
IND,208,6411,59437,28/12/2023,08:16:20,15,0,24.9,1.1,504.9,504.8,2,1,1.00,CYCLE,N
IND,208,6411,59437,28/12/2023,08:17:21,15,0,30.9,1.0,61.9,61.7,2,1,1.00,CYCLE,N
IND,208,6411,59437,28/12/2023,08:17:23,15,0,32.9,1.0,1.3,1.2,2,1,1.00,CYCLE,N
IND,208,6411,59437,28/12/2023,08:18:26,15,0,31.0,1.0,63.2,63.1,2,1,1.00,CYCLE,N
IND,208,6411,59438,28/12/2023,08:18:30,15,1,23.6,1.1,464.9,464.7,2,1,1.00,CYCLE,S
IND,208,6411,59438,28/12/2023,08:18:36,15,1,18.5,1.0,5.8,5.6,2,1,1.00,CYCLE,S
IND,208,6411,59438,28/12/2023,08:20:28,15,1,13.5,1.0,112.4,112.2,2,1,1.00,CYCLE,S
IND,208,6411,59438,28/12/2023,08:20:29,15,1,14.5,1.0,1.2,0.9,2,1,1.00,CYCLE,S
IND,208,6411,59438,28/12/2023,08:20:31,15,1,13.9,1.1,1.4,1.1,2,1,1.00,CYCLE,S
IND,208,6411,59438,28/12/2023,08:23:09,15,1,19.3,1.1,159.0,158.7,2,1,1.00,CYCLE,S
IND,208,6411,59438,28/12/2023,08:23:10,15,1,19.0,1.0,0.8,0.6,2,1,1.00,CYCLE,S
IND,208,6411,59437,28/12/2023,08:23:18,15,0,24.2,1.2,291.8,291.7,2,1,1.00,CYCLE,N
IND,208,6411,59438,28/12/2023,08:26:49,15,1,23.8,0.9,218.4,218.2,2,1,1.00,CYCLE,S
IND,208,6411,59437,28/12/2023,08:27:17,15,0,21.1,1.0,239.0,238.8,2,1,1.00,CYCLE,N
IND,208,6411,59438,28/12/2023,08:28:33,15,1,24.0,1.0,104.1,103.9,2,1,1.00,CYCLE,S
IND,208,6411,59438,28/12/2023,08:31:35,15,1,28.1,1.0,182.0,181.8,2,1,1.00,CYCLE,S
IND,208,6411,59438,28/12/2023,08:31:51,15,1,21.7,1.0,16.6,16.4,2,1,1.00,CYCLE,S
IND,208,6411,59438,28/12/2023,08:31:57,15,1,26.6,1.0,5.5,5.3,2,1,1.00,CYCLE,S
IND,208,6411,59438,28/12/2023,08:33:49,15,1,19.9,1.0,111.8,111.7,2,1,1.00,CYCLE,S
IND,208,6411,59437,28/12/2023,08:34:08,15,0,25.3,1.1,379.5,378.9,2,1,1.00,CYCLE,N
IND,208,6411,59438,28/12/2023,08:35:27,15,1,22.2,1.1,98.6,98.4,2,1,1.00,CYCLE,S
IND,208,6411,59438,28/12/2023,08:36:32,15,1,13.7,1.1,64.8,64.6,2,1,1.00,CYCLE,S
IND,208,6411,59437,28/12/2023,08:37:48,15,0,31.5,1.0,73.2,71.7,2,1,1.00,CYCLE,N
IND,208,6411,59437,28/12/2023,08:38:35,15,0,19.9,1.1,47.4,47.3,2,1,1.00,CYCLE,N
IND,208,6411,59438,28/12/2023,08:38:40,15,1,19.7,1.1,127.7,127.5,2,1,1.00,CYCLE,S
IND,208,6411,59437,28/12/2023,08:38:47,15,0,32.9,1.1,11.6,11.4,2,1,1.00,CYCLE,N
IND,208,6411,59438,28/12/2023,08:40:46,15,1,37.0,1.0,124.8,124.6,2,1,1.00,CYCLE,S
IND,208,6411,59437,28/12/2023,08:41:18,15,0,26.5,1.2,151.6,151.5,2,1,1.00,CYCLE,N
IND,208,6411,59438,28/12/2023,08:45:58,15,1,23.2,0.9,311.6,311.5,2,1,1.00,CYCLE,S
IND,208,6411,59437,28/12/2023,08:51:08,15,0,25.2,1.0,590.2,590.0,2,1,1.00,CYCLE,N
IND,208,6411,59438,28/12/2023,08:51:15,15,1,16.6,1.0,317.5,317.3,2,1,1.00,CYCLE,S
IND,208,6411,59438,28/12/2023,08:52:12,15,1,17.4,1.0,57.1,56.9,2,1,1.00,CYCLE,S
IND,208,6411,59438,28/12/2023,08:52:25,15,1,24.2,1.1,13.2,13.0,2,1,1.00,CYCLE,S
IND,208,6411,59438,28/12/2023,08:54:11,15,1,23.6,1.0,105.5,105.3,2,1,1.00,CYCLE,S
IND,208,6411,59438,28/12/2023,08:55:33,15,1,26.5,1.1,81.8,81.7,2,1,1.00,CYCLE,S
IND,208,6411,59438,28/12/2023,08:55:34,15,1,26.4,1.1,1.6,1.5,2,1,1.00,CYCLE,S
IND,208,6411,59438,28/12/2023,08:55:40,15,1,22.9,1.0,5.3,5.1,2,1,1.00,CYCLE,S
IND,208,6411,59438,28/12/2023,08:55:41,15,1,24.3,1.0,1.0,0.8,2,1,1.00,CYCLE,S
IND,208,6411,59438,28/12/2023,08:55:54,15,1,18.3,1.0,13.2,13.1,2,1,1.00,CYCLE,S
IND,208,6411,59438,28/12/2023,08:56:56,15,1,30.5,1.0,62.1,62.0,2,1,1.00,CYCLE,S
IND,208,6411,59438,28/12/2023,08:57:21,15,1,21.7,1.0,25.5,25.4,2,1,1.00,CYCLE,S
IND,208,6411,59438,28/12/2023,09:01:40,15,1,24.0,1.0,258.6,258.5,2,1,1.00,CYCLE,S
IND,208,6411,59438,28/12/2023,09:01:40,15,1,30.1,1.0,0.2,0.1,2,1,1.00,CYCLE,S
IND,208,6411,59437,28/12/2023,09:02:55,15,0,19.9,1.1,496.0,495.7,2,1,1.00,CYCLE,N
IND,208,6411,59437,28/12/2023,09:04:51,15,0,24.4,1.0,115.9,115.7,2,1,1.00,CYCLE,N
IND,208,6411,59437,28/12/2023,09:06:29,15,0,21.8,1.1,98.1,98.0,2,1,1.00,CYCLE,N
IND,208,6411,59438,28/12/2023,09:06:33,15,1,22.4,1.0,293.0,292.9,2,1,1.00,CYCLE,S
IND,208,6411,59438,28/12/2023,09:06:34,15,1,23.1,1.0,0.4,0.2,2,1,1.00,CYCLE,S
IND,208,6411,59438,28/12/2023,09:06:38,15,1,22.6,1.1,2.1,1.9,2,1,1.00,CYCLE,S
IND,208,6411,59438,28/12/2023,09:07:53,15,1,22.9,1.0,75.0,74.9,2,1,1.00,CYCLE,S
IND,208,6411,59438,28/12/2023,09:09:02,15,1,22.5,1.0,69.2,69.0,2,1,1.00,CYCLE,S
IND,208,6411,59438,28/12/2023,09:11:43,15,1,21.9,1.0,160.8,160.6,2,1,1.00,CYCLE,S
IND,208,6411,59438,28/12/2023,09:23:14,15,1,27.4,1.0,690.7,690.6,2,1,1.00,CYCLE,S
IND,208,6411,59438,28/12/2023,09:24:19,15,1,35.6,1.0,64.9,64.8,2,1,1.00,CYCLE,S
IND,208,6411,59438,28/12/2023,09:24:33,15,1,21.6,1.1,14.6,14.5,2,1,1.00,CYCLE,S
IND,208,6411,59437,28/12/2023,09:26:57,15,0,24.3,1.0,1227.6,1227.4,2,1,1.00,CYCLE,N
IND,208,6411,59438,28/12/2023,09:28:06,15,1,25.4,1.0,213.0,212.8,2,1,1.00,CYCLE,S
IND,208,6411,59438,28/12/2023,09:29:36,15,1,25.5,1.0,90.1,90.0,2,1,1.00,CYCLE,S
IND,208,6411,59438,28/12/2023,09:29:41,15,1,23.2,1.0,4.7,4.6,2,1,1.00,CYCLE,S
IND,208,6411,59438,28/12/2023,09:33:23,15,1,23.8,1.0,222.0,221.8,2,1,1.00,CYCLE,S
IND,208,6411,59437,28/12/2023,09:42:41,15,0,25.5,1.2,944.3,944.2,2,1,1.00,CYCLE,N
IND,208,6411,59437,28/12/2023,09:42:47,15,0,36.9,1.0,5.9,5.7,2,1,1.00,CYCLE,N
IND,208,6411,59438,28/12/2023,09:43:12,15,1,16.5,1.1,92.7,92.6,2,1,1.00,CYCLE,S
IND,208,6411,59437,28/12/2023,09:46:33,15,0,22.5,1.1,226.4,226.3,2,1,1.00,CYCLE,N
IND,208,6411,59438,28/12/2023,09:50:00,15,1,22.8,1.0,408.3,408.1,2,1,1.00,CYCLE,S
IND,208,6411,59438,28/12/2023,09:51:47,15,1,29.7,1.0,106.8,106.6,2,1,1.00,CYCLE,S
IND,208,6411,59438,28/12/2023,09:51:56,15,1,28.7,1.0,9.2,9.1,2,1,1.00,CYCLE,S
IND,208,6411,59438,28/12/2023,09:53:49,15,1,23.5,1.0,112.5,112.4,2,1,1.00,CYCLE,S
IND,208,6411,59438,28/12/2023,09:57:15,15,1,29.2,1.0,206.8,206.7,2,1,1.00,CYCLE,S
IND,208,6411,59437,28/12/2023,09:57:33,15,0,17.8,1.1,230.2,229.2,2,1,1.00,CYCLE,N
IND,208,6411,59437,28/12/2023,10:02:24,15,0,15.5,1.1,291.3,291.1,2,1,1.00,CYCLE,N
IND,208,6411,59438,28/12/2023,10:08:57,15,1,24.1,1.0,97.8,97.1,2,1,1.00,CYCLE,S
IND,208,6411,59438,28/12/2023,10:10:22,15,1,20.5,1.0,85.0,84.8,2,1,1.00,CYCLE,S
IND,208,6411,59438,28/12/2023,10:15:35,15,1,25.6,1.0,312.9,312.7,2,1,1.00,CYCLE,S
IND,208,6411,59438,28/12/2023,10:15:42,15,1,25.0,1.0,6.6,6.5,2,1,1.00,CYCLE,S
IND,208,6411,59438,28/12/2023,10:15:48,15,1,27.3,1.0,6.4,6.3,2,1,1.00,CYCLE,S
IND,208,6411,59437,28/12/2023,10:24:27,15,0,29.3,1.0,133.2,132.4,2,1,1.00,CYCLE,N
IND,208,6411,59437,28/12/2023,10:28:52,15,0,31.2,1.1,265.0,264.8,2,1,1.00,CYCLE,N
IND,208,6411,59438,28/12/2023,10:30:56,15,1,19.0,1.1,907.4,907.3,2,1,1.00,CYCLE,S
IND,208,6411,59438,28/12/2023,10:33:19,15,1,22.7,1.0,143.3,143.1,2,1,1.00,CYCLE,S
IND,208,6411,59437,28/12/2023,10:35:19,15,0,20.7,1.2,386.9,386.8,2,1,1.00,CYCLE,N
IND,208,6411,59437,28/12/2023,10:38:16,15,0,23.6,1.1,176.8,176.6,2,1,1.00,CYCLE,N
IND,208,6411,59438,28/12/2023,10:39:07,15,1,24.2,1.1,348.3,348.1,2,1,1.00,CYCLE,S
IND,208,6411,59438,28/12/2023,10:40:06,15,1,16.1,1.1,58.7,58.6,2,1,1.00,CYCLE,S
IND,208,6411,59438,28/12/2023,10:40:07,15,1,15.5,1.0,1.0,0.8,2,1,1.00,CYCLE,S
IND,208,6411,59438,28/12/2023,10:40:21,15,1,26.4,1.0,13.7,13.4,2,1,1.00,CYCLE,S
IND,208,6411,59437,28/12/2023,10:42:51,15,0,25.8,1.1,275.1,275.0,2,1,1.00,CYCLE,N
IND,208,6411,59437,28/12/2023,10:48:44,15,0,21.3,1.2,350.7,350.3,2,1,1.00,CYCLE,N
IND,208,6411,59438,28/12/2023,10:50:54,15,1,18.3,1.0,632.9,632.8,2,1,1.00,CYCLE,S
IND,208,6411,59437,28/12/2023,10:53:26,15,0,27.1,1.1,282.6,282.5,2,1,1.00,CYCLE,N
IND,208,6411,59437,28/12/2023,10:53:43,15,0,26.0,1.1,16.4,16.3,2,1,1.00,CYCLE,N
IND,208,6411,59438,28/12/2023,10:56:24,15,1,27.1,1.0,330.2,330.0,2,1,1.00,CYCLE,S
IND,208,6411,59437,28/12/2023,11:09:14,15,0,20.8,1.2,698.5,697.4,2,1,1.00,CYCLE,N
IND,208,6411,59438,28/12/2023,11:14:20,15,1,35.6,1.0,1011.1,1011.1,2,1,1.00,CYCLE,S
IND,208,6411,59438,28/12/2023,11:14:24,15,1,33.3,1.0,3.9,3.8,2,1,1.00,CYCLE,S
IND,208,6411,59438,28/12/2023,11:14:31,15,1,28.4,1.0,6.7,6.6,2,1,1.00,CYCLE,S
IND,208,6411,59438,28/12/2023,11:16:31,15,1,23.0,1.0,120.1,120.0,2,1,1.00,CYCLE,S
IND,208,6411,59438,28/12/2023,11:18:36,15,1,24.8,1.0,124.8,124.7,2,1,1.00,CYCLE,S
IND,208,6411,59438,28/12/2023,11:19:57,15,1,22.2,1.2,81.0,80.9,2,1,1.00,CYCLE,S
IND,208,6411,59438,28/12/2023,11:23:46,15,1,23.0,1.0,228.9,228.7,2,1,1.00,CYCLE,S
IND,208,6411,59438,28/12/2023,11:25:14,15,1,25.6,1.0,87.9,87.8,2,1,1.00,CYCLE,S
IND,208,6411,59438,28/12/2023,11:27:29,15,1,34.5,1.1,135.6,135.5,2,1,1.00,CYCLE,S
IND,208,6411,59438,28/12/2023,11:28:47,15,1,20.7,1.1,77.5,77.4,2,1,1.00,CYCLE,S
IND,208,6411,59437,28/12/2023,11:32:28,15,0,33.5,1.1,171.3,170.3,2,1,1.00,CYCLE,N
IND,208,6411,59437,28/12/2023,11:32:58,15,0,18.9,1.1,30.1,30.0,2,1,1.00,CYCLE,N
IND,208,6411,59437,28/12/2023,11:33:31,15,0,20.1,1.1,33.0,32.8,2,1,1.00,CYCLE,N
IND,208,6411,59437,28/12/2023,11:39:22,15,0,20.8,1.1,166.9,166.3,2,1,1.00,CYCLE,N
IND,208,6411,59438,28/12/2023,11:40:12,15,1,29.8,0.9,685.4,685.3,2,1,1.00,CYCLE,S
IND,208,6411,59438,28/12/2023,11:44:11,15,1,27.1,1.0,238.4,238.3,2,1,1.00,CYCLE,S
IND,208,6411,59437,28/12/2023,11:49:18,15,0,23.8,1.0,384.3,383.8,2,1,1.00,CYCLE,N
IND,208,6411,59438,28/12/2023,11:49:47,15,1,30.4,1.0,24.9,23.0,2,1,1.00,CYCLE,S
IND,208,6411,59437,28/12/2023,11:52:19,15,0,30.1,1.0,181.1,180.9,2,1,1.00,CYCLE,N
IND,208,6411,59438,28/12/2023,11:53:18,15,1,32.1,1.1,211.1,211.0,2,1,1.00,CYCLE,S
IND,208,6411,59438,28/12/2023,11:54:26,15,1,28.0,1.1,68.0,67.8,2,1,1.00,CYCLE,S
IND,208,6411,59437,28/12/2023,11:54:39,15,0,25.7,1.0,80.6,79.7,2,1,1.00,CYCLE,N
IND,208,6411,59438,28/12/2023,11:56:53,15,1,27.2,1.1,146.8,146.7,2,1,1.00,CYCLE,S
IND,208,6411,59437,28/12/2023,11:58:15,15,0,23.3,1.1,216.1,216.0,2,1,1.00,CYCLE,N
IND,208,6411,59438,28/12/2023,11:58:36,15,1,36.4,1.0,103.0,102.8,2,1,1.00,CYCLE,S
IND,208,6411,59438,28/12/2023,11:58:55,15,1,19.0,1.1,18.6,18.5,2,1,1.00,CYCLE,S
IND,208,6411,59437,28/12/2023,12:00:01,15,0,21.7,1.0,106.1,105.9,2,1,1.00,CYCLE,N
IND,208,6411,59437,28/12/2023,12:01:01,15,0,27.8,1.1,60.0,59.8,2,1,1.00,CYCLE,N
IND,208,6411,59437,28/12/2023,12:02:43,15,0,28.4,1.1,101.9,101.7,2,1,1.00,CYCLE,N
IND,208,6411,59438,28/12/2023,12:05:53,15,1,32.6,1.0,208.4,208.2,2,1,1.00,CYCLE,S
IND,208,6411,59437,28/12/2023,12:05:55,15,0,18.5,1.0,191.7,191.6,2,1,1.00,CYCLE,N
IND,208,6411,59437,28/12/2023,12:06:23,15,0,20.2,1.0,28.4,28.2,2,1,1.00,CYCLE,N
IND,208,6411,59438,28/12/2023,12:06:38,15,1,23.6,1.0,44.6,44.5,2,1,1.00,CYCLE,S
IND,208,6411,59438,28/12/2023,12:11:59,15,1,21.3,1.0,321.0,320.9,2,1,1.00,CYCLE,S
IND,208,6411,59438,28/12/2023,12:14:53,15,1,28.8,1.0,174.3,174.1,2,1,1.00,CYCLE,S
IND,208,6411,59437,28/12/2023,12:16:48,15,0,21.4,1.1,263.4,263.3,2,1,1.00,CYCLE,N
IND,208,6411,59438,28/12/2023,12:20:22,15,1,24.2,1.0,328.7,328.6,2,1,1.00,CYCLE,S
IND,208,6411,59438,28/12/2023,12:21:44,15,1,24.1,1.0,82.3,82.2,2,1,1.00,CYCLE,S
IND,208,6411,59438,28/12/2023,12:22:18,15,1,25.2,1.1,34.2,34.0,2,1,1.00,CYCLE,S
IND,208,6411,59437,28/12/2023,12:25:13,15,0,27.1,1.2,505.2,505.1,2,1,1.00,CYCLE,N
IND,208,6411,59438,28/12/2023,12:27:09,15,1,25.6,1.0,290.3,290.2,2,1,1.00,CYCLE,S
IND,208,6411,59437,28/12/2023,12:28:27,15,0,20.5,1.1,191.8,191.6,2,1,1.00,CYCLE,N
IND,208,6411,59438,28/12/2023,12:29:54,15,1,24.0,1.1,165.0,164.9,2,1,1.00,CYCLE,S
IND,208,6411,59438,28/12/2023,12:32:07,15,1,14.7,1.0,133.1,132.9,2,1,1.00,CYCLE,S
IND,208,6411,59437,28/12/2023,12:36:27,15,0,24.7,1.0,479.7,479.5,2,1,1.00,CYCLE,N
IND,208,6411,59438,28/12/2023,12:36:37,15,1,14.4,1.0,270.6,270.3,2,1,1.00,CYCLE,S
IND,208,6411,59438,28/12/2023,12:40:59,15,1,25.2,1.0,261.5,261.2,2,1,1.00,CYCLE,S
IND,208,6411,59438,28/12/2023,12:40:59,15,1,26.4,1.2,0.2,0.1,2,1,1.00,CYCLE,S
IND,208,6411,59437,28/12/2023,12:47:34,15,0,29.3,1.0,23.9,23.5,2,1,1.00,CYCLE,N
IND,208,6411,59438,28/12/2023,12:49:18,15,1,26.3,1.0,499.1,499.0,2,1,1.00,CYCLE,S
IND,208,6411,59438,28/12/2023,12:49:20,15,1,28.0,1.0,2.1,2.0,2,1,1.00,CYCLE,S
IND,208,6411,59437,28/12/2023,12:52:54,15,0,19.5,1.1,320.1,320.0,2,1,1.00,CYCLE,N
IND,208,6411,59438,28/12/2023,12:53:19,15,1,17.3,1.1,238.4,238.3,2,1,1.00,CYCLE,S
IND,208,6411,59437,28/12/2023,12:54:09,15,0,25.2,1.1,69.4,67.8,2,1,1.00,CYCLE,N
IND,208,6411,59438,28/12/2023,12:54:44,15,1,28.7,1.0,84.9,84.7,2,1,1.00,CYCLE,S
IND,208,6411,59437,28/12/2023,12:54:48,15,0,26.5,1.1,38.9,38.7,2,1,1.00,CYCLE,N
IND,208,6411,59438,28/12/2023,13:00:48,15,1,21.2,1.1,363.8,363.6,2,1,1.00,CYCLE,S
IND,208,6411,59437,28/12/2023,13:01:13,15,0,24.8,1.2,211.6,211.2,2,1,1.00,CYCLE,N
IND,208,6411,59438,28/12/2023,13:04:00,15,1,25.1,1.0,192.5,192.3,2,1,1.00,CYCLE,S
IND,208,6411,59437,28/12/2023,13:04:43,15,0,38.5,1.0,209.4,209.3,2,1,1.00,CYCLE,N
IND,208,6411,59437,28/12/2023,13:07:24,15,0,24.6,1.0,161.5,161.4,2,1,1.00,CYCLE,N
IND,208,6411,59438,28/12/2023,13:09:45,15,1,20.8,1.1,345.1,345.0,2,1,1.00,CYCLE,S
IND,208,6411,59437,28/12/2023,13:11:13,15,0,29.2,1.0,229.2,229.0,2,1,1.00,CYCLE,N
IND,208,6411,59437,28/12/2023,13:11:30,15,0,24.6,1.2,17.1,17.0,2,1,1.00,CYCLE,N
IND,208,6411,59438,28/12/2023,13:11:40,15,1,22.5,1.0,115.2,115.0,2,1,1.00,CYCLE,S
IND,208,6411,59437,28/12/2023,13:12:21,15,0,21.6,1.1,50.2,50.1,2,1,1.00,CYCLE,N
IND,208,6411,59438,28/12/2023,13:13:18,15,1,21.2,1.1,97.6,97.5,2,1,1.00,CYCLE,S
IND,208,6411,59438,28/12/2023,13:13:30,15,1,18.3,1.0,11.8,11.6,2,1,1.00,CYCLE,S
IND,208,6411,59438,28/12/2023,13:13:39,15,1,16.5,1.0,9.0,8.8,2,1,1.00,CYCLE,S
IND,208,6411,59438,28/12/2023,13:19:11,15,1,28.6,1.0,331.9,331.7,2,1,1.00,CYCLE,S
IND,208,6411,59438,28/12/2023,13:19:11,15,1,32.2,1.0,0.3,0.2,2,1,1.00,CYCLE,S
IND,208,6411,59438,28/12/2023,13:21:33,15,1,25.6,1.0,141.6,141.5,2,1,1.00,CYCLE,S
IND,208,6411,59438,28/12/2023,13:21:38,15,1,29.1,1.0,5.9,5.8,2,1,1.00,CYCLE,S
IND,208,6411,59438,28/12/2023,13:21:58,15,1,27.6,1.0,19.9,19.7,2,1,1.00,CYCLE,S
IND,208,6411,59438,28/12/2023,13:23:13,15,1,17.7,1.0,74.6,74.5,2,1,1.00,CYCLE,S
IND,208,6411,59438,28/12/2023,13:23:54,15,1,16.6,1.0,40.7,40.5,2,1,1.00,CYCLE,S
IND,208,6411,59438,28/12/2023,13:26:11,15,1,18.1,0.9,137.6,137.4,2,1,1.00,CYCLE,S
IND,208,6411,59437,28/12/2023,13:26:19,15,0,22.4,1.1,143.5,143.4,2,1,1.00,CYCLE,N
IND,208,6411,59438,28/12/2023,13:26:50,15,1,27.0,1.0,39.2,39.0,2,1,1.00,CYCLE,S
IND,208,6411,59437,28/12/2023,13:28:55,15,0,23.8,1.1,156.4,156.2,2,1,1.00,CYCLE,N
IND,208,6411,59438,28/12/2023,13:31:37,15,1,24.3,1.1,286.9,286.7,2,1,1.00,CYCLE,S
IND,208,6411,59438,28/12/2023,13:35:18,15,1,21.3,1.1,220.6,220.4,2,1,1.00,CYCLE,S
IND,208,6411,59437,28/12/2023,13:35:22,15,0,20.2,1.1,155.6,155.4,2,1,1.00,CYCLE,N
IND,208,6411,59437,28/12/2023,13:35:24,15,0,39.4,1.0,1.9,1.7,2,1,1.00,CYCLE,N
IND,208,6411,59437,28/12/2023,13:35:25,15,0,19.2,1.1,0.5,0.4,2,1,1.00,CYCLE,N
IND,208,6411,59438,28/12/2023,13:35:52,15,1,22.9,1.0,34.0,33.8,2,1,1.00,CYCLE,S
IND,208,6411,59437,28/12/2023,13:37:26,15,0,22.9,1.1,121.7,121.5,2,1,1.00,CYCLE,N
IND,208,6411,59437,28/12/2023,13:42:34,15,0,23.4,1.1,223.2,223.1,2,1,1.00,CYCLE,N
IND,208,6411,59438,28/12/2023,13:42:43,15,1,36.0,0.9,411.1,410.9,2,1,1.00,CYCLE,S
IND,208,6411,59437,28/12/2023,13:43:35,15,0,17.2,1.2,60.1,59.9,2,1,1.00,CYCLE,N
IND,208,6411,59438,28/12/2023,13:46:01,15,1,32.2,1.0,197.6,197.5,2,1,1.00,CYCLE,S
IND,208,6411,59438,28/12/2023,13:46:12,15,1,26.2,1.0,11.4,11.3,2,1,1.00,CYCLE,S
IND,208,6411,59437,28/12/2023,13:46:59,15,0,28.0,1.0,204.6,204.4,2,1,1.00,CYCLE,N
IND,208,6411,59437,28/12/2023,13:47:17,15,0,28.9,1.0,18.1,17.9,2,1,1.00,CYCLE,N
IND,208,6411,59438,28/12/2023,13:49:28,15,1,22.7,0.8,39.6,39.6,2,1,1.00,CYCLE,S
IND,208,6411,59438,28/12/2023,13:49:46,15,1,10.6,1.1,18.3,18.2,2,1,1.00,CYCLE,S
IND,208,6411,59438,28/12/2023,13:52:50,15,1,30.3,1.0,183.2,182.8,2,1,1.00,CYCLE,S
IND,208,6411,59438,28/12/2023,13:52:56,15,1,33.0,1.2,6.3,6.2,2,1,1.00,CYCLE,S
IND,208,6411,59437,28/12/2023,13:54:08,15,0,18.8,1.1,72.0,71.5,2,1,1.00,CYCLE,N
IND,208,6411,59438,28/12/2023,13:54:23,15,1,32.5,0.9,87.2,87.1,2,1,1.00,CYCLE,S
IND,208,6411,59438,28/12/2023,13:59:58,15,1,23.6,1.0,335.3,335.2,2,1,1.00,CYCLE,S
IND,208,6411,59437,28/12/2023,14:00:35,15,0,30.2,1.0,386.4,386.2,2,1,1.00,CYCLE,N
IND,208,6411,59437,28/12/2023,14:00:48,15,0,27.0,1.0,13.4,13.2,2,1,1.00,CYCLE,N
IND,208,6411,59438,28/12/2023,14:01:56,15,1,21.5,1.1,117.3,117.1,2,1,1.00,CYCLE,S
IND,208,6411,59437,28/12/2023,14:02:39,15,0,22.7,1.1,111.5,111.4,2,1,1.00,CYCLE,N
IND,208,6411,59438,28/12/2023,14:03:32,15,1,26.1,1.0,95.7,95.6,2,1,1.00,CYCLE,S
IND,208,6411,59437,28/12/2023,14:05:04,15,0,25.8,1.1,145.0,144.8,2,1,1.00,CYCLE,N
IND,208,6411,59438,28/12/2023,14:05:49,15,1,17.0,1.0,137.4,137.2,2,1,1.00,CYCLE,S
IND,208,6411,59438,28/12/2023,14:06:04,15,1,17.3,1.1,14.9,14.7,2,1,1.00,CYCLE,S
IND,208,6411,59438,28/12/2023,14:10:07,15,1,27.3,1.1,122.0,121.8,2,1,1.00,CYCLE,S
IND,208,6411,59438,28/12/2023,14:11:55,15,1,22.3,1.1,107.8,107.7,2,1,1.00,CYCLE,S
IND,208,6411,59437,28/12/2023,14:11:59,15,0,22.4,1.0,414.5,414.3,2,1,1.00,CYCLE,N
IND,208,6411,59437,28/12/2023,14:15:50,15,0,23.8,1.1,231.3,231.1,2,1,1.00,CYCLE,N
IND,208,6411,59437,28/12/2023,14:16:53,15,0,26.4,1.1,35.8,35.6,2,1,1.00,CYCLE,N
IND,208,6411,59437,28/12/2023,14:18:48,15,0,33.7,1.0,115.1,115.0,2,1,1.00,CYCLE,N
IND,208,6411,59438,28/12/2023,14:18:52,15,1,20.1,1.0,417.5,417.3,2,1,1.00,CYCLE,S
IND,208,6411,59437,28/12/2023,14:18:53,15,0,34.8,1.0,5.0,4.9,2,1,1.00,CYCLE,N
IND,208,6411,59437,28/12/2023,14:19:07,15,0,30.6,1.2,14.5,14.4,2,1,1.00,CYCLE,N
IND,208,6411,59437,28/12/2023,14:19:11,15,0,24.9,1.1,3.4,3.2,2,1,1.00,CYCLE,N
IND,208,6411,59438,28/12/2023,14:20:40,15,1,18.8,1.0,107.3,107.1,2,1,1.00,CYCLE,S
IND,208,6411,59437,28/12/2023,14:21:19,15,0,26.8,1.0,128.8,128.7,2,1,1.00,CYCLE,N
IND,208,6411,59437,28/12/2023,14:22:31,15,0,24.0,1.0,71.6,71.4,2,1,1.00,CYCLE,N
IND,208,6411,59437,28/12/2023,14:22:32,15,0,29.9,1.0,1.1,1.0,2,1,1.00,CYCLE,N
IND,208,6411,59437,28/12/2023,14:23:02,15,0,20.8,1.0,30.2,30.1,2,1,1.00,CYCLE,N
IND,208,6411,59437,28/12/2023,14:24:29,15,0,28.4,1.1,87.0,86.8,2,1,1.00,CYCLE,N
IND,208,6411,59438,28/12/2023,14:25:41,15,1,25.2,1.0,301.7,301.5,2,1,1.00,CYCLE,S
IND,208,6411,59438,28/12/2023,14:27:47,15,1,24.4,1.0,65.3,65.1,2,1,1.00,CYCLE,S
IND,208,6411,59437,28/12/2023,14:28:56,15,0,36.1,1.1,261.3,261.1,2,1,1.00,CYCLE,N
IND,208,6411,59438,28/12/2023,14:29:16,15,1,28.2,1.1,89.7,89.5,2,1,1.00,CYCLE,S
IND,208,6411,59437,28/12/2023,14:31:21,15,0,27.0,1.0,144.7,144.6,2,1,1.00,CYCLE,N
IND,208,6411,59438,28/12/2023,14:31:32,15,1,21.3,1.0,135.3,135.2,2,1,1.00,CYCLE,S
IND,208,6411,59438,28/12/2023,14:31:37,15,1,16.4,1.0,5.3,5.1,2,1,1.00,CYCLE,S
IND,208,6411,59438,28/12/2023,14:33:24,15,1,21.5,1.0,107.2,106.9,2,1,1.00,CYCLE,S
IND,208,6411,59438,28/12/2023,14:33:27,15,1,20.9,1.1,3.1,2.9,2,1,1.00,CYCLE,S
IND,208,6411,59437,28/12/2023,14:34:30,15,0,29.5,1.1,0.9,0.7,2,1,1.00,CYCLE,N
IND,208,6411,59438,28/12/2023,14:39:36,15,1,29.2,1.0,368.7,368.5,2,1,1.00,CYCLE,S
IND,208,6411,59437,28/12/2023,14:40:00,15,0,22.8,1.1,167.7,167.2,2,1,1.00,CYCLE,N
IND,208,6411,59438,28/12/2023,14:40:54,15,1,20.9,1.1,77.7,77.6,2,1,1.00,CYCLE,S
IND,208,6411,59437,28/12/2023,14:42:09,15,0,37.2,1.0,129.0,128.8,2,1,1.00,CYCLE,N
IND,208,6411,59438,28/12/2023,14:42:34,15,1,26.5,1.0,99.9,99.7,2,1,1.00,CYCLE,S
IND,208,6411,59437,28/12/2023,14:45:09,15,0,26.4,1.2,3.6,2.9,2,1,1.00,CYCLE,N
IND,208,6411,59437,28/12/2023,14:45:18,15,0,25.1,1.0,8.9,8.7,2,1,1.00,CYCLE,N
IND,208,6411,59437,28/12/2023,14:45:22,15,0,28.9,1.0,4.1,4.0,2,1,1.00,CYCLE,N
IND,208,6411,59438,28/12/2023,14:46:27,15,1,20.3,1.0,233.4,233.2,2,1,1.00,CYCLE,S
IND,208,6411,59438,28/12/2023,14:46:32,15,1,20.7,1.0,4.8,4.6,2,1,1.00,CYCLE,S
IND,208,6411,59437,28/12/2023,14:47:39,15,0,27.2,1.1,137.4,137.2,2,1,1.00,CYCLE,N
IND,208,6411,59438,28/12/2023,14:51:45,15,1,23.1,1.0,313.5,313.3,2,1,1.00,CYCLE,S
IND,208,6411,59437,28/12/2023,14:51:55,15,0,32.8,1.1,256.2,256.1,2,1,1.00,CYCLE,N
IND,208,6411,59438,28/12/2023,14:52:20,15,1,20.4,1.0,34.9,34.7,2,1,1.00,CYCLE,S
IND,208,6411,59438,28/12/2023,14:53:07,15,1,22.9,1.1,47.4,47.2,2,1,1.00,CYCLE,S
IND,208,6411,59437,28/12/2023,14:54:17,15,0,26.1,1.1,141.7,141.6,2,1,1.00,CYCLE,N
IND,208,6411,59438,28/12/2023,15:00:42,15,1,21.8,1.0,325.6,325.4,2,1,1.00,CYCLE,S
IND,208,6411,59437,28/12/2023,15:00:59,15,0,25.5,1.1,75.3,75.0,2,1,1.00,CYCLE,N
IND,208,6411,59437,28/12/2023,15:02:29,15,0,29.0,1.1,10.9,10.4,2,1,1.00,CYCLE,N
IND,208,6411,59437,28/12/2023,15:02:33,15,0,24.5,1.0,3.9,3.8,2,1,1.00,CYCLE,N
IND,208,6411,59438,28/12/2023,15:07:58,15,1,23.5,1.0,436.5,436.4,2,1,1.00,CYCLE,S
IND,208,6411,59438,28/12/2023,15:09:47,15,1,25.0,1.1,109.3,109.1,2,1,1.00,CYCLE,S
IND,208,6411,59437,28/12/2023,15:11:18,15,0,24.8,1.1,93.8,93.3,2,1,1.00,CYCLE,N
IND,208,6411,59438,28/12/2023,15:12:16,15,1,21.4,1.0,148.7,148.6,2,1,1.00,CYCLE,S
IND,208,6411,59438,28/12/2023,15:13:12,15,1,25.5,1.0,55.8,55.6,2,1,1.00,CYCLE,S
IND,208,6411,59437,28/12/2023,15:14:36,15,0,23.9,1.1,9.8,9.4,2,1,1.00,CYCLE,N
IND,208,6411,59438,28/12/2023,15:15:08,15,1,28.2,1.1,115.7,115.5,2,1,1.00,CYCLE,S
IND,208,6411,59438,28/12/2023,15:15:25,15,1,26.7,0.9,17.5,17.4,2,1,1.00,CYCLE,S
IND,208,6411,59437,28/12/2023,15:16:06,15,0,26.3,1.1,89.7,89.5,2,1,1.00,CYCLE,N
IND,208,6411,59437,28/12/2023,15:16:50,15,0,19.6,1.1,44.6,44.5,2,1,1.00,CYCLE,N
IND,208,6411,59438,28/12/2023,15:17:19,15,1,29.6,1.0,113.3,113.2,2,1,1.00,CYCLE,S
IND,208,6411,59438,28/12/2023,15:17:30,15,1,21.8,1.0,11.8,11.7,2,1,1.00,CYCLE,S
IND,208,6411,59437,28/12/2023,15:19:08,15,0,24.3,1.0,137.4,137.2,2,1,1.00,CYCLE,N
IND,208,6411,59437,28/12/2023,15:21:43,15,0,27.9,1.0,67.2,66.2,2,1,1.00,CYCLE,N
IND,208,6411,59437,28/12/2023,15:22:30,15,0,23.1,1.1,47.2,47.0,2,1,1.00,CYCLE,N
IND,208,6411,59437,28/12/2023,15:23:08,15,0,23.7,1.0,37.9,37.7,2,1,1.00,CYCLE,N
IND,208,6411,59438,28/12/2023,15:24:59,15,1,27.1,1.0,448.4,448.2,2,1,1.00,CYCLE,S
IND,208,6411,59438,28/12/2023,15:28:48,15,1,28.0,1.0,229.0,228.9,2,1,1.00,CYCLE,S
IND,208,6411,59437,28/12/2023,15:29:04,15,0,28.2,1.1,154.8,154.7,2,1,1.00,CYCLE,N
IND,208,6411,59437,28/12/2023,15:29:26,15,0,26.6,1.1,22.1,21.9,2,1,1.00,CYCLE,N
IND,208,6411,59437,28/12/2023,15:30:36,15,0,24.9,1.2,70.0,69.9,2,1,1.00,CYCLE,N
IND,208,6411,59438,28/12/2023,15:31:26,15,1,19.2,1.1,158.4,158.3,2,1,1.00,CYCLE,S
IND,208,6411,59437,28/12/2023,15:32:03,15,0,19.4,1.1,87.6,87.5,2,1,1.00,CYCLE,N
IND,208,6411,59438,28/12/2023,15:32:22,15,1,28.5,1.0,56.1,55.9,2,1,1.00,CYCLE,S
IND,208,6411,59437,28/12/2023,15:33:14,15,0,22.4,1.0,70.1,69.9,2,1,1.00,CYCLE,N
IND,208,6411,59437,28/12/2023,15:34:27,15,0,24.3,1.1,73.9,73.7,2,1,1.00,CYCLE,N
IND,208,6411,59437,28/12/2023,15:35:56,15,0,27.8,1.0,88.6,88.5,2,1,1.00,CYCLE,N
IND,208,6411,59437,28/12/2023,15:37:04,15,0,19.6,1.1,45.3,45.0,2,1,1.00,CYCLE,N
IND,208,6411,59438,28/12/2023,15:37:50,15,1,26.4,1.0,328.1,328.0,2,1,1.00,CYCLE,S
IND,208,6411,59437,28/12/2023,15:38:09,15,0,24.4,0.9,65.5,65.3,2,1,1.00,CYCLE,N
IND,208,6411,59437,28/12/2023,15:39:32,15,0,18.5,1.1,82.7,82.6,2,1,1.00,CYCLE,N
IND,208,6411,59438,28/12/2023,15:39:33,15,1,26.6,1.0,102.9,102.8,2,1,1.00,CYCLE,S
IND,208,6411,59438,28/12/2023,15:41:22,15,1,23.5,0.9,108.7,108.6,2,1,1.00,CYCLE,S
IND,208,6411,59437,28/12/2023,15:42:47,15,0,34.4,1.1,194.9,194.7,2,1,1.00,CYCLE,N
IND,208,6411,59438,28/12/2023,15:43:11,15,1,18.5,1.0,108.6,108.4,2,1,1.00,CYCLE,S
IND,208,6411,59437,28/12/2023,15:47:13,15,0,31.3,1.1,265.9,265.8,2,1,1.00,CYCLE,N
IND,208,6411,59437,28/12/2023,15:49:38,15,0,26.8,1.0,145.4,145.5,2,1,0.80,CYCLE,N
IND,208,6411,59437,28/12/2023,15:50:58,15,0,24.1,1.1,80.2,79.8,2,1,1.00,CYCLE,N
IND,208,6411,59437,28/12/2023,15:51:04,15,0,26.4,1.1,5.2,5.0,2,1,1.00,CYCLE,N
IND,208,6411,59437,28/12/2023,15:51:05,15,0,24.1,1.0,1.7,1.6,2,1,1.00,CYCLE,N
IND,208,6411,59438,28/12/2023,15:51:06,15,1,26.4,1.0,356.2,356.0,2,1,1.00,CYCLE,S
IND,208,6411,59437,28/12/2023,15:51:13,15,0,27.1,1.1,7.6,7.4,2,1,1.00,CYCLE,N
IND,208,6411,59437,28/12/2023,15:54:41,15,0,31.7,1.1,207.8,207.7,2,1,1.00,CYCLE,N
IND,208,6411,59437,28/12/2023,15:55:39,15,0,5.8,1.0,58.7,58.5,2,1,0.80,CYCLE,N
IND,208,6411,59437,28/12/2023,15:56:12,15,0,18.6,1.1,32.8,32.2,2,1,1.00,CYCLE,N
IND,208,6411,59438,28/12/2023,15:56:37,15,1,18.0,1.0,331.7,331.5,2,1,1.00,CYCLE,S
IND,208,6411,59437,28/12/2023,15:58:06,15,0,21.2,1.1,16.7,16.5,2,1,1.00,CYCLE,N
IND,208,6411,59437,28/12/2023,15:59:36,15,0,35.5,1.0,90.0,89.8,2,1,1.00,CYCLE,N
IND,208,6411,59437,28/12/2023,16:00:16,15,0,24.8,1.2,39.7,39.6,2,1,1.00,CYCLE,N
IND,208,6411,59438,28/12/2023,16:02:23,15,1,24.2,1.0,345.2,345.0,2,1,1.00,CYCLE,S
IND,208,6411,59437,28/12/2023,16:03:01,15,0,30.9,1.1,54.9,54.4,2,1,1.00,CYCLE,N
IND,208,6411,59437,28/12/2023,16:04:04,15,0,32.5,1.1,63.3,63.2,2,1,1.00,CYCLE,N
IND,208,6411,59437,28/12/2023,16:04:39,15,0,22.7,1.1,35.0,34.9,2,1,1.00,CYCLE,N
IND,208,6411,59438,28/12/2023,16:06:11,15,1,23.1,1.1,228.7,228.6,2,1,1.00,CYCLE,S
IND,208,6411,59437,28/12/2023,16:08:19,15,0,25.1,1.1,144.7,144.4,2,1,1.00,CYCLE,N
IND,208,6411,59438,28/12/2023,16:09:22,15,1,23.6,1.0,190.9,190.8,2,1,1.00,CYCLE,S
IND,208,6411,59438,28/12/2023,16:09:32,15,1,23.8,1.0,9.6,9.4,2,1,1.00,CYCLE,S
IND,208,6411,59437,28/12/2023,16:11:03,15,0,29.0,1.0,164.7,164.7,2,1,0.80,CYCLE,N
IND,208,6411,59438,28/12/2023,16:11:33,15,1,26.3,1.0,121.4,121.2,2,1,1.00,CYCLE,S
IND,208,6411,59438,28/12/2023,16:13:28,15,1,22.9,1.0,115.1,115.0,2,1,1.00,CYCLE,S
IND,208,6411,59438,28/12/2023,16:13:33,15,1,20.8,1.0,4.5,4.3,2,1,1.00,CYCLE,S
IND,208,6411,59437,28/12/2023,16:14:21,15,0,26.7,1.0,192.5,192.2,2,1,0.80,CYCLE,N
IND,208,6411,59437,28/12/2023,16:17:23,15,0,26.1,1.1,127.8,126.0,2,1,1.00,CYCLE,N
IND,208,6411,59437,28/12/2023,16:17:58,15,0,29.4,1.0,34.6,34.4,2,1,1.00,CYCLE,N
IND,208,6411,59437,28/12/2023,16:18:12,15,0,27.5,1.1,14.7,14.5,2,1,1.00,CYCLE,N
IND,208,6411,59437,28/12/2023,16:20:39,15,0,23.3,1.2,146.9,146.8,2,1,1.00,CYCLE,N
IND,208,6411,59438,28/12/2023,16:21:47,15,1,32.6,1.1,493.9,493.8,2,1,1.00,CYCLE,S
IND,208,6411,59437,28/12/2023,16:24:26,15,0,22.8,1.1,27.4,27.0,2,1,1.00,CYCLE,N
IND,208,6411,59437,28/12/2023,16:27:48,15,0,25.9,1.0,153.5,153.1,2,1,1.00,CYCLE,N
IND,208,6411,59437,28/12/2023,16:28:31,15,0,24.2,1.1,2.6,2.0,2,1,1.00,CYCLE,N
IND,208,6411,59437,28/12/2023,16:28:52,15,0,24.3,1.0,20.2,20.0,2,1,1.00,CYCLE,N
IND,208,6411,59438,28/12/2023,16:28:57,15,1,24.1,1.0,430.2,430.0,2,1,1.00,CYCLE,S
IND,208,6411,59437,28/12/2023,16:29:20,15,0,24.7,1.0,28.3,28.4,2,1,0.80,CYCLE,N
IND,208,6411,59437,28/12/2023,16:29:43,15,0,22.9,1.1,22.9,22.5,2,1,1.00,CYCLE,N
IND,208,6411,59437,28/12/2023,16:29:45,15,0,22.5,1.1,2.4,1.3,2,1,1.00,CYCLE,N
IND,208,6411,59437,28/12/2023,16:30:58,15,0,27.6,1.0,14.7,14.5,2,1,0.80,CYCLE,N
IND,208,6411,59437,28/12/2023,16:32:03,15,0,24.6,1.0,64.9,64.7,2,1,0.80,CYCLE,N
IND,208,6411,59437,28/12/2023,16:35:44,15,0,32.2,1.0,118.7,118.1,2,1,1.00,CYCLE,N
IND,208,6411,59438,28/12/2023,16:36:05,15,1,29.2,1.0,402.8,402.3,2,1,1.00,CYCLE,S
IND,208,6411,59437,28/12/2023,16:36:07,15,0,22.1,1.0,22.6,22.5,2,1,1.00,CYCLE,N
IND,208,6411,59438,28/12/2023,16:40:51,15,1,25.1,1.1,286.4,286.2,2,1,1.00,CYCLE,S
IND,208,6411,59438,28/12/2023,16:43:41,15,1,19.4,1.1,170.3,170.1,2,1,1.00,CYCLE,S
IND,208,6411,59437,28/12/2023,16:43:42,15,0,28.6,1.1,61.7,59.9,2,1,1.00,CYCLE,N
IND,208,6411,59437,28/12/2023,16:44:12,15,0,18.8,1.0,29.5,29.4,2,1,1.00,CYCLE,N
IND,208,6411,59437,28/12/2023,16:44:14,15,0,26.7,1.1,2.6,2.4,2,1,1.00,CYCLE,N
IND,208,6411,59437,28/12/2023,16:45:30,15,0,25.6,1.0,75.6,75.4,2,1,1.00,CYCLE,N
IND,208,6411,59437,28/12/2023,16:46:09,15,0,19.8,1.1,32.0,31.9,2,1,1.00,CYCLE,N
IND,208,6411,59438,28/12/2023,16:47:11,15,1,18.8,0.9,210.1,210.0,2,1,1.00,CYCLE,S
IND,208,6411,59437,28/12/2023,16:52:22,15,0,25.6,1.0,281.4,280.9,2,1,1.00,CYCLE,N
IND,208,6411,59438,28/12/2023,16:52:57,15,1,26.1,0.9,345.5,345.3,2,1,1.00,CYCLE,S
IND,208,6411,59437,28/12/2023,16:53:28,15,0,27.9,1.1,2.8,2.4,2,1,1.00,CYCLE,N
IND,208,6411,59438,28/12/2023,16:56:25,15,1,27.1,1.1,207.8,207.7,2,1,1.00,CYCLE,S
IND,208,6411,59438,28/12/2023,17:03:52,15,1,24.9,1.1,447.0,446.9,2,1,1.00,CYCLE,S
IND,208,6411,59437,28/12/2023,17:06:32,15,0,21.8,1.1,783.1,782.9,2,1,1.00,CYCLE,N
IND,208,6411,59437,28/12/2023,17:06:51,15,0,23.5,1.0,19.2,19.0,2,1,1.00,CYCLE,N
IND,208,6411,59438,28/12/2023,17:07:07,15,1,30.6,0.9,195.1,194.9,2,1,1.00,CYCLE,S
IND,208,6411,59437,28/12/2023,17:10:03,15,0,24.3,1.1,192.5,192.4,2,1,1.00,CYCLE,N
IND,208,6411,59437,28/12/2023,17:13:45,15,0,24.1,1.0,19.7,19.2,2,1,1.00,CYCLE,N
IND,208,6411,59438,28/12/2023,17:16:49,15,1,23.2,1.1,582.4,582.3,2,1,1.00,CYCLE,S
IND,208,6411,59438,28/12/2023,17:18:51,15,1,21.3,1.1,25.3,25.1,2,1,1.00,CYCLE,S
IND,208,6411,59437,28/12/2023,17:19:54,15,0,28.2,1.0,369.2,369.0,2,1,1.00,CYCLE,N
IND,208,6411,59437,28/12/2023,17:21:03,15,0,15.5,0.9,69.4,69.2,2,1,1.00,CYCLE,N
IND,208,6411,59437,28/12/2023,17:23:25,15,0,25.4,1.2,142.1,141.9,2,1,1.00,CYCLE,N
IND,208,6411,59438,28/12/2023,17:24:58,15,1,25.9,1.0,367.8,367.6,2,1,0.80,CYCLE,S
IND,208,6411,59438,28/12/2023,17:24:58,15,1,25.9,1.0,0.0,0.0,2,1,0.80,CYCLE,S
IND,208,6411,59437,28/12/2023,17:29:01,15,0,29.6,1.0,335.3,335.3,2,1,0.80,CYCLE,N
IND,208,6411,59438,28/12/2023,17:30:05,15,1,25.3,1.0,306.8,306.6,2,1,1.00,CYCLE,S
IND,208,6411,59437,28/12/2023,17:30:45,15,0,23.4,1.1,93.3,92.8,2,1,1.00,CYCLE,N
IND,208,6411,59438,28/12/2023,17:33:09,15,1,23.3,1.0,183.7,183.5,2,1,1.00,CYCLE,S
IND,208,6411,59437,28/12/2023,17:34:15,15,0,26.9,1.1,9.7,9.3,2,1,1.00,CYCLE,N
IND,208,6411,59437,28/12/2023,17:35:16,15,0,25.9,1.0,45.5,45.0,2,1,1.00,CYCLE,N
IND,208,6411,59438,28/12/2023,17:36:35,15,1,26.5,1.0,205.7,205.6,2,1,1.00,CYCLE,S
IND,208,6411,59438,28/12/2023,17:45:26,15,1,18.7,1.0,531.1,531.0,2,1,0.73,CYCLE,S
IND,208,6411,59438,28/12/2023,17:45:26,15,1,18.7,1.0,0.0,0.0,2,1,0.73,CYCLE,S
IND,208,6411,59437,28/12/2023,17:47:16,15,0,27.8,1.0,35.8,35.3,2,1,1.00,CYCLE,N
IND,208,6411,59437,28/12/2023,17:52:47,15,0,24.9,1.1,134.2,134.0,2,1,1.00,CYCLE,N
IND,208,6411,59438,28/12/2023,17:53:13,15,1,19.6,1.0,79.3,79.3,2,1,1.00,CYCLE,S
IND,208,6411,59437,28/12/2023,17:57:20,15,0,24.5,1.1,249.8,248.7,2,1,1.00,CYCLE,N
IND,208,6411,59437,28/12/2023,17:57:20,15,0,24.9,1.0,0.3,0.5,2,1,0.80,CYCLE,N
IND,208,6411,59437,28/12/2023,17:57:49,15,0,27.9,1.0,28.9,28.4,2,1,1.00,CYCLE,N
IND,208,6411,59438,28/12/2023,17:59:17,15,1,25.1,1.1,302.4,302.2,2,1,1.00,CYCLE,S
IND,208,6411,59437,28/12/2023,18:01:23,15,0,26.7,1.0,133.1,132.0,2,1,1.00,CYCLE,N
IND,208,6411,59437,28/12/2023,18:01:40,15,0,19.3,1.1,16.7,16.6,2,1,1.00,CYCLE,N
IND,208,6411,59437,28/12/2023,18:02:18,15,0,25.0,1.0,37.8,37.6,2,1,1.00,CYCLE,N
IND,208,6411,59438,28/12/2023,18:05:27,15,1,16.5,1.0,370.2,370.1,2,1,1.00,CYCLE,S
IND,208,6411,59437,28/12/2023,18:09:40,15,0,27.4,1.0,442.7,442.6,2,1,1.00,CYCLE,N
IND,208,6411,59437,28/12/2023,18:10:59,15,0,17.4,0.9,39.0,38.6,2,1,1.00,CYCLE,N
IND,208,6411,59438,28/12/2023,18:16:21,15,1,27.3,1.0,653.8,653.6,2,1,1.00,CYCLE,S
IND,208,6411,59437,28/12/2023,18:17:03,15,0,18.7,1.1,135.8,135.4,2,1,1.00,CYCLE,N
IND,208,6411,59438,28/12/2023,18:18:02,15,1,18.0,1.0,101.4,101.3,2,1,1.00,CYCLE,S
IND,208,6411,59437,28/12/2023,18:24:49,15,0,23.8,1.0,88.1,86.8,2,1,1.00,CYCLE,N
IND,208,6411,59438,28/12/2023,18:34:45,15,1,23.9,1.0,1003.3,1003.1,2,1,1.00,CYCLE,S
IND,208,6411,59437,28/12/2023,18:36:15,15,0,23.5,1.1,235.3,234.8,2,1,1.00,CYCLE,N
IND,208,6411,59438,28/12/2023,18:39:00,15,1,24.5,1.1,254.9,254.7,2,1,1.00,CYCLE,S
IND,208,6411,59438,28/12/2023,18:40:09,15,1,24.8,1.0,68.3,68.1,2,1,1.00,CYCLE,S
IND,208,6411,59437,28/12/2023,18:40:31,15,0,31.0,1.0,182.3,181.9,2,1,0.80,CYCLE,N
IND,208,6411,59437,28/12/2023,18:42:25,15,0,28.2,1.0,114.3,114.2,2,1,0.80,CYCLE,N
IND,208,6411,59437,28/12/2023,18:42:29,15,0,23.8,1.1,3.7,3.4,2,1,1.00,CYCLE,N
IND,208,6411,59438,28/12/2023,18:45:09,15,1,19.6,1.0,300.9,300.7,2,1,1.00,CYCLE,S
IND,208,6411,59437,28/12/2023,18:50:58,15,0,19.5,1.1,39.9,39.4,2,1,1.00,CYCLE,N
IND,208,6411,59438,28/12/2023,19:05:55,15,1,16.2,1.0,1245.3,1245.1,2,1,1.00,CYCLE,S
IND,208,6411,59438,28/12/2023,19:08:03,15,1,22.3,1.0,128.8,128.5,2,1,1.00,CYCLE,S
IND,208,6411,59437,28/12/2023,19:18:24,15,0,27.1,1.0,137.2,137.0,2,1,1.00,CYCLE,N
IND,208,6411,59438,28/12/2023,19:28:33,15,1,23.1,1.1,1229.3,1229.1,2,1,1.00,CYCLE,S
IND,208,6411,59438,28/12/2023,19:34:04,15,1,19.8,1.0,330.9,330.7,2,1,1.00,CYCLE,S
IND,208,6411,59438,28/12/2023,19:34:32,15,1,21.3,1.1,28.1,27.9,2,1,1.00,CYCLE,S
IND,208,6411,59438,28/12/2023,19:34:58,15,1,23.9,0.9,26.3,26.1,2,1,1.00,CYCLE,S
IND,208,6411,59438,28/12/2023,19:35:25,15,1,14.9,1.1,27.2,27.0,2,1,1.00,CYCLE,S
IND,208,6411,59438,28/12/2023,19:39:02,15,1,23.4,1.0,217.2,217.0,2,1,1.00,CYCLE,S
IND,208,6411,59437,28/12/2023,19:41:21,15,0,23.4,1.1,249.1,249.0,2,1,1.00,CYCLE,N
IND,208,6411,59438,28/12/2023,19:45:29,15,1,23.5,1.1,386.9,386.7,2,1,1.00,CYCLE,S
IND,208,6411,59437,28/12/2023,19:49:46,15,0,27.3,1.0,504.7,504.5,2,1,1.00,CYCLE,N
IND,208,6411,59437,28/12/2023,19:52:52,15,0,22.2,1.1,186.1,186.0,2,1,1.00,CYCLE,N
IND,208,6411,59437,28/12/2023,19:56:42,15,0,29.2,1.1,130.1,130.0,2,1,1.00,CYCLE,N
IND,208,6411,59437,28/12/2023,20:03:20,15,0,23.9,1.0,165.1,165.0,2,1,1.00,CYCLE,N
IND,208,6411,59437,28/12/2023,20:03:53,15,0,19.6,1.0,33.0,32.8,2,1,1.00,CYCLE,N
IND,208,6411,59438,28/12/2023,20:04:49,15,1,16.0,1.1,1159.8,1159.6,2,1,1.00,CYCLE,S
IND,208,6411,59438,28/12/2023,20:06:56,15,1,31.7,1.0,126.7,126.5,2,1,1.00,CYCLE,S
IND,208,6411,59437,28/12/2023,20:07:17,15,0,32.8,1.0,203.8,203.6,2,1,1.00,CYCLE,N
IND,208,6411,59437,28/12/2023,20:10:13,15,0,20.7,1.1,49.8,49.7,2,1,1.00,CYCLE,N
IND,208,6411,59438,28/12/2023,20:18:44,15,1,20.9,1.0,707.8,707.7,2,1,1.00,CYCLE,S
IND,208,6411,59437,28/12/2023,20:21:25,15,0,21.2,1.1,671.8,671.6,2,1,1.00,CYCLE,N
IND,208,6411,59437,28/12/2023,20:21:25,15,0,21.4,1.0,0.3,0.1,2,1,1.00,CYCLE,N
IND,208,6411,59437,28/12/2023,20:21:27,15,0,26.4,0.8,1.6,1.4,2,1,1.00,CYCLE,N
IND,208,6411,59437,28/12/2023,20:25:44,15,0,26.0,1.2,256.6,256.5,2,1,1.00,CYCLE,N
IND,208,6411,59438,28/12/2023,20:26:02,15,1,14.5,1.0,438.4,438.2,2,1,1.00,CYCLE,S
IND,208,6411,59437,28/12/2023,20:33:00,15,0,28.7,1.0,436.8,436.7,2,1,1.00,CYCLE,N
IND,208,6411,59437,28/12/2023,20:33:14,15,0,27.6,1.0,13.2,13.1,2,1,1.00,CYCLE,N
IND,208,6411,59437,28/12/2023,20:33:14,15,0,24.6,1.1,0.5,0.4,2,1,1.00,CYCLE,N
IND,208,6411,59437,28/12/2023,20:33:34,15,0,34.1,1.1,19.4,19.2,2,1,1.00,CYCLE,N
IND,208,6411,59437,28/12/2023,20:35:25,15,0,30.4,1.1,111.3,111.2,2,1,1.00,CYCLE,N
IND,208,6411,59437,28/12/2023,20:36:35,15,0,21.9,1.0,69.7,69.5,2,1,1.00,CYCLE,N
IND,208,6411,59437,28/12/2023,20:40:01,15,0,30.2,1.1,206.2,206.0,2,1,1.00,CYCLE,N
IND,208,6411,59438,28/12/2023,20:41:58,15,1,19.9,1.0,955.6,955.4,2,1,1.00,CYCLE,S
IND,208,6411,59437,28/12/2023,20:50:07,15,0,27.3,1.1,606.2,606.1,2,1,1.00,CYCLE,N
IND,208,6411,59437,28/12/2023,20:50:09,15,0,21.3,1.1,2.2,2.0,2,1,1.00,CYCLE,N
IND,208,6411,59437,28/12/2023,20:53:15,15,0,27.3,1.1,185.4,185.2,2,1,1.00,CYCLE,N
IND,208,6411,59437,28/12/2023,21:02:01,15,0,25.6,1.1,526.8,526.7,2,1,1.00,CYCLE,N
IND,208,6411,59438,28/12/2023,21:07:30,15,1,26.3,1.0,1532.1,1531.9,2,1,1.00,CYCLE,S
IND,208,6411,59438,28/12/2023,21:10:38,15,1,26.5,1.0,188.1,188.0,2,1,1.00,CYCLE,S
IND,208,6411,59437,28/12/2023,21:40:01,15,0,24.0,1.0,2279.4,2279.2,2,1,1.00,CYCLE,N
IND,208,6411,59437,28/12/2023,21:42:24,15,0,19.5,1.1,143.3,143.1,2,1,1.00,CYCLE,N
IND,208,6411,59437,28/12/2023,21:44:43,15,0,28.6,1.0,139.0,138.8,2,1,1.00,CYCLE,N
IND,208,6411,59437,28/12/2023,21:46:57,15,0,28.2,1.0,134.2,134.1,2,1,1.00,CYCLE,N
IND,208,6411,59438,28/12/2023,21:47:14,15,1,19.7,1.0,2196.2,2196.1,2,1,1.00,CYCLE,S
IND,208,6411,59438,28/12/2023,21:47:14,15,1,19.7,1.0,0.0,0.0,2,1,1.00,CYCLE,S
IND,208,6411,59437,28/12/2023,21:48:05,15,0,26.4,1.1,67.7,67.6,2,1,1.00,CYCLE,N
IND,208,6411,59437,28/12/2023,21:54:55,15,0,27.5,1.0,409.4,409.3,2,1,1.00,CYCLE,N
IND,208,6411,59437,28/12/2023,21:56:24,15,0,29.7,1.0,89.5,89.3,2,1,1.00,CYCLE,N
IND,208,6411,59437,28/12/2023,21:56:40,15,0,21.4,1.0,16.2,16.1,2,1,1.00,CYCLE,N
IND,208,6411,59438,28/12/2023,22:02:55,15,1,29.1,1.0,940.7,940.4,2,1,1.00,CYCLE,S
IND,208,6411,59437,28/12/2023,22:09:30,15,0,22.4,1.0,769.5,769.4,2,1,1.00,CYCLE,N
IND,208,6411,59438,28/12/2023,22:11:44,15,1,25.2,1.0,528.8,528.7,2,1,1.00,CYCLE,S
IND,208,6411,59438,28/12/2023,22:11:44,15,1,25.2,1.0,0.0,0.0,2,1,1.00,CYCLE,S
IND,208,6411,59437,28/12/2023,22:17:45,15,0,35.7,1.1,495.5,495.4,2,1,1.00,CYCLE,N
IND,208,6411,59438,28/12/2023,22:23:50,15,1,22.9,1.0,725.9,725.7,2,1,1.00,CYCLE,S
IND,208,6411,59437,28/12/2023,22:31:46,15,0,23.5,1.0,363.0,362.8,2,1,1.00,CYCLE,N
IND,208,6411,59438,28/12/2023,22:42:31,15,1,21.9,1.0,1121.0,1120.8,2,1,1.00,CYCLE,S
IND,208,6411,59438,28/12/2023,22:42:32,15,1,18.4,1.0,1.6,1.4,2,1,1.00,CYCLE,S
IND,208,6411,59437,28/12/2023,22:54:49,15,0,26.5,1.0,1383.6,1383.4,2,1,1.00,CYCLE,N
IND,208,6411,59437,28/12/2023,22:54:49,15,0,26.5,1.0,0.0,0.0,2,1,1.00,CYCLE,N
IND,208,6411,59438,28/12/2023,22:55:34,15,1,26.6,1.1,782.0,781.8,2,1,1.00,CYCLE,S
IND,208,6411,59437,28/12/2023,23:06:32,15,0,20.3,1.1,702.6,702.3,2,1,1.00,CYCLE,N
IND,208,6411,59437,28/12/2023,23:08:41,15,0,27.9,1.2,129.6,129.4,2,1,1.00,CYCLE,N
IND,208,6411,59437,28/12/2023,23:09:36,15,0,28.1,1.0,55.2,55.0,2,1,1.00,CYCLE,N
IND,208,6411,59437,28/12/2023,23:22:59,15,0,24.0,1.0,802.5,802.3,2,1,0.86,CYCLE,N
IND,208,6411,59437,28/12/2023,23:29:23,15,0,29.3,1.0,384.1,383.9,2,1,1.00,CYCLE,N
IND,208,6411,59437,28/12/2023,23:37:32,15,0,23.0,1.1,488.9,488.8,2,1,1.00,CYCLE,N
IND,208,6411,59437,29/12/2023,00:01:03,15,0,20.8,1.1,1411.3,1411.1,2,1,1.00,CYCLE,N
IND,208,6411,59437,29/12/2023,00:10:29,15,0,20.3,1.1,565.6,565.5,2,1,1.00,CYCLE,N
IND,208,6411,59438,29/12/2023,00:17:02,15,1,26.4,1.1,4888.3,4888.2,2,1,1.00,CYCLE,S
IND,208,6411,59438,29/12/2023,00:19:06,15,1,23.6,1.1,123.3,123.1,2,1,1.00,CYCLE,S
IND,208,6411,59437,29/12/2023,00:23:35,15,0,28.4,1.1,347.9,347.7,2,1,1.00,CYCLE,N
IND,208,6411,59437,29/12/2023,00:24:32,15,0,30.9,1.1,56.3,56.2,2,1,1.00,CYCLE,N
IND,208,6411,59437,29/12/2023,01:05:18,15,0,25.2,1.1,2446.6,2446.5,2,1,1.00,CYCLE,N
IND,208,6411,59437,29/12/2023,03:29:56,15,0,38.5,1.2,8677.6,8677.4,2,1,1.00,CYCLE,N
IND,208,6411,59437,29/12/2023,04:21:39,15,0,29.8,1.1,3103.0,3102.9,2,1,1.00,CYCLE,N
IND,208,6411,59437,29/12/2023,04:21:41,15,0,31.5,1.2,1.6,1.5,2,1,1.00,CYCLE,N
IND,208,6411,59438,29/12/2023,04:26:51,15,1,26.9,1.2,14864.8,14864.7,2,1,1.00,CYCLE,S
IND,208,6411,59438,29/12/2023,04:39:25,15,1,25.7,1.0,527.2,527.1,2,1,1.00,CYCLE,S
IND,208,6411,59437,29/12/2023,04:39:28,15,0,35.5,1.1,1067.7,1067.6,2,1,1.00,CYCLE,N
IND,208,6411,59438,29/12/2023,04:40:14,15,1,26.4,1.0,49.0,48.8,2,1,1.00,CYCLE,S
IND,208,6411,59437,29/12/2023,04:41:46,15,0,19.0,1.1,137.4,137.3,2,1,1.00,CYCLE,N
IND,208,6411,59438,29/12/2023,04:44:20,15,1,32.9,1.0,245.7,245.6,2,1,1.00,CYCLE,S
IND,208,6411,59438,29/12/2023,04:51:51,15,1,23.4,1.0,451.3,451.2,2,1,1.00,CYCLE,S
IND,208,6411,59438,29/12/2023,04:53:59,15,1,24.6,1.1,127.6,127.5,2,1,1.00,CYCLE,S
IND,208,6411,59438,29/12/2023,04:54:17,15,1,34.1,1.0,18.6,18.4,2,1,1.00,CYCLE,S
IND,208,6411,59438,29/12/2023,05:03:55,15,1,33.7,1.0,577.7,577.6,2,1,1.00,CYCLE,S
IND,208,6411,59437,29/12/2023,05:05:23,15,0,20.1,1.1,729.8,729.7,2,1,1.00,CYCLE,N
IND,208,6411,59438,29/12/2023,05:06:36,15,1,35.0,1.0,161.3,161.2,2,1,1.00,CYCLE,S
IND,208,6411,59438,29/12/2023,05:07:26,15,1,28.7,1.1,50.0,49.9,2,1,1.00,CYCLE,S
IND,208,6411,59438,29/12/2023,05:08:47,15,1,29.0,1.0,80.2,80.1,2,1,1.00,CYCLE,S
IND,208,6411,59438,29/12/2023,05:08:49,15,1,29.6,1.0,2.5,2.4,2,1,1.00,CYCLE,S
IND,208,6411,59438,29/12/2023,05:19:50,15,1,23.4,1.1,661.3,661.2,2,1,1.00,CYCLE,S
IND,208,6411,59437,29/12/2023,05:20:04,15,0,19.7,1.0,881.4,881.3,2,1,1.00,CYCLE,N
IND,208,6411,59438,29/12/2023,05:20:20,15,1,24.0,1.0,29.9,29.7,2,1,1.00,CYCLE,S
IND,208,6411,59438,29/12/2023,05:20:57,15,1,37.3,1.1,37.0,36.9,2,1,1.00,CYCLE,S
IND,208,6411,59438,29/12/2023,05:21:02,15,1,32.7,1.0,5.0,4.9,2,1,1.00,CYCLE,S
IND,208,6411,59438,29/12/2023,05:25:53,15,1,22.1,1.0,290.3,290.2,2,1,1.00,CYCLE,S
IND,208,6411,59438,29/12/2023,05:28:11,15,1,26.0,1.0,138.0,137.9,2,1,1.00,CYCLE,S
IND,208,6411,59438,29/12/2023,05:31:44,15,1,28.3,1.0,213.6,213.4,2,1,1.00,CYCLE,S
IND,208,6411,59438,29/12/2023,05:31:59,15,1,22.2,1.1,14.9,14.8,2,1,1.00,CYCLE,S
IND,208,6411,59438,29/12/2023,05:33:24,15,1,24.1,1.1,85.2,85.0,2,1,1.00,CYCLE,S
IND,208,6411,59438,29/12/2023,05:34:14,15,1,31.2,1.0,50.2,50.0,2,1,1.00,CYCLE,S
IND,208,6411,59438,29/12/2023,05:34:47,15,1,21.5,1.1,32.8,32.7,2,1,1.00,CYCLE,S
IND,208,6411,59438,29/12/2023,05:35:27,15,1,25.5,1.2,40.2,40.0,2,1,1.00,CYCLE,S
IND,208,6411,59438,29/12/2023,05:36:26,15,1,26.0,1.1,58.2,58.0,2,1,1.00,CYCLE,S
IND,208,6411,59437,29/12/2023,05:36:35,15,0,27.5,1.0,990.3,990.1,2,1,1.00,CYCLE,N
IND,208,6411,59438,29/12/2023,05:37:47,15,1,27.8,1.0,81.1,81.0,2,1,1.00,CYCLE,S
IND,208,6411,59438,29/12/2023,05:39:13,15,1,27.1,1.1,86.6,86.5,2,1,1.00,CYCLE,S
IND,208,6411,59438,29/12/2023,05:43:55,15,1,29.2,1.0,281.4,281.2,2,1,1.00,CYCLE,S
IND,208,6411,59438,29/12/2023,05:47:57,15,1,26.2,1.1,241.9,241.8,2,1,1.00,CYCLE,S
IND,208,6411,59438,29/12/2023,05:48:21,15,1,29.1,1.0,24.3,24.2,2,1,1.00,CYCLE,S
IND,208,6411,59438,29/12/2023,05:55:24,15,1,30.2,0.9,422.6,422.5,2,1,1.00,CYCLE,S
IND,208,6411,59438,29/12/2023,05:56:37,15,1,30.3,1.0,73.1,73.0,2,1,1.00,CYCLE,S
IND,208,6411,59438,29/12/2023,05:57:31,15,1,24.6,1.1,54.8,54.7,2,1,1.00,CYCLE,S
IND,208,6411,59438,29/12/2023,06:01:55,15,1,28.2,1.0,263.2,263.0,2,1,1.00,CYCLE,S
IND,208,6411,59438,29/12/2023,06:02:48,15,1,24.7,1.0,53.3,53.1,2,1,1.00,CYCLE,S
IND,208,6411,59438,29/12/2023,06:04:46,15,1,24.6,1.2,118.6,118.4,2,1,1.00,CYCLE,S
IND,208,6411,59437,29/12/2023,06:06:42,15,0,26.0,1.0,1807.9,1807.8,2,1,1.00,CYCLE,N
IND,208,6411,59438,29/12/2023,06:08:50,15,1,25.8,1.0,243.7,243.5,2,1,1.00,CYCLE,S
IND,208,6411,59438,29/12/2023,06:09:51,15,1,32.5,1.0,61.2,61.0,2,1,1.00,CYCLE,S
IND,208,6411,59438,29/12/2023,06:09:52,15,1,32.8,1.0,0.5,0.4,2,1,1.00,CYCLE,S
IND,208,6411,59438,29/12/2023,06:09:53,15,1,35.6,1.0,1.5,1.4,2,1,1.00,CYCLE,S
IND,208,6411,59438,29/12/2023,06:11:15,15,1,22.4,1.1,81.4,81.3,2,1,1.00,CYCLE,S
IND,208,6411,59438,29/12/2023,06:14:07,15,1,26.6,1.2,172.0,171.9,2,1,1.00,CYCLE,S
IND,208,6411,59438,29/12/2023,06:16:44,15,1,27.3,1.0,157.0,156.8,2,1,1.00,CYCLE,S
IND,208,6411,59438,29/12/2023,06:17:42,15,1,31.8,1.0,58.0,57.8,2,1,1.00,CYCLE,S
IND,208,6411,59438,29/12/2023,06:17:42,15,1,30.9,0.9,0.5,0.4,2,1,1.00,CYCLE,S
IND,208,6411,59438,29/12/2023,06:17:43,15,1,31.4,1.0,0.4,0.3,2,1,1.00,CYCLE,S
IND,208,6411,59438,29/12/2023,06:23:42,15,1,24.3,1.0,265.9,265.7,2,1,1.00,CYCLE,S
IND,208,6411,59437,29/12/2023,06:24:17,15,0,26.5,1.1,1054.9,1054.8,2,1,1.00,CYCLE,N
IND,208,6411,59438,29/12/2023,06:26:23,15,1,32.3,0.9,161.2,161.1,2,1,1.00,CYCLE,S
IND,208,6411,59438,29/12/2023,06:31:00,15,1,26.8,1.0,276.4,276.3,2,1,1.00,CYCLE,S
IND,208,6411,59437,29/12/2023,06:31:08,15,0,26.3,1.0,410.5,410.3,2,1,1.00,CYCLE,N
IND,208,6411,59438,29/12/2023,06:32:33,15,1,24.2,1.0,92.7,92.6,2,1,1.00,CYCLE,S
IND,208,6411,59438,29/12/2023,06:34:15,15,1,31.9,1.0,102.5,102.3,2,1,1.00,CYCLE,S
IND,208,6411,59438,29/12/2023,06:35:31,15,1,24.4,1.0,75.7,75.6,2,1,1.00,CYCLE,S
IND,208,6411,59438,29/12/2023,06:35:53,15,1,21.5,1.0,22.2,22.0,2,1,1.00,CYCLE,S
IND,208,6411,59438,29/12/2023,06:36:36,15,1,31.2,1.0,43.2,43.0,2,1,1.00,CYCLE,S
IND,208,6411,59438,29/12/2023,06:40:54,15,1,23.4,0.9,158.8,158.6,2,1,1.00,CYCLE,S
IND,208,6411,59437,29/12/2023,06:43:38,15,0,23.6,1.1,750.6,750.5,2,1,1.00,CYCLE,N
IND,208,6411,59438,29/12/2023,06:44:20,15,1,30.9,1.0,205.4,205.2,2,1,1.00,CYCLE,S
IND,208,6411,59438,29/12/2023,06:45:06,15,1,13.3,1.0,46.2,46.0,2,1,1.00,CYCLE,S
IND,208,6411,59438,29/12/2023,06:45:27,15,1,20.6,1.0,21.4,21.2,2,1,1.00,CYCLE,S
IND,208,6411,59438,29/12/2023,06:45:29,15,1,21.1,1.0,1.5,1.4,2,1,1.00,CYCLE,S
IND,208,6411,59438,29/12/2023,06:47:04,15,1,29.8,0.9,95.2,95.0,2,1,1.00,CYCLE,S
IND,208,6411,59438,29/12/2023,06:47:31,15,1,25.9,1.0,26.9,26.8,2,1,1.00,CYCLE,S
IND,208,6411,59438,29/12/2023,06:48:54,15,1,23.7,1.1,83.6,83.4,2,1,1.00,CYCLE,S
IND,208,6411,59437,29/12/2023,06:52:29,15,0,31.4,1.1,530.8,530.6,2,1,1.00,CYCLE,N
IND,208,6411,59437,29/12/2023,06:53:33,15,0,26.4,1.0,63.5,63.4,2,1,1.00,CYCLE,N
IND,208,6411,59438,29/12/2023,06:53:49,15,1,30.0,1.0,295.0,294.8,2,1,1.00,CYCLE,S
IND,208,6411,59438,29/12/2023,06:53:58,15,1,28.4,1.0,8.8,8.7,2,1,1.00,CYCLE,S
IND,208,6411,59438,29/12/2023,06:53:59,15,1,30.4,1.1,1.1,1.0,2,1,1.00,CYCLE,S
IND,208,6411,59438,29/12/2023,06:56:36,15,1,2.1,0.3,156.7,156.6,2,1,0.80,CYCLE,S
IND,208,6411,59438,29/12/2023,06:57:58,15,1,25.2,1.1,82.2,81.9,2,1,1.00,CYCLE,S
IND,208,6411,59437,29/12/2023,06:58:22,15,0,25.7,1.1,289.7,289.6,2,1,1.00,CYCLE,N
IND,208,6411,59438,29/12/2023,06:58:24,15,1,21.0,1.1,25.3,25.1,2,1,1.00,CYCLE,S
IND,208,6411,59438,29/12/2023,06:59:28,15,1,26.2,1.1,64.3,64.1,2,1,1.00,CYCLE,S
IND,208,6411,59438,29/12/2023,06:59:33,15,1,27.5,1.0,5.2,5.0,2,1,1.00,CYCLE,S
IND,208,6411,59438,29/12/2023,07:01:02,15,1,21.0,1.1,89.1,89.0,2,1,1.00,CYCLE,S
IND,208,6411,59438,29/12/2023,07:01:08,15,1,22.9,1.0,6.0,5.8,2,1,1.00,CYCLE,S
IND,208,6411,59438,29/12/2023,07:01:23,15,1,27.3,0.9,15.1,15.0,2,1,1.00,CYCLE,S
IND,208,6411,59438,29/12/2023,07:01:54,15,1,22.0,1.0,30.6,30.5,2,1,1.00,CYCLE,S
IND,208,6411,59437,29/12/2023,07:02:12,15,0,28.1,1.0,229.2,229.0,2,1,1.00,CYCLE,N
IND,208,6411,59438,29/12/2023,07:03:51,15,1,26.3,0.9,117.0,116.8,2,1,1.00,CYCLE,S
IND,208,6411,59438,29/12/2023,07:09:31,15,1,21.0,1.0,340.0,339.8,2,1,1.00,CYCLE,S
IND,208,6411,59438,29/12/2023,07:10:46,15,1,21.5,1.1,75.4,75.2,2,1,1.00,CYCLE,S
IND,208,6411,59438,29/12/2023,07:10:48,15,1,29.7,1.0,1.7,1.5,2,1,1.00,CYCLE,S
IND,208,6411,59438,29/12/2023,07:10:52,15,1,27.1,1.0,4.6,4.5,2,1,1.00,CYCLE,S
IND,208,6411,59438,29/12/2023,07:11:30,15,1,31.2,0.9,37.3,37.1,2,1,1.00,CYCLE,S
IND,208,6411,59437,29/12/2023,07:11:48,15,0,3.9,1.1,576.0,575.9,2,1,0.80,CYCLE,N
IND,208,6411,59438,29/12/2023,07:12:48,15,1,30.7,1.0,78.1,78.0,2,1,1.00,CYCLE,S
IND,208,6411,59437,29/12/2023,07:17:25,15,0,34.4,1.1,337.8,337.7,2,1,1.00,CYCLE,N
IND,208,6411,59438,29/12/2023,07:18:34,15,1,20.8,1.1,346.3,346.2,2,1,1.00,CYCLE,S
IND,208,6411,59438,29/12/2023,07:19:32,15,1,25.5,1.0,58.3,58.1,2,1,1.00,CYCLE,S
IND,208,6411,59438,29/12/2023,07:19:38,15,1,24.4,1.1,5.9,5.8,2,1,1.00,CYCLE,S
IND,208,6411,59438,29/12/2023,07:19:39,15,1,23.6,1.0,1.0,0.8,2,1,1.00,CYCLE,S
IND,208,6411,59438,29/12/2023,07:21:07,15,1,29.7,1.0,88.0,87.8,2,1,1.00,CYCLE,S
IND,208,6411,59438,29/12/2023,07:21:21,15,1,23.9,1.1,13.6,13.5,2,1,1.00,CYCLE,S
IND,208,6411,59438,29/12/2023,07:22:07,15,1,26.7,1.1,46.0,45.9,2,1,1.00,CYCLE,S
IND,208,6411,59438,29/12/2023,07:22:28,15,1,21.1,1.0,20.9,20.8,2,1,1.00,CYCLE,S
IND,208,6411,59438,29/12/2023,07:22:30,15,1,20.5,1.1,1.9,1.7,2,1,1.00,CYCLE,S
IND,208,6411,59438,29/12/2023,07:23:26,15,1,21.6,1.0,56.0,55.8,2,1,1.00,CYCLE,S
IND,208,6411,59438,29/12/2023,07:27:44,15,1,29.4,1.0,219.2,219.0,2,1,1.00,CYCLE,S
IND,208,6411,59437,29/12/2023,07:31:57,15,0,25.7,1.0,872.0,871.9,2,1,1.00,CYCLE,N
IND,208,6411,59438,29/12/2023,07:33:40,15,1,29.8,1.1,356.0,355.9,2,1,1.00,CYCLE,S
IND,208,6411,59438,29/12/2023,07:33:51,15,1,27.9,1.0,11.4,11.3,2,1,1.00,CYCLE,S
IND,208,6411,59438,29/12/2023,07:34:11,15,1,16.5,1.0,19.8,19.7,2,1,1.00,CYCLE,S
IND,208,6411,59437,29/12/2023,07:34:51,15,0,23.1,1.1,173.6,173.5,2,1,1.00,CYCLE,N
IND,208,6411,59438,29/12/2023,07:35:01,15,1,29.6,1.0,50.0,49.7,2,1,1.00,CYCLE,S
IND,208,6411,59438,29/12/2023,07:35:02,15,1,30.4,1.0,1.5,1.4,2,1,1.00,CYCLE,S
IND,208,6411,59438,29/12/2023,07:36:07,15,1,23.6,1.1,64.8,64.7,2,1,1.00,CYCLE,S
IND,208,6411,59437,29/12/2023,07:37:31,15,0,25.1,1.0,160.2,160.0,2,1,1.00,CYCLE,N
IND,208,6411,59438,29/12/2023,07:38:19,15,1,24.0,1.0,132.1,131.9,2,1,1.00,CYCLE,S
IND,208,6411,59438,29/12/2023,07:39:04,15,1,20.1,1.0,45.0,44.9,2,1,1.00,CYCLE,S
IND,208,6411,59437,29/12/2023,07:39:49,15,0,21.4,1.0,137.8,137.7,2,1,1.00,CYCLE,N
IND,208,6411,59438,29/12/2023,07:39:51,15,1,28.0,1.0,46.7,46.5,2,1,1.00,CYCLE,S
IND,208,6411,59438,29/12/2023,07:42:07,15,1,21.0,1.0,117.7,117.5,2,1,1.00,CYCLE,S
IND,208,6411,59438,29/12/2023,07:42:48,15,1,22.9,1.1,41.4,41.3,2,1,1.00,CYCLE,S
IND,208,6411,59438,29/12/2023,07:43:35,15,1,27.3,0.9,46.2,46.0,2,1,1.00,CYCLE,S
IND,208,6411,59437,29/12/2023,07:45:07,15,0,34.4,1.0,317.8,317.7,2,1,1.00,CYCLE,N
IND,208,6411,59437,29/12/2023,07:48:12,15,0,25.9,1.1,184.9,184.8,2,1,1.00,CYCLE,N
IND,208,6411,59438,29/12/2023,07:49:08,15,1,21.8,1.2,333.8,333.7,2,1,1.00,CYCLE,S
IND,208,6411,59438,29/12/2023,07:50:48,15,1,22.1,1.0,99.3,99.1,2,1,1.00,CYCLE,S
IND,208,6411,59437,29/12/2023,07:51:49,15,0,22.4,1.0,214.9,214.2,2,1,1.00,CYCLE,N
IND,208,6411,59437,29/12/2023,07:51:52,15,0,28.0,1.1,3.2,3.0,2,1,1.00,CYCLE,N
IND,208,6411,59437,29/12/2023,07:52:03,15,0,23.4,1.0,11.0,10.3,2,1,1.00,CYCLE,N
IND,208,6411,59438,29/12/2023,07:52:05,15,1,21.9,1.0,77.0,76.9,2,1,1.00,CYCLE,S
IND,208,6411,59438,29/12/2023,07:53:21,15,1,29.6,1.0,76.2,76.1,2,1,1.00,CYCLE,S
IND,208,6411,59438,29/12/2023,07:54:08,15,1,23.5,1.1,47.1,47.0,2,1,1.00,CYCLE,S
IND,208,6411,59438,29/12/2023,07:54:15,15,1,20.7,1.0,7.0,6.8,2,1,1.00,CYCLE,S
IND,208,6411,59438,29/12/2023,07:55:32,15,1,27.6,1.0,76.4,76.2,2,1,1.00,CYCLE,S
IND,208,6411,59438,29/12/2023,07:57:23,15,1,22.8,1.0,111.3,111.1,2,1,1.00,CYCLE,S
IND,208,6411,59438,29/12/2023,08:02:29,15,1,29.7,1.0,306.6,306.4,2,1,1.00,CYCLE,S
IND,208,6411,59438,29/12/2023,08:03:34,15,1,20.4,1.0,64.9,64.8,2,1,1.00,CYCLE,S
IND,208,6411,59437,29/12/2023,08:03:49,15,0,37.7,1.0,705.5,705.4,2,1,1.00,CYCLE,N
IND,208,6411,59438,29/12/2023,08:04:09,15,1,28.0,1.1,34.8,34.6,2,1,1.00,CYCLE,S
IND,208,6411,59438,29/12/2023,08:04:13,15,1,21.4,1.0,3.6,3.5,2,1,1.00,CYCLE,S
IND,208,6411,59438,29/12/2023,08:05:38,15,1,26.2,1.0,84.9,84.7,2,1,1.00,CYCLE,S
IND,208,6411,59438,29/12/2023,08:05:57,15,1,19.1,1.0,19.6,19.5,2,1,1.00,CYCLE,S
IND,208,6411,59437,29/12/2023,08:08:23,15,0,22.2,1.1,150.6,150.4,2,1,1.00,CYCLE,N
IND,208,6411,59438,29/12/2023,08:11:57,15,1,21.1,0.8,360.1,359.9,2,1,1.00,CYCLE,S
IND,208,6411,59438,29/12/2023,08:13:36,15,1,20.0,1.1,98.6,98.5,2,1,1.00,CYCLE,S
IND,208,6411,59438,29/12/2023,08:13:37,15,1,19.6,1.0,0.7,0.5,2,1,1.00,CYCLE,S
IND,208,6411,59438,29/12/2023,08:16:06,15,1,25.6,1.0,149.3,149.1,2,1,1.00,CYCLE,S
IND,208,6411,59438,29/12/2023,08:16:20,15,1,19.8,1.0,13.9,13.8,2,1,1.00,CYCLE,S
IND,208,6411,59438,29/12/2023,08:16:21,15,1,20.0,1.1,1.4,1.2,2,1,1.00,CYCLE,S
IND,208,6411,59438,29/12/2023,08:16:24,15,1,18.3,1.1,2.5,2.3,2,1,1.00,CYCLE,S
IND,208,6411,59438,29/12/2023,08:16:26,15,1,18.4,1.1,1.8,1.6,2,1,1.00,CYCLE,S
IND,208,6411,59438,29/12/2023,08:17:13,15,1,27.8,1.0,47.5,47.2,2,1,1.00,CYCLE,S
IND,208,6411,59438,29/12/2023,08:18:23,15,1,23.7,1.1,69.8,69.7,2,1,1.00,CYCLE,S
IND,208,6411,59438,29/12/2023,08:19:51,15,1,19.6,1.0,87.7,87.6,2,1,1.00,CYCLE,S
IND,208,6411,59437,29/12/2023,08:21:28,15,0,29.2,1.1,157.0,156.3,2,1,1.00,CYCLE,N
IND,208,6411,59438,29/12/2023,08:21:32,15,1,16.1,1.0,101.0,100.9,2,1,1.00,CYCLE,S
IND,208,6411,59438,29/12/2023,08:22:17,15,1,24.9,1.0,45.8,45.6,2,1,1.00,CYCLE,S
IND,208,6411,59438,29/12/2023,08:23:21,15,1,24.8,1.0,63.1,63.0,2,1,1.00,CYCLE,S
IND,208,6411,59437,29/12/2023,08:24:59,15,0,20.4,1.1,211.2,211.1,2,1,1.00,CYCLE,N
IND,208,6411,59438,29/12/2023,08:25:22,15,1,26.6,1.0,120.9,120.8,2,1,1.00,CYCLE,S
IND,208,6411,59438,29/12/2023,08:27:19,15,1,24.2,1.0,117.4,117.3,2,1,1.00,CYCLE,S
IND,208,6411,59437,29/12/2023,08:27:58,15,0,20.0,1.0,179.0,178.8,2,1,1.00,CYCLE,N
IND,208,6411,59437,29/12/2023,08:28:31,15,0,24.7,1.1,33.4,33.2,2,1,1.00,CYCLE,N
IND,208,6411,59438,29/12/2023,08:30:00,15,1,26.1,1.0,160.7,160.6,2,1,1.00,CYCLE,S
IND,208,6411,59437,29/12/2023,08:30:20,15,0,31.1,1.0,108.3,108.1,2,1,1.00,CYCLE,N
IND,208,6411,59438,29/12/2023,08:31:05,15,1,30.9,1.0,65.7,65.5,2,1,1.00,CYCLE,S
IND,208,6411,59438,29/12/2023,08:32:36,15,1,27.5,1.0,91.0,90.9,2,1,1.00,CYCLE,S
IND,208,6411,59438,29/12/2023,08:32:48,15,1,23.7,1.0,11.7,11.6,2,1,1.00,CYCLE,S
IND,208,6411,59438,29/12/2023,08:32:59,15,1,19.8,1.0,10.9,10.7,2,1,1.00,CYCLE,S
IND,208,6411,59437,29/12/2023,08:33:08,15,0,20.5,1.1,168.2,168.0,2,1,1.00,CYCLE,N
IND,208,6411,59438,29/12/2023,08:34:29,15,1,25.4,1.1,90.1,89.9,2,1,1.00,CYCLE,S
IND,208,6411,59437,29/12/2023,08:34:33,15,0,24.2,1.0,85.3,85.1,2,1,1.00,CYCLE,N
IND,208,6411,59437,29/12/2023,08:37:06,15,0,27.9,0.9,80.1,78.7,2,1,1.00,CYCLE,N
IND,208,6411,59437,29/12/2023,08:38:50,15,0,31.4,1.1,104.0,103.8,2,1,1.00,CYCLE,N
IND,208,6411,59438,29/12/2023,08:38:58,15,1,21.6,1.0,269.4,269.2,2,1,1.00,CYCLE,S
IND,208,6411,59437,29/12/2023,08:39:15,15,0,26.8,1.1,25.7,25.5,2,1,1.00,CYCLE,N
IND,208,6411,59438,29/12/2023,08:39:25,15,1,25.5,1.0,26.2,26.1,2,1,1.00,CYCLE,S
IND,208,6411,59437,29/12/2023,08:39:40,15,0,24.3,1.2,25.2,25.0,2,1,1.00,CYCLE,N
IND,208,6411,59437,29/12/2023,08:40:48,15,0,24.3,1.0,68.0,67.9,2,1,1.00,CYCLE,N
IND,208,6411,59438,29/12/2023,08:42:00,15,1,30.6,1.0,155.5,155.4,2,1,1.00,CYCLE,S
IND,208,6411,59438,29/12/2023,08:42:03,15,1,25.6,1.1,2.7,2.6,2,1,1.00,CYCLE,S
IND,208,6411,59438,29/12/2023,08:42:14,15,1,12.3,1.0,11.4,11.3,2,1,1.00,CYCLE,S
IND,208,6411,59438,29/12/2023,08:43:52,15,1,20.5,1.2,97.5,97.2,2,1,1.00,CYCLE,S
IND,208,6411,59438,29/12/2023,08:44:43,15,1,32.4,1.0,51.5,51.3,2,1,1.00,CYCLE,S
IND,208,6411,59438,29/12/2023,08:44:59,15,1,21.0,1.0,15.3,15.2,2,1,1.00,CYCLE,S
IND,208,6411,59438,29/12/2023,08:45:19,15,1,17.1,1.1,15.3,14.8,2,1,1.00,CYCLE,S
IND,208,6411,59437,29/12/2023,08:46:14,15,0,33.5,1.1,325.9,325.7,2,1,1.00,CYCLE,N
IND,208,6411,59438,29/12/2023,08:48:06,15,1,22.1,1.0,167.4,167.1,2,1,1.00,CYCLE,S
IND,208,6411,59438,29/12/2023,08:48:44,15,1,24.1,1.1,38.4,38.2,2,1,1.00,CYCLE,S
IND,208,6411,59438,29/12/2023,08:49:09,15,1,24.8,1.0,25.1,25.0,2,1,1.00,CYCLE,S
IND,208,6411,59438,29/12/2023,08:49:45,15,1,23.2,1.0,35.2,35.1,2,1,1.00,CYCLE,S
IND,208,6411,59437,29/12/2023,08:51:13,15,0,24.2,1.1,223.5,222.2,2,1,1.00,CYCLE,N
IND,208,6411,59438,29/12/2023,08:53:35,15,1,34.1,1.0,230.4,230.2,2,1,1.00,CYCLE,S
IND,208,6411,59438,29/12/2023,08:54:51,15,1,28.7,1.0,76.4,76.2,2,1,1.00,CYCLE,S
IND,208,6411,59437,29/12/2023,08:55:09,15,0,23.8,1.1,87.4,87.3,2,1,1.00,CYCLE,N
IND,208,6411,59437,29/12/2023,08:55:49,15,0,29.4,1.0,39.5,39.4,2,1,1.00,CYCLE,N
IND,208,6411,59438,29/12/2023,08:58:34,15,1,25.1,1.0,222.9,222.8,2,1,1.00,CYCLE,S
IND,208,6411,59437,29/12/2023,09:00:55,15,0,26.5,1.0,306.1,306.0,2,1,1.00,CYCLE,N
IND,208,6411,59438,29/12/2023,09:01:05,15,1,23.1,1.1,150.9,150.7,2,1,1.00,CYCLE,S
IND,208,6411,59438,29/12/2023,09:02:13,15,1,23.0,1.0,68.3,68.1,2,1,1.00,CYCLE,S
IND,208,6411,59437,29/12/2023,09:03:37,15,0,14.4,1.1,83.4,82.5,2,1,1.00,CYCLE,N
IND,208,6411,59438,29/12/2023,09:07:45,15,1,26.4,1.0,331.7,331.5,2,1,1.00,CYCLE,S
IND,208,6411,59438,29/12/2023,09:09:31,15,1,21.9,1.1,105.9,105.8,2,1,1.00,CYCLE,S
IND,208,6411,59438,29/12/2023,09:10:24,15,1,30.4,1.0,53.1,53.0,2,1,1.00,CYCLE,S
IND,208,6411,59438,29/12/2023,09:12:48,15,1,31.1,0.9,143.5,143.4,2,1,1.00,CYCLE,S
IND,208,6411,59438,29/12/2023,09:12:48,15,1,31.3,0.9,0.3,0.2,2,1,1.00,CYCLE,S
IND,208,6411,59438,29/12/2023,09:12:50,15,1,34.8,1.0,2.4,2.3,2,1,1.00,CYCLE,S
IND,208,6411,59437,29/12/2023,09:14:20,15,0,29.1,1.0,8.8,8.4,2,1,1.00,CYCLE,N
IND,208,6411,59438,29/12/2023,09:14:30,15,1,24.9,1.0,99.2,99.1,2,1,1.00,CYCLE,S
IND,208,6411,59438,29/12/2023,09:14:35,15,1,36.9,1.0,5.7,5.5,2,1,1.00,CYCLE,S
IND,208,6411,59437,29/12/2023,09:14:54,15,0,33.7,1.0,33.8,33.7,2,1,1.00,CYCLE,N
IND,208,6411,59438,29/12/2023,09:16:22,15,1,26.3,0.9,106.8,106.7,2,1,1.00,CYCLE,S
IND,208,6411,59437,29/12/2023,09:17:46,15,0,29.8,1.1,172.3,172.2,2,1,1.00,CYCLE,N
IND,208,6411,59438,29/12/2023,09:18:44,15,1,27.7,1.0,141.7,141.5,2,1,1.00,CYCLE,S
IND,208,6411,59438,29/12/2023,09:18:55,15,1,23.8,1.1,11.5,11.3,2,1,1.00,CYCLE,S
IND,208,6411,59437,29/12/2023,09:19:21,15,0,20.3,1.0,94.5,94.4,2,1,1.00,CYCLE,N
IND,208,6411,59438,29/12/2023,09:19:30,15,1,18.4,1.0,35.3,35.1,2,1,1.00,CYCLE,S
IND,208,6411,59438,29/12/2023,09:20:14,15,1,27.9,1.0,43.9,43.7,2,1,1.00,CYCLE,S
IND,208,6411,59438,29/12/2023,09:20:22,15,1,23.4,1.1,7.7,7.5,2,1,1.00,CYCLE,S
IND,208,6411,59437,29/12/2023,09:21:25,15,0,27.5,1.1,124.5,124.4,2,1,1.00,CYCLE,N
IND,208,6411,59438,29/12/2023,09:21:57,15,1,25.0,1.0,95.1,94.9,2,1,1.00,CYCLE,S
IND,208,6411,59438,29/12/2023,09:26:53,15,1,22.2,1.0,198.1,197.9,2,1,1.00,CYCLE,S
IND,208,6411,59438,29/12/2023,09:27:18,15,1,22.2,1.0,25.1,25.0,2,1,1.00,CYCLE,S
IND,208,6411,59437,29/12/2023,09:29:02,15,0,17.1,1.1,456.3,456.2,2,1,1.00,CYCLE,N
IND,208,6411,59438,29/12/2023,09:31:57,15,1,28.0,1.0,278.9,278.7,2,1,1.00,CYCLE,S
IND,208,6411,59437,29/12/2023,09:32:07,15,0,36.9,1.1,89.3,88.7,2,1,1.00,CYCLE,N
IND,208,6411,59438,29/12/2023,09:32:11,15,1,28.7,1.0,13.3,13.1,2,1,1.00,CYCLE,S
IND,208,6411,59438,29/12/2023,09:32:30,15,1,20.8,1.0,3.0,2.7,2,1,1.00,CYCLE,S
IND,208,6411,59438,29/12/2023,09:33:53,15,1,27.8,1.0,83.1,82.9,2,1,1.00,CYCLE,S
IND,208,6411,59438,29/12/2023,09:38:02,15,1,23.5,1.0,249.2,249.1,2,1,1.00,CYCLE,S
IND,208,6411,59437,29/12/2023,09:40:30,15,0,29.4,1.1,76.1,75.9,2,1,1.00,CYCLE,N
IND,208,6411,59437,29/12/2023,09:42:29,15,0,19.0,1.0,119.0,118.8,2,1,1.00,CYCLE,N
IND,208,6411,59437,29/12/2023,09:42:30,15,0,17.9,1.0,0.5,0.3,2,1,1.00,CYCLE,N
IND,208,6411,59438,29/12/2023,09:44:34,15,1,18.9,1.0,391.1,391.0,2,1,1.00,CYCLE,S
IND,208,6411,59437,29/12/2023,09:45:34,15,0,26.9,1.2,62.3,62.0,2,1,1.00,CYCLE,N
IND,208,6411,59437,29/12/2023,09:46:02,15,0,30.8,1.1,27.9,27.8,2,1,1.00,CYCLE,N
IND,208,6411,59438,29/12/2023,09:47:43,15,1,24.1,1.0,189.8,189.6,2,1,1.00,CYCLE,S
IND,208,6411,59438,29/12/2023,09:47:46,15,1,27.0,1.1,2.3,2.2,2,1,1.00,CYCLE,S
IND,208,6411,59438,29/12/2023,09:48:14,15,1,28.5,1.0,28.7,28.5,2,1,1.00,CYCLE,S
IND,208,6411,59437,29/12/2023,09:48:45,15,0,33.1,1.1,162.5,162.3,2,1,1.00,CYCLE,N
IND,208,6411,59438,29/12/2023,09:52:24,15,1,26.6,1.0,249.8,249.7,2,1,1.00,CYCLE,S
IND,208,6411,59437,29/12/2023,09:52:49,15,0,30.2,1.0,87.3,86.9,2,1,1.00,CYCLE,N
IND,208,6411,59438,29/12/2023,09:53:44,15,1,21.2,1.0,79.4,79.3,2,1,1.00,CYCLE,S
IND,208,6411,59437,29/12/2023,09:54:04,15,0,18.5,1.1,56.2,55.8,2,1,1.00,CYCLE,N
IND,208,6411,59438,29/12/2023,09:58:56,15,1,21.1,1.1,312.4,312.2,2,1,1.00,CYCLE,S
IND,208,6411,59438,29/12/2023,10:01:02,15,1,24.1,1.1,126.0,125.8,2,1,1.00,CYCLE,S
IND,208,6411,59437,29/12/2023,10:01:59,15,0,23.5,1.0,474.6,474.4,2,1,1.00,CYCLE,N
IND,208,6411,59438,29/12/2023,10:03:32,15,1,27.2,1.0,149.9,149.8,2,1,1.00,CYCLE,S
IND,208,6411,59438,29/12/2023,10:04:41,15,1,26.5,1.0,69.5,69.4,2,1,1.00,CYCLE,S
IND,208,6411,59437,29/12/2023,10:05:06,15,0,35.1,1.0,186.5,186.5,2,1,0.89,CYCLE,N
IND,208,6411,59437,29/12/2023,10:05:06,15,0,35.1,1.0,0.0,0.0,2,1,0.89,CYCLE,N
IND,208,6411,59438,29/12/2023,10:05:52,15,1,26.8,1.1,70.9,70.8,2,1,1.00,CYCLE,S
IND,208,6411,59437,29/12/2023,10:06:30,15,0,21.6,1.0,84.0,83.5,2,1,1.00,CYCLE,N
IND,208,6411,59437,29/12/2023,10:06:30,15,0,20.6,1.0,0.6,0.4,2,1,1.00,CYCLE,N
IND,208,6411,59438,29/12/2023,10:06:48,15,1,19.6,1.0,55.3,55.2,2,1,1.00,CYCLE,S
IND,208,6411,59437,29/12/2023,10:07:59,15,0,19.9,1.0,0.7,0.4,2,1,1.00,CYCLE,N
IND,208,6411,59438,29/12/2023,10:08:34,15,1,16.5,1.0,106.6,106.4,2,1,1.00,CYCLE,S
IND,208,6411,59437,29/12/2023,10:10:11,15,0,25.0,1.0,132.2,132.0,2,1,1.00,CYCLE,N
IND,208,6411,59437,29/12/2023,10:12:08,15,0,30.4,1.0,116.7,116.6,2,1,1.00,CYCLE,N
IND,208,6411,59438,29/12/2023,10:12:29,15,1,11.1,1.1,234.7,234.5,2,1,1.00,CYCLE,S
IND,208,6411,59438,29/12/2023,10:12:30,15,1,11.5,1.1,0.9,0.6,2,1,1.00,CYCLE,S
IND,208,6411,59438,29/12/2023,10:12:31,15,1,13.5,1.2,1.3,1.0,2,1,1.00,CYCLE,S
IND,208,6411,59438,29/12/2023,10:13:02,15,1,27.1,1.0,30.7,30.4,2,1,1.00,CYCLE,S
IND,208,6411,59438,29/12/2023,10:13:15,15,1,23.0,1.0,12.8,12.6,2,1,1.00,CYCLE,S
IND,208,6411,59437,29/12/2023,10:14:52,15,0,31.0,1.1,163.8,163.6,2,1,1.00,CYCLE,N
IND,208,6411,59437,29/12/2023,10:17:21,15,0,27.0,1.1,149.7,149.5,2,1,1.00,CYCLE,N
IND,208,6411,59437,29/12/2023,10:19:23,15,0,30.6,1.0,14.7,14.1,2,1,1.00,CYCLE,N
IND,208,6411,59437,29/12/2023,10:19:28,15,0,23.3,1.1,5.7,5.6,2,1,1.00,CYCLE,N
IND,208,6411,59438,29/12/2023,10:20:59,15,1,16.4,1.1,464.4,464.2,2,1,1.00,CYCLE,S
IND,208,6411,59438,29/12/2023,10:21:00,15,1,16.9,1.0,1.1,0.9,2,1,1.00,CYCLE,S
IND,208,6411,59438,29/12/2023,10:21:03,15,1,15.5,1.1,2.6,2.4,2,1,1.00,CYCLE,S
IND,208,6411,59438,29/12/2023,10:21:59,15,1,37.4,1.0,56.3,56.0,2,1,1.00,CYCLE,S
IND,208,6411,59438,29/12/2023,10:22:04,15,1,27.3,1.0,5.3,5.2,2,1,1.00,CYCLE,S
IND,208,6411,59437,29/12/2023,10:23:35,15,0,22.9,1.0,246.4,246.2,2,1,1.00,CYCLE,N
IND,208,6411,59437,29/12/2023,10:24:36,15,0,30.3,1.1,61.5,61.3,2,1,1.00,CYCLE,N
IND,208,6411,59438,29/12/2023,10:25:13,15,1,28.2,1.0,188.8,188.6,2,1,1.00,CYCLE,S
IND,208,6411,59438,29/12/2023,10:26:35,15,1,31.5,1.0,81.7,81.6,2,1,1.00,CYCLE,S
IND,208,6411,59438,29/12/2023,10:26:55,15,1,21.8,1.0,20.3,20.1,2,1,1.00,CYCLE,S
IND,208,6411,59437,29/12/2023,10:27:29,15,0,16.1,1.1,173.3,173.2,2,1,1.00,CYCLE,N
IND,208,6411,59438,29/12/2023,10:29:39,15,1,21.4,1.1,163.9,163.8,2,1,1.00,CYCLE,S
IND,208,6411,59437,29/12/2023,10:30:20,15,0,21.0,1.1,170.1,169.3,2,1,1.00,CYCLE,N
IND,208,6411,59438,29/12/2023,10:34:50,15,1,22.6,1.0,179.2,178.9,2,1,1.00,CYCLE,S
IND,208,6411,59437,29/12/2023,10:34:58,15,0,21.5,1.1,7.1,6.5,2,1,1.00,CYCLE,N
IND,208,6411,59438,29/12/2023,10:35:37,15,1,23.4,1.1,46.6,46.4,2,1,1.00,CYCLE,S
IND,208,6411,59437,29/12/2023,10:36:19,15,0,23.6,1.1,32.2,31.8,2,1,1.00,CYCLE,N
IND,208,6411,59438,29/12/2023,10:36:39,15,1,22.2,1.0,61.8,61.7,2,1,1.00,CYCLE,S
IND,208,6411,59437,29/12/2023,10:36:57,15,0,28.1,1.1,37.8,37.6,2,1,1.00,CYCLE,N
IND,208,6411,59437,29/12/2023,10:38:38,15,0,28.2,1.0,23.9,23.5,2,1,1.00,CYCLE,N
IND,208,6411,59437,29/12/2023,10:39:55,15,0,32.0,1.0,77.1,76.9,2,1,1.00,CYCLE,N
IND,208,6411,59438,29/12/2023,10:40:22,15,1,27.4,0.9,223.6,223.4,2,1,1.00,CYCLE,S
IND,208,6411,59437,29/12/2023,10:40:48,15,0,22.6,1.1,53.0,52.9,2,1,1.00,CYCLE,N
IND,208,6411,59437,29/12/2023,10:43:05,15,0,17.8,1.1,137.0,136.8,2,1,1.00,CYCLE,N
IND,208,6411,59438,29/12/2023,10:45:56,15,1,17.9,1.1,333.4,333.2,2,1,1.00,CYCLE,S
IND,208,6411,59437,29/12/2023,10:46:25,15,0,32.4,1.1,21.6,21.1,2,1,1.00,CYCLE,N
IND,208,6411,59437,29/12/2023,10:47:25,15,0,21.5,1.0,59.8,59.7,2,1,1.00,CYCLE,N
IND,208,6411,59437,29/12/2023,10:47:41,15,0,20.8,1.0,1.2,0.8,2,1,1.00,CYCLE,N
IND,208,6411,59437,29/12/2023,10:47:41,15,0,21.0,1.0,0.3,0.6,2,1,0.80,CYCLE,N
IND,208,6411,59438,29/12/2023,10:47:50,15,1,20.6,1.0,114.6,114.4,2,1,1.00,CYCLE,S
IND,208,6411,59438,29/12/2023,10:47:56,15,1,21.7,1.0,5.9,5.8,2,1,1.00,CYCLE,S
IND,208,6411,59438,29/12/2023,10:48:36,15,1,24.1,1.0,39.9,39.7,2,1,1.00,CYCLE,S
IND,208,6411,59437,29/12/2023,10:49:58,15,0,22.2,1.0,137.3,136.8,2,1,0.80,CYCLE,N
IND,208,6411,59438,29/12/2023,10:51:47,15,1,27.9,1.0,190.4,190.2,2,1,1.00,CYCLE,S
IND,208,6411,59438,29/12/2023,10:53:46,15,1,25.5,1.0,119.2,119.0,2,1,1.00,CYCLE,S
IND,208,6411,59437,29/12/2023,10:54:59,15,0,25.8,1.0,194.7,194.1,2,1,1.00,CYCLE,N
IND,208,6411,59438,29/12/2023,10:57:06,15,1,18.2,1.0,200.0,199.8,2,1,0.89,CYCLE,S
IND,208,6411,59438,29/12/2023,10:57:06,15,1,18.2,1.0,0.0,0.0,2,1,0.89,CYCLE,S
IND,208,6411,59437,29/12/2023,10:59:22,15,0,26.3,1.1,262.5,262.3,2,1,1.00,CYCLE,N
IND,208,6411,59438,29/12/2023,10:59:48,15,1,15.3,1.0,162.4,162.0,2,1,1.00,CYCLE,S
IND,208,6411,59438,29/12/2023,10:59:49,15,1,15.4,1.0,0.5,0.3,2,1,1.00,CYCLE,S
IND,208,6411,59438,29/12/2023,10:59:49,15,1,16.7,1.0,0.4,0.1,2,1,1.00,CYCLE,S
IND,208,6411,59438,29/12/2023,11:01:38,15,1,22.4,0.8,108.8,108.6,2,1,1.00,CYCLE,S
IND,208,6411,59438,29/12/2023,11:02:07,15,1,27.3,1.1,29.4,29.3,2,1,1.00,CYCLE,S
IND,208,6411,59437,29/12/2023,11:02:50,15,0,30.3,1.2,208.3,208.2,2,1,1.00,CYCLE,N
IND,208,6411,59438,29/12/2023,11:03:27,15,1,22.5,1.0,80.1,79.9,2,1,1.00,CYCLE,S
IND,208,6411,59438,29/12/2023,11:03:42,15,1,20.3,1.0,14.6,14.5,2,1,1.00,CYCLE,S
IND,208,6411,59438,29/12/2023,11:05:18,15,1,24.5,1.0,96.4,96.3,2,1,1.00,CYCLE,S
IND,208,6411,59438,29/12/2023,11:05:25,15,1,17.9,1.1,6.7,6.5,2,1,1.00,CYCLE,S
IND,208,6411,59437,29/12/2023,11:05:53,15,0,28.0,1.0,61.5,61.1,2,1,1.00,CYCLE,N
IND,208,6411,59438,29/12/2023,11:09:50,15,1,23.7,1.0,264.6,264.4,2,1,1.00,CYCLE,S
IND,208,6411,59437,29/12/2023,11:10:11,15,0,24.0,1.1,23.1,22.8,2,1,1.00,CYCLE,N
IND,208,6411,59438,29/12/2023,11:10:51,15,1,25.6,0.9,61.7,61.6,2,1,1.00,CYCLE,S
IND,208,6411,59438,29/12/2023,11:10:57,15,1,18.7,1.0,5.2,5.0,2,1,1.00,CYCLE,S
IND,208,6411,59438,29/12/2023,11:15:23,15,1,20.1,1.0,266.1,265.9,2,1,1.00,CYCLE,S
IND,208,6411,59437,29/12/2023,11:18:45,15,0,27.7,1.1,27.0,26.1,2,1,1.00,CYCLE,N
IND,208,6411,59438,29/12/2023,11:19:16,15,1,27.4,0.9,233.0,232.8,2,1,1.00,CYCLE,S
IND,208,6411,59438,29/12/2023,11:21:08,15,1,26.7,1.0,112.1,111.9,2,1,1.00,CYCLE,S
IND,208,6411,59437,29/12/2023,11:22:21,15,0,15.1,1.2,215.5,215.4,2,1,1.00,CYCLE,N
IND,208,6411,59438,29/12/2023,11:22:48,15,1,20.8,1.0,100.2,100.1,2,1,1.00,CYCLE,S
IND,208,6411,59437,29/12/2023,11:25:19,15,0,26.8,1.0,178.2,177.9,2,1,1.00,CYCLE,N
IND,208,6411,59437,29/12/2023,11:25:38,15,0,12.0,1.1,18.8,18.7,2,1,1.00,CYCLE,N
IND,208,6411,59437,29/12/2023,11:27:15,15,0,22.5,1.1,97.3,97.0,2,1,1.00,CYCLE,N
IND,208,6411,59438,29/12/2023,11:27:53,15,1,29.9,1.0,304.9,304.7,2,1,1.00,CYCLE,S
IND,208,6411,59438,29/12/2023,11:28:01,15,1,25.9,1.0,8.1,8.0,2,1,1.00,CYCLE,S
IND,208,6411,59438,29/12/2023,11:30:32,15,1,15.2,1.0,150.7,150.6,2,1,1.00,CYCLE,S
IND,208,6411,59438,29/12/2023,11:30:32,15,1,15.5,1.0,0.5,0.3,2,1,1.00,CYCLE,S
IND,208,6411,59437,29/12/2023,11:30:45,15,0,27.7,1.1,50.5,50.1,2,1,1.00,CYCLE,N
IND,208,6411,59438,29/12/2023,11:30:50,15,1,20.3,0.9,17.7,17.4,2,1,1.00,CYCLE,S
IND,208,6411,59438,29/12/2023,11:30:52,15,1,20.0,0.9,1.8,1.7,2,1,1.00,CYCLE,S
IND,208,6411,59437,29/12/2023,11:32:39,15,0,26.1,1.0,53.1,52.9,2,1,1.00,CYCLE,N
IND,208,6411,59438,29/12/2023,11:33:30,15,1,27.6,1.0,158.6,158.4,2,1,1.00,CYCLE,S
IND,208,6411,59437,29/12/2023,11:33:46,15,0,33.4,1.1,67.1,67.0,2,1,1.00,CYCLE,N
IND,208,6411,59437,29/12/2023,11:33:48,15,0,32.3,1.1,1.3,1.2,2,1,1.00,CYCLE,N
IND,208,6411,59437,29/12/2023,11:34:10,15,0,23.9,1.2,22.2,22.0,2,1,1.00,CYCLE,N
IND,208,6411,59438,29/12/2023,11:37:12,15,1,19.9,1.1,221.6,221.5,2,1,1.00,CYCLE,S
IND,208,6411,59437,29/12/2023,11:37:30,15,0,28.9,1.0,65.7,65.5,2,1,1.00,CYCLE,N
IND,208,6411,59437,29/12/2023,11:38:28,15,0,20.5,1.0,57.8,57.7,2,1,1.00,CYCLE,N
IND,208,6411,59437,29/12/2023,11:38:28,15,0,21.9,1.1,1.0,0.8,2,1,1.00,CYCLE,N
IND,208,6411,59437,29/12/2023,11:40:01,15,0,37.8,1.1,68.8,68.4,2,1,1.00,CYCLE,N
IND,208,6411,59437,29/12/2023,11:40:16,15,0,24.7,1.1,15.3,15.2,2,1,1.00,CYCLE,N
IND,208,6411,59437,29/12/2023,11:40:49,15,0,21.9,1.1,32.9,32.7,2,1,1.00,CYCLE,N
IND,208,6411,59438,29/12/2023,11:40:55,15,1,22.4,1.1,223.4,223.2,2,1,1.00,CYCLE,S
IND,208,6411,59438,29/12/2023,11:42:21,15,1,32.3,1.1,85.9,85.8,2,1,1.00,CYCLE,S
IND,208,6411,59438,29/12/2023,11:42:22,15,1,33.2,1.1,1.2,1.0,2,1,1.00,CYCLE,S
IND,208,6411,59438,29/12/2023,11:42:46,15,1,23.3,1.0,23.2,23.1,2,1,1.00,CYCLE,S
IND,208,6411,59438,29/12/2023,11:42:47,15,1,23.5,1.0,0.9,0.7,2,1,1.00,CYCLE,S
IND,208,6411,59438,29/12/2023,11:44:14,15,1,23.0,1.0,87.6,87.4,2,1,1.00,CYCLE,S
IND,208,6411,59437,29/12/2023,11:45:15,15,0,27.5,1.1,63.5,62.1,2,1,1.00,CYCLE,N
IND,208,6411,59437,29/12/2023,11:46:12,15,0,29.6,1.0,57.3,57.1,2,1,1.00,CYCLE,N
IND,208,6411,59438,29/12/2023,11:48:31,15,1,24.7,1.1,256.7,256.5,2,1,1.00,CYCLE,S
IND,208,6411,59437,29/12/2023,11:49:05,15,0,25.5,1.0,3.4,3.0,2,1,1.00,CYCLE,N
IND,208,6411,59438,29/12/2023,11:49:37,15,1,30.4,1.0,66.0,65.8,2,1,1.00,CYCLE,S
IND,208,6411,59438,29/12/2023,11:49:42,15,1,21.2,1.0,5.0,4.9,2,1,1.00,CYCLE,S
IND,208,6411,59437,29/12/2023,11:50:08,15,0,30.0,1.0,63.4,63.3,2,1,1.00,CYCLE,N
IND,208,6411,59438,29/12/2023,11:50:10,15,1,20.2,1.0,28.5,28.3,2,1,1.00,CYCLE,S
IND,208,6411,59438,29/12/2023,11:50:34,15,1,19.0,1.0,23.5,23.3,2,1,1.00,CYCLE,S
IND,208,6411,59437,29/12/2023,11:51:36,15,0,34.6,1.1,87.9,87.8,2,1,1.00,CYCLE,N
IND,208,6411,59437,29/12/2023,11:53:14,15,0,31.4,1.1,98.1,98.0,2,1,1.00,CYCLE,N
IND,208,6411,59437,29/12/2023,11:55:27,15,0,23.7,1.1,133.2,133.0,2,1,1.00,CYCLE,N
IND,208,6411,59437,29/12/2023,11:55:34,15,0,26.9,1.0,6.8,6.7,2,1,1.00,CYCLE,N
IND,208,6411,59438,29/12/2023,11:55:38,15,1,22.0,1.1,304.1,303.9,2,1,1.00,CYCLE,S
IND,208,6411,59438,29/12/2023,11:56:39,15,1,27.1,1.1,60.9,60.7,2,1,1.00,CYCLE,S
IND,208,6411,59438,29/12/2023,11:56:44,15,1,23.9,1.1,5.4,5.3,2,1,1.00,CYCLE,S
IND,208,6411,59437,29/12/2023,11:57:43,15,0,34.5,1.0,128.9,128.8,2,1,1.00,CYCLE,N
IND,208,6411,59437,29/12/2023,11:58:42,15,0,11.0,1.1,59.2,59.1,2,1,0.80,CYCLE,N
IND,208,6411,59437,29/12/2023,11:59:25,15,0,37.6,1.0,43.1,42.9,2,1,1.00,CYCLE,N
IND,208,6411,59437,29/12/2023,11:59:31,15,0,38.5,1.0,5.9,5.8,2,1,1.00,CYCLE,N
IND,208,6411,59437,29/12/2023,12:02:53,15,0,20.4,1.1,68.6,68.4,2,1,1.00,CYCLE,N
IND,208,6411,59437,29/12/2023,12:03:38,15,0,25.8,1.1,45.3,45.1,2,1,1.00,CYCLE,N
IND,208,6411,59438,29/12/2023,12:05:21,15,1,11.9,1.1,2.6,2.1,2,1,1.00,CYCLE,S
IND,208,6411,59437,29/12/2023,12:05:28,15,0,22.6,1.0,109.7,109.6,2,1,1.00,CYCLE,N
IND,208,6411,59437,29/12/2023,12:05:39,15,0,18.0,1.0,11.1,10.9,2,1,1.00,CYCLE,N
IND,208,6411,59438,29/12/2023,12:06:26,15,1,11.6,1.0,64.6,64.2,2,1,1.00,CYCLE,S
IND,208,6411,59438,29/12/2023,12:06:26,15,1,11.6,1.0,0.0,0.0,2,1,1.00,CYCLE,S
IND,208,6411,59438,29/12/2023,12:06:27,15,1,16.5,0.9,1.1,0.8,2,1,1.00,CYCLE,S
IND,208,6411,59438,29/12/2023,12:07:42,15,1,29.0,1.0,74.6,74.4,2,1,1.00,CYCLE,S
IND,208,6411,59438,29/12/2023,12:07:45,15,1,21.6,0.9,3.1,3.0,2,1,1.00,CYCLE,S
IND,208,6411,59438,29/12/2023,12:07:46,15,1,22.0,1.0,1.1,0.9,2,1,1.00,CYCLE,S
IND,208,6411,59438,29/12/2023,12:08:02,15,1,33.5,1.1,15.8,15.6,2,1,1.00,CYCLE,S
IND,208,6411,59438,29/12/2023,12:08:12,15,1,21.9,1.1,10.6,10.4,2,1,1.00,CYCLE,S
IND,208,6411,59438,29/12/2023,12:09:23,15,1,22.5,1.0,70.4,70.2,2,1,1.00,CYCLE,S
IND,208,6411,59438,29/12/2023,12:09:23,15,1,23.0,1.1,0.7,0.6,2,1,1.00,CYCLE,S
IND,208,6411,59438,29/12/2023,12:09:59,15,1,23.8,0.9,35.7,35.6,2,1,1.00,CYCLE,S
IND,208,6411,59438,29/12/2023,12:11:08,15,1,16.7,1.1,68.8,68.7,2,1,1.00,CYCLE,S
IND,208,6411,59437,29/12/2023,12:11:13,15,0,24.2,1.1,334.0,333.8,2,1,1.00,CYCLE,N
IND,208,6411,59437,29/12/2023,12:13:26,15,0,26.0,1.1,132.6,132.4,2,1,1.00,CYCLE,N
IND,208,6411,59437,29/12/2023,12:14:04,15,0,33.4,1.0,38.8,38.7,2,1,1.00,CYCLE,N
IND,208,6411,59437,29/12/2023,12:14:05,15,0,34.1,1.0,0.8,0.7,2,1,1.00,CYCLE,N
IND,208,6411,59437,29/12/2023,12:19:30,15,0,23.7,1.0,325.2,325.1,2,1,1.00,CYCLE,N
IND,208,6411,59437,29/12/2023,12:23:08,15,0,22.1,1.0,217.2,217.1,2,1,1.00,CYCLE,N
IND,208,6411,59437,29/12/2023,12:24:24,15,0,26.2,1.0,76.3,76.1,2,1,1.00,CYCLE,N
IND,208,6411,59437,29/12/2023,12:24:40,15,0,23.0,1.1,16.3,16.2,2,1,1.00,CYCLE,N
IND,208,6411,59437,29/12/2023,12:26:11,15,0,28.8,1.0,90.3,90.1,2,1,1.00,CYCLE,N
IND,208,6411,59437,29/12/2023,12:26:14,15,0,30.1,1.0,3.0,2.8,2,1,1.00,CYCLE,N
IND,208,6411,59438,29/12/2023,12:26:43,15,1,22.1,1.0,30.3,30.1,2,1,1.00,CYCLE,S
IND,208,6411,59438,29/12/2023,12:27:36,15,1,24.1,1.0,53.1,53.0,2,1,1.00,CYCLE,S
IND,208,6411,59438,29/12/2023,12:27:39,15,1,25.0,1.1,3.0,2.8,2,1,1.00,CYCLE,S
IND,208,6411,59438,29/12/2023,12:27:50,15,1,25.9,1.0,10.9,10.7,2,1,1.00,CYCLE,S
IND,208,6411,59438,29/12/2023,12:28:08,15,1,19.7,1.0,1.6,1.4,2,1,1.00,CYCLE,S
IND,208,6411,59438,29/12/2023,12:31:10,15,1,19.3,1.0,182.2,182.0,2,1,0.86,CYCLE,S
IND,208,6411,59437,29/12/2023,12:31:56,15,0,26.2,1.1,342.9,342.8,2,1,1.00,CYCLE,N
IND,208,6411,59438,29/12/2023,12:33:29,15,1,23.6,1.0,139.5,139.2,2,1,1.00,CYCLE,S
IND,208,6411,59437,29/12/2023,12:33:57,15,0,20.5,1.1,120.3,120.2,2,1,1.00,CYCLE,N
IND,208,6411,59437,29/12/2023,12:35:17,15,0,20.4,1.0,79.7,79.5,2,1,1.00,CYCLE,N
IND,208,6411,59438,29/12/2023,12:37:06,15,1,22.5,1.0,216.1,216.0,2,1,1.00,CYCLE,S
IND,208,6411,59437,29/12/2023,12:39:16,15,0,28.1,1.0,239.7,239.6,2,1,1.00,CYCLE,N
IND,208,6411,59438,29/12/2023,12:41:33,15,1,21.3,1.1,267.8,267.7,2,1,1.00,CYCLE,S
IND,208,6411,59437,29/12/2023,12:42:40,15,0,24.1,1.1,204.2,204.1,2,1,1.00,CYCLE,N
IND,208,6411,59437,29/12/2023,12:42:41,15,0,23.3,1.0,0.8,0.6,2,1,1.00,CYCLE,N
IND,208,6411,59437,29/12/2023,12:42:44,15,0,26.0,1.1,2.8,2.7,2,1,1.00,CYCLE,N
IND,208,6411,59437,29/12/2023,12:42:59,15,0,18.1,1.2,15.1,14.9,2,1,1.00,CYCLE,N
IND,208,6411,59437,29/12/2023,12:43:10,15,0,24.6,1.1,11.2,11.0,2,1,1.00,CYCLE,N
IND,208,6411,59437,29/12/2023,12:45:48,15,0,22.3,1.1,158.1,158.0,2,1,1.00,CYCLE,N
IND,208,6411,59437,29/12/2023,12:45:49,15,0,19.8,1.1,0.9,0.8,2,1,1.00,CYCLE,N
IND,208,6411,59437,29/12/2023,12:46:00,15,0,27.5,1.0,10.7,10.5,2,1,1.00,CYCLE,N
IND,208,6411,59438,29/12/2023,12:46:00,15,1,24.8,1.0,267.1,266.9,2,1,1.00,CYCLE,S
IND,208,6411,59437,29/12/2023,12:47:14,15,0,34.3,1.0,73.9,73.8,2,1,1.00,CYCLE,N
IND,208,6411,59437,29/12/2023,12:47:14,15,0,33.6,1.0,0.3,0.2,2,1,1.00,CYCLE,N
IND,208,6411,59438,29/12/2023,12:49:54,15,1,22.9,1.0,233.6,233.5,2,1,1.00,CYCLE,S
IND,208,6411,59438,29/12/2023,12:51:28,15,1,25.3,1.1,94.1,94.0,2,1,1.00,CYCLE,S
IND,208,6411,59437,29/12/2023,12:52:45,15,0,29.2,1.0,331.0,330.9,2,1,1.00,CYCLE,N
IND,208,6411,59438,29/12/2023,12:53:13,15,1,24.1,1.1,105.2,105.0,2,1,1.00,CYCLE,S
IND,208,6411,59437,29/12/2023,12:55:16,15,0,26.5,1.1,150.9,150.8,2,1,1.00,CYCLE,N
IND,208,6411,59438,29/12/2023,12:55:17,15,1,27.0,1.0,123.2,123.1,2,1,1.00,CYCLE,S
IND,208,6411,59437,29/12/2023,12:55:18,15,0,19.6,1.0,1.8,1.7,2,1,1.00,CYCLE,N
IND,208,6411,59438,29/12/2023,12:56:56,15,1,23.1,0.9,99.1,99.0,2,1,1.00,CYCLE,S
IND,208,6411,59437,29/12/2023,12:57:07,15,0,21.7,1.0,109.0,108.8,2,1,1.00,CYCLE,N
IND,208,6411,59437,29/12/2023,12:58:06,15,0,20.3,1.0,59.4,59.2,2,1,1.00,CYCLE,N
IND,208,6411,59438,29/12/2023,13:00:53,15,1,16.8,1.1,237.4,237.3,2,1,1.00,CYCLE,S
IND,208,6411,59437,29/12/2023,13:01:10,15,0,26.1,1.1,183.6,183.4,2,1,1.00,CYCLE,N
IND,208,6411,59438,29/12/2023,13:01:18,15,1,17.1,1.0,24.9,24.7,2,1,1.00,CYCLE,S
IND,208,6411,59438,29/12/2023,13:04:28,15,1,24.6,1.1,189.9,189.7,2,1,1.00,CYCLE,S
IND,208,6411,59438,29/12/2023,13:05:31,15,1,40.1,1.0,63.0,62.8,2,1,1.00,CYCLE,S
IND,208,6411,59437,29/12/2023,13:07:36,15,0,23.5,0.9,385.5,385.4,2,1,1.00,CYCLE,N
IND,208,6411,59437,29/12/2023,13:11:16,15,0,23.2,1.1,220.2,220.0,2,1,1.00,CYCLE,N
IND,208,6411,59438,29/12/2023,13:12:20,15,1,31.8,1.0,409.2,409.1,2,1,1.00,CYCLE,S
IND,208,6411,59437,29/12/2023,13:14:28,15,0,21.3,1.0,191.9,191.8,2,1,1.00,CYCLE,N
IND,208,6411,59437,29/12/2023,13:18:25,15,0,25.5,1.0,236.9,236.7,2,1,1.00,CYCLE,N
IND,208,6411,59438,29/12/2023,13:21:00,15,1,15.8,1.1,38.7,38.5,2,1,1.00,CYCLE,S
IND,208,6411,59438,29/12/2023,13:21:10,15,1,25.3,1.0,9.6,9.4,2,1,1.00,CYCLE,S
IND,208,6411,59437,29/12/2023,13:21:38,15,0,21.8,1.0,193.4,193.2,2,1,1.00,CYCLE,N
IND,208,6411,59438,29/12/2023,13:21:48,15,1,32.6,1.2,38.2,38.1,2,1,1.00,CYCLE,S
IND,208,6411,59438,29/12/2023,13:22:26,15,1,21.1,1.0,38.1,38.0,2,1,1.00,CYCLE,S
IND,208,6411,59437,29/12/2023,13:23:31,15,0,31.4,1.0,113.2,113.0,2,1,1.00,CYCLE,N
IND,208,6411,59437,29/12/2023,13:24:16,15,0,17.2,1.1,44.9,44.8,2,1,1.00,CYCLE,N
IND,208,6411,59438,29/12/2023,13:25:13,15,1,17.0,0.9,166.5,166.3,2,1,1.00,CYCLE,S
IND,208,6411,59438,29/12/2023,13:25:14,15,1,14.2,0.9,1.5,1.3,2,1,1.00,CYCLE,S
IND,208,6411,59438,29/12/2023,13:25:16,15,1,16.1,1.0,2.0,1.8,2,1,1.00,CYCLE,S
IND,208,6411,59438,29/12/2023,13:31:40,15,1,19.8,1.1,384.0,383.8,2,1,1.00,CYCLE,S
IND,208,6411,59438,29/12/2023,13:31:41,15,1,23.2,1.0,0.3,0.1,2,1,1.00,CYCLE,S
IND,208,6411,59437,29/12/2023,13:32:13,15,0,29.4,1.0,24.9,24.7,2,1,1.00,CYCLE,N
IND,208,6411,59437,29/12/2023,13:32:17,15,0,26.5,1.1,4.5,4.4,2,1,1.00,CYCLE,N
IND,208,6411,59437,29/12/2023,13:32:20,15,0,25.1,1.0,2.5,2.3,2,1,1.00,CYCLE,N
IND,208,6411,59437,29/12/2023,13:34:29,15,0,24.4,1.1,129.4,129.3,2,1,1.00,CYCLE,N
IND,208,6411,59437,29/12/2023,13:37:45,15,0,28.4,1.0,195.6,195.5,2,1,1.00,CYCLE,N
IND,208,6411,59437,29/12/2023,13:38:05,15,0,20.3,1.2,20.5,20.3,2,1,1.00,CYCLE,N
IND,208,6411,59438,29/12/2023,13:39:14,15,1,16.8,1.0,441.5,441.3,2,1,1.00,CYCLE,S
IND,208,6411,59437,29/12/2023,13:40:17,15,0,35.0,1.0,131.9,131.7,2,1,1.00,CYCLE,N
IND,208,6411,59437,29/12/2023,13:40:36,15,0,24.4,0.9,19.1,19.0,2,1,1.00,CYCLE,N
IND,208,6411,59437,29/12/2023,13:41:13,15,0,20.3,1.1,36.9,36.7,2,1,1.00,CYCLE,N
IND,208,6411,59437,29/12/2023,13:42:24,15,0,18.9,1.1,71.2,71.0,2,1,1.00,CYCLE,N
IND,208,6411,59437,29/12/2023,13:42:26,15,0,18.5,1.1,1.3,1.1,2,1,1.00,CYCLE,N
IND,208,6411,59438,29/12/2023,13:42:44,15,1,24.3,1.0,209.4,209.2,2,1,1.00,CYCLE,S
IND,208,6411,59438,29/12/2023,13:43:26,15,1,27.5,0.9,42.0,41.8,2,1,1.00,CYCLE,S
IND,208,6411,59437,29/12/2023,13:45:57,15,0,30.7,1.0,211.1,210.9,2,1,1.00,CYCLE,N
IND,208,6411,59437,29/12/2023,13:46:12,15,0,22.4,1.1,15.4,15.3,2,1,1.00,CYCLE,N
IND,208,6411,59437,29/12/2023,13:46:25,15,0,20.4,1.0,13.0,12.8,2,1,1.00,CYCLE,N
IND,208,6411,59437,29/12/2023,13:48:57,15,0,26.8,1.1,151.5,151.3,2,1,1.00,CYCLE,N
IND,208,6411,59438,29/12/2023,13:48:58,15,1,9.0,1.0,332.5,332.4,2,1,0.80,CYCLE,S
IND,208,6411,59437,29/12/2023,13:50:05,15,0,26.0,1.0,68.4,68.2,2,1,1.00,CYCLE,N
IND,208,6411,59438,29/12/2023,13:51:20,15,1,9.4,1.1,141.9,141.6,2,1,1.00,CYCLE,S
IND,208,6411,59437,29/12/2023,13:55:27,15,0,26.5,1.1,322.0,321.8,2,1,1.00,CYCLE,N
IND,208,6411,59438,29/12/2023,13:55:33,15,1,17.3,1.1,252.9,252.5,2,1,1.00,CYCLE,S
IND,208,6411,59437,29/12/2023,13:56:43,15,0,27.0,1.0,51.9,51.7,2,1,1.00,CYCLE,N
IND,208,6411,59437,29/12/2023,13:58:51,15,0,25.5,1.1,121.9,121.7,2,1,1.00,CYCLE,N
IND,208,6411,59437,29/12/2023,13:59:10,15,0,22.9,1.1,19.2,19.1,2,1,1.00,CYCLE,N
IND,208,6411,59438,29/12/2023,14:00:11,15,1,29.1,1.0,277.6,277.4,2,1,1.00,CYCLE,S
IND,208,6411,59438,29/12/2023,14:00:11,15,1,30.6,1.0,0.5,0.4,2,1,1.00,CYCLE,S
IND,208,6411,59437,29/12/2023,14:00:33,15,0,19.5,0.8,82.1,82.0,2,1,1.00,CYCLE,N
IND,208,6411,59437,29/12/2023,14:00:34,15,0,17.0,1.1,1.7,1.5,2,1,1.00,CYCLE,N
IND,208,6411,59438,29/12/2023,14:00:44,15,1,18.4,1.1,33.1,33.0,2,1,1.00,CYCLE,S
IND,208,6411,59437,29/12/2023,14:01:35,15,0,22.2,1.1,61.1,60.9,2,1,1.00,CYCLE,N
IND,208,6411,59437,29/12/2023,14:06:34,15,0,21.7,1.2,8.0,7.8,2,1,1.00,CYCLE,N
IND,208,6411,59437,29/12/2023,14:06:35,15,0,19.4,1.1,1.6,1.4,2,1,1.00,CYCLE,N
IND,208,6411,59437,29/12/2023,14:06:37,15,0,19.4,1.1,1.7,1.5,2,1,1.00,CYCLE,N
IND,208,6411,59437,29/12/2023,14:06:42,15,0,22.8,1.1,5.0,4.8,2,1,1.00,CYCLE,N
IND,208,6411,59438,29/12/2023,14:07:22,15,1,26.1,1.1,397.9,397.7,2,1,1.00,CYCLE,S
IND,208,6411,59438,29/12/2023,14:07:39,15,1,22.6,1.0,16.4,16.3,2,1,1.00,CYCLE,S
IND,208,6411,59437,29/12/2023,14:08:35,15,0,13.8,0.4,4.2,4.0,2,1,1.00,CYCLE,N
IND,208,6411,59438,29/12/2023,14:09:12,15,1,27.3,1.0,93.6,93.5,2,1,1.00,CYCLE,S
IND,208,6411,59437,29/12/2023,14:09:19,15,0,29.6,1.0,44.4,44.3,2,1,1.00,CYCLE,N
IND,208,6411,59438,29/12/2023,14:09:38,15,1,18.8,1.0,26.1,26.0,2,1,1.00,CYCLE,S
IND,208,6411,59438,29/12/2023,14:09:39,15,1,18.9,1.1,0.6,0.4,2,1,1.00,CYCLE,S
IND,208,6411,59438,29/12/2023,14:09:40,15,1,20.1,1.1,0.6,0.4,2,1,1.00,CYCLE,S
IND,208,6411,59437,29/12/2023,14:10:14,15,0,26.0,1.0,54.8,54.7,2,1,1.00,CYCLE,N
IND,208,6411,59437,29/12/2023,14:12:25,15,0,28.4,1.1,131.1,131.0,2,1,1.00,CYCLE,N
IND,208,6411,59438,29/12/2023,14:13:16,15,1,23.6,1.1,216.1,215.9,2,1,1.00,CYCLE,S
IND,208,6411,59437,29/12/2023,14:16:45,15,0,26.4,1.1,260.0,259.8,2,1,1.00,CYCLE,N
IND,208,6411,59437,29/12/2023,14:16:53,15,0,26.0,1.1,7.9,7.7,2,1,1.00,CYCLE,N
IND,208,6411,59437,29/12/2023,14:16:54,15,0,27.9,1.1,1.2,1.1,2,1,1.00,CYCLE,N
IND,208,6411,59437,29/12/2023,14:19:07,15,0,24.7,1.1,133.0,132.8,2,1,1.00,CYCLE,N
IND,208,6411,59438,29/12/2023,14:19:12,15,1,25.0,1.0,356.3,356.1,2,1,1.00,CYCLE,S
IND,208,6411,59438,29/12/2023,14:19:13,15,1,26.2,1.1,1.1,0.9,2,1,1.00,CYCLE,S
IND,208,6411,59438,29/12/2023,14:21:09,15,1,22.7,1.0,115.8,115.7,2,1,1.00,CYCLE,S
IND,208,6411,59437,29/12/2023,14:21:25,15,0,31.0,1.1,137.5,137.4,2,1,1.00,CYCLE,N
IND,208,6411,59437,29/12/2023,14:23:08,15,0,21.8,1.0,103.6,103.5,2,1,0.50,CYCLE,N
IND,208,6411,59438,29/12/2023,14:23:08,15,1,21.8,1.0,0.0,0.0,2,1,0.50,CYCLE,S
IND,208,6411,59438,29/12/2023,14:23:10,15,1,22.1,1.1,120.7,120.6,2,1,1.00,CYCLE,S
IND,208,6411,59438,29/12/2023,14:24:09,15,1,27.2,1.0,59.3,59.2,2,1,1.00,CYCLE,S
IND,208,6411,59438,29/12/2023,14:24:51,15,1,19.6,1.1,42.4,42.2,2,1,1.00,CYCLE,S
IND,208,6411,59437,29/12/2023,14:25:19,15,0,26.6,1.1,130.6,130.2,2,1,1.00,CYCLE,N
IND,208,6411,59438,29/12/2023,14:26:10,15,1,28.8,1.1,79.1,78.9,2,1,1.00,CYCLE,S
IND,208,6411,59437,29/12/2023,14:27:42,15,0,24.7,1.1,143.0,142.9,2,1,1.00,CYCLE,N
IND,208,6411,59437,29/12/2023,14:27:51,15,0,20.3,1.1,9.0,8.8,2,1,1.00,CYCLE,N
IND,208,6411,59437,29/12/2023,14:28:26,15,0,22.9,1.0,35.1,34.9,2,1,1.00,CYCLE,N
IND,208,6411,59437,29/12/2023,14:29:32,15,0,25.7,1.0,65.8,65.6,2,1,1.00,CYCLE,N
IND,208,6411,59438,29/12/2023,14:29:33,15,1,24.6,1.1,202.2,202.1,2,1,1.00,CYCLE,S
IND,208,6411,59437,29/12/2023,14:31:18,15,0,31.6,1.0,106.1,105.9,2,1,1.00,CYCLE,N
IND,208,6411,59437,29/12/2023,14:33:14,15,0,15.8,1.0,115.9,115.8,2,1,0.86,CYCLE,N
IND,208,6411,59437,29/12/2023,14:33:37,15,0,30.3,1.0,23.3,23.1,2,1,1.00,CYCLE,N
IND,208,6411,59438,29/12/2023,14:35:34,15,1,21.2,1.0,361.4,361.2,2,1,1.00,CYCLE,S
IND,208,6411,59437,29/12/2023,14:36:12,15,0,28.0,1.0,93.6,93.5,2,1,1.00,CYCLE,N
IND,208,6411,59437,29/12/2023,14:39:21,15,0,24.2,1.1,189.4,189.2,2,1,1.00,CYCLE,N
IND,208,6411,59437,29/12/2023,14:42:21,15,0,26.8,1.1,71.4,71.1,2,1,1.00,CYCLE,N
IND,208,6411,59438,29/12/2023,14:42:30,15,1,22.1,1.0,416.3,416.2,2,1,1.00,CYCLE,S
IND,208,6411,59438,29/12/2023,14:42:33,15,1,25.4,1.0,2.2,2.0,2,1,1.00,CYCLE,S
IND,208,6411,59438,29/12/2023,14:43:52,15,1,23.2,0.9,79.7,79.5,2,1,1.00,CYCLE,S
IND,208,6411,59437,29/12/2023,14:45:19,15,0,31.9,1.0,178.6,178.5,2,1,1.00,CYCLE,N
IND,208,6411,59437,29/12/2023,14:45:36,15,0,21.3,1.0,16.9,16.8,2,1,1.00,CYCLE,N
IND,208,6411,59437,29/12/2023,14:46:35,15,0,29.8,1.0,58.8,58.6,2,1,1.00,CYCLE,N
IND,208,6411,59437,29/12/2023,14:49:28,15,0,21.8,1.1,172.8,172.7,2,1,1.00,CYCLE,N
IND,208,6411,59437,29/12/2023,14:50:20,15,0,28.2,1.0,52.4,52.3,2,1,1.00,CYCLE,N
IND,208,6411,59438,29/12/2023,14:50:40,15,1,19.2,1.0,407.8,407.7,2,1,1.00,CYCLE,S
IND,208,6411,59438,29/12/2023,14:50:42,15,1,20.3,1.1,1.7,1.5,2,1,1.00,CYCLE,S
IND,208,6411,59438,29/12/2023,14:52:08,15,1,29.9,1.0,85.8,85.6,2,1,1.00,CYCLE,S
IND,208,6411,59437,29/12/2023,14:52:17,15,0,15.4,1.0,116.1,116.0,2,1,1.00,CYCLE,N
IND,208,6411,59438,29/12/2023,14:52:52,15,1,15.4,1.0,44.6,44.5,2,1,1.00,CYCLE,S
IND,208,6411,59438,29/12/2023,14:53:40,15,1,26.8,1.0,47.8,47.6,2,1,1.00,CYCLE,S
IND,208,6411,59437,29/12/2023,14:55:25,15,0,21.2,1.1,188.6,188.4,2,1,1.00,CYCLE,N
IND,208,6411,59437,29/12/2023,14:57:35,15,0,17.0,1.0,0.9,0.7,2,1,1.00,CYCLE,N
IND,208,6411,59437,29/12/2023,14:58:01,15,0,21.6,1.1,6.0,5.8,2,1,1.00,CYCLE,N
IND,208,6411,59437,29/12/2023,14:58:42,15,0,30.6,1.0,41.1,41.0,2,1,1.00,CYCLE,N
IND,208,6411,59438,29/12/2023,14:59:15,15,1,27.8,1.0,335.3,335.2,2,1,1.00,CYCLE,S
IND,208,6411,59438,29/12/2023,14:59:17,15,1,26.8,1.1,2.1,2.0,2,1,1.00,CYCLE,S
IND,208,6411,59437,29/12/2023,14:59:26,15,0,35.8,1.0,43.5,43.4,2,1,1.00,CYCLE,N
IND,208,6411,59437,29/12/2023,14:59:39,15,0,29.6,1.0,13.0,12.9,2,1,1.00,CYCLE,N
IND,208,6411,59437,29/12/2023,15:00:12,15,0,23.5,1.2,32.9,32.8,2,1,1.00,CYCLE,N
IND,208,6411,59437,29/12/2023,15:02:16,15,0,23.6,1.0,124.7,124.5,2,1,1.00,CYCLE,N
IND,208,6411,59437,29/12/2023,15:04:40,15,0,28.3,1.1,143.9,143.8,2,1,1.00,CYCLE,N
IND,208,6411,59438,29/12/2023,15:06:16,15,1,22.9,1.1,419.1,419.0,2,1,1.00,CYCLE,S
IND,208,6411,59438,29/12/2023,15:06:18,15,1,23.5,1.1,1.2,1.0,2,1,1.00,CYCLE,S
IND,208,6411,59438,29/12/2023,15:07:27,15,1,23.8,1.1,69.6,69.4,2,1,1.00,CYCLE,S
IND,208,6411,59437,29/12/2023,15:09:04,15,0,11.9,1.0,263.4,263.2,2,1,1.00,CYCLE,N
IND,208,6411,59438,29/12/2023,15:09:49,15,1,24.4,1.0,141.3,141.1,2,1,1.00,CYCLE,S
IND,208,6411,59438,29/12/2023,15:10:55,15,1,22.2,1.0,66.6,66.4,2,1,1.00,CYCLE,S
IND,208,6411,59438,29/12/2023,15:13:32,15,1,22.9,1.0,156.9,156.7,2,1,1.00,CYCLE,S
IND,208,6411,59438,29/12/2023,15:13:33,15,1,22.4,1.0,0.6,0.4,2,1,1.00,CYCLE,S
IND,208,6411,59438,29/12/2023,15:13:56,15,1,18.1,1.1,23.4,23.2,2,1,1.00,CYCLE,S
IND,208,6411,59437,29/12/2023,15:15:33,15,0,34.8,1.0,389.2,388.9,2,1,1.00,CYCLE,N
IND,208,6411,59437,29/12/2023,15:16:00,15,0,26.9,1.1,27.4,27.3,2,1,1.00,CYCLE,N
IND,208,6411,59437,29/12/2023,15:18:38,15,0,28.4,1.1,157.5,157.4,2,1,1.00,CYCLE,N
IND,208,6411,59438,29/12/2023,15:18:46,15,1,32.0,1.2,1.2,1.0,2,1,1.00,CYCLE,S
IND,208,6411,59437,29/12/2023,15:19:50,15,0,30.6,1.2,72.5,72.3,2,1,1.00,CYCLE,N
IND,208,6411,59437,29/12/2023,15:20:14,15,0,21.9,1.1,23.4,23.3,2,1,1.00,CYCLE,N
IND,208,6411,59438,29/12/2023,15:21:49,15,1,24.9,1.0,182.7,182.6,2,1,1.00,CYCLE,S
IND,208,6411,59438,29/12/2023,15:21:50,15,1,24.0,0.9,0.5,0.3,2,1,1.00,CYCLE,S
IND,208,6411,59438,29/12/2023,15:22:38,15,1,26.1,1.0,48.6,48.4,2,1,1.00,CYCLE,S
IND,208,6411,59438,29/12/2023,15:22:43,15,1,24.2,1.1,4.9,4.8,2,1,1.00,CYCLE,S
IND,208,6411,59438,29/12/2023,15:24:32,15,1,24.3,1.1,108.6,108.4,2,1,1.00,CYCLE,S
IND,208,6411,59437,29/12/2023,15:24:33,15,0,34.1,1.0,259.0,258.8,2,1,1.00,CYCLE,N
IND,208,6411,59438,29/12/2023,15:24:38,15,1,19.3,1.1,6.3,6.1,2,1,1.00,CYCLE,S
IND,208,6411,59437,29/12/2023,15:24:52,15,0,31.8,1.0,19.0,18.9,2,1,1.00,CYCLE,N
IND,208,6411,59437,29/12/2023,15:26:07,15,0,21.9,1.1,75.8,75.7,2,1,1.00,CYCLE,N
IND,208,6411,59437,29/12/2023,15:26:57,15,0,20.8,1.1,50.0,49.9,2,1,1.00,CYCLE,N
IND,208,6411,59438,29/12/2023,15:27:15,15,1,20.6,1.1,3.5,3.3,2,1,1.00,CYCLE,S
IND,208,6411,59437,29/12/2023,15:27:53,15,0,26.9,1.0,55.3,55.1,2,1,1.00,CYCLE,N
IND,208,6411,59437,29/12/2023,15:28:19,15,0,25.3,1.1,25.9,25.7,2,1,1.00,CYCLE,N
IND,208,6411,59437,29/12/2023,15:28:24,15,0,24.8,1.1,5.1,4.9,2,1,1.00,CYCLE,N
IND,208,6411,59438,29/12/2023,15:29:52,15,1,27.4,1.0,157.3,157.1,2,1,1.00,CYCLE,S
IND,208,6411,59438,29/12/2023,15:30:08,15,1,20.2,1.0,15.8,15.7,2,1,1.00,CYCLE,S
IND,208,6411,59438,29/12/2023,15:30:09,15,1,20.3,1.0,0.6,0.4,2,1,1.00,CYCLE,S
IND,208,6411,59438,29/12/2023,15:30:17,15,1,19.4,0.9,8.7,8.5,2,1,1.00,CYCLE,S
IND,208,6411,59437,29/12/2023,15:30:25,15,0,24.8,1.2,121.4,121.2,2,1,1.00,CYCLE,N
IND,208,6411,59438,29/12/2023,15:31:15,15,1,19.0,1.1,57.7,57.5,2,1,1.00,CYCLE,S
IND,208,6411,59438,29/12/2023,15:31:52,15,1,21.3,1.0,36.7,36.5,2,1,1.00,CYCLE,S
IND,208,6411,59437,29/12/2023,15:32:33,15,0,28.7,1.0,127.6,127.5,2,1,1.00,CYCLE,N
IND,208,6411,59438,29/12/2023,15:34:27,15,1,40.5,1.0,154.8,154.6,2,1,0.73,CYCLE,S
IND,208,6411,59438,29/12/2023,15:36:37,15,1,21.2,1.0,130.9,130.8,2,1,1.00,CYCLE,S
IND,208,6411,59437,29/12/2023,15:37:15,15,0,20.9,1.1,282.7,282.6,2,1,1.00,CYCLE,N
IND,208,6411,59438,29/12/2023,15:37:19,15,1,26.3,1.1,42.0,41.8,2,1,1.00,CYCLE,S
IND,208,6411,59438,29/12/2023,15:37:30,15,1,25.0,1.0,10.7,10.5,2,1,1.00,CYCLE,S
IND,208,6411,59437,29/12/2023,15:38:11,15,0,24.6,1.1,55.3,55.1,2,1,1.00,CYCLE,N
IND,208,6411,59437,29/12/2023,15:39:13,15,0,20.4,1.0,62.2,62.0,2,1,1.00,CYCLE,N
IND,208,6411,59437,29/12/2023,15:41:49,15,0,26.9,1.1,155.9,155.7,2,1,1.00,CYCLE,N
IND,208,6411,59438,29/12/2023,15:43:12,15,1,17.2,1.0,341.5,341.3,2,1,1.00,CYCLE,S
IND,208,6411,59438,29/12/2023,15:43:36,15,1,26.4,1.0,24.8,24.6,2,1,1.00,CYCLE,S
IND,208,6411,59438,29/12/2023,15:43:38,15,1,23.8,1.1,1.3,1.2,2,1,1.00,CYCLE,S
IND,208,6411,59438,29/12/2023,15:43:38,15,1,27.3,1.0,0.2,0.1,2,1,1.00,CYCLE,S
IND,208,6411,59438,29/12/2023,15:43:57,15,1,30.6,1.0,19.3,19.2,2,1,1.00,CYCLE,S
IND,208,6411,59438,29/12/2023,15:44:13,15,1,27.7,1.0,16.0,15.9,2,1,1.00,CYCLE,S
IND,208,6411,59437,29/12/2023,15:45:32,15,0,27.6,1.1,223.4,223.2,2,1,1.00,CYCLE,N
IND,208,6411,59437,29/12/2023,15:46:09,15,0,22.1,1.1,37.1,37.0,2,1,1.00,CYCLE,N
IND,208,6411,59438,29/12/2023,15:46:26,15,1,26.1,1.0,133.0,132.8,2,1,1.00,CYCLE,S
IND,208,6411,59437,29/12/2023,15:48:00,15,0,14.5,1.1,110.5,110.3,2,1,1.00,CYCLE,N
IND,208,6411,59438,29/12/2023,15:48:07,15,1,23.3,1.0,101.1,100.9,2,1,1.00,CYCLE,S
IND,208,6411,59438,29/12/2023,15:48:14,15,1,24.4,1.0,7.1,6.9,2,1,1.00,CYCLE,S
IND,208,6411,59438,29/12/2023,15:48:30,15,1,18.8,1.1,15.7,15.5,2,1,1.00,CYCLE,S
IND,208,6411,59438,29/12/2023,15:48:31,15,1,19.3,1.1,0.7,0.5,2,1,1.00,CYCLE,S
IND,208,6411,59438,29/12/2023,15:49:53,15,1,23.2,1.0,81.9,81.7,2,1,1.00,CYCLE,S
IND,208,6411,59437,29/12/2023,15:50:14,15,0,28.5,1.0,133.6,133.3,2,1,1.00,CYCLE,N
IND,208,6411,59438,29/12/2023,15:51:24,15,1,28.6,0.9,91.8,91.7,2,1,1.00,CYCLE,S
IND,208,6411,59438,29/12/2023,15:51:32,15,1,33.4,0.9,7.8,7.7,2,1,1.00,CYCLE,S
IND,208,6411,59437,29/12/2023,15:52:12,15,0,21.9,1.0,118.2,118.0,2,1,1.00,CYCLE,N
IND,208,6411,59438,29/12/2023,15:53:29,15,1,23.8,1.0,116.6,116.5,2,1,1.00,CYCLE,S
IND,208,6411,59438,29/12/2023,15:53:44,15,1,28.6,1.0,15.3,15.1,2,1,1.00,CYCLE,S
IND,208,6411,59438,29/12/2023,15:56:51,15,1,19.6,1.0,187.4,187.2,2,1,1.00,CYCLE,S
IND,208,6411,59437,29/12/2023,15:57:48,15,0,35.0,1.0,48.8,48.6,2,1,1.00,CYCLE,N
IND,208,6411,59437,29/12/2023,15:58:02,15,0,23.4,1.1,13.7,13.6,2,1,1.00,CYCLE,N
IND,208,6411,59437,29/12/2023,15:58:02,15,0,21.6,1.0,0.2,0.8,2,1,0.80,CYCLE,N
IND,208,6411,59437,29/12/2023,15:58:43,15,0,12.0,1.1,40.5,39.6,2,1,1.00,CYCLE,N
IND,208,6411,59437,29/12/2023,15:58:47,15,0,27.6,1.0,4.2,3.9,2,1,1.00,CYCLE,N
IND,208,6411,59437,29/12/2023,15:58:47,15,0,27.6,1.0,0.0,0.0,2,1,1.00,CYCLE,N
IND,208,6411,59438,29/12/2023,15:58:59,15,1,35.5,1.0,127.4,127.2,2,1,1.00,CYCLE,S
IND,208,6411,59437,29/12/2023,15:59:49,15,0,22.3,1.0,62.2,62.0,2,1,1.00,CYCLE,N
IND,208,6411,59438,29/12/2023,16:00:43,15,1,25.2,1.1,104.3,104.2,2,1,1.00,CYCLE,S
IND,208,6411,59438,29/12/2023,16:00:55,15,1,22.7,1.0,12.0,11.8,2,1,1.00,CYCLE,S
IND,208,6411,59437,29/12/2023,16:01:31,15,0,22.1,1.0,101.7,101.5,2,1,1.00,CYCLE,N
IND,208,6411,59438,29/12/2023,16:03:53,15,1,18.3,1.1,177.6,177.4,2,1,1.00,CYCLE,S
IND,208,6411,59437,29/12/2023,16:04:03,15,0,33.5,1.0,152.6,152.4,2,1,1.00,CYCLE,N
IND,208,6411,59437,29/12/2023,16:04:15,15,0,34.7,1.0,11.7,11.6,2,1,1.00,CYCLE,N
IND,208,6411,59438,29/12/2023,16:04:23,15,1,22.8,1.0,30.6,30.4,2,1,1.00,CYCLE,S
IND,208,6411,59437,29/12/2023,16:04:26,15,0,25.3,1.0,10.9,10.8,2,1,1.00,CYCLE,N
IND,208,6411,59438,29/12/2023,16:04:46,15,1,19.8,1.0,22.4,22.3,2,1,1.00,CYCLE,S
IND,208,6411,59437,29/12/2023,16:04:59,15,0,26.6,1.1,15.8,15.7,2,1,1.00,CYCLE,N
IND,208,6411,59437,29/12/2023,16:05:55,15,0,20.7,1.0,56.1,56.0,2,1,1.00,CYCLE,N
IND,208,6411,59438,29/12/2023,16:06:01,15,1,26.8,1.0,75.3,75.1,2,1,1.00,CYCLE,S
IND,208,6411,59437,29/12/2023,16:07:09,15,0,21.0,1.0,74.3,74.1,2,1,1.00,CYCLE,N
IND,208,6411,59437,29/12/2023,16:07:10,15,0,21.9,1.1,0.7,0.5,2,1,1.00,CYCLE,N
IND,208,6411,59437,29/12/2023,16:07:33,15,0,28.3,1.1,23.7,23.5,2,1,1.00,CYCLE,N
IND,208,6411,59438,29/12/2023,16:07:39,15,1,27.8,1.0,98.3,98.1,2,1,1.00,CYCLE,S
IND,208,6411,59438,29/12/2023,16:09:47,15,1,17.4,1.0,127.8,127.7,2,1,1.00,CYCLE,S
IND,208,6411,59437,29/12/2023,16:11:02,15,0,21.5,1.1,208.3,208.2,2,1,1.00,CYCLE,N
IND,208,6411,59437,29/12/2023,16:12:19,15,0,33.3,1.0,77.7,77.5,2,1,1.00,CYCLE,N
IND,208,6411,59437,29/12/2023,16:14:24,15,0,30.0,1.0,124.2,124.1,2,1,1.00,CYCLE,N
IND,208,6411,59438,29/12/2023,16:14:56,15,1,16.9,1.1,100.2,100.0,2,1,1.00,CYCLE,S
IND,208,6411,59437,29/12/2023,16:15:11,15,0,31.2,1.1,47.7,47.5,2,1,1.00,CYCLE,N
IND,208,6411,59438,29/12/2023,16:16:18,15,1,23.9,1.0,81.9,81.7,2,1,1.00,CYCLE,S
IND,208,6411,59437,29/12/2023,16:16:33,15,0,22.6,1.0,81.8,81.7,2,1,1.00,CYCLE,N
IND,208,6411,59437,29/12/2023,16:20:37,15,0,36.1,1.0,117.6,117.4,2,1,1.00,CYCLE,N
IND,208,6411,59437,29/12/2023,16:20:38,15,0,34.1,1.0,1.5,1.4,2,1,1.00,CYCLE,N
IND,208,6411,59437,29/12/2023,16:22:05,15,0,28.4,1.2,86.6,86.5,2,1,1.00,CYCLE,N
IND,208,6411,59438,29/12/2023,16:22:43,15,1,21.0,1.0,385.3,385.1,2,1,1.00,CYCLE,S
IND,208,6411,59438,29/12/2023,16:23:02,15,1,26.1,1.1,19.0,18.8,2,1,1.00,CYCLE,S
IND,208,6411,59437,29/12/2023,16:23:29,15,0,27.0,1.0,84.4,84.3,2,1,1.00,CYCLE,N
IND,208,6411,59437,29/12/2023,16:24:12,15,0,32.3,1.1,43.2,43.1,2,1,1.00,CYCLE,N
IND,208,6411,59437,29/12/2023,16:24:30,15,0,34.3,1.0,17.7,17.6,2,1,0.80,CYCLE,N
IND,208,6411,59437,29/12/2023,16:25:22,15,0,25.3,1.1,51.4,51.3,2,1,1.00,CYCLE,N
IND,208,6411,59437,29/12/2023,16:25:36,15,0,27.3,1.1,14.8,14.6,2,1,1.00,CYCLE,N
IND,208,6411,59438,29/12/2023,16:26:40,15,1,25.3,1.1,217.6,217.4,2,1,1.00,CYCLE,S
IND,208,6411,59438,29/12/2023,16:27:54,15,1,22.3,1.1,74.2,74.1,2,1,1.00,CYCLE,S
IND,208,6411,59437,29/12/2023,16:28:55,15,0,25.3,1.0,97.3,97.1,2,1,1.00,CYCLE,N
IND,208,6411,59438,29/12/2023,16:30:35,15,1,20.5,1.0,128.2,128.0,2,1,1.00,CYCLE,S
IND,208,6411,59438,29/12/2023,16:32:24,15,1,18.1,1.0,108.8,108.6,2,1,1.00,CYCLE,S
IND,208,6411,59437,29/12/2023,16:33:10,15,0,22.2,1.0,254.3,254.1,2,1,1.00,CYCLE,N
IND,208,6411,59437,29/12/2023,16:33:10,15,0,22.1,1.1,0.7,0.6,2,1,1.00,CYCLE,N
IND,208,6411,59437,29/12/2023,16:33:11,15,0,23.3,1.1,0.9,0.7,2,1,1.00,CYCLE,N
IND,208,6411,59437,29/12/2023,16:33:15,15,0,26.2,1.0,1.2,1.1,2,1,1.00,CYCLE,N
IND,208,6411,59437,29/12/2023,16:33:16,15,0,24.4,1.0,0.2,1.0,2,1,0.80,CYCLE,N
IND,208,6411,59437,29/12/2023,16:33:23,15,0,24.0,1.1,7.3,6.2,2,1,1.00,CYCLE,N
IND,208,6411,59438,29/12/2023,16:33:35,15,1,26.1,1.0,70.8,70.6,2,1,1.00,CYCLE,S
IND,208,6411,59438,29/12/2023,16:33:35,15,1,27.4,0.9,0.4,0.3,2,1,1.00,CYCLE,S
IND,208,6411,59437,29/12/2023,16:33:46,15,0,24.3,1.1,23.0,22.8,2,1,1.00,CYCLE,N
IND,208,6411,59438,29/12/2023,16:33:55,15,1,15.4,1.0,19.8,19.7,2,1,1.00,CYCLE,S
IND,208,6411,59437,29/12/2023,16:36:32,15,0,26.0,1.1,166.4,166.2,2,1,1.00,CYCLE,N
IND,208,6411,59437,29/12/2023,16:37:11,15,0,29.9,1.0,39.2,39.0,2,1,1.00,CYCLE,N
IND,208,6411,59437,29/12/2023,16:37:58,15,0,28.7,1.1,42.1,41.9,2,1,1.00,CYCLE,N
IND,208,6411,59437,29/12/2023,16:39:57,15,0,20.9,1.1,27.9,27.8,2,1,1.00,CYCLE,N
IND,208,6411,59437,29/12/2023,16:40:15,15,0,27.4,1.0,17.4,17.3,2,1,1.00,CYCLE,N
IND,208,6411,59437,29/12/2023,16:40:21,15,0,23.8,1.1,2.1,1.9,2,1,1.00,CYCLE,N
IND,208,6411,59438,29/12/2023,16:44:14,15,1,19.8,1.0,619.3,619.1,2,1,1.00,CYCLE,S
IND,208,6411,59437,29/12/2023,16:44:29,15,0,25.8,1.0,247.9,247.7,2,1,1.00,CYCLE,N
IND,208,6411,59437,29/12/2023,16:49:30,15,0,37.3,1.0,37.1,36.9,2,1,1.00,CYCLE,N
IND,208,6411,59438,29/12/2023,16:49:33,15,1,21.6,1.0,318.4,318.2,2,1,1.00,CYCLE,S
IND,208,6411,59437,29/12/2023,16:50:58,15,0,24.2,1.1,88.8,88.7,2,1,1.00,CYCLE,N
IND,208,6411,59437,29/12/2023,16:51:12,15,0,24.7,1.1,13.2,13.1,2,1,1.00,CYCLE,N
IND,208,6411,59437,29/12/2023,16:51:30,15,0,18.9,1.0,18.4,18.2,2,1,1.00,CYCLE,N
IND,208,6411,59437,29/12/2023,16:51:31,15,0,18.9,1.0,1.1,0.9,2,1,1.00,CYCLE,N
IND,208,6411,59438,29/12/2023,16:51:39,15,1,19.3,1.1,126.8,126.6,2,1,1.00,CYCLE,S
IND,208,6411,59437,29/12/2023,16:51:41,15,0,26.5,1.0,10.3,10.1,2,1,1.00,CYCLE,N
IND,208,6411,59438,29/12/2023,16:52:50,15,1,22.7,1.0,71.0,70.8,2,1,1.00,CYCLE,S
IND,208,6411,59438,29/12/2023,16:54:18,15,1,30.2,1.0,87.3,87.2,2,1,1.00,CYCLE,S
IND,208,6411,59438,29/12/2023,16:54:25,15,1,29.9,1.0,7.1,7.0,2,1,1.00,CYCLE,S
IND,208,6411,59437,29/12/2023,16:56:16,15,0,17.1,1.0,274.6,274.5,2,1,1.00,CYCLE,N
IND,208,6411,59437,29/12/2023,16:56:58,15,0,27.9,1.1,42.1,41.9,2,1,1.00,CYCLE,N
IND,208,6411,59438,29/12/2023,16:57:26,15,1,19.0,1.0,181.2,181.0,2,1,1.00,CYCLE,S
IND,208,6411,59438,29/12/2023,16:57:55,15,1,26.2,1.0,29.4,29.2,2,1,1.00,CYCLE,S
IND,208,6411,59438,29/12/2023,16:57:58,15,1,23.5,1.1,3.0,2.9,2,1,1.00,CYCLE,S
IND,208,6411,59437,29/12/2023,16:58:35,15,0,32.7,1.1,96.6,96.5,2,1,1.00,CYCLE,N
IND,208,6411,59437,29/12/2023,16:58:43,15,0,19.7,1.1,8.4,8.3,2,1,1.00,CYCLE,N
IND,208,6411,59437,29/12/2023,16:59:41,15,0,26.8,1.0,58.2,58.0,2,1,1.00,CYCLE,N
IND,208,6411,59438,29/12/2023,17:01:43,15,1,25.2,1.1,224.2,224.0,2,1,1.00,CYCLE,S
IND,208,6411,59438,29/12/2023,17:01:48,15,1,15.3,1.0,5.3,5.1,2,1,1.00,CYCLE,S
IND,208,6411,59438,29/12/2023,17:01:55,15,1,19.5,1.1,7.3,7.1,2,1,1.00,CYCLE,S
IND,208,6411,59437,29/12/2023,17:02:07,15,0,34.1,1.1,145.2,145.1,2,1,1.00,CYCLE,N
IND,208,6411,59437,29/12/2023,17:02:17,15,0,29.8,1.1,10.8,10.7,2,1,1.00,CYCLE,N
IND,208,6411,59438,29/12/2023,17:03:04,15,1,21.2,1.0,69.1,68.9,2,1,1.00,CYCLE,S
IND,208,6411,59438,29/12/2023,17:03:30,15,1,26.4,1.0,26.0,25.8,2,1,1.00,CYCLE,S
IND,208,6411,59438,29/12/2023,17:03:32,15,1,25.0,1.0,1.3,1.2,2,1,1.00,CYCLE,S
IND,208,6411,59437,29/12/2023,17:04:17,15,0,23.7,1.0,119.2,119.1,2,1,1.00,CYCLE,N
IND,208,6411,59437,29/12/2023,17:05:38,15,0,29.0,1.0,81.2,81.1,2,1,1.00,CYCLE,N
IND,208,6411,59438,29/12/2023,17:06:47,15,1,21.8,1.0,195.1,194.9,2,1,1.00,CYCLE,S
IND,208,6411,59438,29/12/2023,17:08:30,15,1,30.0,1.1,103.7,103.5,2,1,1.00,CYCLE,S
IND,208,6411,59437,29/12/2023,17:10:35,15,0,19.1,1.1,164.1,163.7,2,1,1.00,CYCLE,N
IND,208,6411,59437,29/12/2023,17:12:43,15,0,31.9,1.1,128.5,128.3,2,1,1.00,CYCLE,N
IND,208,6411,59438,29/12/2023,17:13:17,15,1,21.2,1.0,171.1,170.4,2,1,1.00,CYCLE,S
IND,208,6411,59438,29/12/2023,17:14:23,15,1,19.2,1.0,65.8,65.7,2,1,1.00,CYCLE,S
IND,208,6411,59438,29/12/2023,17:17:27,15,1,24.6,1.1,183.8,183.6,2,1,1.00,CYCLE,S
IND,208,6411,59438,29/12/2023,17:17:36,15,1,21.7,1.0,8.7,8.5,2,1,1.00,CYCLE,S
IND,208,6411,59438,29/12/2023,17:17:37,15,1,22.0,1.1,1.4,1.2,2,1,1.00,CYCLE,S
IND,208,6411,59438,29/12/2023,17:19:17,15,1,23.5,1.1,99.7,99.5,2,1,1.00,CYCLE,S
IND,208,6411,59438,29/12/2023,17:19:23,15,1,18.6,1.2,5.9,5.7,2,1,1.00,CYCLE,S
IND,208,6411,59437,29/12/2023,17:20:07,15,0,31.4,1.2,112.5,111.5,2,1,1.00,CYCLE,N
IND,208,6411,59438,29/12/2023,17:20:45,15,1,29.3,1.0,82.1,81.8,2,1,1.00,CYCLE,S
IND,208,6411,59437,29/12/2023,17:21:22,15,0,19.3,1.1,36.0,35.9,2,1,1.00,CYCLE,N
IND,208,6411,59438,29/12/2023,17:22:09,15,1,24.5,1.0,84.0,83.9,2,1,1.00,CYCLE,S
IND,208,6411,59437,29/12/2023,17:22:27,15,0,27.8,1.0,64.8,64.6,2,1,1.00,CYCLE,N
IND,208,6411,59437,29/12/2023,17:25:21,15,0,32.3,1.1,174.8,174.6,2,1,1.00,CYCLE,N
IND,208,6411,59437,29/12/2023,17:25:25,15,0,28.7,1.0,4.1,3.9,2,1,1.00,CYCLE,N
IND,208,6411,59438,29/12/2023,17:26:13,15,1,21.6,1.0,244.7,244.6,2,1,1.00,CYCLE,S
IND,208,6411,59438,29/12/2023,17:26:21,15,1,24.5,0.9,7.6,7.5,2,1,1.00,CYCLE,S
IND,208,6411,59437,29/12/2023,17:27:24,15,0,34.3,1.0,118.8,118.7,2,1,1.00,CYCLE,N
IND,208,6411,59437,29/12/2023,17:27:34,15,0,30.5,1.2,9.9,9.8,2,1,1.00,CYCLE,N
IND,208,6411,59438,29/12/2023,17:27:54,15,1,21.3,1.1,93.1,92.9,2,1,1.00,CYCLE,S
IND,208,6411,59438,29/12/2023,17:29:08,15,1,27.6,1.1,73.6,73.4,2,1,1.00,CYCLE,S
IND,208,6411,59438,29/12/2023,17:29:09,15,1,29.5,1.0,0.9,0.7,2,1,1.00,CYCLE,S
IND,208,6411,59437,29/12/2023,17:29:10,15,0,22.7,1.1,95.8,95.7,2,1,1.00,CYCLE,N
IND,208,6411,59438,29/12/2023,17:29:28,15,1,22.5,1.1,19.8,19.7,2,1,1.00,CYCLE,S
IND,208,6411,59437,29/12/2023,17:30:18,15,0,33.1,1.0,67.9,67.7,2,1,1.00,CYCLE,N
IND,208,6411,59437,29/12/2023,17:31:09,15,0,24.7,1.0,51.1,51.0,2,1,1.00,CYCLE,N
IND,208,6411,59438,29/12/2023,17:31:11,15,1,25.8,1.0,65.2,65.0,2,1,1.00,CYCLE,S
IND,208,6411,59438,29/12/2023,17:31:31,15,1,22.5,1.0,19.3,19.1,2,1,1.00,CYCLE,S
IND,208,6411,59437,29/12/2023,17:32:30,15,0,25.1,1.0,80.6,80.4,2,1,1.00,CYCLE,N
IND,208,6411,59437,29/12/2023,17:33:07,15,0,32.0,1.0,37.1,37.0,2,1,1.00,CYCLE,N
IND,208,6411,59437,29/12/2023,17:36:57,15,0,26.8,1.0,230.7,230.6,2,1,1.00,CYCLE,N
IND,208,6411,59438,29/12/2023,17:37:00,15,1,19.9,1.0,329.7,329.6,2,1,1.00,CYCLE,S
IND,208,6411,59437,29/12/2023,17:41:33,15,0,13.2,1.1,43.4,41.8,2,1,0.80,CYCLE,N
IND,208,6411,59438,29/12/2023,17:42:24,15,1,19.5,1.1,23.9,23.7,2,1,1.00,CYCLE,S
IND,208,6411,59438,29/12/2023,17:43:46,15,1,29.3,1.0,81.9,81.7,2,1,0.75,CYCLE,S
IND,208,6411,59437,29/12/2023,17:45:03,15,0,27.9,1.1,209.8,209.7,2,1,1.00,CYCLE,N
IND,208,6411,59438,29/12/2023,17:46:45,15,1,23.4,0.9,178.5,178.3,2,1,1.00,CYCLE,S
IND,208,6411,59438,29/12/2023,17:48:30,15,1,25.9,1.0,104.7,104.6,2,1,1.00,CYCLE,S
IND,208,6411,59438,29/12/2023,17:52:23,15,1,11.9,1.1,233.9,233.7,2,1,1.00,CYCLE,S
IND,208,6411,59437,29/12/2023,17:52:55,15,0,31.2,1.0,472.1,471.9,2,1,1.00,CYCLE,N
IND,208,6411,59437,29/12/2023,17:54:02,15,0,30.6,1.0,67.2,67.1,2,1,1.00,CYCLE,N
IND,208,6411,59437,29/12/2023,17:54:09,15,0,19.0,1.0,6.8,6.7,2,1,1.00,CYCLE,N
IND,208,6411,59437,29/12/2023,17:54:09,15,0,20.1,1.1,0.4,0.2,2,1,1.00,CYCLE,N
IND,208,6411,59437,29/12/2023,17:54:28,15,0,23.1,1.1,18.6,18.4,2,1,1.00,CYCLE,N
IND,208,6411,59438,29/12/2023,17:55:16,15,1,19.6,1.0,172.7,172.3,2,1,1.00,CYCLE,S
IND,208,6411,59438,29/12/2023,17:55:50,15,1,27.2,1.0,33.5,33.3,2,1,1.00,CYCLE,S
IND,208,6411,59438,29/12/2023,17:57:32,15,1,23.6,0.9,102.4,102.2,2,1,1.00,CYCLE,S
IND,208,6411,59437,29/12/2023,17:58:28,15,0,30.5,1.1,61.5,61.3,2,1,1.00,CYCLE,N
IND,208,6411,59437,29/12/2023,18:00:23,15,0,21.0,1.1,115.6,115.4,2,1,1.00,CYCLE,N
IND,208,6411,59437,29/12/2023,18:03:42,15,0,32.6,1.0,198.4,198.2,2,1,1.00,CYCLE,N
IND,208,6411,59437,29/12/2023,18:04:29,15,0,27.3,1.1,47.3,47.2,2,1,1.00,CYCLE,N
IND,208,6411,59437,29/12/2023,18:05:02,15,0,26.7,1.1,32.7,32.6,2,1,1.00,CYCLE,N
IND,208,6411,59437,29/12/2023,18:08:18,15,0,31.5,1.2,193.2,193.0,2,1,1.00,CYCLE,N
IND,208,6411,59437,29/12/2023,18:12:11,15,0,23.8,1.0,136.1,136.0,2,1,1.00,CYCLE,N
IND,208,6411,59438,29/12/2023,18:13:10,15,1,25.0,1.0,56.9,56.7,2,1,1.00,CYCLE,S
IND,208,6411,59438,29/12/2023,18:13:12,15,1,27.8,1.0,2.7,2.5,2,1,1.00,CYCLE,S
IND,208,6411,59438,29/12/2023,18:15:32,15,1,26.1,0.9,112.7,112.5,2,1,1.00,CYCLE,S
IND,208,6411,59437,29/12/2023,18:15:58,15,0,26.6,1.1,226.4,226.3,2,1,1.00,CYCLE,N
IND,208,6411,59437,29/12/2023,18:16:08,15,0,18.4,1.0,10.2,10.0,2,1,1.00,CYCLE,N
IND,208,6411,59437,29/12/2023,18:18:14,15,0,25.4,1.1,125.9,125.7,2,1,1.00,CYCLE,N
IND,208,6411,59437,29/12/2023,18:18:26,15,0,26.2,1.0,12.0,11.8,2,1,1.00,CYCLE,N
IND,208,6411,59437,29/12/2023,18:19:43,15,0,25.0,1.1,77.4,77.3,2,1,1.00,CYCLE,N
IND,208,6411,59438,29/12/2023,18:19:50,15,1,23.9,1.0,258.0,257.8,2,1,1.00,CYCLE,S
IND,208,6411,59438,29/12/2023,18:21:50,15,1,24.0,1.0,120.0,119.8,2,1,1.00,CYCLE,S
IND,208,6411,59437,29/12/2023,18:25:20,15,0,25.6,1.0,2.4,1.9,2,1,1.00,CYCLE,N
IND,208,6411,59437,29/12/2023,18:30:23,15,0,23.3,1.1,67.5,65.2,2,1,1.00,CYCLE,N
IND,208,6411,59437,29/12/2023,18:33:09,15,0,23.6,1.0,137.3,137.0,2,1,0.80,CYCLE,N
IND,208,6411,59438,29/12/2023,18:37:45,15,1,25.4,1.1,955.1,955.0,2,1,1.00,CYCLE,S
IND,208,6411,59437,29/12/2023,18:46:06,15,0,23.0,1.2,156.4,154.8,2,1,1.00,CYCLE,N
IND,208,6411,59437,29/12/2023,18:47:09,15,0,24.3,1.2,6.4,5.9,2,1,1.00,CYCLE,N
IND,208,6411,59438,29/12/2023,18:47:42,15,1,19.3,1.0,596.7,596.6,2,1,1.00,CYCLE,S
IND,208,6411,59438,29/12/2023,18:48:01,15,1,30.4,1.0,18.8,18.7,2,1,1.00,CYCLE,S
IND,208,6411,59437,29/12/2023,18:50:16,15,0,31.9,1.0,187.0,186.8,2,1,1.00,CYCLE,N
IND,208,6411,59437,29/12/2023,18:53:00,15,0,23.0,1.1,12.0,11.6,2,1,1.00,CYCLE,N
IND,208,6411,59438,29/12/2023,18:55:51,15,1,25.6,1.1,135.7,135.7,2,1,1.00,CYCLE,S
IND,208,6411,59437,29/12/2023,18:56:08,15,0,24.6,1.1,187.3,187.1,2,1,1.00,CYCLE,N
IND,208,6411,59438,29/12/2023,19:01:37,15,1,22.4,1.1,346.2,346.0,2,1,1.00,CYCLE,S
IND,208,6411,59437,29/12/2023,19:04:01,15,0,27.4,1.2,122.3,122.1,2,1,1.00,CYCLE,N
IND,208,6411,59437,29/12/2023,19:05:22,15,0,25.5,1.0,81.8,81.7,2,1,1.00,CYCLE,N
IND,208,6411,59437,29/12/2023,19:05:22,15,0,25.5,1.0,0.0,0.0,2,1,1.00,CYCLE,N
IND,208,6411,59437,29/12/2023,19:05:31,15,0,24.0,1.1,8.8,8.5,2,1,1.00,CYCLE,N
IND,208,6411,59438,29/12/2023,19:06:25,15,1,23.4,1.0,288.0,287.8,2,1,1.00,CYCLE,S
IND,208,6411,59437,29/12/2023,19:07:03,15,0,15.3,1.1,92.2,92.1,2,1,1.00,CYCLE,N
IND,208,6411,59437,29/12/2023,19:07:11,15,0,22.7,1.0,7.6,7.3,2,1,1.00,CYCLE,N
IND,208,6411,59438,29/12/2023,19:08:11,15,1,24.2,1.0,106.1,105.9,2,1,1.00,CYCLE,S
IND,208,6411,59437,29/12/2023,19:09:35,15,0,30.0,1.2,144.2,144.0,2,1,1.00,CYCLE,N
IND,208,6411,59437,29/12/2023,19:09:41,15,0,32.3,1.1,5.9,5.8,2,1,1.00,CYCLE,N
IND,208,6411,59438,29/12/2023,19:11:40,15,1,28.8,1.0,208.7,208.5,2,1,1.00,CYCLE,S
IND,208,6411,59438,29/12/2023,19:13:41,15,1,27.9,1.0,120.7,120.6,2,1,1.00,CYCLE,S
IND,208,6411,59437,29/12/2023,19:20:14,15,0,20.7,1.0,40.6,40.5,2,1,1.00,CYCLE,N
IND,208,6411,59437,29/12/2023,19:26:52,15,0,16.1,1.0,398.1,397.9,2,1,1.00,CYCLE,N
IND,208,6411,59437,29/12/2023,19:27:55,15,0,24.7,1.1,63.5,63.3,2,1,1.00,CYCLE,N
IND,208,6411,59437,29/12/2023,19:28:20,15,0,23.0,1.1,24.9,24.7,2,1,1.00,CYCLE,N
IND,208,6411,59437,29/12/2023,19:30:21,15,0,19.9,1.0,120.4,120.2,2,1,1.00,CYCLE,N
IND,208,6411,59437,29/12/2023,19:30:23,15,0,17.5,1.1,2.6,2.4,2,1,1.00,CYCLE,N
IND,208,6411,59437,29/12/2023,19:32:23,15,0,24.8,1.0,119.6,119.3,2,1,1.00,CYCLE,N
IND,208,6411,59437,29/12/2023,19:40:12,15,0,18.2,1.0,468.9,468.7,2,1,1.00,CYCLE,N
IND,208,6411,59437,29/12/2023,19:42:51,15,0,28.4,1.0,159.5,159.2,2,1,1.00,CYCLE,N
IND,208,6411,59437,29/12/2023,19:42:51,15,0,28.4,1.0,0.0,0.0,2,1,1.00,CYCLE,N
IND,208,6411,59438,29/12/2023,19:43:59,15,1,21.2,1.1,1818.6,1818.5,2,1,1.00,CYCLE,S
IND,208,6411,59437,29/12/2023,19:44:06,15,0,16.5,1.1,74.5,74.4,2,1,1.00,CYCLE,N
IND,208,6411,59438,29/12/2023,19:45:52,15,1,28.5,1.0,112.5,112.4,2,1,1.00,CYCLE,S
IND,208,6411,59438,29/12/2023,19:46:32,15,1,17.0,1.1,40.2,40.1,2,1,1.00,CYCLE,S
IND,208,6411,59437,29/12/2023,19:52:00,15,0,24.6,1.1,474.5,474.2,2,1,1.00,CYCLE,N
IND,208,6411,59437,29/12/2023,19:53:26,15,0,20.0,1.1,85.8,85.6,2,1,1.00,CYCLE,N
IND,208,6411,59438,29/12/2023,19:55:11,15,1,26.8,1.1,518.4,518.2,2,1,1.00,CYCLE,S
IND,208,6411,59437,29/12/2023,19:57:20,15,0,31.7,1.0,233.7,233.5,2,1,1.00,CYCLE,N
IND,208,6411,59438,29/12/2023,19:58:41,15,1,21.0,1.0,210.3,210.1,2,1,1.00,CYCLE,S
IND,208,6411,59437,29/12/2023,20:08:21,15,0,31.0,1.1,661.3,661.2,2,1,1.00,CYCLE,N
IND,208,6411,59437,29/12/2023,20:08:27,15,0,25.2,0.9,6.2,6.0,2,1,1.00,CYCLE,N
IND,208,6411,59437,29/12/2023,20:08:31,15,0,24.6,1.1,4.4,4.2,2,1,1.00,CYCLE,N
IND,208,6411,59437,29/12/2023,20:11:27,15,0,22.6,1.0,175.8,175.6,2,1,1.00,CYCLE,N
IND,208,6411,59437,29/12/2023,20:13:45,15,0,17.7,1.1,138.0,137.9,2,1,1.00,CYCLE,N
IND,208,6411,59437,29/12/2023,20:15:43,15,0,27.2,1.1,117.7,117.5,2,1,1.00,CYCLE,N
IND,208,6411,59438,29/12/2023,20:17:46,15,1,24.1,1.0,0.7,0.5,2,1,1.00,CYCLE,S
IND,208,6411,59438,29/12/2023,20:17:53,15,1,22.2,1.1,6.5,6.4,2,1,1.00,CYCLE,S
IND,208,6411,59437,29/12/2023,20:21:21,15,0,24.5,1.1,337.6,337.4,2,1,1.00,CYCLE,N
IND,208,6411,59437,29/12/2023,20:21:29,15,0,25.4,1.0,8.3,8.1,2,1,1.00,CYCLE,N
IND,208,6411,59437,29/12/2023,20:21:42,15,0,17.1,0.9,13.3,13.2,2,1,1.00,CYCLE,N
IND,208,6411,59437,29/12/2023,20:23:39,15,0,17.5,1.1,116.4,116.2,2,1,1.00,CYCLE,N
IND,208,6411,59437,29/12/2023,20:30:12,15,0,19.5,1.1,393.8,393.6,2,1,1.00,CYCLE,N
IND,208,6411,59438,29/12/2023,20:34:42,15,1,25.9,1.1,1009.1,1009.0,2,1,1.00,CYCLE,S
IND,208,6411,59437,29/12/2023,20:43:40,15,0,23.0,1.1,808.0,807.8,2,1,1.00,CYCLE,N
IND,208,6411,59437,29/12/2023,20:44:36,15,0,29.0,1.0,12.5,12.4,2,1,1.00,CYCLE,N
IND,208,6411,59437,29/12/2023,20:45:12,15,0,22.5,1.0,36.5,36.4,2,1,1.00,CYCLE,N
IND,208,6411,59438,29/12/2023,20:46:20,15,1,25.9,1.1,73.6,73.4,2,1,1.00,CYCLE,S
IND,208,6411,59437,29/12/2023,20:46:25,15,0,33.7,1.1,72.9,72.7,2,1,1.00,CYCLE,N
IND,208,6411,59437,29/12/2023,20:48:11,15,0,22.9,1.0,105.4,105.2,2,1,1.00,CYCLE,N
IND,208,6411,59438,29/12/2023,20:51:42,15,1,23.4,1.1,321.8,321.6,2,1,1.00,CYCLE,S
IND,208,6411,59437,29/12/2023,20:58:57,15,0,17.1,1.0,553.2,553.0,2,1,1.00,CYCLE,N
IND,208,6411,59437,29/12/2023,21:02:29,15,0,31.9,1.0,211.7,211.5,2,1,1.00,CYCLE,N
IND,208,6411,59437,29/12/2023,21:03:59,15,0,33.2,1.1,90.4,90.3,2,1,1.00,CYCLE,N
IND,208,6411,59437,29/12/2023,21:07:57,15,0,17.1,1.1,237.7,237.5,2,1,1.00,CYCLE,N
IND,208,6411,59437,29/12/2023,21:08:01,15,0,26.3,1.2,3.6,3.4,2,1,1.00,CYCLE,N
IND,208,6411,59437,29/12/2023,21:10:05,15,0,28.2,1.1,124.2,124.1,2,1,1.00,CYCLE,N
IND,208,6411,59437,29/12/2023,21:17:29,15,0,20.4,1.1,444.0,443.8,2,1,1.00,CYCLE,N
IND,208,6411,59437,29/12/2023,21:17:38,15,0,18.9,1.1,8.9,8.7,2,1,1.00,CYCLE,N
IND,208,6411,59438,29/12/2023,21:22:56,15,1,22.5,1.0,1874.0,1873.9,2,1,1.00,CYCLE,S
IND,208,6411,59438,29/12/2023,21:22:59,15,1,24.7,1.0,3.6,3.4,2,1,1.00,CYCLE,S
IND,208,6411,59437,29/12/2023,21:35:35,15,0,22.7,1.2,1077.7,1077.5,2,1,1.00,CYCLE,N
IND,208,6411,59437,29/12/2023,21:45:27,15,0,26.4,1.1,592.0,591.8,2,1,1.00,CYCLE,N
IND,208,6411,59437,29/12/2023,21:50:38,15,0,19.2,1.1,90.4,90.3,2,1,1.00,CYCLE,N
IND,208,6411,59437,29/12/2023,21:52:51,15,0,33.5,1.1,12.3,12.2,2,1,1.00,CYCLE,N
IND,208,6411,59437,29/12/2023,21:53:03,15,0,21.9,1.0,11.5,11.4,2,1,1.00,CYCLE,N
IND,208,6411,59437,29/12/2023,21:56:49,15,0,29.5,1.1,17.9,17.7,2,1,1.00,CYCLE,N
IND,208,6411,59437,29/12/2023,21:58:29,15,0,24.5,1.0,100.2,100.1,2,1,1.00,CYCLE,N
IND,208,6411,59437,29/12/2023,21:58:54,15,0,29.7,1.0,25.0,24.9,2,1,1.00,CYCLE,N
IND,208,6411,59437,29/12/2023,22:01:11,15,0,26.9,1.0,136.1,136.0,2,1,1.00,CYCLE,N
IND,208,6411,59438,29/12/2023,22:02:20,15,1,18.2,1.1,936.1,936.1,2,1,1.00,CYCLE,S
IND,208,6411,59437,29/12/2023,22:02:58,15,0,23.2,1.1,107.8,107.7,2,1,1.00,CYCLE,N
IND,208,6411,59437,29/12/2023,22:15:48,15,0,27.8,1.2,769.8,769.7,2,1,1.00,CYCLE,N
IND,208,6411,59438,29/12/2023,22:26:35,15,1,17.7,1.0,1455.1,1454.9,2,1,1.00,CYCLE,S
IND,208,6411,59438,29/12/2023,22:27:32,15,1,27.5,1.0,56.9,56.7,2,1,1.00,CYCLE,S
IND,208,6411,59437,29/12/2023,22:29:35,15,0,23.3,1.0,827.0,826.8,2,1,1.00,CYCLE,N
IND,208,6411,59437,29/12/2023,22:34:20,15,0,18.5,1.0,284.8,284.6,2,1,1.00,CYCLE,N
IND,208,6411,59437,29/12/2023,22:34:20,15,0,18.5,1.0,0.0,0.0,2,1,1.00,CYCLE,N
IND,208,6411,59437,29/12/2023,22:37:07,15,0,17.5,1.1,166.9,166.6,2,1,1.00,CYCLE,N
IND,208,6411,59437,29/12/2023,22:43:26,15,0,15.2,1.1,379.2,378.9,2,1,1.00,CYCLE,N
IND,208,6411,59437,29/12/2023,23:00:15,15,0,34.9,1.0,1009.5,1009.2,2,1,1.00,CYCLE,N
IND,208,6411,59437,29/12/2023,23:08:58,15,0,25.0,1.0,522.9,522.8,2,1,1.00,CYCLE,N
IND,208,6411,59437,29/12/2023,23:09:07,15,0,26.8,1.0,8.9,8.7,2,1,1.00,CYCLE,N
IND,208,6411,59437,29/12/2023,23:12:32,15,0,18.8,1.1,204.8,204.6,2,1,1.00,CYCLE,N
IND,208,6411,59437,29/12/2023,23:12:38,15,0,21.6,1.0,5.9,5.7,2,1,1.00,CYCLE,N
IND,208,6411,59437,29/12/2023,23:26:40,15,0,27.8,1.0,842.0,841.8,2,1,1.00,CYCLE,N
IND,208,6411,59438,29/12/2023,23:49:54,15,1,17.5,1.0,4942.1,4941.9,2,1,1.00,CYCLE,S
IND,208,6411,59438,29/12/2023,23:51:18,15,1,25.9,1.0,84.3,84.1,2,1,1.00,CYCLE,S
IND,208,6411,59438,30/12/2023,00:10:47,15,1,27.8,1.0,1168.6,1168.4,2,1,1.00,CYCLE,S
IND,208,6411,59437,30/12/2023,00:27:41,15,0,26.1,1.0,3660.9,3660.8,2,1,1.00,CYCLE,N
IND,208,6411,59437,30/12/2023,00:40:46,15,0,18.1,1.0,785.2,785.1,2,1,1.00,CYCLE,N
IND,208,6411,59437,30/12/2023,00:42:45,15,0,29.2,1.0,119.3,119.1,2,1,1.00,CYCLE,N
IND,208,6411,59437,30/12/2023,00:51:06,15,0,20.2,1.0,500.5,500.3,2,1,1.00,CYCLE,N
IND,208,6411,59437,30/12/2023,01:13:24,15,0,16.7,1.0,1338.3,1338.2,2,1,1.00,CYCLE,N
IND,208,6411,59438,30/12/2023,01:44:07,15,1,18.5,0.8,588.4,587.8,2,1,1.00,CYCLE,S
IND,208,6411,59438,30/12/2023,04:15:19,15,1,29.5,1.1,9071.7,9071.6,2,1,1.00,CYCLE,S
IND,208,6411,59438,30/12/2023,04:21:19,15,1,21.6,1.2,359.9,359.8,2,1,1.00,CYCLE,S
IND,208,6411,59438,30/12/2023,04:42:37,15,1,25.8,1.0,1277.9,1277.7,2,1,1.00,CYCLE,S
IND,208,6411,59438,30/12/2023,04:42:37,15,1,25.8,1.0,0.0,0.0,2,1,1.00,CYCLE,S
IND,208,6411,59437,30/12/2023,04:46:05,15,0,24.5,1.1,2705.0,2704.8,2,1,1.00,CYCLE,N
IND,208,6411,59437,30/12/2023,04:49:55,15,0,17.7,1.2,229.5,229.3,2,1,1.00,CYCLE,N
IND,208,6411,59438,30/12/2023,04:55:27,15,1,30.9,1.0,770.2,770.0,2,1,1.00,CYCLE,S
IND,208,6411,59438,30/12/2023,05:04:59,15,1,32.6,1.0,572.2,572.1,2,1,1.00,CYCLE,S
IND,208,6411,59438,30/12/2023,05:17:19,15,1,25.8,1.0,739.2,739.1,2,1,1.00,CYCLE,S
IND,208,6411,59438,30/12/2023,05:20:50,15,1,26.5,1.0,211.9,211.7,2,1,1.00,CYCLE,S
IND,208,6411,59438,30/12/2023,05:23:55,15,1,27.8,1.0,184.3,184.2,2,1,1.00,CYCLE,S
IND,208,6411,59438,30/12/2023,05:24:41,15,1,25.5,1.0,45.8,45.7,2,1,1.00,CYCLE,S
IND,208,6411,59437,30/12/2023,05:28:04,15,0,29.1,1.0,2289.9,2289.6,2,1,1.00,CYCLE,N
IND,208,6411,59437,30/12/2023,05:28:04,15,0,29.1,1.0,0.0,0.0,2,1,1.00,CYCLE,N
IND,208,6411,59437,30/12/2023,05:28:59,15,0,21.8,1.0,55.0,54.8,2,1,1.00,CYCLE,N
IND,208,6411,59438,30/12/2023,05:33:10,15,1,31.2,1.0,509.7,509.6,2,1,1.00,CYCLE,S
IND,208,6411,59438,30/12/2023,05:38:26,15,1,29.9,1.0,315.8,315.7,2,1,1.00,CYCLE,S
IND,208,6411,59438,30/12/2023,05:40:44,15,1,26.0,1.1,137.6,137.5,2,1,1.00,CYCLE,S
IND,208,6411,59438,30/12/2023,05:42:14,15,1,22.1,1.0,90.4,90.2,2,1,1.00,CYCLE,S
IND,208,6411,59438,30/12/2023,05:44:44,15,1,29.9,0.9,150.4,150.2,2,1,1.00,CYCLE,S
IND,208,6411,59438,30/12/2023,05:50:43,15,1,24.9,1.0,358.4,358.3,2,1,1.00,CYCLE,S
IND,208,6411,59438,30/12/2023,06:02:18,15,1,22.4,1.0,694.8,694.7,2,1,1.00,CYCLE,S
IND,208,6411,59437,30/12/2023,06:11:18,15,0,22.4,1.1,2538.2,2538.1,2,1,1.00,CYCLE,N
IND,208,6411,59438,30/12/2023,06:15:52,15,1,28.3,1.0,814.1,814.0,2,1,1.00,CYCLE,S
IND,208,6411,59438,30/12/2023,06:16:03,15,1,24.9,1.1,10.8,10.7,2,1,1.00,CYCLE,S
IND,208,6411,59437,30/12/2023,06:21:41,15,0,22.8,1.0,623.2,623.0,2,1,1.00,CYCLE,N
IND,208,6411,59438,30/12/2023,06:23:12,15,1,30.1,1.0,429.2,429.0,2,1,1.00,CYCLE,S
IND,208,6411,59438,30/12/2023,06:23:13,15,1,28.9,1.0,1.2,1.0,2,1,1.00,CYCLE,S
IND,208,6411,59438,30/12/2023,06:24:41,15,1,28.0,1.0,87.9,87.7,2,1,1.00,CYCLE,S
IND,208,6411,59438,30/12/2023,06:25:01,15,1,16.2,1.1,20.6,20.5,2,1,1.00,CYCLE,S
IND,208,6411,59438,30/12/2023,06:25:51,15,1,28.0,1.0,49.4,49.1,2,1,1.00,CYCLE,S
IND,208,6411,59437,30/12/2023,06:27:50,15,0,29.8,1.0,369.2,369.0,2,1,1.00,CYCLE,N
IND,208,6411,59438,30/12/2023,06:31:26,15,1,25.9,1.0,335.6,335.5,2,1,1.00,CYCLE,S
IND,208,6411,59438,30/12/2023,06:33:46,15,1,27.6,1.1,139.9,139.7,2,1,1.00,CYCLE,S
IND,208,6411,59438,30/12/2023,06:35:06,15,1,13.9,1.1,80.1,79.9,2,1,1.00,CYCLE,S
IND,208,6411,59438,30/12/2023,06:35:08,15,1,15.0,1.1,1.4,1.1,2,1,1.00,CYCLE,S
IND,208,6411,59437,30/12/2023,06:36:56,15,0,32.1,0.9,545.8,545.7,2,1,1.00,CYCLE,N
IND,208,6411,59438,30/12/2023,06:37:09,15,1,24.2,1.0,120.9,120.6,2,1,1.00,CYCLE,S
IND,208,6411,59438,30/12/2023,06:37:54,15,1,23.1,1.0,45.8,45.7,2,1,1.00,CYCLE,S
IND,208,6411,59437,30/12/2023,06:39:21,15,0,19.8,1.0,145.5,145.4,2,1,1.00,CYCLE,N
IND,208,6411,59438,30/12/2023,06:39:37,15,1,27.6,1.0,102.1,102.0,2,1,1.00,CYCLE,S
IND,208,6411,59437,30/12/2023,06:40:58,15,0,25.5,1.1,96.2,96.0,2,1,1.00,CYCLE,N
IND,208,6411,59437,30/12/2023,06:54:08,15,0,27.1,1.1,790.3,790.1,2,1,1.00,CYCLE,N
IND,208,6411,59437,30/12/2023,06:54:46,15,0,22.9,1.0,38.3,38.1,2,1,1.00,CYCLE,N
IND,208,6411,59437,30/12/2023,06:54:59,15,0,20.3,1.1,12.8,12.7,2,1,1.00,CYCLE,N
IND,208,6411,59438,30/12/2023,06:55:34,15,1,28.7,1.0,957.8,957.7,2,1,1.00,CYCLE,S
IND,208,6411,59437,30/12/2023,06:56:16,15,0,23.4,1.1,77.2,77.0,2,1,1.00,CYCLE,N
IND,208,6411,59438,30/12/2023,07:03:24,15,1,27.6,1.1,470.0,469.9,2,1,1.00,CYCLE,S
IND,208,6411,59438,30/12/2023,07:06:15,15,1,25.5,1.0,171.1,170.9,2,1,1.00,CYCLE,S
IND,208,6411,59438,30/12/2023,07:08:18,15,1,28.9,1.0,122.2,122.0,2,1,1.00,CYCLE,S
IND,208,6411,59438,30/12/2023,07:12:23,15,1,30.6,1.0,245.1,245.0,2,1,1.00,CYCLE,S
IND,208,6411,59438,30/12/2023,07:12:48,15,1,15.8,1.1,25.0,24.8,2,1,1.00,CYCLE,S
IND,208,6411,59438,30/12/2023,07:13:04,15,1,26.7,1.1,16.4,16.2,2,1,1.00,CYCLE,S
IND,208,6411,59438,30/12/2023,07:15:10,15,1,34.3,1.0,125.9,125.8,2,1,1.00,CYCLE,S
IND,208,6411,59437,30/12/2023,07:15:27,15,0,20.6,1.1,1151.2,1151.1,2,1,1.00,CYCLE,N
IND,208,6411,59438,30/12/2023,07:17:55,15,1,22.1,1.1,53.8,53.6,2,1,1.00,CYCLE,S
IND,208,6411,59438,30/12/2023,07:18:32,15,1,21.4,1.0,36.9,36.8,2,1,1.00,CYCLE,S
IND,208,6411,59437,30/12/2023,07:20:31,15,0,17.3,1.0,303.2,303.0,2,1,1.00,CYCLE,N
IND,208,6411,59438,30/12/2023,07:22:03,15,1,26.7,1.0,210.9,210.8,2,1,1.00,CYCLE,S
IND,208,6411,59438,30/12/2023,07:22:03,15,1,26.7,1.0,0.0,0.0,2,1,1.00,CYCLE,S
IND,208,6411,59438,30/12/2023,07:24:43,15,1,30.6,1.1,160.7,160.5,2,1,1.00,CYCLE,S
IND,208,6411,59438,30/12/2023,07:25:22,15,1,29.0,1.0,38.6,38.5,2,1,1.00,CYCLE,S
IND,208,6411,59438,30/12/2023,07:26:32,15,1,23.1,1.0,69.7,69.6,2,1,1.00,CYCLE,S
IND,208,6411,59438,30/12/2023,07:26:47,15,1,24.3,1.1,15.3,15.1,2,1,1.00,CYCLE,S
IND,208,6411,59437,30/12/2023,07:27:31,15,0,28.3,1.0,420.7,420.5,2,1,1.00,CYCLE,N
IND,208,6411,59438,30/12/2023,07:28:56,15,1,27.4,1.0,128.9,128.7,2,1,1.00,CYCLE,S
IND,208,6411,59437,30/12/2023,07:31:58,15,0,27.3,1.0,266.9,266.7,2,1,1.00,CYCLE,N
IND,208,6411,59438,30/12/2023,07:32:43,15,1,24.9,1.0,226.6,226.5,2,1,1.00,CYCLE,S
IND,208,6411,59437,30/12/2023,07:37:35,15,0,25.4,1.0,336.9,336.8,2,1,1.00,CYCLE,N
IND,208,6411,59438,30/12/2023,07:40:53,15,1,22.4,1.1,490.2,490.0,2,1,1.00,CYCLE,S
IND,208,6411,59438,30/12/2023,07:41:41,15,1,26.2,1.0,48.1,47.9,2,1,1.00,CYCLE,S
IND,208,6411,59438,30/12/2023,07:42:59,15,1,24.9,1.0,78.1,78.0,2,1,1.00,CYCLE,S
IND,208,6411,59438,30/12/2023,07:43:11,15,1,21.8,1.0,12.0,11.9,2,1,1.00,CYCLE,S
IND,208,6411,59437,30/12/2023,07:45:14,15,0,23.7,1.1,458.9,458.7,2,1,1.00,CYCLE,N
IND,208,6411,59437,30/12/2023,07:46:20,15,0,24.8,1.1,66.1,65.9,2,1,1.00,CYCLE,N
IND,208,6411,59438,30/12/2023,07:51:48,15,1,27.7,1.0,436.1,435.9,2,1,1.00,CYCLE,S
IND,208,6411,59438,30/12/2023,07:51:51,15,1,28.5,1.0,2.8,2.6,2,1,1.00,CYCLE,S
IND,208,6411,59437,30/12/2023,07:54:26,15,0,24.9,1.1,486.0,485.8,2,1,1.00,CYCLE,N
IND,208,6411,59438,30/12/2023,07:57:51,15,1,22.2,1.0,360.3,360.1,2,1,1.00,CYCLE,S
IND,208,6411,59438,30/12/2023,07:57:53,15,1,27.0,1.0,1.8,1.6,2,1,1.00,CYCLE,S
IND,208,6411,59438,30/12/2023,07:58:02,15,1,18.5,1.1,8.8,8.6,2,1,1.00,CYCLE,S
IND,208,6411,59437,30/12/2023,08:00:15,15,0,26.2,1.0,349.4,349.2,2,1,1.00,CYCLE,N
IND,208,6411,59438,30/12/2023,08:00:28,15,1,18.9,1.1,146.0,145.8,2,1,1.00,CYCLE,S
IND,208,6411,59438,30/12/2023,08:02:57,15,1,25.8,1.0,148.9,148.7,2,1,1.00,CYCLE,S
IND,208,6411,59438,30/12/2023,08:03:16,15,1,18.5,1.0,18.9,18.7,2,1,1.00,CYCLE,S
IND,208,6411,59437,30/12/2023,08:05:11,15,0,19.5,1.0,295.5,295.3,2,1,1.00,CYCLE,N
IND,208,6411,59438,30/12/2023,08:09:04,15,1,24.9,1.0,348.3,348.1,2,1,1.00,CYCLE,S
IND,208,6411,59437,30/12/2023,08:09:11,15,0,25.8,0.9,240.1,239.9,2,1,1.00,CYCLE,N
IND,208,6411,59437,30/12/2023,08:09:14,15,0,23.7,1.1,3.4,3.3,2,1,1.00,CYCLE,N
IND,208,6411,59437,30/12/2023,08:09:51,15,0,30.0,1.1,36.4,36.3,2,1,1.00,CYCLE,N
IND,208,6411,59437,30/12/2023,08:10:09,15,0,16.6,1.0,8.6,8.5,2,1,1.00,CYCLE,N
IND,208,6411,59438,30/12/2023,08:12:12,15,1,26.6,1.1,187.8,187.6,2,1,1.00,CYCLE,S
IND,208,6411,59437,30/12/2023,08:14:51,15,0,25.9,1.1,282.5,282.3,2,1,1.00,CYCLE,N
IND,208,6411,59438,30/12/2023,08:15:52,15,1,33.5,1.2,220.4,220.2,2,1,1.00,CYCLE,S
IND,208,6411,59437,30/12/2023,08:18:10,15,0,24.1,0.8,198.3,198.2,2,1,1.00,CYCLE,N
IND,208,6411,59437,30/12/2023,08:19:18,15,0,29.7,1.0,68.1,67.9,2,1,1.00,CYCLE,N
IND,208,6411,59437,30/12/2023,08:24:04,15,0,32.0,1.0,286.5,286.4,2,1,1.00,CYCLE,N
IND,208,6411,59437,30/12/2023,08:30:15,15,0,16.2,1.1,371.0,370.8,2,1,1.00,CYCLE,N
IND,208,6411,59437,30/12/2023,08:30:21,15,0,15.9,1.1,6.4,6.2,2,1,1.00,CYCLE,N
IND,208,6411,59437,30/12/2023,08:34:00,15,0,33.2,1.1,218.8,218.6,2,1,1.00,CYCLE,N
IND,208,6411,59437,30/12/2023,08:34:02,15,0,31.8,1.1,1.9,1.8,2,1,1.00,CYCLE,N
IND,208,6411,59438,30/12/2023,08:34:03,15,1,30.2,1.0,1090.8,1090.7,2,1,1.00,CYCLE,S
IND,208,6411,59438,30/12/2023,08:35:28,15,1,20.8,1.1,85.3,85.1,2,1,1.00,CYCLE,S
IND,208,6411,59438,30/12/2023,08:35:29,15,1,21.4,1.1,1.1,0.9,2,1,1.00,CYCLE,S
IND,208,6411,59438,30/12/2023,08:36:49,15,1,23.9,1.1,79.6,79.4,2,1,1.00,CYCLE,S
IND,208,6411,59438,30/12/2023,08:37:23,15,1,38.7,1.0,34.2,34.1,2,1,0.33,CYCLE,S
IND,208,6411,59438,30/12/2023,08:38:43,15,1,20.8,1.1,80.5,80.3,2,1,1.00,CYCLE,S
IND,208,6411,59438,30/12/2023,08:38:54,15,1,20.2,1.1,10.4,10.2,2,1,1.00,CYCLE,S
IND,208,6411,59437,30/12/2023,08:39:40,15,0,30.5,1.1,337.7,337.5,2,1,1.00,CYCLE,N
IND,208,6411,59438,30/12/2023,08:44:45,15,1,19.1,1.1,350.7,350.5,2,1,1.00,CYCLE,S
IND,208,6411,59438,30/12/2023,08:44:54,15,1,28.3,1.0,9.7,9.5,2,1,1.00,CYCLE,S
IND,208,6411,59438,30/12/2023,08:45:00,15,1,23.3,1.1,6.0,5.8,2,1,1.00,CYCLE,S
IND,208,6411,59437,30/12/2023,08:46:55,15,0,26.1,1.0,434.8,434.7,2,1,1.00,CYCLE,N
IND,208,6411,59438,30/12/2023,08:47:19,15,1,26.0,1.1,139.3,139.1,2,1,1.00,CYCLE,S
IND,208,6411,59438,30/12/2023,08:49:11,15,1,27.1,1.0,111.5,111.4,2,1,1.00,CYCLE,S
IND,208,6411,59438,30/12/2023,08:58:03,15,1,18.5,1.1,531.6,531.5,2,1,1.00,CYCLE,S
IND,208,6411,59438,30/12/2023,08:58:24,15,1,27.6,1.0,21.7,21.5,2,1,1.00,CYCLE,S
IND,208,6411,59437,30/12/2023,09:02:34,15,0,26.3,1.1,939.7,939.6,2,1,1.00,CYCLE,N
IND,208,6411,59437,30/12/2023,09:05:45,15,0,26.9,1.0,190.6,190.5,2,1,1.00,CYCLE,N
IND,208,6411,59437,30/12/2023,09:06:32,15,0,31.6,1.1,46.8,46.7,2,1,1.00,CYCLE,N
IND,208,6411,59438,30/12/2023,09:07:32,15,1,22.3,1.0,547.6,547.5,2,1,1.00,CYCLE,S
IND,208,6411,59438,30/12/2023,09:07:59,15,1,18.7,1.1,27.0,26.9,2,1,1.00,CYCLE,S
IND,208,6411,59437,30/12/2023,09:11:21,15,0,21.7,1.0,289.5,289.4,2,1,1.00,CYCLE,N
IND,208,6411,59437,30/12/2023,09:13:38,15,0,26.6,1.0,137.0,136.8,2,1,1.00,CYCLE,N
IND,208,6411,59438,30/12/2023,09:16:33,15,1,25.7,1.0,514.6,514.4,2,1,1.00,CYCLE,S
IND,208,6411,59438,30/12/2023,09:16:42,15,1,22.8,0.8,8.7,8.6,2,1,1.00,CYCLE,S
IND,208,6411,59437,30/12/2023,09:22:59,15,0,36.4,1.1,560.6,560.5,2,1,1.00,CYCLE,N
IND,208,6411,59437,30/12/2023,09:23:07,15,0,39.2,1.1,8.4,8.3,2,1,1.00,CYCLE,N
IND,208,6411,59438,30/12/2023,09:23:12,15,1,23.0,1.1,389.9,389.8,2,1,1.00,CYCLE,S
IND,208,6411,59438,30/12/2023,09:26:01,15,1,25.8,1.1,169.3,169.1,2,1,1.00,CYCLE,S
IND,208,6411,59438,30/12/2023,09:26:21,15,1,25.0,1.0,19.2,19.1,2,1,1.00,CYCLE,S
IND,208,6411,59438,30/12/2023,09:26:45,15,1,18.0,1.0,24.7,24.6,2,1,1.00,CYCLE,S
IND,208,6411,59438,30/12/2023,09:29:27,15,1,28.2,1.0,162.1,161.9,2,1,1.00,CYCLE,S
IND,208,6411,59438,30/12/2023,09:32:51,15,1,19.2,1.0,203.8,203.7,2,1,1.00,CYCLE,S
IND,208,6411,59437,30/12/2023,09:34:14,15,0,28.8,1.1,666.9,666.8,2,1,1.00,CYCLE,N
IND,208,6411,59438,30/12/2023,09:34:16,15,1,26.6,1.1,85.1,85.0,2,1,1.00,CYCLE,S
IND,208,6411,59438,30/12/2023,09:34:24,15,1,25.3,1.1,7.7,7.6,2,1,1.00,CYCLE,S
IND,208,6411,59437,30/12/2023,09:35:55,15,0,28.2,1.1,100.4,100.3,2,1,1.00,CYCLE,N
IND,208,6411,59437,30/12/2023,09:36:42,15,0,24.6,1.1,47.1,46.9,2,1,1.00,CYCLE,N
IND,208,6411,59438,30/12/2023,09:38:02,15,1,25.1,1.0,218.1,217.9,2,1,1.00,CYCLE,S
IND,208,6411,59438,30/12/2023,09:38:07,15,1,24.1,1.0,5.1,5.0,2,1,1.00,CYCLE,S
IND,208,6411,59437,30/12/2023,09:41:07,15,0,29.5,1.0,265.7,265.5,2,1,1.00,CYCLE,N
IND,208,6411,59437,30/12/2023,09:41:26,15,0,21.4,1.1,19.0,18.8,2,1,1.00,CYCLE,N
IND,208,6411,59438,30/12/2023,09:42:32,15,1,30.0,1.0,264.5,264.3,2,1,1.00,CYCLE,S
IND,208,6411,59438,30/12/2023,09:44:28,15,1,12.2,1.0,116.3,116.2,2,1,1.00,CYCLE,S
IND,208,6411,59438,30/12/2023,09:44:33,15,1,12.8,1.1,4.5,4.2,2,1,1.00,CYCLE,S
IND,208,6411,59438,30/12/2023,09:44:50,15,1,23.0,1.0,17.8,17.5,2,1,1.00,CYCLE,S
IND,208,6411,59438,30/12/2023,09:48:09,15,1,21.8,1.0,198.4,198.3,2,1,1.00,CYCLE,S
IND,208,6411,59438,30/12/2023,09:50:52,15,1,22.6,1.0,163.0,162.8,2,1,1.00,CYCLE,S
IND,208,6411,59437,30/12/2023,09:51:00,15,0,20.4,1.2,573.3,573.2,2,1,1.00,CYCLE,N
IND,208,6411,59438,30/12/2023,09:53:46,15,1,25.2,1.0,174.4,174.2,2,1,1.00,CYCLE,S
IND,208,6411,59437,30/12/2023,09:56:15,15,0,19.4,1.1,314.9,314.7,2,1,1.00,CYCLE,N
IND,208,6411,59438,30/12/2023,09:57:02,15,1,28.0,1.0,196.0,195.9,2,1,1.00,CYCLE,S
IND,208,6411,59437,30/12/2023,09:57:42,15,0,19.8,1.0,87.3,87.1,2,1,1.00,CYCLE,N
IND,208,6411,59438,30/12/2023,10:02:21,15,1,23.4,1.0,318.5,318.4,2,1,1.00,CYCLE,S
IND,208,6411,59437,30/12/2023,10:04:40,15,0,23.8,1.0,418.4,418.2,2,1,0.86,CYCLE,N
IND,208,6411,59438,30/12/2023,10:06:15,15,1,25.6,1.0,234.1,234.0,2,1,1.00,CYCLE,S
IND,208,6411,59438,30/12/2023,10:08:14,15,1,19.1,1.0,119.6,119.4,2,1,1.00,CYCLE,S
IND,208,6411,59438,30/12/2023,10:09:35,15,1,25.6,1.0,80.4,80.2,2,1,1.00,CYCLE,S
IND,208,6411,59438,30/12/2023,10:09:58,15,1,18.6,1.1,22.8,22.6,2,1,1.00,CYCLE,S
IND,208,6411,59437,30/12/2023,10:10:20,15,0,25.3,1.0,339.2,339.0,2,1,1.00,CYCLE,N
IND,208,6411,59438,30/12/2023,10:11:42,15,1,20.7,1.0,104.8,104.6,2,1,1.00,CYCLE,S
IND,208,6411,59438,30/12/2023,10:13:03,15,1,29.8,1.0,80.2,80.0,2,1,1.00,CYCLE,S
IND,208,6411,59437,30/12/2023,10:13:15,15,0,38.0,1.0,175.2,175.1,2,1,1.00,CYCLE,N
IND,208,6411,59438,30/12/2023,10:15:01,15,1,26.3,1.0,118.6,118.5,2,1,1.00,CYCLE,S
IND,208,6411,59438,30/12/2023,10:16:18,15,1,31.5,1.0,77.0,76.8,2,1,1.00,CYCLE,S
IND,208,6411,59438,30/12/2023,10:17:15,15,1,15.9,1.1,57.0,56.9,2,1,1.00,CYCLE,S
IND,208,6411,59438,30/12/2023,10:18:47,15,1,24.0,1.1,91.5,91.3,2,1,1.00,CYCLE,S
IND,208,6411,59438,30/12/2023,10:18:49,15,1,25.2,1.0,2.4,2.2,2,1,1.00,CYCLE,S
IND,208,6411,59438,30/12/2023,10:18:50,15,1,23.7,1.1,0.6,0.5,2,1,1.00,CYCLE,S
IND,208,6411,59437,30/12/2023,10:20:44,15,0,23.1,1.1,449.4,449.3,2,1,1.00,CYCLE,N
IND,208,6411,59437,30/12/2023,10:21:33,15,0,28.5,1.0,48.4,48.2,2,1,1.00,CYCLE,N
IND,208,6411,59438,30/12/2023,10:22:23,15,1,28.9,1.0,212.8,212.6,2,1,1.00,CYCLE,S
IND,208,6411,59437,30/12/2023,10:25:10,15,0,25.6,1.2,217.4,217.3,2,1,1.00,CYCLE,N
IND,208,6411,59438,30/12/2023,10:26:10,15,1,21.9,1.0,228.0,227.8,2,1,1.00,CYCLE,S
IND,208,6411,59437,30/12/2023,10:27:51,15,0,26.9,1.0,161.2,161.0,2,1,1.00,CYCLE,N
IND,208,6411,59437,30/12/2023,10:29:07,15,0,27.0,1.0,76.2,76.1,2,1,1.00,CYCLE,N
IND,208,6411,59437,30/12/2023,10:31:12,15,0,28.6,1.0,125.0,124.8,2,1,1.00,CYCLE,N
IND,208,6411,59437,30/12/2023,10:31:14,15,0,28.7,1.0,1.4,1.3,2,1,1.00,CYCLE,N
IND,208,6411,59437,30/12/2023,10:31:14,15,0,27.5,1.0,0.7,0.6,2,1,1.00,CYCLE,N
IND,208,6411,59438,30/12/2023,10:31:24,15,1,25.5,1.0,314.0,313.8,2,1,1.00,CYCLE,S
IND,208,6411,59438,30/12/2023,10:31:29,15,1,24.5,1.1,4.3,4.1,2,1,1.00,CYCLE,S
IND,208,6411,59438,30/12/2023,10:32:59,15,1,21.8,1.1,90.3,90.1,2,1,1.00,CYCLE,S
IND,208,6411,59437,30/12/2023,10:35:11,15,0,27.9,1.1,113.2,112.8,2,1,1.00,CYCLE,N
IND,208,6411,59438,30/12/2023,10:37:18,15,1,25.8,1.1,258.9,258.8,2,1,1.00,CYCLE,S
IND,208,6411,59437,30/12/2023,10:37:55,15,0,16.6,1.1,163.6,163.5,2,1,1.00,CYCLE,N
IND,208,6411,59437,30/12/2023,10:39:19,15,0,27.7,1.0,84.1,83.9,2,1,1.00,CYCLE,N
IND,208,6411,59437,30/12/2023,10:39:54,15,0,28.9,1.0,34.8,34.7,2,1,1.00,CYCLE,N
IND,208,6411,59438,30/12/2023,10:42:50,15,1,29.4,1.0,332.1,332.0,2,1,1.00,CYCLE,S
IND,208,6411,59438,30/12/2023,10:44:18,15,1,24.2,1.1,88.1,88.0,2,1,1.00,CYCLE,S
IND,208,6411,59438,30/12/2023,10:46:37,15,1,15.4,1.1,138.9,138.7,2,1,1.00,CYCLE,S
IND,208,6411,59437,30/12/2023,10:47:21,15,0,28.3,1.1,99.6,99.4,2,1,1.00,CYCLE,N
IND,208,6411,59438,30/12/2023,10:49:55,15,1,20.2,1.0,198.1,197.8,2,1,1.00,CYCLE,S
IND,208,6411,59437,30/12/2023,10:51:22,15,0,18.1,1.0,241.6,241.4,2,1,1.00,CYCLE,N
IND,208,6411,59437,30/12/2023,10:51:22,15,0,18.1,1.0,0.0,0.0,2,1,1.00,CYCLE,N
IND,208,6411,59438,30/12/2023,10:53:57,15,1,21.6,1.1,242.0,241.8,2,1,1.00,CYCLE,S
IND,208,6411,59437,30/12/2023,10:56:23,15,0,25.6,1.1,236.3,235.3,2,1,1.00,CYCLE,N
IND,208,6411,59438,30/12/2023,10:57:07,15,1,26.5,0.9,189.9,189.7,2,1,1.00,CYCLE,S
IND,208,6411,59437,30/12/2023,10:59:30,15,0,11.0,1.2,187.3,187.2,2,1,1.00,CYCLE,N
IND,208,6411,59438,30/12/2023,11:02:09,15,1,23.1,1.0,302.1,302.0,2,1,1.00,CYCLE,S
IND,208,6411,59437,30/12/2023,11:03:40,15,0,21.7,1.1,250.3,249.9,2,1,1.00,CYCLE,N
IND,208,6411,59438,30/12/2023,11:09:50,15,1,20.5,1.1,460.4,460.3,2,1,1.00,CYCLE,S
IND,208,6411,59438,30/12/2023,11:10:15,15,1,26.2,1.1,25.3,25.1,2,1,1.00,CYCLE,S
IND,208,6411,59438,30/12/2023,11:11:40,15,1,16.6,1.1,85.0,84.9,2,1,1.00,CYCLE,S
IND,208,6411,59437,30/12/2023,11:12:00,15,0,26.1,1.0,500.1,499.9,2,1,1.00,CYCLE,N
IND,208,6411,59437,30/12/2023,11:12:28,15,0,18.8,1.1,27.7,27.5,2,1,1.00,CYCLE,N
IND,208,6411,59438,30/12/2023,11:13:54,15,1,10.1,1.1,133.7,133.5,2,1,1.00,CYCLE,S
IND,208,6411,59437,30/12/2023,11:14:56,15,0,21.5,1.1,148.6,148.4,2,1,1.00,CYCLE,N
IND,208,6411,59437,30/12/2023,11:17:42,15,0,23.3,1.1,165.5,165.3,2,1,1.00,CYCLE,N
IND,208,6411,59437,30/12/2023,11:17:54,15,0,28.4,1.0,12.1,11.9,2,1,1.00,CYCLE,N
IND,208,6411,59438,30/12/2023,11:18:09,15,1,21.6,0.9,254.9,254.6,2,1,1.00,CYCLE,S
IND,208,6411,59438,30/12/2023,11:18:26,15,1,18.6,1.1,17.4,17.2,2,1,1.00,CYCLE,S
IND,208,6411,59438,30/12/2023,11:19:57,15,1,18.3,1.1,91.1,90.9,2,1,1.00,CYCLE,S
IND,208,6411,59438,30/12/2023,11:19:58,15,1,19.5,1.0,0.8,0.6,2,1,1.00,CYCLE,S
IND,208,6411,59438,30/12/2023,11:21:42,15,1,25.1,1.0,104.0,103.9,2,1,1.00,CYCLE,S
IND,208,6411,59437,30/12/2023,11:22:25,15,0,30.6,1.1,271.3,271.2,2,1,1.00,CYCLE,N
IND,208,6411,59438,30/12/2023,11:27:38,15,1,24.2,1.0,300.8,300.8,2,1,1.00,CYCLE,S
IND,208,6411,59438,30/12/2023,11:29:00,15,1,15.7,1.0,82.1,82.0,2,1,1.00,CYCLE,S
IND,208,6411,59438,30/12/2023,11:29:36,15,1,17.6,1.1,36.5,36.2,2,1,1.00,CYCLE,S
IND,208,6411,59438,30/12/2023,11:31:15,15,1,22.0,1.0,99.3,99.1,2,1,1.00,CYCLE,S
IND,208,6411,59437,30/12/2023,11:31:18,15,0,26.7,1.1,532.4,532.3,2,1,1.00,CYCLE,N
IND,208,6411,59437,30/12/2023,11:33:44,15,0,30.8,1.0,146.1,145.9,2,1,1.00,CYCLE,N
IND,208,6411,59438,30/12/2023,11:34:03,15,1,29.0,1.0,167.9,167.7,2,1,1.00,CYCLE,S
IND,208,6411,59437,30/12/2023,11:35:53,15,0,20.9,1.0,129.4,129.3,2,1,1.00,CYCLE,N
IND,208,6411,59438,30/12/2023,11:38:51,15,1,21.8,1.0,287.9,287.8,2,1,1.00,CYCLE,S
IND,208,6411,59438,30/12/2023,11:40:22,15,1,23.4,0.9,91.2,91.0,2,1,1.00,CYCLE,S
IND,208,6411,59437,30/12/2023,11:41:17,15,0,27.6,1.1,3.3,2.9,2,1,1.00,CYCLE,N
IND,208,6411,59438,30/12/2023,11:43:11,15,1,21.2,1.0,168.8,168.7,2,1,1.00,CYCLE,S
IND,208,6411,59438,30/12/2023,11:47:12,15,1,23.3,1.0,240.7,240.5,2,1,1.00,CYCLE,S
IND,208,6411,59437,30/12/2023,11:47:14,15,0,25.5,1.1,357.2,357.1,2,1,1.00,CYCLE,N
IND,208,6411,59438,30/12/2023,11:48:27,15,1,23.4,1.0,75.5,75.3,2,1,1.00,CYCLE,S
IND,208,6411,59438,30/12/2023,11:50:55,15,1,24.9,1.1,147.5,147.3,2,1,1.00,CYCLE,S
IND,208,6411,59438,30/12/2023,11:57:34,15,1,29.3,1.0,399.6,399.4,2,1,1.00,CYCLE,S
IND,208,6411,59438,30/12/2023,11:57:36,15,1,30.3,1.0,1.6,1.5,2,1,1.00,CYCLE,S
IND,208,6411,59437,30/12/2023,12:00:59,15,0,22.2,1.1,824.8,824.7,2,1,1.00,CYCLE,N
IND,208,6411,59438,30/12/2023,12:02:09,15,1,15.1,1.2,273.0,272.9,2,1,1.00,CYCLE,S
IND,208,6411,59438,30/12/2023,12:06:12,15,1,19.2,1.1,243.1,242.9,2,1,1.00,CYCLE,S
IND,208,6411,59438,30/12/2023,12:06:51,15,1,26.0,1.0,38.5,38.3,2,1,1.00,CYCLE,S
IND,208,6411,59438,30/12/2023,12:09:13,15,1,14.8,1.0,36.3,35.9,2,1,1.00,CYCLE,S
IND,208,6411,59437,30/12/2023,12:10:56,15,0,28.5,1.0,597.2,597.0,2,1,1.00,CYCLE,N
IND,208,6411,59437,30/12/2023,12:10:57,15,0,28.2,1.0,0.7,0.5,2,1,1.00,CYCLE,N
IND,208,6411,59437,30/12/2023,12:11:05,15,0,23.1,1.1,8.8,8.7,2,1,1.00,CYCLE,N
IND,208,6411,59438,30/12/2023,12:12:22,15,1,21.4,1.1,189.0,188.8,2,1,1.00,CYCLE,S
IND,208,6411,59437,30/12/2023,12:13:50,15,0,30.9,1.0,165.0,164.8,2,1,1.00,CYCLE,N
IND,208,6411,59437,30/12/2023,12:13:50,15,0,30.9,1.0,0.0,0.0,2,1,1.00,CYCLE,N
IND,208,6411,59437,30/12/2023,12:14:12,15,0,28.9,1.1,21.8,21.6,2,1,1.00,CYCLE,N
IND,208,6411,59437,30/12/2023,12:14:50,15,0,23.2,1.1,37.6,37.5,2,1,1.00,CYCLE,N
IND,208,6411,59438,30/12/2023,12:15:06,15,1,22.3,0.9,163.9,163.7,2,1,1.00,CYCLE,S
IND,208,6411,59437,30/12/2023,12:16:31,15,0,24.7,1.1,101.1,100.9,2,1,1.00,CYCLE,N
IND,208,6411,59438,30/12/2023,12:17:45,15,1,25.4,1.1,158.6,158.4,2,1,1.00,CYCLE,S
IND,208,6411,59437,30/12/2023,12:18:25,15,0,25.6,0.9,114.2,114.1,2,1,1.00,CYCLE,N
IND,208,6411,59438,30/12/2023,12:20:19,15,1,22.0,1.1,154.6,154.4,2,1,1.00,CYCLE,S
IND,208,6411,59437,30/12/2023,12:22:23,15,0,17.9,0.9,237.7,237.6,2,1,1.00,CYCLE,N
IND,208,6411,59437,30/12/2023,12:24:58,15,0,20.9,1.0,155.5,155.3,2,1,1.00,CYCLE,N
IND,208,6411,59438,30/12/2023,12:25:41,15,1,21.9,1.0,321.0,320.9,2,1,1.00,CYCLE,S
IND,208,6411,59437,30/12/2023,12:27:48,15,0,20.9,1.1,169.3,169.1,2,1,1.00,CYCLE,N
IND,208,6411,59437,30/12/2023,12:29:32,15,0,32.6,1.0,51.7,51.5,2,1,0.80,CYCLE,N
IND,208,6411,59437,30/12/2023,12:30:46,15,0,28.7,1.0,74.1,73.9,2,1,1.00,CYCLE,N
IND,208,6411,59437,30/12/2023,12:31:06,15,0,24.4,1.1,20.5,20.4,2,1,1.00,CYCLE,N
IND,208,6411,59437,30/12/2023,12:31:15,15,0,19.5,1.2,8.9,8.8,2,1,1.00,CYCLE,N
IND,208,6411,59438,30/12/2023,12:33:12,15,1,24.3,1.0,451.7,451.5,2,1,1.00,CYCLE,S
IND,208,6411,59438,30/12/2023,12:33:24,15,1,24.6,1.1,11.6,11.5,2,1,1.00,CYCLE,S
IND,208,6411,59437,30/12/2023,12:34:10,15,0,31.5,1.1,174.7,174.5,2,1,1.00,CYCLE,N
IND,208,6411,59438,30/12/2023,12:34:38,15,1,15.5,1.0,74.0,73.9,2,1,1.00,CYCLE,S
IND,208,6411,59437,30/12/2023,12:40:11,15,0,27.3,1.1,360.7,360.6,2,1,1.00,CYCLE,N
IND,208,6411,59438,30/12/2023,12:41:26,15,1,20.3,1.0,408.4,408.2,2,1,1.00,CYCLE,S
IND,208,6411,59437,30/12/2023,12:42:21,15,0,24.7,1.1,130.3,130.1,2,1,1.00,CYCLE,N
IND,208,6411,59438,30/12/2023,12:43:18,15,1,23.8,1.1,111.7,111.5,2,1,1.00,CYCLE,S
IND,208,6411,59438,30/12/2023,12:47:43,15,1,21.6,1.0,265.4,265.2,2,1,1.00,CYCLE,S
IND,208,6411,59437,30/12/2023,12:47:45,15,0,27.3,1.0,324.0,323.8,2,1,1.00,CYCLE,N
IND,208,6411,59438,30/12/2023,12:51:08,15,1,24.0,0.8,205.0,204.8,2,1,1.00,CYCLE,S
IND,208,6411,59438,30/12/2023,12:51:15,15,1,20.0,1.0,6.7,6.6,2,1,1.00,CYCLE,S
IND,208,6411,59438,30/12/2023,12:52:44,15,1,23.3,1.1,89.0,88.9,2,1,1.00,CYCLE,S
IND,208,6411,59437,30/12/2023,12:54:20,15,0,26.5,1.0,201.6,200.1,2,1,1.00,CYCLE,N
IND,208,6411,59438,30/12/2023,12:54:37,15,1,20.3,0.9,112.6,112.4,2,1,1.00,CYCLE,S
IND,208,6411,59437,30/12/2023,12:57:35,15,0,27.8,1.1,195.2,195.0,2,1,1.00,CYCLE,N
IND,208,6411,59437,30/12/2023,12:59:43,15,0,31.2,1.1,127.6,127.5,2,1,1.00,CYCLE,N
IND,208,6411,59438,30/12/2023,13:00:10,15,1,16.5,1.0,41.8,41.5,2,1,1.00,CYCLE,S
IND,208,6411,59438,30/12/2023,13:00:13,15,1,28.0,0.9,2.9,2.7,2,1,1.00,CYCLE,S
IND,208,6411,59438,30/12/2023,13:01:22,15,1,20.7,1.1,69.4,69.3,2,1,1.00,CYCLE,S
IND,208,6411,59437,30/12/2023,13:03:13,15,0,25.7,1.0,209.9,209.7,2,1,1.00,CYCLE,N
IND,208,6411,59437,30/12/2023,13:05:29,15,0,31.1,1.0,6.9,6.6,2,1,1.00,CYCLE,N
IND,208,6411,59438,30/12/2023,13:11:45,15,1,19.9,1.1,622.8,622.6,2,1,1.00,CYCLE,S
IND,208,6411,59438,30/12/2023,13:13:04,15,1,21.7,0.9,78.8,78.6,2,1,1.00,CYCLE,S
IND,208,6411,59437,30/12/2023,13:17:44,15,0,20.3,1.0,70.0,69.6,2,1,1.00,CYCLE,N
IND,208,6411,59438,30/12/2023,13:18:42,15,1,17.1,1.0,338.3,338.2,2,1,1.00,CYCLE,S
IND,208,6411,59438,30/12/2023,13:22:07,15,1,24.9,1.0,204.9,204.7,2,1,1.00,CYCLE,S
IND,208,6411,59438,30/12/2023,13:22:17,15,1,21.1,1.0,10.3,10.2,2,1,1.00,CYCLE,S
IND,208,6411,59437,30/12/2023,13:22:46,15,0,25.1,1.1,27.7,27.5,2,1,1.00,CYCLE,N
IND,208,6411,59437,30/12/2023,13:25:12,15,0,25.1,1.0,145.9,145.8,2,1,1.00,CYCLE,N
IND,208,6411,59438,30/12/2023,13:30:47,15,1,27.9,1.0,509.8,509.6,2,1,1.00,CYCLE,S
IND,208,6411,59438,30/12/2023,13:31:27,15,1,25.2,1.0,39.7,39.6,2,1,1.00,CYCLE,S
IND,208,6411,59438,30/12/2023,13:32:13,15,1,26.5,1.0,45.8,45.6,2,1,1.00,CYCLE,S
IND,208,6411,59438,30/12/2023,13:32:20,15,1,26.2,1.0,7.3,7.1,2,1,1.00,CYCLE,S
IND,208,6411,59438,30/12/2023,13:34:20,15,1,19.1,1.0,120.0,119.8,2,1,1.00,CYCLE,S
IND,208,6411,59438,30/12/2023,13:35:38,15,1,17.9,1.1,77.9,77.7,2,1,1.00,CYCLE,S
IND,208,6411,59438,30/12/2023,13:35:55,15,1,22.6,1.0,17.1,16.9,2,1,1.00,CYCLE,S
IND,208,6411,59438,30/12/2023,13:38:09,15,1,15.2,1.0,133.7,133.6,2,1,1.00,CYCLE,S
IND,208,6411,59438,30/12/2023,13:38:11,15,1,15.4,0.7,1.9,1.7,2,1,1.00,CYCLE,S
IND,208,6411,59437,30/12/2023,13:42:01,15,0,17.9,1.1,460.8,460.3,2,1,1.00,CYCLE,N
IND,208,6411,59437,30/12/2023,13:42:37,15,0,26.0,1.0,35.2,33.9,2,1,1.00,CYCLE,N
IND,208,6411,59437,30/12/2023,13:42:37,15,0,25.2,1.0,0.7,0.5,2,1,1.00,CYCLE,N
IND,208,6411,59438,30/12/2023,13:42:50,15,1,26.3,1.0,279.5,279.3,2,1,1.00,CYCLE,S
IND,208,6411,59437,30/12/2023,13:46:40,15,0,29.1,1.0,242.3,242.2,2,1,1.00,CYCLE,N
IND,208,6411,59437,30/12/2023,13:49:58,15,0,26.4,1.0,198.6,198.4,2,1,1.00,CYCLE,N
IND,208,6411,59437,30/12/2023,13:50:07,15,0,13.7,1.1,8.8,8.6,2,1,1.00,CYCLE,N
IND,208,6411,59437,30/12/2023,13:50:13,15,0,13.5,1.1,6.4,6.1,2,1,1.00,CYCLE,N
IND,208,6411,59437,30/12/2023,13:51:38,15,0,15.7,1.1,40.3,40.2,2,1,1.00,CYCLE,N
IND,208,6411,59437,30/12/2023,13:57:03,15,0,18.6,1.1,325.5,325.2,2,1,1.00,CYCLE,N
IND,208,6411,59437,30/12/2023,13:57:45,15,0,26.7,1.0,42.3,42.1,2,1,1.00,CYCLE,N
IND,208,6411,59438,30/12/2023,14:02:43,15,1,13.9,1.0,641.5,641.3,2,1,1.00,CYCLE,S
IND,208,6411,59438,30/12/2023,14:05:26,15,1,28.3,0.9,163.2,162.9,2,1,1.00,CYCLE,S
IND,208,6411,59437,30/12/2023,14:07:25,15,0,23.1,1.1,339.2,339.0,2,1,1.00,CYCLE,N
IND,208,6411,59438,30/12/2023,14:08:55,15,1,22.7,1.1,208.4,208.2,2,1,1.00,CYCLE,S
IND,208,6411,59438,30/12/2023,14:20:05,15,1,22.5,1.0,110.0,109.4,2,1,1.00,CYCLE,S
IND,208,6411,59437,30/12/2023,14:25:12,15,0,23.9,1.0,231.3,230.9,2,1,0.80,CYCLE,N
IND,208,6411,59437,30/12/2023,14:26:19,15,0,30.5,1.1,67.0,66.8,2,1,1.00,CYCLE,N
IND,208,6411,59438,30/12/2023,14:26:51,15,1,21.1,1.0,406.7,406.6,2,1,1.00,CYCLE,S
IND,208,6411,59437,30/12/2023,14:29:02,15,0,19.0,1.0,162.2,162.3,2,1,0.89,CYCLE,N
IND,208,6411,59437,30/12/2023,14:29:02,15,0,19.0,1.0,0.0,0.0,2,1,0.89,CYCLE,N
IND,208,6411,59438,30/12/2023,14:30:24,15,1,25.4,1.1,32.8,32.6,2,1,1.00,CYCLE,S
IND,208,6411,59438,30/12/2023,14:30:50,15,1,20.6,1.0,26.0,25.8,2,1,1.00,CYCLE,S
IND,208,6411,59438,30/12/2023,14:30:52,15,1,20.1,1.0,1.8,1.7,2,1,1.00,CYCLE,S
IND,208,6411,59437,30/12/2023,14:31:06,15,0,25.1,1.0,37.1,36.8,2,1,1.00,CYCLE,N
IND,208,6411,59438,30/12/2023,14:35:15,15,1,21.0,1.0,262.4,262.3,2,1,1.00,CYCLE,S
IND,208,6411,59437,30/12/2023,14:36:37,15,0,25.0,1.1,330.6,330.5,2,1,1.00,CYCLE,N
IND,208,6411,59437,30/12/2023,14:37:30,15,0,25.1,1.1,53.7,53.6,2,1,1.00,CYCLE,N
IND,208,6411,59438,30/12/2023,14:38:26,15,1,15.2,0.6,160.2,160.0,2,1,0.80,CYCLE,S
IND,208,6411,59438,30/12/2023,14:39:23,15,1,10.2,1.0,57.0,56.9,2,1,1.00,CYCLE,S
IND,208,6411,59437,30/12/2023,14:40:41,15,0,18.9,1.1,190.5,190.3,2,1,1.00,CYCLE,N
IND,208,6411,59438,30/12/2023,14:43:43,15,1,13.0,1.1,260.4,260.0,2,1,1.00,CYCLE,S
IND,208,6411,59437,30/12/2023,14:49:20,15,0,33.1,1.0,391.3,390.8,2,1,1.00,CYCLE,N
IND,208,6411,59438,30/12/2023,14:51:32,15,1,24.4,1.1,468.6,468.3,2,1,1.00,CYCLE,S
IND,208,6411,59437,30/12/2023,14:52:48,15,0,22.7,1.1,208.0,207.9,2,1,1.00,CYCLE,N
IND,208,6411,59438,30/12/2023,14:55:15,15,1,16.7,1.0,223.5,223.4,2,1,1.00,CYCLE,S
IND,208,6411,59438,30/12/2023,14:55:28,15,1,16.8,1.0,13.1,12.8,2,1,1.00,CYCLE,S
IND,208,6411,59437,30/12/2023,14:57:21,15,0,22.8,1.1,211.3,210.9,2,1,1.00,CYCLE,N
IND,208,6411,59437,30/12/2023,14:57:21,15,0,22.9,1.0,0.3,0.6,2,1,0.80,CYCLE,N
IND,208,6411,59437,30/12/2023,14:57:54,15,0,24.5,1.0,32.5,31.8,2,1,1.00,CYCLE,N
IND,208,6411,59437,30/12/2023,14:58:33,15,0,24.4,1.1,38.4,37.7,2,1,1.00,CYCLE,N
IND,208,6411,59437,30/12/2023,14:58:37,15,0,28.8,1.0,4.3,4.3,2,1,0.80,CYCLE,N
IND,208,6411,59437,30/12/2023,14:58:37,15,0,28.8,1.0,0.0,0.0,2,1,0.80,CYCLE,N
IND,208,6411,59437,30/12/2023,15:02:46,15,0,29.6,1.1,249.5,248.2,2,1,1.00,CYCLE,N
IND,208,6411,59438,30/12/2023,15:04:46,15,1,18.3,1.0,157.2,156.5,2,1,1.00,CYCLE,S
IND,208,6411,59437,30/12/2023,15:05:03,15,0,33.4,1.0,137.0,137.0,2,1,0.80,CYCLE,N
IND,208,6411,59438,30/12/2023,15:08:16,15,1,16.6,1.1,209.6,209.4,2,1,1.00,CYCLE,S
IND,208,6411,59438,30/12/2023,15:09:18,15,1,22.6,1.1,61.9,61.6,2,1,1.00,CYCLE,S
IND,208,6411,59438,30/12/2023,15:09:52,15,1,23.0,1.0,33.9,33.7,2,1,1.00,CYCLE,S
IND,208,6411,59438,30/12/2023,15:10:55,15,1,22.5,1.0,63.4,63.3,2,1,0.50,CYCLE,S
IND,208,6411,59437,30/12/2023,15:10:55,15,0,22.5,1.0,0.0,0.0,2,1,0.50,CYCLE,N
IND,208,6411,59437,30/12/2023,15:11:41,15,0,24.6,1.1,316.7,315.0,2,1,1.00,CYCLE,N
IND,208,6411,59437,30/12/2023,15:11:57,15,0,28.0,1.1,15.5,15.3,2,1,1.00,CYCLE,N
IND,208,6411,59438,30/12/2023,15:16:27,15,1,17.4,1.0,27.0,26.7,2,1,1.00,CYCLE,S
IND,208,6411,59437,30/12/2023,15:17:59,15,0,26.2,1.2,273.8,272.5,2,1,1.00,CYCLE,N
IND,208,6411,59438,30/12/2023,15:22:08,15,1,20.3,1.1,341.6,341.4,2,1,1.00,CYCLE,S
IND,208,6411,59438,30/12/2023,15:23:17,15,1,23.5,1.1,69.0,68.8,2,1,1.00,CYCLE,S
IND,208,6411,59438,30/12/2023,15:30:56,15,1,21.5,0.8,459.1,459.0,2,1,1.00,CYCLE,S
IND,208,6411,59438,30/12/2023,15:31:11,15,1,18.0,1.0,14.1,13.9,2,1,1.00,CYCLE,S
IND,208,6411,59437,30/12/2023,15:31:34,15,0,27.9,1.0,398.2,397.9,2,1,0.73,CYCLE,N
IND,208,6411,59437,30/12/2023,15:31:34,15,0,27.9,1.0,0.0,0.0,2,1,0.73,CYCLE,N
IND,208,6411,59438,30/12/2023,15:36:57,15,1,22.0,1.0,346.2,346.0,2,1,1.00,CYCLE,S
IND,208,6411,59438,30/12/2023,15:42:24,15,1,23.5,1.1,327.7,327.6,2,1,1.00,CYCLE,S
IND,208,6411,59437,30/12/2023,15:42:39,15,0,23.8,1.1,235.0,234.5,2,1,1.00,CYCLE,N
IND,208,6411,59437,30/12/2023,15:44:57,15,0,26.8,1.0,137.0,136.1,2,1,1.00,CYCLE,N
IND,208,6411,59438,30/12/2023,15:46:04,15,1,14.9,1.0,219.9,219.7,2,1,1.00,CYCLE,S
IND,208,6411,59438,30/12/2023,15:47:37,15,1,20.1,1.1,92.9,92.7,2,1,1.00,CYCLE,S
IND,208,6411,59438,30/12/2023,15:50:56,15,1,28.4,0.9,198.5,198.3,2,1,1.00,CYCLE,S
IND,208,6411,59438,30/12/2023,15:52:12,15,1,15.4,1.2,76.3,76.2,2,1,1.00,CYCLE,S
IND,208,6411,59438,30/12/2023,15:53:06,15,1,19.9,1.0,54.0,53.7,2,1,1.00,CYCLE,S
IND,208,6411,59437,30/12/2023,15:56:44,15,0,27.3,1.1,30.4,29.9,2,1,1.00,CYCLE,N
IND,208,6411,59437,30/12/2023,15:57:02,15,0,26.9,1.2,18.5,18.3,2,1,1.00,CYCLE,N
IND,208,6411,59437,30/12/2023,15:59:19,15,0,21.6,1.1,32.4,30.9,2,1,1.00,CYCLE,N
IND,208,6411,59438,30/12/2023,16:00:18,15,1,15.6,0.9,432.1,431.9,2,1,1.00,CYCLE,S
IND,208,6411,59438,30/12/2023,16:00:29,15,1,16.4,1.1,10.7,10.5,2,1,1.00,CYCLE,S
IND,208,6411,59437,30/12/2023,16:03:53,15,0,17.2,1.1,273.2,273.0,2,1,1.00,CYCLE,N
IND,208,6411,59438,30/12/2023,16:04:24,15,1,22.4,1.1,235.6,235.3,2,1,1.00,CYCLE,S
IND,208,6411,59437,30/12/2023,16:05:27,15,0,23.3,1.0,80.0,79.6,2,1,1.00,CYCLE,N
IND,208,6411,59437,30/12/2023,16:06:16,15,0,27.9,1.1,49.3,49.1,2,1,1.00,CYCLE,N
IND,208,6411,59437,30/12/2023,16:07:18,15,0,27.7,1.2,25.0,24.5,2,1,1.00,CYCLE,N
IND,208,6411,59438,30/12/2023,16:10:54,15,1,16.7,1.0,389.7,389.5,2,1,1.00,CYCLE,S
IND,208,6411,59437,30/12/2023,16:12:26,15,0,25.3,1.2,308.3,308.2,2,1,1.00,CYCLE,N
IND,208,6411,59437,30/12/2023,16:14:15,15,0,22.7,1.1,66.6,66.2,2,1,1.00,CYCLE,N
IND,208,6411,59437,30/12/2023,16:15:05,15,0,21.2,1.1,49.3,49.1,2,1,1.00,CYCLE,N
IND,208,6411,59438,30/12/2023,16:15:23,15,1,26.2,1.1,269.2,269.0,2,1,1.00,CYCLE,S
IND,208,6411,59438,30/12/2023,16:18:22,15,1,23.8,1.1,178.6,178.5,2,1,1.00,CYCLE,S
IND,208,6411,59437,30/12/2023,16:18:47,15,0,30.3,1.0,222.7,222.5,2,1,1.00,CYCLE,N
IND,208,6411,59438,30/12/2023,16:20:15,15,1,22.3,1.0,113.6,113.4,2,1,1.00,CYCLE,S
IND,208,6411,59438,30/12/2023,16:21:30,15,1,19.0,1.0,74.4,74.3,2,1,1.00,CYCLE,S
IND,208,6411,59438,30/12/2023,16:21:53,15,1,24.6,1.0,23.5,23.3,2,1,1.00,CYCLE,S
IND,208,6411,59437,30/12/2023,16:22:05,15,0,24.2,1.1,85.4,84.1,2,1,1.00,CYCLE,N
IND,208,6411,59437,30/12/2023,16:22:29,15,0,34.7,1.1,24.2,24.1,2,1,1.00,CYCLE,N
IND,208,6411,59438,30/12/2023,16:23:41,15,1,16.2,1.1,108.1,107.9,2,1,1.00,CYCLE,S
IND,208,6411,59437,30/12/2023,16:23:55,15,0,25.9,1.2,70.1,69.5,2,1,1.00,CYCLE,N
IND,208,6411,59437,30/12/2023,16:23:55,15,0,29.9,1.0,0.2,0.1,2,1,1.00,CYCLE,N
IND,208,6411,59437,30/12/2023,16:24:37,15,0,19.4,1.1,21.9,21.5,2,1,1.00,CYCLE,N
IND,208,6411,59437,30/12/2023,16:24:45,15,0,28.3,1.1,7.5,7.3,2,1,1.00,CYCLE,N
IND,208,6411,59438,30/12/2023,16:24:56,15,1,19.3,1.0,74.9,74.7,2,1,1.00,CYCLE,S
IND,208,6411,59438,30/12/2023,16:27:49,15,1,22.7,1.1,172.5,172.3,2,1,1.00,CYCLE,S
IND,208,6411,59438,30/12/2023,16:27:56,15,1,21.1,1.1,7.0,6.8,2,1,1.00,CYCLE,S
IND,208,6411,59438,30/12/2023,16:32:20,15,1,22.8,1.0,264.4,264.2,2,1,1.00,CYCLE,S
IND,208,6411,59437,30/12/2023,16:33:24,15,0,22.2,1.1,519.5,519.3,2,1,1.00,CYCLE,N
IND,208,6411,59438,30/12/2023,16:33:49,15,1,24.0,1.1,88.4,88.2,2,1,1.00,CYCLE,S
IND,208,6411,59437,30/12/2023,16:36:25,15,0,31.6,1.0,180.8,180.7,2,1,1.00,CYCLE,N
IND,208,6411,59437,30/12/2023,16:36:48,15,0,10.6,1.1,22.9,22.8,2,1,1.00,CYCLE,N
IND,208,6411,59437,30/12/2023,16:36:49,15,0,19.6,1.1,1.2,0.9,2,1,1.00,CYCLE,N
IND,208,6411,59438,30/12/2023,16:37:48,15,1,15.9,1.0,239.5,239.3,2,1,1.00,CYCLE,S
IND,208,6411,59438,30/12/2023,16:37:51,15,1,16.7,1.0,3.3,3.0,2,1,1.00,CYCLE,S
IND,208,6411,59438,30/12/2023,16:39:20,15,1,23.1,1.0,88.5,88.3,2,1,1.00,CYCLE,S
IND,208,6411,59437,30/12/2023,16:40:31,15,0,31.0,1.1,86.5,86.1,2,1,1.00,CYCLE,N
IND,208,6411,59437,30/12/2023,16:40:44,15,0,26.1,1.1,13.3,13.2,2,1,1.00,CYCLE,N
IND,208,6411,59438,30/12/2023,16:42:17,15,1,24.4,1.0,177.2,177.0,2,1,1.00,CYCLE,S
IND,208,6411,59438,30/12/2023,16:47:05,15,1,21.9,1.0,107.8,107.8,2,1,1.00,CYCLE,S
IND,208,6411,59437,30/12/2023,16:49:48,15,0,29.9,1.1,47.1,46.8,2,1,1.00,CYCLE,N
IND,208,6411,59437,30/12/2023,16:54:18,15,0,19.6,1.1,238.4,238.0,2,1,1.00,CYCLE,N
IND,208,6411,59438,30/12/2023,17:00:12,15,1,20.2,1.0,787.8,787.7,2,1,1.00,CYCLE,S
IND,208,6411,59438,30/12/2023,17:02:16,15,1,16.4,1.0,124.0,123.9,2,1,1.00,CYCLE,S
IND,208,6411,59437,30/12/2023,17:06:23,15,0,16.1,1.2,330.4,329.9,2,1,1.00,CYCLE,N
IND,208,6411,59438,30/12/2023,17:07:34,15,1,18.7,1.1,274.2,273.9,2,1,1.00,CYCLE,S
IND,208,6411,59438,30/12/2023,17:08:10,15,1,25.2,0.9,36.2,36.0,2,1,1.00,CYCLE,S
IND,208,6411,59437,30/12/2023,17:08:26,15,0,20.9,1.0,50.1,49.5,2,1,1.00,CYCLE,N
IND,208,6411,59438,30/12/2023,17:09:26,15,1,22.4,1.0,76.1,76.0,2,1,1.00,CYCLE,S
IND,208,6411,59438,30/12/2023,17:13:30,15,1,23.5,1.1,244.1,243.9,2,1,1.00,CYCLE,S
IND,208,6411,59438,30/12/2023,17:18:47,15,1,16.2,1.0,316.8,316.6,2,1,1.00,CYCLE,S
IND,208,6411,59437,30/12/2023,17:21:46,15,0,29.6,1.1,800.2,800.0,2,1,1.00,CYCLE,N
IND,208,6411,59438,30/12/2023,17:22:38,15,1,18.0,1.0,230.6,230.3,2,1,1.00,CYCLE,S
IND,208,6411,59437,30/12/2023,17:22:44,15,0,17.8,1.1,58.2,58.1,2,1,1.00,CYCLE,N
IND,208,6411,59438,30/12/2023,17:25:09,15,1,26.6,1.0,151.0,150.8,2,1,1.00,CYCLE,S
IND,208,6411,59438,30/12/2023,17:27:51,15,1,19.5,1.0,162.5,162.4,2,1,1.00,CYCLE,S
IND,208,6411,59437,30/12/2023,17:29:31,15,0,22.5,1.1,185.2,184.6,2,1,1.00,CYCLE,N
IND,208,6411,59438,30/12/2023,17:31:38,15,1,24.2,1.1,226.3,226.2,2,1,1.00,CYCLE,S
IND,208,6411,59437,30/12/2023,17:31:42,15,0,35.6,1.0,71.4,71.3,2,1,1.00,CYCLE,N
IND,208,6411,59438,30/12/2023,17:32:08,15,1,26.9,1.1,30.8,30.7,2,1,1.00,CYCLE,S
IND,208,6411,59438,30/12/2023,17:38:40,15,1,25.0,1.1,391.4,391.2,2,1,1.00,CYCLE,S
IND,208,6411,59438,30/12/2023,17:39:33,15,1,21.7,1.1,53.5,53.3,2,1,1.00,CYCLE,S
IND,208,6411,59438,30/12/2023,17:42:28,15,1,21.4,1.0,174.6,174.4,2,1,1.00,CYCLE,S
IND,208,6411,59437,30/12/2023,17:46:17,15,0,24.0,1.0,601.4,601.2,2,1,1.00,CYCLE,N
IND,208,6411,59437,30/12/2023,17:46:17,15,0,24.0,1.0,0.0,0.0,2,1,1.00,CYCLE,N
IND,208,6411,59437,30/12/2023,17:47:28,15,0,17.3,1.1,58.4,58.3,2,1,1.00,CYCLE,N
IND,208,6411,59438,30/12/2023,17:47:35,15,1,25.7,1.1,307.0,306.9,2,1,1.00,CYCLE,S
IND,208,6411,59438,30/12/2023,17:49:51,15,1,27.6,1.0,135.7,135.6,2,1,1.00,CYCLE,S
IND,208,6411,59438,30/12/2023,17:52:16,15,1,19.7,1.1,145.3,145.2,2,1,1.00,CYCLE,S
IND,208,6411,59437,30/12/2023,17:52:27,15,0,20.6,1.0,299.3,299.1,2,1,1.00,CYCLE,N
IND,208,6411,59437,30/12/2023,17:54:44,15,0,40.4,1.0,136.3,136.1,2,1,1.00,CYCLE,N
IND,208,6411,59437,30/12/2023,17:55:33,15,0,25.5,1.1,49.4,49.3,2,1,1.00,CYCLE,N
IND,208,6411,59437,30/12/2023,17:57:23,15,0,27.5,1.1,110.0,109.9,2,1,1.00,CYCLE,N
IND,208,6411,59437,30/12/2023,17:58:04,15,0,23.4,1.0,41.1,41.0,2,1,0.80,CYCLE,N
IND,208,6411,59437,30/12/2023,18:01:10,15,0,24.2,1.1,104.9,104.7,2,1,1.00,CYCLE,N
IND,208,6411,59438,30/12/2023,18:01:23,15,1,22.7,1.0,546.8,546.6,2,1,1.00,CYCLE,S
IND,208,6411,59437,30/12/2023,18:01:33,15,0,19.5,1.0,23.5,23.3,2,1,1.00,CYCLE,N
IND,208,6411,59437,30/12/2023,18:01:33,15,0,19.5,1.0,0.0,0.0,2,1,1.00,CYCLE,N
IND,208,6411,59438,30/12/2023,18:06:45,15,1,22.3,1.0,322.7,322.5,2,1,1.00,CYCLE,S
IND,208,6411,59438,30/12/2023,18:06:59,15,1,19.5,1.0,13.6,13.5,2,1,1.00,CYCLE,S
IND,208,6411,59438,30/12/2023,18:08:38,15,1,22.2,1.0,99.1,98.9,2,1,1.00,CYCLE,S
IND,208,6411,59437,30/12/2023,18:08:40,15,0,35.2,1.0,57.6,57.5,2,1,1.00,CYCLE,N
IND,208,6411,59438,30/12/2023,18:10:08,15,1,19.1,1.1,89.7,89.6,2,1,1.00,CYCLE,S
IND,208,6411,59438,30/12/2023,18:10:54,15,1,27.4,1.1,46.5,46.3,2,1,1.00,CYCLE,S
IND,208,6411,59437,30/12/2023,18:11:23,15,0,29.6,1.1,163.3,163.2,2,1,1.00,CYCLE,N
IND,208,6411,59437,30/12/2023,18:11:30,15,0,26.6,1.1,7.1,7.0,2,1,1.00,CYCLE,N
IND,208,6411,59438,30/12/2023,18:12:54,15,1,26.2,1.0,119.9,119.7,2,1,1.00,CYCLE,S
IND,208,6411,59438,30/12/2023,18:14:40,15,1,19.7,1.0,106.0,105.9,2,1,1.00,CYCLE,S
IND,208,6411,59437,30/12/2023,18:19:23,15,0,26.9,1.0,472.2,472.0,2,1,1.00,CYCLE,N
IND,208,6411,59437,30/12/2023,18:20:33,15,0,26.3,1.1,70.8,70.7,2,1,1.00,CYCLE,N
IND,208,6411,59438,30/12/2023,18:27:24,15,1,26.1,1.0,763.7,763.5,2,1,1.00,CYCLE,S
IND,208,6411,59438,30/12/2023,18:27:29,15,1,25.2,1.0,4.6,4.4,2,1,1.00,CYCLE,S
IND,208,6411,59438,30/12/2023,18:30:19,15,1,27.8,1.1,170.9,170.7,2,1,1.00,CYCLE,S
IND,208,6411,59437,30/12/2023,18:33:51,15,0,17.4,1.2,797.5,797.4,2,1,1.00,CYCLE,N
IND,208,6411,59437,30/12/2023,18:34:23,15,0,26.8,1.2,32.6,32.3,2,1,1.00,CYCLE,N
IND,208,6411,59437,30/12/2023,18:35:50,15,0,27.9,1.2,86.6,86.5,2,1,1.00,CYCLE,N
IND,208,6411,59438,30/12/2023,18:42:31,15,1,25.7,1.2,731.2,731.1,2,1,1.00,CYCLE,S
IND,208,6411,59438,30/12/2023,18:44:25,15,1,27.8,1.0,114.3,114.2,2,1,1.00,CYCLE,S
IND,208,6411,59437,30/12/2023,18:51:39,15,0,28.6,1.0,949.3,949.1,2,1,1.00,CYCLE,N
IND,208,6411,59437,30/12/2023,18:55:11,15,0,21.0,1.1,212.0,211.8,2,1,1.00,CYCLE,N
IND,208,6411,59437,30/12/2023,18:57:15,15,0,25.8,1.0,123.2,123.0,2,1,1.00,CYCLE,N
IND,208,6411,59437,30/12/2023,19:05:11,15,0,26.9,1.1,476.9,476.7,2,1,1.00,CYCLE,N
IND,208,6411,59437,30/12/2023,19:24:10,15,0,29.7,1.0,1138.7,1138.6,2,1,1.00,CYCLE,N
IND,208,6411,59437,30/12/2023,19:25:13,15,0,21.3,1.1,62.5,62.3,2,1,1.00,CYCLE,N
IND,208,6411,59437,30/12/2023,19:36:34,15,0,20.9,1.1,681.2,681.0,2,1,1.00,CYCLE,N
IND,208,6411,59437,30/12/2023,19:37:10,15,0,20.1,1.0,36.7,36.5,2,1,1.00,CYCLE,N
IND,208,6411,59437,30/12/2023,19:41:35,15,0,24.2,1.0,264.7,264.6,2,1,1.00,CYCLE,N
IND,208,6411,59437,30/12/2023,19:42:30,15,0,23.0,1.1,54.5,54.3,2,1,1.00,CYCLE,N
IND,208,6411,59437,30/12/2023,19:59:13,15,0,22.4,0.9,1002.9,1002.7,2,1,1.00,CYCLE,N
IND,208,6411,59437,30/12/2023,20:05:38,15,0,28.4,1.1,385.9,385.8,2,1,1.00,CYCLE,N
IND,208,6411,59438,30/12/2023,20:11:26,15,1,31.8,1.2,977.2,977.0,2,1,1.00,CYCLE,S
IND,208,6411,59438,30/12/2023,20:11:35,15,1,26.4,1.0,8.3,8.1,2,1,1.00,CYCLE,S
IND,208,6411,59437,30/12/2023,20:16:15,15,0,29.8,1.0,636.1,635.9,2,1,1.00,CYCLE,N
IND,208,6411,59437,30/12/2023,20:19:41,15,0,17.7,1.0,206.9,206.7,2,1,1.00,CYCLE,N
IND,208,6411,59437,30/12/2023,20:19:42,15,0,16.7,1.0,0.8,0.6,2,1,1.00,CYCLE,N
IND,208,6411,59438,30/12/2023,20:20:07,15,1,26.1,1.0,512.3,512.1,2,1,1.00,CYCLE,S
IND,208,6411,59437,30/12/2023,20:26:21,15,0,30.4,1.0,399.2,399.0,2,1,1.00,CYCLE,N
IND,208,6411,59438,30/12/2023,20:27:27,15,1,21.9,1.1,439.9,439.7,2,1,1.00,CYCLE,S
IND,208,6411,59437,30/12/2023,20:27:39,15,0,25.7,1.0,77.9,77.8,2,1,1.00,CYCLE,N
IND,208,6411,59437,30/12/2023,20:29:45,15,0,26.8,1.1,125.2,125.1,2,1,1.00,CYCLE,N
IND,208,6411,59437,30/12/2023,20:31:09,15,0,26.0,1.0,84.1,84.0,2,1,1.00,CYCLE,N
IND,208,6411,59438,30/12/2023,20:36:31,15,1,23.5,1.0,544.3,544.1,2,1,1.00,CYCLE,S
IND,208,6411,59437,30/12/2023,20:40:57,15,0,24.6,1.0,406.5,406.4,2,1,1.00,CYCLE,N
IND,208,6411,59438,30/12/2023,20:51:15,15,1,20.8,1.0,883.6,883.4,2,1,1.00,CYCLE,S
IND,208,6411,59437,30/12/2023,20:51:32,15,0,10.3,1.0,634.5,634.3,2,1,1.00,CYCLE,N
IND,208,6411,59438,30/12/2023,20:54:00,15,1,9.8,1.0,164.9,164.7,2,1,1.00,CYCLE,S
IND,208,6411,59438,30/12/2023,21:08:01,15,1,28.0,1.1,841.3,840.9,2,1,1.00,CYCLE,S
IND,208,6411,59437,30/12/2023,21:11:32,15,0,28.2,1.0,1200.5,1200.2,2,1,1.00,CYCLE,N
IND,208,6411,59438,30/12/2023,21:16:29,15,1,26.2,1.0,508.2,508.0,2,1,1.00,CYCLE,S
IND,208,6411,59437,30/12/2023,21:21:42,15,0,17.3,1.1,609.2,609.1,2,1,1.00,CYCLE,N
IND,208,6411,59437,30/12/2023,21:22:43,15,0,20.9,1.0,60.9,60.6,2,1,1.00,CYCLE,N
IND,208,6411,59437,30/12/2023,21:24:42,15,0,33.6,1.1,119.9,119.7,2,1,1.00,CYCLE,N
IND,208,6411,59437,30/12/2023,21:24:47,15,0,25.8,1.1,4.7,4.6,2,1,1.00,CYCLE,N
IND,208,6411,59437,30/12/2023,21:31:52,15,0,18.4,1.1,424.6,424.4,2,1,1.00,CYCLE,N
IND,208,6411,59437,30/12/2023,21:34:13,15,0,28.1,1.1,141.3,141.1,2,1,1.00,CYCLE,N
IND,208,6411,59437,30/12/2023,21:34:25,15,0,25.7,1.1,11.8,11.6,2,1,1.00,CYCLE,N
IND,208,6411,59438,30/12/2023,21:35:32,15,1,13.9,1.1,1142.5,1142.4,2,1,1.00,CYCLE,S
IND,208,6411,59437,30/12/2023,21:44:52,15,0,28.2,1.1,626.8,626.7,2,1,1.00,CYCLE,N
IND,208,6411,59438,30/12/2023,21:56:07,15,1,20.4,1.0,1235.5,1235.3,2,1,1.00,CYCLE,S
IND,208,6411,59437,30/12/2023,22:09:40,15,0,8.3,1.0,1485.3,1485.1,2,1,1.00,CYCLE,N
IND,208,6411,59437,30/12/2023,22:27:03,15,0,32.6,1.1,1043.1,1042.6,2,1,1.00,CYCLE,N
IND,208,6411,59437,30/12/2023,22:34:16,15,0,25.9,1.0,432.9,432.8,2,1,1.00,CYCLE,N
IND,208,6411,59437,30/12/2023,22:44:37,15,0,17.0,1.0,620.9,620.7,2,1,1.00,CYCLE,N
IND,208,6411,59437,30/12/2023,23:03:14,15,0,17.2,1.0,1116.6,1116.4,2,1,1.00,CYCLE,N
IND,208,6411,59437,30/12/2023,23:09:37,15,0,20.5,1.0,383.8,383.6,2,1,1.00,CYCLE,N
IND,208,6411,59437,30/12/2023,23:25:27,15,0,20.3,1.0,949.7,949.5,2,1,1.00,CYCLE,N
IND,208,6411,59437,30/12/2023,23:25:27,15,0,20.3,1.0,0.0,0.0,2,1,1.00,CYCLE,N
IND,208,6411,59437,30/12/2023,23:28:38,15,0,37.5,1.0,190.8,190.4,2,1,1.00,CYCLE,N
IND,208,6411,59438,30/12/2023,23:32:54,15,1,21.2,1.1,5807.2,5807.0,2,1,1.00,CYCLE,S
IND,208,6411,59437,30/12/2023,23:47:20,15,0,25.8,1.0,1122.3,1122.2,2,1,1.00,CYCLE,N
IND,208,6411,59437,30/12/2023,23:48:06,15,0,30.1,1.1,46.0,45.9,2,1,1.00,CYCLE,N
IND,208,6411,59437,31/12/2023,00:18:57,15,0,29.2,1.0,1850.9,1850.7,2,1,1.00,CYCLE,N
IND,208,6411,59438,31/12/2023,00:40:20,15,1,25.7,1.0,4046.0,4045.8,2,1,1.00,CYCLE,S
IND,208,6411,59437,31/12/2023,00:46:06,15,0,22.0,1.0,1628.3,1628.2,2,1,1.00,CYCLE,N
IND,208,6411,59438,31/12/2023,00:46:13,15,1,19.6,1.0,352.3,352.1,2,1,1.00,CYCLE,S
IND,208,6411,59437,31/12/2023,01:07:24,15,0,30.5,1.1,1279.0,1278.8,2,1,1.00,CYCLE,N
IND,208,6411,59438,31/12/2023,02:03:44,15,1,18.3,0.9,4651.8,4651.6,2,1,1.00,CYCLE,S
IND,208,6411,59438,31/12/2023,04:08:52,15,1,27.6,1.1,7507.3,7507.1,2,1,1.00,CYCLE,S
IND,208,6411,59438,31/12/2023,04:39:41,15,1,23.1,1.1,1849.2,1849.0,2,1,1.00,CYCLE,S
IND,208,6411,59437,31/12/2023,04:46:42,15,0,18.5,1.2,6860.5,6860.4,2,1,1.00,CYCLE,N
IND,208,6411,59438,31/12/2023,04:56:44,15,1,20.8,1.1,968.6,968.5,2,1,1.00,CYCLE,S
IND,208,6411,59438,31/12/2023,05:03:12,15,1,28.1,1.0,387.8,387.6,2,1,1.00,CYCLE,S
IND,208,6411,59438,31/12/2023,05:06:08,15,1,29.8,1.0,176.4,176.3,2,1,1.00,CYCLE,S
IND,208,6411,59438,31/12/2023,05:23:46,15,1,25.4,1.1,1058.0,1057.8,2,1,1.00,CYCLE,S
IND,208,6411,59438,31/12/2023,05:23:54,15,1,21.8,1.0,7.2,7.1,2,1,1.00,CYCLE,S
IND,208,6411,59438,31/12/2023,05:23:54,15,1,22.0,1.1,0.7,0.6,2,1,1.00,CYCLE,S
IND,208,6411,59437,31/12/2023,05:24:34,15,0,22.4,1.1,1072.9,1072.8,2,1,1.00,CYCLE,N
IND,208,6411,59438,31/12/2023,05:30:23,15,1,30.7,1.0,388.9,388.7,2,1,1.00,CYCLE,S
IND,208,6411,59438,31/12/2023,05:31:47,15,1,27.9,1.0,84.1,84.0,2,1,1.00,CYCLE,S
IND,208,6411,59438,31/12/2023,05:38:13,15,1,31.4,1.0,386.3,386.2,2,1,1.00,CYCLE,S
IND,208,6411,59438,31/12/2023,05:45:26,15,1,29.3,1.0,432.2,432.1,2,1,1.00,CYCLE,S
IND,208,6411,59438,31/12/2023,05:47:38,15,1,26.1,1.0,132.6,132.5,2,1,1.00,CYCLE,S
IND,208,6411,59438,31/12/2023,05:49:45,15,1,28.3,1.0,126.3,126.2,2,1,1.00,CYCLE,S
IND,208,6411,59438,31/12/2023,05:51:17,15,1,32.1,1.0,92.1,92.0,2,1,1.00,CYCLE,S
IND,208,6411,59438,31/12/2023,05:55:46,15,1,31.0,1.0,269.6,269.5,2,1,1.00,CYCLE,S
IND,208,6411,59438,31/12/2023,05:56:31,15,1,30.8,1.0,45.2,45.0,2,1,1.00,CYCLE,S
IND,208,6411,59438,31/12/2023,06:01:43,15,1,28.5,1.1,6.3,6.2,2,1,1.00,CYCLE,S
IND,208,6411,59438,31/12/2023,06:03:21,15,1,29.3,1.1,98.3,98.2,2,1,1.00,CYCLE,S
IND,208,6411,59438,31/12/2023,06:13:06,15,1,27.9,1.0,585.1,584.9,2,1,1.00,CYCLE,S
IND,208,6411,59438,31/12/2023,06:13:06,15,1,27.9,1.0,0.0,0.0,2,1,1.00,CYCLE,S
IND,208,6411,59438,31/12/2023,06:14:40,15,1,22.0,1.0,94.3,94.1,2,1,1.00,CYCLE,S
IND,208,6411,59437,31/12/2023,06:14:57,15,0,26.8,1.0,3023.2,3023.1,2,1,1.00,CYCLE,N
IND,208,6411,59438,31/12/2023,06:15:25,15,1,29.9,1.0,44.3,44.1,2,1,1.00,CYCLE,S
IND,208,6411,59438,31/12/2023,06:17:04,15,1,28.0,1.0,99.3,99.2,2,1,1.00,CYCLE,S
IND,208,6411,59438,31/12/2023,06:19:36,15,1,25.2,1.0,152.4,152.2,2,1,1.00,CYCLE,S
IND,208,6411,59438,31/12/2023,06:20:45,15,1,18.8,1.0,68.7,68.5,2,1,1.00,CYCLE,S
IND,208,6411,59438,31/12/2023,06:22:51,15,1,26.4,1.0,125.9,125.7,2,1,1.00,CYCLE,S
IND,208,6411,59438,31/12/2023,06:22:58,15,1,36.2,1.0,6.7,6.6,2,1,1.00,CYCLE,S
IND,208,6411,59438,31/12/2023,06:23:58,15,1,27.1,1.0,60.8,60.7,2,1,1.00,CYCLE,S
IND,208,6411,59438,31/12/2023,06:27:40,15,1,31.9,1.0,221.9,221.8,2,1,1.00,CYCLE,S
IND,208,6411,59437,31/12/2023,06:33:08,15,0,24.0,1.0,1091.1,1091.0,2,1,1.00,CYCLE,N
IND,208,6411,59437,31/12/2023,06:33:13,15,0,32.1,1.0,4.9,4.7,2,1,1.00,CYCLE,N
IND,208,6411,59438,31/12/2023,06:35:04,15,1,23.0,1.0,443.9,443.8,2,1,1.00,CYCLE,S
IND,208,6411,59438,31/12/2023,06:38:04,15,1,35.0,1.0,180.0,179.9,2,1,1.00,CYCLE,S
IND,208,6411,59437,31/12/2023,06:42:20,15,0,26.6,1.1,547.4,547.3,2,1,1.00,CYCLE,N
IND,208,6411,59438,31/12/2023,06:48:03,15,1,28.8,1.0,300.9,300.7,2,1,1.00,CYCLE,S
IND,208,6411,59438,31/12/2023,06:48:47,15,1,32.7,1.0,43.9,43.8,2,1,1.00,CYCLE,S
IND,208,6411,59438,31/12/2023,06:53:44,15,1,23.9,1.0,296.4,296.3,2,1,1.00,CYCLE,S
IND,208,6411,59438,31/12/2023,06:55:53,15,1,28.7,1.0,129.4,129.2,2,1,1.00,CYCLE,S
IND,208,6411,59438,31/12/2023,06:56:40,15,1,28.5,1.0,47.0,46.8,2,1,1.00,CYCLE,S
IND,208,6411,59438,31/12/2023,07:01:33,15,1,22.4,1.1,292.8,292.6,2,1,1.00,CYCLE,S
IND,208,6411,59437,31/12/2023,07:13:47,15,0,23.5,1.1,1886.6,1886.5,2,1,1.00,CYCLE,N
IND,208,6411,59438,31/12/2023,07:16:01,15,1,23.9,1.0,868.6,868.4,2,1,1.00,CYCLE,S
IND,208,6411,59438,31/12/2023,07:16:03,15,1,24.2,1.0,1.8,1.6,2,1,1.00,CYCLE,S
IND,208,6411,59438,31/12/2023,07:17:36,15,1,23.7,1.0,93.1,93.0,2,1,1.00,CYCLE,S
IND,208,6411,59437,31/12/2023,07:18:03,15,0,27.3,1.0,256.1,256.0,2,1,1.00,CYCLE,N
IND,208,6411,59437,31/12/2023,07:18:54,15,0,28.3,1.0,50.8,50.7,2,1,1.00,CYCLE,N
IND,208,6411,59437,31/12/2023,07:19:03,15,0,17.9,0.9,8.8,8.7,2,1,1.00,CYCLE,N
IND,208,6411,59438,31/12/2023,07:20:50,15,1,29.1,1.0,194.2,194.0,2,1,1.00,CYCLE,S
IND,208,6411,59438,31/12/2023,07:23:55,15,1,28.4,1.0,184.6,184.5,2,1,1.00,CYCLE,S
IND,208,6411,59438,31/12/2023,07:29:37,15,1,22.5,1.1,342.2,342.1,2,1,1.00,CYCLE,S
IND,208,6411,59438,31/12/2023,07:30:26,15,1,29.0,1.0,49.3,49.1,2,1,1.00,CYCLE,S
IND,208,6411,59437,31/12/2023,07:30:36,15,0,29.7,1.2,693.3,693.2,2,1,1.00,CYCLE,N
IND,208,6411,59438,31/12/2023,07:32:09,15,1,25.8,1.0,102.8,102.6,2,1,1.00,CYCLE,S
IND,208,6411,59438,31/12/2023,07:32:56,15,1,20.9,1.0,46.6,46.4,2,1,1.00,CYCLE,S
IND,208,6411,59438,31/12/2023,07:35:59,15,1,23.7,1.1,182.7,182.5,2,1,1.00,CYCLE,S
IND,208,6411,59438,31/12/2023,07:36:52,15,1,25.6,1.0,53.3,53.1,2,1,1.00,CYCLE,S
IND,208,6411,59438,31/12/2023,07:37:46,15,1,21.1,1.0,54.3,54.1,2,1,1.00,CYCLE,S
IND,208,6411,59438,31/12/2023,07:38:43,15,1,23.5,1.0,57.4,57.3,2,1,1.00,CYCLE,S
IND,208,6411,59437,31/12/2023,07:43:39,15,0,23.1,1.0,715.9,715.8,2,1,1.00,CYCLE,N
IND,208,6411,59437,31/12/2023,07:43:52,15,0,34.3,1.2,13.3,13.2,2,1,1.00,CYCLE,N
IND,208,6411,59438,31/12/2023,07:44:24,15,1,30.4,1.0,340.2,340.1,2,1,1.00,CYCLE,S
IND,208,6411,59438,31/12/2023,07:45:12,15,1,23.0,1.0,48.3,48.2,2,1,1.00,CYCLE,S
IND,208,6411,59438,31/12/2023,07:45:12,15,1,23.0,1.0,0.0,0.0,2,1,1.00,CYCLE,S
IND,208,6411,59438,31/12/2023,07:46:46,15,1,21.4,1.1,94.5,94.3,2,1,1.00,CYCLE,S
IND,208,6411,59438,31/12/2023,07:46:47,15,1,14.9,1.0,0.6,0.4,2,1,1.00,CYCLE,S
IND,208,6411,59438,31/12/2023,07:47:46,15,1,28.4,1.0,59.2,59.0,2,1,1.00,CYCLE,S
IND,208,6411,59437,31/12/2023,07:48:21,15,0,29.4,1.0,269.1,268.9,2,1,1.00,CYCLE,N
IND,208,6411,59437,31/12/2023,07:50:00,15,0,21.1,1.1,98.7,98.6,2,1,1.00,CYCLE,N
IND,208,6411,59438,31/12/2023,07:51:50,15,1,25.7,1.0,243.7,243.6,2,1,1.00,CYCLE,S
IND,208,6411,59438,31/12/2023,07:52:01,15,1,17.0,1.0,11.2,11.0,2,1,1.00,CYCLE,S
IND,208,6411,59438,31/12/2023,07:54:40,15,1,26.7,1.0,159.3,159.1,2,1,1.00,CYCLE,S
IND,208,6411,59437,31/12/2023,07:55:42,15,0,22.4,1.1,341.7,341.5,2,1,1.00,CYCLE,N
IND,208,6411,59438,31/12/2023,08:00:12,15,1,21.8,1.0,331.9,331.8,2,1,1.00,CYCLE,S
IND,208,6411,59438,31/12/2023,08:00:45,15,1,26.8,1.0,33.0,32.9,2,1,1.00,CYCLE,S
IND,208,6411,59438,31/12/2023,08:01:35,15,1,25.4,1.1,49.4,49.3,2,1,1.00,CYCLE,S
IND,208,6411,59437,31/12/2023,08:02:42,15,0,29.7,1.0,420.6,420.5,2,1,1.00,CYCLE,N
IND,208,6411,59437,31/12/2023,08:03:50,15,0,28.1,1.1,67.2,67.1,2,1,1.00,CYCLE,N
IND,208,6411,59438,31/12/2023,08:05:12,15,1,25.5,1.0,217.5,217.4,2,1,1.00,CYCLE,S
IND,208,6411,59437,31/12/2023,08:05:24,15,0,23.7,1.1,94.8,94.7,2,1,1.00,CYCLE,N
IND,208,6411,59437,31/12/2023,08:06:06,15,0,23.9,1.1,41.8,41.6,2,1,1.00,CYCLE,N
IND,208,6411,59438,31/12/2023,08:06:31,15,1,12.7,1.0,78.7,78.5,2,1,1.00,CYCLE,S
IND,208,6411,59438,31/12/2023,08:06:32,15,1,14.0,1.0,1.2,0.9,2,1,1.00,CYCLE,S
IND,208,6411,59438,31/12/2023,08:06:47,15,1,16.5,1.0,14.2,13.9,2,1,1.00,CYCLE,S
IND,208,6411,59437,31/12/2023,08:06:55,15,0,24.5,1.0,48.5,48.3,2,1,1.00,CYCLE,N
IND,208,6411,59438,31/12/2023,08:09:27,15,1,19.2,1.1,160.7,160.4,2,1,1.00,CYCLE,S
IND,208,6411,59438,31/12/2023,08:15:46,15,1,20.8,1.0,379.1,378.9,2,1,1.00,CYCLE,S
IND,208,6411,59438,31/12/2023,08:17:14,15,1,28.2,1.0,88.2,88.0,2,1,1.00,CYCLE,S
IND,208,6411,59438,31/12/2023,08:20:43,15,1,20.0,1.0,208.2,208.1,2,1,1.00,CYCLE,S
IND,208,6411,59437,31/12/2023,08:21:31,15,0,20.5,1.0,876.4,876.2,2,1,1.00,CYCLE,N
IND,208,6411,59437,31/12/2023,08:23:15,15,0,19.2,1.0,103.7,103.5,2,1,1.00,CYCLE,N
IND,208,6411,59438,31/12/2023,08:24:32,15,1,25.8,1.0,229.5,229.3,2,1,1.00,CYCLE,S
IND,208,6411,59438,31/12/2023,08:24:35,15,1,23.9,1.0,2.6,2.5,2,1,1.00,CYCLE,S
IND,208,6411,59438,31/12/2023,08:24:41,15,1,22.3,1.0,6.2,6.1,2,1,1.00,CYCLE,S
IND,208,6411,59438,31/12/2023,08:25:26,15,1,22.9,0.9,45.0,44.9,2,1,1.00,CYCLE,S
IND,208,6411,59437,31/12/2023,08:26:22,15,0,26.4,1.0,187.1,186.9,2,1,1.00,CYCLE,N
IND,208,6411,59438,31/12/2023,08:26:50,15,1,32.2,1.0,83.8,83.7,2,1,1.00,CYCLE,S
IND,208,6411,59438,31/12/2023,08:29:01,15,1,27.4,1.0,131.0,130.9,2,1,1.00,CYCLE,S
IND,208,6411,59438,31/12/2023,08:29:07,15,1,24.8,1.0,6.0,5.8,2,1,1.00,CYCLE,S
IND,208,6411,59437,31/12/2023,08:30:35,15,0,32.5,1.0,253.0,252.9,2,1,1.00,CYCLE,N
IND,208,6411,59437,31/12/2023,08:33:01,15,0,18.9,1.0,145.8,145.7,2,1,1.00,CYCLE,N
IND,208,6411,59437,31/12/2023,08:33:12,15,0,27.4,1.0,11.0,10.8,2,1,1.00,CYCLE,N
IND,208,6411,59438,31/12/2023,08:33:37,15,1,21.7,1.1,270.6,270.5,2,1,1.00,CYCLE,S
IND,208,6411,59437,31/12/2023,08:34:02,15,0,28.5,1.0,49.8,49.7,2,1,1.00,CYCLE,N
IND,208,6411,59437,31/12/2023,08:34:02,15,0,28.5,1.0,0.0,0.0,2,1,1.00,CYCLE,N
IND,208,6411,59437,31/12/2023,08:35:55,15,0,23.6,1.0,12.1,10.3,2,1,1.00,CYCLE,N
IND,208,6411,59437,31/12/2023,08:38:08,15,0,22.2,1.0,133.3,133.2,2,1,1.00,CYCLE,N
IND,208,6411,59437,31/12/2023,08:39:42,15,0,33.4,1.0,93.8,93.6,2,1,1.00,CYCLE,N
IND,208,6411,59437,31/12/2023,08:39:43,15,0,31.1,1.0,1.1,1.0,2,1,1.00,CYCLE,N
IND,208,6411,59438,31/12/2023,08:40:11,15,1,29.9,0.9,393.4,393.3,2,1,1.00,CYCLE,S
IND,208,6411,59437,31/12/2023,08:43:58,15,0,24.8,1.0,255.0,254.9,2,1,1.00,CYCLE,N
IND,208,6411,59437,31/12/2023,08:46:25,15,0,5.4,1.1,147.2,147.1,2,1,0.80,CYCLE,N
IND,208,6411,59437,31/12/2023,08:48:25,15,0,26.9,1.0,119.6,119.2,2,1,1.00,CYCLE,N
IND,208,6411,59438,31/12/2023,08:49:55,15,1,20.7,1.0,583.7,583.6,2,1,1.00,CYCLE,S
IND,208,6411,59438,31/12/2023,08:51:45,15,1,16.7,1.0,110.0,109.8,2,1,1.00,CYCLE,S
IND,208,6411,59438,31/12/2023,08:51:52,15,1,17.9,1.1,7.3,7.0,2,1,1.00,CYCLE,S
IND,208,6411,59438,31/12/2023,08:52:34,15,1,34.0,1.0,42.2,42.0,2,1,1.00,CYCLE,S
IND,208,6411,59437,31/12/2023,08:54:38,15,0,31.9,1.0,373.3,373.2,2,1,1.00,CYCLE,N
IND,208,6411,59438,31/12/2023,08:55:28,15,1,30.9,0.9,173.8,173.7,2,1,1.00,CYCLE,S
IND,208,6411,59437,31/12/2023,08:57:26,15,0,35.4,1.0,168.5,168.4,2,1,1.00,CYCLE,N
IND,208,6411,59437,31/12/2023,08:57:36,15,0,35.5,1.0,9.6,9.5,2,1,1.00,CYCLE,N
IND,208,6411,59438,31/12/2023,08:57:42,15,1,17.4,1.0,133.8,133.7,2,1,1.00,CYCLE,S
IND,208,6411,59438,31/12/2023,08:57:43,15,1,16.2,1.0,1.8,1.6,2,1,1.00,CYCLE,S
IND,208,6411,59438,31/12/2023,09:00:13,15,1,23.5,1.0,150.0,149.8,2,1,1.00,CYCLE,S
IND,208,6411,59438,31/12/2023,09:01:28,15,1,24.2,1.0,74.3,74.1,2,1,1.00,CYCLE,S
IND,208,6411,59437,31/12/2023,09:04:16,15,0,23.1,1.1,310.4,310.3,2,1,1.00,CYCLE,N
IND,208,6411,59437,31/12/2023,09:04:28,15,0,22.9,1.0,11.7,11.6,2,1,1.00,CYCLE,N
IND,208,6411,59437,31/12/2023,09:04:42,15,0,32.3,1.0,14.7,14.5,2,1,1.00,CYCLE,N
IND,208,6411,59438,31/12/2023,09:05:11,15,1,21.2,1.0,209.6,209.4,2,1,1.00,CYCLE,S
IND,208,6411,59438,31/12/2023,09:06:16,15,1,25.0,1.0,65.8,65.7,2,1,1.00,CYCLE,S
IND,208,6411,59438,31/12/2023,09:08:26,15,1,25.8,1.0,129.2,129.0,2,1,1.00,CYCLE,S
IND,208,6411,59438,31/12/2023,09:08:42,15,1,17.3,1.0,16.3,16.2,2,1,1.00,CYCLE,S
IND,208,6411,59438,31/12/2023,09:11:40,15,1,23.0,1.1,178.0,177.8,2,1,1.00,CYCLE,S
IND,208,6411,59438,31/12/2023,09:11:57,15,1,16.4,1.0,17.2,17.1,2,1,1.00,CYCLE,S
IND,208,6411,59438,31/12/2023,09:12:06,15,1,26.4,1.1,8.7,8.5,2,1,1.00,CYCLE,S
IND,208,6411,59437,31/12/2023,09:13:37,15,0,32.2,1.1,534.8,534.7,2,1,1.00,CYCLE,N
IND,208,6411,59437,31/12/2023,09:13:59,15,0,24.1,1.0,22.0,21.8,2,1,1.00,CYCLE,N
IND,208,6411,59438,31/12/2023,09:18:27,15,1,22.7,1.1,381.4,381.2,2,1,1.00,CYCLE,S
IND,208,6411,59438,31/12/2023,09:18:28,15,1,22.4,1.1,1.0,0.8,2,1,1.00,CYCLE,S
IND,208,6411,59438,31/12/2023,09:18:34,15,1,32.3,1.1,6.0,5.8,2,1,1.00,CYCLE,S
IND,208,6411,59438,31/12/2023,09:18:50,15,1,18.6,1.0,16.0,15.9,2,1,1.00,CYCLE,S
IND,208,6411,59437,31/12/2023,09:20:22,15,0,18.4,1.1,383.0,382.8,2,1,1.00,CYCLE,N
IND,208,6411,59437,31/12/2023,09:20:41,15,0,31.0,1.1,18.7,18.5,2,1,1.00,CYCLE,N
IND,208,6411,59437,31/12/2023,09:21:05,15,0,26.0,1.2,23.9,23.8,2,1,1.00,CYCLE,N
IND,208,6411,59437,31/12/2023,09:21:33,15,0,27.1,1.0,27.8,27.6,2,1,1.00,CYCLE,N
IND,208,6411,59437,31/12/2023,09:26:05,15,0,25.6,1.0,272.3,272.2,2,1,1.00,CYCLE,N
IND,208,6411,59437,31/12/2023,09:27:27,15,0,28.2,1.1,82.2,82.0,2,1,1.00,CYCLE,N
IND,208,6411,59438,31/12/2023,09:28:15,15,1,28.6,1.0,565.1,564.9,2,1,1.00,CYCLE,S
IND,208,6411,59438,31/12/2023,09:30:31,15,1,10.0,1.0,136.0,135.9,2,1,1.00,CYCLE,S
IND,208,6411,59438,31/12/2023,09:30:36,15,1,17.8,1.0,4.4,4.0,2,1,1.00,CYCLE,S
IND,208,6411,59437,31/12/2023,09:31:14,15,0,25.0,1.0,153.3,152.8,2,1,1.00,CYCLE,N
IND,208,6411,59438,31/12/2023,09:31:18,15,1,18.9,1.0,42.6,42.4,2,1,1.00,CYCLE,S
IND,208,6411,59437,31/12/2023,09:33:49,15,0,30.5,1.1,154.7,154.5,2,1,1.00,CYCLE,N
IND,208,6411,59438,31/12/2023,09:34:28,15,1,21.4,1.0,190.2,190.0,2,1,1.00,CYCLE,S
IND,208,6411,59437,31/12/2023,09:34:29,15,0,23.4,1.1,40.8,40.7,2,1,1.00,CYCLE,N
IND,208,6411,59438,31/12/2023,09:35:43,15,1,25.6,1.0,74.6,74.4,2,1,1.00,CYCLE,S
IND,208,6411,59438,31/12/2023,09:35:43,15,1,25.8,1.0,0.3,0.2,2,1,1.00,CYCLE,S
IND,208,6411,59437,31/12/2023,09:35:48,15,0,19.4,1.1,78.5,78.3,2,1,1.00,CYCLE,N
IND,208,6411,59437,31/12/2023,09:35:57,15,0,24.0,1.0,9.3,9.1,2,1,1.00,CYCLE,N
IND,208,6411,59438,31/12/2023,09:35:58,15,1,21.7,1.1,14.9,14.8,2,1,1.00,CYCLE,S
IND,208,6411,59438,31/12/2023,09:36:38,15,1,26.0,1.0,39.7,39.6,2,1,1.00,CYCLE,S
IND,208,6411,59438,31/12/2023,09:36:39,15,1,26.2,1.0,1.4,1.3,2,1,1.00,CYCLE,S
IND,208,6411,59438,31/12/2023,09:37:46,15,1,21.3,1.0,66.8,66.6,2,1,1.00,CYCLE,S
IND,208,6411,59438,31/12/2023,09:39:05,15,1,27.8,1.0,78.8,78.6,2,1,1.00,CYCLE,S
IND,208,6411,59438,31/12/2023,09:39:05,15,1,27.5,0.9,0.3,0.1,2,1,1.00,CYCLE,S
IND,208,6411,59438,31/12/2023,09:39:10,15,1,23.4,1.0,4.7,4.6,2,1,1.00,CYCLE,S
IND,208,6411,59437,31/12/2023,09:39:19,15,0,24.8,1.0,182.2,180.8,2,1,1.00,CYCLE,N
IND,208,6411,59437,31/12/2023,09:41:52,15,0,25.7,1.2,152.4,152.2,2,1,1.00,CYCLE,N
IND,208,6411,59438,31/12/2023,09:42:31,15,1,23.8,1.0,201.1,200.9,2,1,1.00,CYCLE,S
IND,208,6411,59437,31/12/2023,09:42:35,15,0,21.2,1.1,43.1,43.0,2,1,1.00,CYCLE,N
IND,208,6411,59437,31/12/2023,09:42:36,15,0,23.5,1.1,0.8,0.6,2,1,1.00,CYCLE,N
IND,208,6411,59437,31/12/2023,09:45:31,15,0,32.6,1.0,174.9,174.7,2,1,1.00,CYCLE,N
IND,208,6411,59438,31/12/2023,09:46:15,15,1,10.1,1.0,223.5,223.4,2,1,1.00,CYCLE,S
IND,208,6411,59437,31/12/2023,09:49:08,15,0,18.3,1.1,217.7,217.5,2,1,1.00,CYCLE,N
IND,208,6411,59438,31/12/2023,09:49:43,15,1,24.5,1.1,208.6,208.3,2,1,1.00,CYCLE,S
IND,208,6411,59438,31/12/2023,09:49:46,15,1,23.7,1.0,3.0,2.8,2,1,1.00,CYCLE,S
IND,208,6411,59438,31/12/2023,09:50:21,15,1,22.6,1.1,35.1,35.0,2,1,1.00,CYCLE,S
IND,208,6411,59438,31/12/2023,09:52:11,15,1,19.9,1.0,109.7,109.6,2,1,1.00,CYCLE,S
IND,208,6411,59438,31/12/2023,09:53:28,15,1,24.2,1.0,76.9,76.7,2,1,1.00,CYCLE,S
IND,208,6411,59438,31/12/2023,09:53:40,15,1,25.8,1.0,11.8,11.7,2,1,1.00,CYCLE,S
IND,208,6411,59437,31/12/2023,09:54:29,15,0,23.1,1.1,320.3,320.1,2,1,1.00,CYCLE,N
IND,208,6411,59437,31/12/2023,09:54:47,15,0,21.1,1.0,1.5,1.3,2,1,1.00,CYCLE,N
IND,208,6411,59438,31/12/2023,09:55:25,15,1,29.0,1.1,105.2,105.1,2,1,1.00,CYCLE,S
IND,208,6411,59437,31/12/2023,09:56:10,15,0,32.8,1.1,39.5,39.3,2,1,1.00,CYCLE,N
IND,208,6411,59438,31/12/2023,09:56:57,15,1,17.7,1.1,91.6,91.5,2,1,1.00,CYCLE,S
IND,208,6411,59438,31/12/2023,09:58:19,15,1,28.0,1.0,81.3,81.0,2,1,1.00,CYCLE,S
IND,208,6411,59437,31/12/2023,10:01:15,15,0,26.1,1.1,89.4,87.7,2,1,1.00,CYCLE,N
IND,208,6411,59438,31/12/2023,10:03:00,15,1,27.4,1.0,280.7,280.6,2,1,1.00,CYCLE,S
IND,208,6411,59437,31/12/2023,10:03:10,15,0,33.3,1.0,115.2,115.1,2,1,1.00,CYCLE,N
IND,208,6411,59438,31/12/2023,10:04:24,15,1,20.0,1.0,84.2,84.1,2,1,1.00,CYCLE,S
IND,208,6411,59438,31/12/2023,10:05:01,15,1,25.4,1.0,37.0,36.8,2,1,1.00,CYCLE,S
IND,208,6411,59438,31/12/2023,10:05:23,15,1,19.8,1.0,21.5,21.4,2,1,1.00,CYCLE,S
IND,208,6411,59437,31/12/2023,10:07:12,15,0,24.4,1.1,241.7,241.5,2,1,1.00,CYCLE,N
IND,208,6411,59438,31/12/2023,10:07:36,15,1,18.2,1.0,133.0,132.8,2,1,1.00,CYCLE,S
IND,208,6411,59438,31/12/2023,10:07:59,15,1,29.4,1.0,23.2,23.0,2,1,1.00,CYCLE,S
IND,208,6411,59438,31/12/2023,10:09:47,15,1,14.7,1.1,108.2,108.0,2,1,1.00,CYCLE,S
IND,208,6411,59437,31/12/2023,10:11:44,15,0,25.6,1.0,272.2,272.1,2,1,1.00,CYCLE,N
IND,208,6411,59437,31/12/2023,10:12:45,15,0,27.3,1.2,60.6,60.4,2,1,1.00,CYCLE,N
IND,208,6411,59438,31/12/2023,10:12:58,15,1,22.3,1.0,191.3,191.0,2,1,1.00,CYCLE,S
IND,208,6411,59437,31/12/2023,10:13:26,15,0,17.6,1.1,41.1,40.9,2,1,1.00,CYCLE,N
IND,208,6411,59438,31/12/2023,10:15:33,15,1,25.0,1.0,154.9,154.7,2,1,1.00,CYCLE,S
IND,208,6411,59437,31/12/2023,10:16:05,15,0,30.2,1.1,159.4,159.2,2,1,1.00,CYCLE,N
IND,208,6411,59438,31/12/2023,10:17:29,15,1,18.7,1.0,115.2,115.1,2,1,1.00,CYCLE,S
IND,208,6411,59438,31/12/2023,10:17:32,15,1,18.9,1.0,3.8,3.6,2,1,1.00,CYCLE,S
IND,208,6411,59438,31/12/2023,10:17:43,15,1,18.5,1.0,11.0,10.8,2,1,1.00,CYCLE,S
IND,208,6411,59438,31/12/2023,10:17:44,15,1,19.0,1.1,0.6,0.4,2,1,1.00,CYCLE,S
IND,208,6411,59438,31/12/2023,10:20:22,15,1,21.8,1.1,157.9,157.7,2,1,1.00,CYCLE,S
IND,208,6411,59437,31/12/2023,10:20:39,15,0,26.8,1.0,273.2,273.1,2,1,1.00,CYCLE,N
IND,208,6411,59438,31/12/2023,10:26:32,15,1,23.8,1.0,369.9,369.8,2,1,1.00,CYCLE,S
IND,208,6411,59437,31/12/2023,10:29:04,15,0,24.2,1.1,505.5,505.3,2,1,1.00,CYCLE,N
IND,208,6411,59437,31/12/2023,10:31:00,15,0,35.4,1.0,116.1,115.9,2,1,1.00,CYCLE,N
IND,208,6411,59437,31/12/2023,10:31:06,15,0,29.8,1.0,5.9,5.8,2,1,1.00,CYCLE,N
IND,208,6411,59438,31/12/2023,10:31:34,15,1,20.1,1.1,302.5,302.3,2,1,1.00,CYCLE,S
IND,208,6411,59438,31/12/2023,10:31:41,15,1,25.8,1.1,6.6,6.4,2,1,1.00,CYCLE,S
IND,208,6411,59437,31/12/2023,10:31:49,15,0,35.8,1.0,43.2,43.1,2,1,1.00,CYCLE,N
IND,208,6411,59438,31/12/2023,10:33:43,15,1,18.9,1.0,122.6,122.4,2,1,1.00,CYCLE,S
IND,208,6411,59438,31/12/2023,10:36:07,15,1,20.7,1.0,143.5,143.3,2,1,1.00,CYCLE,S
IND,208,6411,59438,31/12/2023,10:37:00,15,1,14.9,1.0,52.8,52.6,2,1,1.00,CYCLE,S
IND,208,6411,59438,31/12/2023,10:37:02,15,1,16.4,1.0,2.6,2.3,2,1,1.00,CYCLE,S
IND,208,6411,59438,31/12/2023,10:40:18,15,1,20.8,1.0,195.5,195.3,2,1,1.00,CYCLE,S
IND,208,6411,59437,31/12/2023,10:40:29,15,0,25.2,1.1,276.6,276.4,2,1,1.00,CYCLE,N
IND,208,6411,59438,31/12/2023,10:43:23,15,1,21.3,1.0,185.2,185.1,2,1,1.00,CYCLE,S
IND,208,6411,59438,31/12/2023,10:43:23,15,1,22.0,1.0,0.3,0.1,2,1,1.00,CYCLE,S
IND,208,6411,59437,31/12/2023,10:43:29,15,0,29.0,1.2,180.1,179.9,2,1,1.00,CYCLE,N
IND,208,6411,59438,31/12/2023,10:45:23,15,1,22.0,1.0,119.6,119.4,2,1,1.00,CYCLE,S
IND,208,6411,59437,31/12/2023,10:46:24,15,0,27.6,1.0,175.5,175.4,2,1,1.00,CYCLE,N
IND,208,6411,59438,31/12/2023,10:47:24,15,1,23.4,1.1,120.7,120.5,2,1,1.00,CYCLE,S
IND,208,6411,59438,31/12/2023,10:47:27,15,1,24.7,1.0,3.8,3.6,2,1,1.00,CYCLE,S
IND,208,6411,59438,31/12/2023,10:47:28,15,1,24.4,1.0,0.9,0.8,2,1,1.00,CYCLE,S
IND,208,6411,59438,31/12/2023,10:47:30,15,1,24.0,1.0,2.1,2.0,2,1,1.00,CYCLE,S
IND,208,6411,59438,31/12/2023,10:47:31,15,1,24.6,1.0,0.9,0.7,2,1,1.00,CYCLE,S
IND,208,6411,59438,31/12/2023,10:47:33,15,1,24.7,1.0,1.6,1.4,2,1,1.00,CYCLE,S
IND,208,6411,59437,31/12/2023,10:48:54,15,0,29.6,1.0,150.2,150.1,2,1,1.00,CYCLE,N
IND,208,6411,59437,31/12/2023,10:48:59,15,0,31.8,1.1,4.8,4.7,2,1,1.00,CYCLE,N
IND,208,6411,59437,31/12/2023,10:50:45,15,0,23.8,1.0,105.4,105.5,2,1,0.89,CYCLE,N
IND,208,6411,59437,31/12/2023,10:50:45,15,0,23.8,1.0,0.0,0.0,2,1,0.89,CYCLE,N
IND,208,6411,59437,31/12/2023,10:51:21,15,0,33.8,1.0,13.7,13.2,2,1,1.00,CYCLE,N
IND,208,6411,59438,31/12/2023,10:53:14,15,1,22.7,1.0,341.2,341.0,2,1,1.00,CYCLE,S
IND,208,6411,59438,31/12/2023,10:53:52,15,1,29.3,1.0,38.0,37.9,2,1,1.00,CYCLE,S
IND,208,6411,59437,31/12/2023,10:54:12,15,0,26.0,1.1,170.9,170.8,2,1,1.00,CYCLE,N
IND,208,6411,59438,31/12/2023,10:54:20,15,1,18.8,1.0,28.5,28.4,2,1,1.00,CYCLE,S
IND,208,6411,59437,31/12/2023,10:54:27,15,0,23.5,1.0,15.5,15.3,2,1,1.00,CYCLE,N
IND,208,6411,59437,31/12/2023,10:55:20,15,0,17.3,1.0,52.5,52.4,2,1,1.00,CYCLE,N
IND,208,6411,59437,31/12/2023,10:55:20,15,0,17.3,1.0,0.0,0.0,2,1,1.00,CYCLE,N
IND,208,6411,59437,31/12/2023,10:56:04,15,0,36.1,1.0,43.7,43.6,2,1,0.80,CYCLE,N
IND,208,6411,59437,31/12/2023,10:56:12,15,0,22.9,1.0,8.5,8.3,2,1,1.00,CYCLE,N
IND,208,6411,59438,31/12/2023,10:56:14,15,1,20.3,1.0,113.9,113.7,2,1,1.00,CYCLE,S
IND,208,6411,59437,31/12/2023,10:56:22,15,0,21.3,1.1,10.2,10.0,2,1,1.00,CYCLE,N
IND,208,6411,59437,31/12/2023,10:56:23,15,0,22.0,1.0,1.0,0.8,2,1,1.00,CYCLE,N
IND,208,6411,59437,31/12/2023,10:56:48,15,0,27.8,1.1,24.2,24.1,2,1,1.00,CYCLE,N
IND,208,6411,59438,31/12/2023,10:58:12,15,1,16.7,1.1,117.8,117.6,2,1,1.00,CYCLE,S
IND,208,6411,59438,31/12/2023,10:59:38,15,1,21.5,1.1,85.7,85.5,2,1,1.00,CYCLE,S
IND,208,6411,59437,31/12/2023,11:00:29,15,0,20.7,1.1,221.3,221.2,2,1,1.00,CYCLE,N
IND,208,6411,59438,31/12/2023,11:03:25,15,1,20.5,1.0,226.6,226.5,2,1,1.00,CYCLE,S
IND,208,6411,59437,31/12/2023,11:05:10,15,0,28.2,1.0,281.5,281.3,2,1,1.00,CYCLE,N
IND,208,6411,59438,31/12/2023,11:05:18,15,1,10.5,1.1,108.8,108.8,2,1,1.00,CYCLE,S
IND,208,6411,59438,31/12/2023,11:05:20,15,1,18.0,0.9,2.6,2.2,2,1,1.00,CYCLE,S
IND,208,6411,59437,31/12/2023,11:05:42,15,0,27.9,1.1,31.8,31.6,2,1,1.00,CYCLE,N
IND,208,6411,59438,31/12/2023,11:06:18,15,1,20.7,0.9,57.9,57.7,2,1,1.00,CYCLE,S
IND,208,6411,59437,31/12/2023,11:06:41,15,0,29.5,1.0,58.3,58.2,2,1,1.00,CYCLE,N
IND,208,6411,59437,31/12/2023,11:08:09,15,0,34.0,1.1,78.3,77.7,2,1,1.00,CYCLE,N
IND,208,6411,59437,31/12/2023,11:08:27,15,0,31.1,1.1,18.4,18.3,2,1,1.00,CYCLE,N
IND,208,6411,59437,31/12/2023,11:08:36,15,0,25.9,1.1,8.8,8.7,2,1,1.00,CYCLE,N
IND,208,6411,59437,31/12/2023,11:10:15,15,0,22.9,1.1,98.7,98.5,2,1,1.00,CYCLE,N
IND,208,6411,59437,31/12/2023,11:10:38,15,0,30.8,1.1,23.5,23.3,2,1,1.00,CYCLE,N
IND,208,6411,59438,31/12/2023,11:10:52,15,1,25.2,1.0,273.5,273.3,2,1,1.00,CYCLE,S
IND,208,6411,59438,31/12/2023,11:10:52,15,1,25.6,1.1,0.4,0.2,2,1,1.00,CYCLE,S
IND,208,6411,59438,31/12/2023,11:13:50,15,1,15.7,1.0,82.6,82.4,2,1,1.00,CYCLE,S
IND,208,6411,59437,31/12/2023,11:15:18,15,0,23.4,1.1,279.7,279.6,2,1,1.00,CYCLE,N
IND,208,6411,59437,31/12/2023,11:18:14,15,0,15.3,1.1,175.5,175.3,2,1,1.00,CYCLE,N
IND,208,6411,59437,31/12/2023,11:18:14,15,0,14.3,1.0,0.4,0.4,2,1,0.80,CYCLE,N
IND,208,6411,59438,31/12/2023,11:20:10,15,1,19.2,1.1,380.1,379.9,2,1,1.00,CYCLE,S
IND,208,6411,59438,31/12/2023,11:20:11,15,1,19.0,1.1,0.9,0.7,2,1,1.00,CYCLE,S
IND,208,6411,59437,31/12/2023,11:21:17,15,0,28.6,1.2,135.9,135.7,2,1,1.00,CYCLE,N
IND,208,6411,59437,31/12/2023,11:22:50,15,0,22.7,1.0,93.6,93.5,2,1,1.00,CYCLE,N
IND,208,6411,59438,31/12/2023,11:22:53,15,1,23.1,1.0,162.9,162.6,2,1,1.00,CYCLE,S
IND,208,6411,59437,31/12/2023,11:23:31,15,0,31.3,1.1,40.4,40.3,2,1,1.00,CYCLE,N
IND,208,6411,59437,31/12/2023,11:23:39,15,0,26.7,1.1,7.9,7.8,2,1,1.00,CYCLE,N
IND,208,6411,59437,31/12/2023,11:24:18,15,0,16.8,1.1,39.0,38.9,2,1,1.00,CYCLE,N
IND,208,6411,59438,31/12/2023,11:24:25,15,1,23.3,1.0,91.4,91.2,2,1,1.00,CYCLE,S
IND,208,6411,59438,31/12/2023,11:24:36,15,1,13.9,1.0,11.2,11.1,2,1,1.00,CYCLE,S
IND,208,6411,59438,31/12/2023,11:24:37,15,1,14.3,1.0,0.5,0.2,2,1,1.00,CYCLE,S
IND,208,6411,59437,31/12/2023,11:25:56,15,0,33.2,1.2,98.5,98.3,2,1,1.00,CYCLE,N
IND,208,6411,59438,31/12/2023,11:26:10,15,1,21.3,1.0,93.8,93.6,2,1,1.00,CYCLE,S
IND,208,6411,59438,31/12/2023,11:26:20,15,1,19.2,1.0,10.0,9.8,2,1,1.00,CYCLE,S
IND,208,6411,59437,31/12/2023,11:26:30,15,0,23.2,1.0,33.9,33.8,2,1,1.00,CYCLE,N
IND,208,6411,59438,31/12/2023,11:28:23,15,1,18.6,1.0,122.6,122.4,2,1,1.00,CYCLE,S
IND,208,6411,59438,31/12/2023,11:31:28,15,1,18.6,1.0,185.1,184.9,2,1,1.00,CYCLE,S
IND,208,6411,59438,31/12/2023,11:31:29,15,1,18.5,1.0,0.5,0.3,2,1,1.00,CYCLE,S
IND,208,6411,59438,31/12/2023,11:32:29,15,1,27.1,1.0,60.0,59.8,2,1,1.00,CYCLE,S
IND,208,6411,59437,31/12/2023,11:33:19,15,0,26.0,1.1,408.5,408.3,2,1,1.00,CYCLE,N
IND,208,6411,59437,31/12/2023,11:35:27,15,0,19.1,1.2,112.9,112.7,2,1,1.00,CYCLE,N
IND,208,6411,59437,31/12/2023,11:37:03,15,0,27.7,1.0,95.9,95.7,2,1,1.00,CYCLE,N
IND,208,6411,59437,31/12/2023,11:37:31,15,0,21.9,1.1,27.3,27.2,2,1,1.00,CYCLE,N
IND,208,6411,59437,31/12/2023,11:38:21,15,0,31.3,1.1,19.8,19.4,2,1,1.00,CYCLE,N
IND,208,6411,59437,31/12/2023,11:38:53,15,0,31.6,1.0,31.6,31.5,2,1,1.00,CYCLE,N
IND,208,6411,59437,31/12/2023,11:40:44,15,0,32.7,1.2,111.0,110.9,2,1,1.00,CYCLE,N
IND,208,6411,59438,31/12/2023,11:41:04,15,1,15.6,1.1,515.2,515.0,2,1,1.00,CYCLE,S
IND,208,6411,59437,31/12/2023,11:42:20,15,0,25.8,1.0,96.7,96.5,2,1,1.00,CYCLE,N
IND,208,6411,59438,31/12/2023,11:46:50,15,1,24.7,1.0,345.9,345.7,2,1,1.00,CYCLE,S
IND,208,6411,59438,31/12/2023,11:47:05,15,1,21.5,1.0,15.0,14.9,2,1,1.00,CYCLE,S
IND,208,6411,59438,31/12/2023,11:48:12,15,1,23.4,1.0,67.1,66.9,2,1,1.00,CYCLE,S
IND,208,6411,59438,31/12/2023,11:48:45,15,1,22.5,1.0,33.1,32.9,2,1,1.00,CYCLE,S
IND,208,6411,59437,31/12/2023,11:49:26,15,0,34.9,1.0,248.6,248.2,2,1,1.00,CYCLE,N
IND,208,6411,59438,31/12/2023,11:50:11,15,1,22.8,1.0,85.7,85.5,2,1,1.00,CYCLE,S
IND,208,6411,59437,31/12/2023,11:54:43,15,0,31.0,1.0,165.0,164.9,2,1,1.00,CYCLE,N
IND,208,6411,59437,31/12/2023,11:54:43,15,0,31.0,1.0,0.0,0.0,2,1,1.00,CYCLE,N
IND,208,6411,59438,31/12/2023,11:54:49,15,1,19.9,1.0,278.3,278.1,2,1,1.00,CYCLE,S
IND,208,6411,59438,31/12/2023,11:57:01,15,1,26.2,0.9,132.2,132.0,2,1,1.00,CYCLE,S
IND,208,6411,59438,31/12/2023,11:57:28,15,1,24.0,1.0,27.5,27.3,2,1,1.00,CYCLE,S
IND,208,6411,59437,31/12/2023,11:58:13,15,0,23.7,1.0,210.1,209.9,2,1,1.00,CYCLE,N
IND,208,6411,59437,31/12/2023,11:58:39,15,0,27.0,1.1,26.4,26.2,2,1,1.00,CYCLE,N
IND,208,6411,59437,31/12/2023,11:59:09,15,0,33.1,1.0,30.1,29.9,2,1,1.00,CYCLE,N
IND,208,6411,59437,31/12/2023,11:59:18,15,0,29.8,1.1,8.9,8.8,2,1,1.00,CYCLE,N
IND,208,6411,59437,31/12/2023,12:00:58,15,0,32.9,1.0,99.4,98.4,2,1,1.00,CYCLE,N
IND,208,6411,59437,31/12/2023,12:05:22,15,0,20.3,1.1,264.2,264.1,2,1,1.00,CYCLE,N
IND,208,6411,59437,31/12/2023,12:06:09,15,0,31.5,1.1,47.2,47.0,2,1,1.00,CYCLE,N
IND,208,6411,59438,31/12/2023,12:12:08,15,1,25.1,1.1,879.2,879.0,2,1,1.00,CYCLE,S
IND,208,6411,59438,31/12/2023,12:14:02,15,1,20.8,1.0,114.7,114.6,2,1,1.00,CYCLE,S
IND,208,6411,59437,31/12/2023,12:14:51,15,0,31.2,1.0,52.2,50.2,2,1,1.00,CYCLE,N
IND,208,6411,59438,31/12/2023,12:18:38,15,1,23.1,1.0,275.3,275.1,2,1,1.00,CYCLE,S
IND,208,6411,59437,31/12/2023,12:20:52,15,0,24.9,1.2,360.8,360.7,2,1,1.00,CYCLE,N
IND,208,6411,59438,31/12/2023,12:22:38,15,1,20.1,1.0,240.0,239.9,2,1,1.00,CYCLE,S
IND,208,6411,59438,31/12/2023,12:24:08,15,1,21.9,1.0,90.6,90.4,2,1,1.00,CYCLE,S
IND,208,6411,59437,31/12/2023,12:24:45,15,0,21.4,1.0,233.6,233.4,2,1,1.00,CYCLE,N
IND,208,6411,59438,31/12/2023,12:25:18,15,1,25.1,1.1,69.4,69.2,2,1,1.00,CYCLE,S
IND,208,6411,59437,31/12/2023,12:26:13,15,0,27.6,1.1,88.0,87.8,2,1,1.00,CYCLE,N
IND,208,6411,59437,31/12/2023,12:28:49,15,0,22.7,1.0,155.6,155.4,2,1,1.00,CYCLE,N
IND,208,6411,59438,31/12/2023,12:29:10,15,1,25.8,1.0,232.3,232.1,2,1,1.00,CYCLE,S
IND,208,6411,59438,31/12/2023,12:29:21,15,1,20.0,1.1,11.4,11.3,2,1,1.00,CYCLE,S
IND,208,6411,59438,31/12/2023,12:29:22,15,1,18.7,1.0,0.8,0.6,2,1,1.00,CYCLE,S
IND,208,6411,59437,31/12/2023,12:35:37,15,0,28.2,1.0,408.4,408.2,2,1,1.00,CYCLE,N
IND,208,6411,59437,31/12/2023,12:35:38,15,0,28.8,1.1,0.9,0.7,2,1,1.00,CYCLE,N
IND,208,6411,59437,31/12/2023,12:39:22,15,0,20.1,1.1,223.6,223.5,2,1,1.00,CYCLE,N
IND,208,6411,59437,31/12/2023,12:39:23,15,0,20.0,1.1,1.0,0.8,2,1,1.00,CYCLE,N
IND,208,6411,59438,31/12/2023,12:39:53,15,1,29.3,1.0,609.5,609.3,2,1,1.00,CYCLE,S
IND,208,6411,59437,31/12/2023,12:40:43,15,0,26.4,1.1,80.0,79.8,2,1,1.00,CYCLE,N
IND,208,6411,59438,31/12/2023,12:43:08,15,1,31.0,1.0,194.4,194.3,2,1,1.00,CYCLE,S
IND,208,6411,59438,31/12/2023,12:43:17,15,1,27.3,1.0,9.5,9.4,2,1,1.00,CYCLE,S
IND,208,6411,59437,31/12/2023,12:46:14,15,0,19.2,1.1,10.7,10.4,2,1,1.00,CYCLE,N
IND,208,6411,59438,31/12/2023,12:46:36,15,1,19.7,1.1,199.1,199.0,2,1,1.00,CYCLE,S
IND,208,6411,59438,31/12/2023,12:46:37,15,1,20.5,1.1,0.6,0.4,2,1,1.00,CYCLE,S
IND,208,6411,59437,31/12/2023,12:48:09,15,0,24.9,1.1,115.5,115.3,2,1,1.00,CYCLE,N
IND,208,6411,59437,31/12/2023,12:48:11,15,0,24.2,1.0,1.7,1.5,2,1,1.00,CYCLE,N
IND,208,6411,59437,31/12/2023,12:51:42,15,0,35.8,1.1,211.3,211.2,2,1,1.00,CYCLE,N
IND,208,6411,59438,31/12/2023,12:51:57,15,1,29.1,1.0,320.5,320.3,2,1,1.00,CYCLE,S
IND,208,6411,59438,31/12/2023,12:52:16,15,1,21.1,1.0,18.3,18.2,2,1,1.00,CYCLE,S
IND,208,6411,59437,31/12/2023,12:52:16,15,0,35.9,1.0,34.2,34.1,2,1,1.00,CYCLE,N
IND,208,6411,59438,31/12/2023,12:52:45,15,1,27.9,1.0,29.6,29.4,2,1,1.00,CYCLE,S
IND,208,6411,59437,31/12/2023,12:54:24,15,0,29.6,1.1,127.7,127.6,2,1,1.00,CYCLE,N
IND,208,6411,59438,31/12/2023,12:57:40,15,1,21.1,1.0,294.8,294.7,2,1,1.00,CYCLE,S
IND,208,6411,59438,31/12/2023,12:57:46,15,1,18.0,1.1,6.6,6.4,2,1,1.00,CYCLE,S
IND,208,6411,59437,31/12/2023,12:59:56,15,0,40.4,1.0,332.1,332.0,2,1,1.00,CYCLE,N
IND,208,6411,59437,31/12/2023,13:00:32,15,0,25.9,1.1,35.6,35.6,2,1,1.00,CYCLE,N
IND,208,6411,59438,31/12/2023,13:00:47,15,1,23.0,1.1,180.3,180.0,2,1,1.00,CYCLE,S
IND,208,6411,59438,31/12/2023,13:00:58,15,1,17.9,1.1,10.7,10.6,2,1,1.00,CYCLE,S
IND,208,6411,59438,31/12/2023,13:04:31,15,1,20.6,1.2,213.9,213.7,2,1,1.00,CYCLE,S
IND,208,6411,59437,31/12/2023,13:06:41,15,0,27.0,1.0,67.0,66.9,2,1,1.00,CYCLE,N
IND,208,6411,59438,31/12/2023,13:06:56,15,1,18.9,1.1,144.1,143.9,2,1,1.00,CYCLE,S
IND,208,6411,59437,31/12/2023,13:07:02,15,0,26.4,1.0,21.3,21.2,2,1,1.00,CYCLE,N
IND,208,6411,59437,31/12/2023,13:07:03,15,0,28.2,1.1,1.0,0.9,2,1,1.00,CYCLE,N
IND,208,6411,59438,31/12/2023,13:09:32,15,1,19.0,1.1,156.2,156.0,2,1,1.00,CYCLE,S
IND,208,6411,59437,31/12/2023,13:12:31,15,0,20.9,1.1,327.3,327.2,2,1,1.00,CYCLE,N
IND,208,6411,59438,31/12/2023,13:13:09,15,1,25.4,1.0,127.0,126.8,2,1,1.00,CYCLE,S
IND,208,6411,59437,31/12/2023,13:13:40,15,0,24.6,1.0,69.6,69.4,2,1,1.00,CYCLE,N
IND,208,6411,59437,31/12/2023,13:14:11,15,0,26.6,1.1,30.7,30.5,2,1,1.00,CYCLE,N
IND,208,6411,59438,31/12/2023,13:15:08,15,1,24.9,1.1,118.4,118.2,2,1,1.00,CYCLE,S
IND,208,6411,59437,31/12/2023,13:19:21,15,0,30.1,1.1,10.6,10.3,2,1,1.00,CYCLE,N
IND,208,6411,59437,31/12/2023,13:19:24,15,0,27.8,1.1,3.5,3.3,2,1,1.00,CYCLE,N
IND,208,6411,59437,31/12/2023,13:20:14,15,0,34.6,1.0,50.1,50.0,2,1,1.00,CYCLE,N
IND,208,6411,59438,31/12/2023,13:20:44,15,1,10.3,1.1,59.8,59.6,2,1,1.00,CYCLE,S
IND,208,6411,59437,31/12/2023,13:21:09,15,0,22.9,1.1,54.9,54.8,2,1,1.00,CYCLE,N
IND,208,6411,59437,31/12/2023,13:21:10,15,0,22.5,1.0,1.3,1.1,2,1,1.00,CYCLE,N
IND,208,6411,59437,31/12/2023,13:21:42,15,0,26.1,1.1,31.9,31.7,2,1,1.00,CYCLE,N
IND,208,6411,59437,31/12/2023,13:23:11,15,0,36.0,1.1,88.7,88.6,2,1,1.00,CYCLE,N
IND,208,6411,59438,31/12/2023,13:23:53,15,1,32.7,1.0,188.4,188.0,2,1,1.00,CYCLE,S
IND,208,6411,59438,31/12/2023,13:31:28,15,1,15.9,1.0,454.9,454.8,2,1,1.00,CYCLE,S
IND,208,6411,59438,31/12/2023,13:31:31,15,1,20.7,1.1,3.2,3.0,2,1,1.00,CYCLE,S
IND,208,6411,59438,31/12/2023,13:32:35,15,1,25.6,1.0,64.7,64.5,2,1,1.00,CYCLE,S
IND,208,6411,59437,31/12/2023,13:33:18,15,0,20.7,1.0,606.9,606.8,2,1,1.00,CYCLE,N
IND,208,6411,59437,31/12/2023,13:35:01,15,0,27.3,1.1,102.7,102.6,2,1,1.00,CYCLE,N
IND,208,6411,59438,31/12/2023,13:36:08,15,1,16.3,1.0,213.0,212.8,2,1,1.00,CYCLE,S
IND,208,6411,59438,31/12/2023,13:36:08,15,1,16.3,1.0,0.0,0.0,2,1,1.00,CYCLE,S
IND,208,6411,59437,31/12/2023,13:38:10,15,0,22.0,1.1,189.5,189.4,2,1,1.00,CYCLE,N
IND,208,6411,59437,31/12/2023,13:38:12,15,0,21.7,1.1,2.3,2.1,2,1,1.00,CYCLE,N
IND,208,6411,59438,31/12/2023,13:39:19,15,1,28.3,1.0,190.4,190.1,2,1,1.00,CYCLE,S
IND,208,6411,59437,31/12/2023,13:39:55,15,0,25.6,1.1,102.5,102.3,2,1,1.00,CYCLE,N
IND,208,6411,59437,31/12/2023,13:46:54,15,0,30.0,1.1,419.2,419.0,2,1,1.00,CYCLE,N
IND,208,6411,59438,31/12/2023,13:49:53,15,1,25.5,1.0,634.7,634.5,2,1,1.00,CYCLE,S
IND,208,6411,59438,31/12/2023,13:56:11,15,1,23.1,1.1,163.9,163.7,2,1,1.00,CYCLE,S
IND,208,6411,59437,31/12/2023,13:57:32,15,0,26.4,1.0,637.8,637.6,2,1,1.00,CYCLE,N
IND,208,6411,59438,31/12/2023,13:57:37,15,1,29.3,0.9,85.8,85.6,2,1,1.00,CYCLE,S
IND,208,6411,59437,31/12/2023,14:00:40,15,0,28.9,1.0,187.8,187.7,2,1,1.00,CYCLE,N
IND,208,6411,59437,31/12/2023,14:00:57,15,0,34.2,1.1,17.0,16.9,2,1,1.00,CYCLE,N
IND,208,6411,59438,31/12/2023,14:03:59,15,1,29.4,1.0,382.8,382.7,2,1,1.00,CYCLE,S
IND,208,6411,59437,31/12/2023,14:10:33,15,0,36.1,1.0,576.3,576.2,2,1,1.00,CYCLE,N
IND,208,6411,59437,31/12/2023,14:15:11,15,0,24.8,1.0,277.7,277.6,2,1,1.00,CYCLE,N
IND,208,6411,59437,31/12/2023,14:15:13,15,0,22.6,1.1,2.2,2.1,2,1,1.00,CYCLE,N
IND,208,6411,59438,31/12/2023,14:15:56,15,1,25.3,1.0,716.4,716.3,2,1,1.00,CYCLE,S
IND,208,6411,59437,31/12/2023,14:18:59,15,0,28.8,1.1,226.5,226.3,2,1,1.00,CYCLE,N
IND,208,6411,59437,31/12/2023,14:21:03,15,0,24.3,1.1,123.8,123.7,2,1,1.00,CYCLE,N
IND,208,6411,59438,31/12/2023,14:21:12,15,1,16.7,1.1,316.5,316.3,2,1,1.00,CYCLE,S
IND,208,6411,59437,31/12/2023,14:21:48,15,0,21.7,1.0,44.9,44.8,2,1,1.00,CYCLE,N
IND,208,6411,59437,31/12/2023,14:21:53,15,0,26.2,1.1,4.8,4.6,2,1,1.00,CYCLE,N
IND,208,6411,59437,31/12/2023,14:22:58,15,0,4.8,2.0,64.7,64.6,2,1,0.80,CYCLE,N
IND,208,6411,59438,31/12/2023,14:23:34,15,1,23.4,1.1,142.2,142.0,2,1,1.00,CYCLE,S
IND,208,6411,59438,31/12/2023,14:23:38,15,1,19.2,1.1,3.3,3.2,2,1,1.00,CYCLE,S
IND,208,6411,59437,31/12/2023,14:24:08,15,0,24.1,1.1,70.0,69.6,2,1,1.00,CYCLE,N
IND,208,6411,59437,31/12/2023,14:24:59,15,0,29.9,1.0,51.2,51.0,2,1,1.00,CYCLE,N
IND,208,6411,59438,31/12/2023,14:25:13,15,1,23.0,1.1,95.0,94.8,2,1,1.00,CYCLE,S
IND,208,6411,59437,31/12/2023,14:26:14,15,0,19.0,1.1,75.0,74.9,2,1,1.00,CYCLE,N
IND,208,6411,59437,31/12/2023,14:26:23,15,0,17.3,1.1,9.0,8.8,2,1,1.00,CYCLE,N
IND,208,6411,59437,31/12/2023,14:28:45,15,0,28.3,1.0,142.6,142.3,2,1,1.00,CYCLE,N
IND,208,6411,59438,31/12/2023,14:28:51,15,1,22.8,1.0,217.8,217.7,2,1,1.00,CYCLE,S
IND,208,6411,59438,31/12/2023,14:31:51,15,1,21.1,1.0,180.0,179.8,2,1,1.00,CYCLE,S
IND,208,6411,59438,31/12/2023,14:32:12,15,1,16.5,1.0,21.1,20.9,2,1,1.00,CYCLE,S
IND,208,6411,59437,31/12/2023,14:32:13,15,0,38.2,1.0,207.2,207.0,2,1,1.00,CYCLE,N
IND,208,6411,59437,31/12/2023,14:32:41,15,0,23.6,1.0,28.8,28.7,2,1,1.00,CYCLE,N
IND,208,6411,59437,31/12/2023,14:36:16,15,0,41.6,1.0,214.2,214.1,2,1,1.00,CYCLE,N
IND,208,6411,59438,31/12/2023,14:38:13,15,1,24.1,1.0,361.6,361.4,2,1,1.00,CYCLE,S
IND,208,6411,59438,31/12/2023,14:39:42,15,1,20.8,1.1,88.9,88.7,2,1,1.00,CYCLE,S
IND,208,6411,59437,31/12/2023,14:41:01,15,0,14.0,1.1,130.3,129.2,2,1,1.00,CYCLE,N
IND,208,6411,59438,31/12/2023,14:43:16,15,1,22.1,1.0,213.8,213.6,2,1,1.00,CYCLE,S
IND,208,6411,59438,31/12/2023,14:43:19,15,1,21.9,1.1,3.2,3.0,2,1,1.00,CYCLE,S
IND,208,6411,59437,31/12/2023,14:43:48,15,0,28.1,1.1,30.6,30.2,2,1,1.00,CYCLE,N
IND,208,6411,59437,31/12/2023,14:44:17,15,0,20.8,1.1,29.7,29.5,2,1,1.00,CYCLE,N
IND,208,6411,59437,31/12/2023,14:44:30,15,0,22.3,1.0,12.9,12.7,2,1,1.00,CYCLE,N
IND,208,6411,59437,31/12/2023,14:44:33,15,0,26.5,1.0,2.5,2.3,2,1,1.00,CYCLE,N
IND,208,6411,59437,31/12/2023,14:44:51,15,0,35.5,1.0,18.1,18.0,2,1,1.00,CYCLE,N
IND,208,6411,59438,31/12/2023,14:45:03,15,1,23.4,1.0,104.2,104.1,2,1,1.00,CYCLE,S
IND,208,6411,59438,31/12/2023,14:45:05,15,1,25.2,1.1,1.5,1.4,2,1,1.00,CYCLE,S
IND,208,6411,59438,31/12/2023,14:48:18,15,1,17.1,1.0,193.0,192.8,2,1,1.00,CYCLE,S
IND,208,6411,59437,31/12/2023,14:50:38,15,0,30.7,1.1,346.6,346.5,2,1,1.00,CYCLE,N
IND,208,6411,59437,31/12/2023,14:53:11,15,0,18.9,1.0,153.6,153.5,2,1,1.00,CYCLE,N
IND,208,6411,59438,31/12/2023,14:57:56,15,1,23.3,1.0,265.3,265.0,2,1,1.00,CYCLE,S
IND,208,6411,59437,31/12/2023,15:01:31,15,0,28.7,1.1,59.0,58.5,2,1,1.00,CYCLE,N
IND,208,6411,59437,31/12/2023,15:01:33,15,0,28.1,1.1,2.0,1.9,2,1,1.00,CYCLE,N
IND,208,6411,59437,31/12/2023,15:01:44,15,0,35.4,1.0,10.9,10.8,2,1,1.00,CYCLE,N
IND,208,6411,59437,31/12/2023,15:01:47,15,0,17.4,1.0,3.6,3.5,2,1,1.00,CYCLE,N
IND,208,6411,59437,31/12/2023,15:01:48,15,0,18.7,1.0,0.5,0.3,2,1,1.00,CYCLE,N
IND,208,6411,59438,31/12/2023,15:02:52,15,1,23.6,1.0,296.3,296.1,2,1,1.00,CYCLE,S
IND,208,6411,59437,31/12/2023,15:04:34,15,0,44.1,1.0,166.2,166.0,2,1,1.00,CYCLE,N
IND,208,6411,59438,31/12/2023,15:06:27,15,1,25.9,1.0,214.7,214.5,2,1,1.00,CYCLE,S
IND,208,6411,59438,31/12/2023,15:08:20,15,1,28.6,1.0,113.3,113.2,2,1,1.00,CYCLE,S
IND,208,6411,59438,31/12/2023,15:09:09,15,1,16.6,1.0,48.5,48.4,2,1,1.00,CYCLE,S
IND,208,6411,59437,31/12/2023,15:09:14,15,0,22.5,1.1,78.1,77.2,2,1,1.00,CYCLE,N
IND,208,6411,59438,31/12/2023,15:12:59,15,1,23.4,1.1,230.6,230.4,2,1,1.00,CYCLE,S
IND,208,6411,59438,31/12/2023,15:13:03,15,1,22.3,1.0,3.7,3.5,2,1,1.00,CYCLE,S
IND,208,6411,59437,31/12/2023,15:14:37,15,0,24.2,0.9,322.8,322.6,2,1,1.00,CYCLE,N
IND,208,6411,59438,31/12/2023,15:15:55,15,1,25.3,1.0,171.5,171.4,2,1,1.00,CYCLE,S
IND,208,6411,59437,31/12/2023,15:19:23,15,0,21.0,1.1,286.1,286.0,2,1,1.00,CYCLE,N
IND,208,6411,59437,31/12/2023,15:21:31,15,0,23.4,1.1,128.2,128.1,2,1,1.00,CYCLE,N
IND,208,6411,59438,31/12/2023,15:26:15,15,1,18.5,1.0,620.1,619.9,2,1,1.00,CYCLE,S
IND,208,6411,59438,31/12/2023,15:26:41,15,1,19.1,1.1,25.8,25.6,2,1,1.00,CYCLE,S
IND,208,6411,59438,31/12/2023,15:32:18,15,1,23.4,0.9,337.9,337.7,2,1,1.00,CYCLE,S
IND,208,6411,59437,31/12/2023,15:33:09,15,0,30.8,1.0,698.1,697.9,2,1,1.00,CYCLE,N
IND,208,6411,59438,31/12/2023,15:34:27,15,1,21.6,1.0,128.1,128.0,2,1,1.00,CYCLE,S
IND,208,6411,59437,31/12/2023,15:34:36,15,0,25.2,1.1,87.3,87.2,2,1,1.00,CYCLE,N
IND,208,6411,59437,31/12/2023,15:35:19,15,0,29.1,1.1,42.9,42.7,2,1,1.00,CYCLE,N
IND,208,6411,59438,31/12/2023,15:36:40,15,1,23.9,1.0,133.5,133.3,2,1,1.00,CYCLE,S
IND,208,6411,59438,31/12/2023,15:37:09,15,1,17.0,1.0,28.5,28.4,2,1,1.00,CYCLE,S
IND,208,6411,59437,31/12/2023,15:38:44,15,0,21.4,1.1,204.6,204.5,2,1,1.00,CYCLE,N
IND,208,6411,59438,31/12/2023,15:39:51,15,1,23.4,1.1,162.3,162.1,2,1,1.00,CYCLE,S
IND,208,6411,59437,31/12/2023,15:41:32,15,0,28.7,1.1,168.5,168.3,2,1,1.00,CYCLE,N
IND,208,6411,59437,31/12/2023,15:41:38,15,0,28.1,1.1,5.4,5.3,2,1,1.00,CYCLE,N
IND,208,6411,59437,31/12/2023,15:43:33,15,0,34.5,1.2,115.0,114.9,2,1,1.00,CYCLE,N
IND,208,6411,59438,31/12/2023,15:45:28,15,1,25.8,1.1,275.5,275.1,2,1,1.00,CYCLE,S
IND,208,6411,59437,31/12/2023,15:47:02,15,0,32.8,1.1,194.4,194.1,2,1,1.00,CYCLE,N
IND,208,6411,59437,31/12/2023,15:48:06,15,0,32.0,1.0,64.1,64.0,2,1,1.00,CYCLE,N
IND,208,6411,59437,31/12/2023,15:48:40,15,0,23.9,1.0,1.3,1.1,2,1,1.00,CYCLE,N
IND,208,6411,59437,31/12/2023,15:55:41,15,0,25.5,1.0,420.9,420.7,2,1,1.00,CYCLE,N
IND,208,6411,59437,31/12/2023,15:59:25,15,0,32.0,1.1,223.7,223.6,2,1,1.00,CYCLE,N
IND,208,6411,59437,31/12/2023,16:03:12,15,0,17.4,1.1,227.0,226.8,2,1,1.00,CYCLE,N
IND,208,6411,59437,31/12/2023,16:03:14,15,0,18.2,1.0,2.2,2.0,2,1,1.00,CYCLE,N
IND,208,6411,59437,31/12/2023,16:03:16,15,0,17.7,1.0,1.7,1.5,2,1,1.00,CYCLE,N
IND,208,6411,59437,31/12/2023,16:11:44,15,0,23.5,1.0,113.5,113.4,2,1,1.00,CYCLE,N
IND,208,6411,59438,31/12/2023,16:12:04,15,1,27.6,1.0,273.1,272.9,2,1,1.00,CYCLE,S
IND,208,6411,59438,31/12/2023,16:15:58,15,1,26.1,1.0,234.3,234.1,2,1,1.00,CYCLE,S
IND,208,6411,59438,31/12/2023,16:16:08,15,1,21.2,1.0,9.8,9.7,2,1,1.00,CYCLE,S
IND,208,6411,59438,31/12/2023,16:16:19,15,1,21.2,1.0,10.5,10.4,2,1,1.00,CYCLE,S
IND,208,6411,59437,31/12/2023,16:17:02,15,0,31.9,1.0,318.7,318.5,2,1,1.00,CYCLE,N
IND,208,6411,59438,31/12/2023,16:17:11,15,1,22.3,1.0,52.6,52.4,2,1,1.00,CYCLE,S
IND,208,6411,59438,31/12/2023,16:20:10,15,1,15.8,1.0,178.2,178.1,2,1,1.00,CYCLE,S
IND,208,6411,59437,31/12/2023,16:22:19,15,0,28.7,1.0,316.1,316.0,2,1,1.00,CYCLE,N
IND,208,6411,59437,31/12/2023,16:26:59,15,0,27.3,1.1,141.0,140.8,2,1,1.00,CYCLE,N
IND,208,6411,59438,31/12/2023,16:29:15,15,1,16.7,1.0,545.8,545.6,2,1,1.00,CYCLE,S
IND,208,6411,59438,31/12/2023,16:30:51,15,1,20.5,1.0,95.9,95.6,2,1,1.00,CYCLE,S
IND,208,6411,59438,31/12/2023,16:32:47,15,1,14.9,1.0,115.4,115.2,2,1,1.00,CYCLE,S
IND,208,6411,59437,31/12/2023,16:34:29,15,0,27.3,1.1,0.6,0.5,2,1,1.00,CYCLE,N
IND,208,6411,59438,31/12/2023,16:39:25,15,1,19.1,1.0,398.3,398.0,2,1,1.00,CYCLE,S
IND,208,6411,59438,31/12/2023,16:40:47,15,1,22.1,1.0,81.9,81.8,2,1,1.00,CYCLE,S
IND,208,6411,59437,31/12/2023,16:41:24,15,0,32.4,1.0,415.2,415.2,2,1,0.80,CYCLE,N
IND,208,6411,59437,31/12/2023,16:41:54,15,0,25.7,1.1,29.6,29.3,2,1,1.00,CYCLE,N
IND,208,6411,59437,31/12/2023,16:42:05,15,0,20.5,1.1,11.2,11.0,2,1,1.00,CYCLE,N
IND,208,6411,59438,31/12/2023,16:42:22,15,1,20.9,0.9,95.3,95.1,2,1,1.00,CYCLE,S
IND,208,6411,59437,31/12/2023,16:43:25,15,0,20.7,1.1,80.4,80.2,2,1,1.00,CYCLE,N
IND,208,6411,59437,31/12/2023,16:43:28,15,0,23.1,1.1,3.1,2.9,2,1,1.00,CYCLE,N
IND,208,6411,59438,31/12/2023,16:43:43,15,1,18.1,1.1,81.3,81.2,2,1,1.00,CYCLE,S
IND,208,6411,59438,31/12/2023,16:45:05,15,1,25.0,1.0,81.9,81.7,2,1,1.00,CYCLE,S
IND,208,6411,59437,31/12/2023,16:45:44,15,0,27.4,1.0,24.6,24.5,2,1,0.80,CYCLE,N
IND,208,6411,59437,31/12/2023,16:46:34,15,0,23.6,1.1,50.5,50.4,2,1,1.00,CYCLE,N
IND,208,6411,59437,31/12/2023,16:52:09,15,0,23.3,1.0,3.1,2.9,2,1,1.00,CYCLE,N
IND,208,6411,59438,31/12/2023,16:52:55,15,1,26.2,1.0,469.7,469.5,2,1,1.00,CYCLE,S
IND,208,6411,59438,31/12/2023,16:54:37,15,1,22.5,0.9,102.0,101.9,2,1,1.00,CYCLE,S
IND,208,6411,59438,31/12/2023,16:54:39,15,1,23.5,1.0,2.1,2.0,2,1,1.00,CYCLE,S
IND,208,6411,59437,31/12/2023,16:54:49,15,0,20.8,1.0,160.4,160.2,2,1,1.00,CYCLE,N
IND,208,6411,59438,31/12/2023,16:55:05,15,1,18.8,1.0,26.2,26.1,2,1,1.00,CYCLE,S
IND,208,6411,59437,31/12/2023,16:56:40,15,0,26.2,1.1,110.9,110.7,2,1,1.00,CYCLE,N
IND,208,6411,59438,31/12/2023,17:01:27,15,1,27.6,1.0,382.1,381.9,2,1,1.00,CYCLE,S
IND,208,6411,59438,31/12/2023,17:01:43,15,1,24.1,1.1,15.3,15.1,2,1,1.00,CYCLE,S
IND,208,6411,59438,31/12/2023,17:03:15,15,1,20.0,1.1,92.1,91.9,2,1,1.00,CYCLE,S
IND,208,6411,59438,31/12/2023,17:03:15,15,1,18.7,1.0,0.6,0.4,2,1,1.00,CYCLE,S
IND,208,6411,59437,31/12/2023,17:04:08,15,0,23.9,1.0,403.7,403.6,2,1,1.00,CYCLE,N
IND,208,6411,59438,31/12/2023,17:09:06,15,1,19.1,1.0,350.4,350.2,2,1,1.00,CYCLE,S
IND,208,6411,59438,31/12/2023,17:09:07,15,1,19.2,1.1,1.0,0.8,2,1,1.00,CYCLE,S
IND,208,6411,59438,31/12/2023,17:10:33,15,1,24.2,1.1,86.4,86.2,2,1,1.00,CYCLE,S
IND,208,6411,59438,31/12/2023,17:14:00,15,1,20.2,1.0,207.2,207.0,2,1,1.00,CYCLE,S
IND,208,6411,59438,31/12/2023,17:17:10,15,1,21.1,1.0,189.9,189.7,2,1,1.00,CYCLE,S
IND,208,6411,59437,31/12/2023,17:18:43,15,0,24.2,1.2,93.8,93.3,2,1,1.00,CYCLE,N
IND,208,6411,59437,31/12/2023,17:21:22,15,0,34.2,1.1,159.7,159.5,2,1,1.00,CYCLE,N
IND,208,6411,59438,31/12/2023,17:21:42,15,1,25.1,0.9,271.8,271.6,2,1,1.00,CYCLE,S
IND,208,6411,59438,31/12/2023,17:23:55,15,1,21.2,1.0,133.1,133.0,2,1,1.00,CYCLE,S
IND,208,6411,59437,31/12/2023,17:26:28,15,0,21.8,1.0,305.4,305.3,2,1,1.00,CYCLE,N
IND,208,6411,59437,31/12/2023,17:26:28,15,0,21.8,1.0,0.0,0.0,2,1,1.00,CYCLE,N
IND,208,6411,59437,31/12/2023,17:28:16,15,0,19.3,1.1,108.0,107.8,2,1,1.00,CYCLE,N
IND,208,6411,59437,31/12/2023,17:28:42,15,0,26.3,1.0,26.0,25.8,2,1,1.00,CYCLE,N
IND,208,6411,59437,31/12/2023,17:30:02,15,0,27.5,1.1,80.4,80.3,2,1,1.00,CYCLE,N
IND,208,6411,59437,31/12/2023,17:30:06,15,0,21.7,1.2,4.2,4.0,2,1,1.00,CYCLE,N
IND,208,6411,59438,31/12/2023,17:31:12,15,1,22.1,1.0,148.8,148.6,2,1,1.00,CYCLE,S
IND,208,6411,59438,31/12/2023,17:34:37,15,1,24.4,1.0,204.4,204.3,2,1,1.00,CYCLE,S
IND,208,6411,59437,31/12/2023,17:38:35,15,0,28.2,1.1,509.2,509.0,2,1,1.00,CYCLE,N
IND,208,6411,59438,31/12/2023,17:40:11,15,1,20.4,1.0,334.1,334.0,2,1,1.00,CYCLE,S
IND,208,6411,59438,31/12/2023,17:40:11,15,1,21.1,1.0,0.5,0.4,2,1,1.00,CYCLE,S
IND,208,6411,59438,31/12/2023,17:40:30,15,1,23.4,1.0,19.2,19.1,2,1,1.00,CYCLE,S
IND,208,6411,59438,31/12/2023,17:42:12,15,1,21.4,1.0,101.8,101.7,2,1,1.00,CYCLE,S
IND,208,6411,59438,31/12/2023,17:42:17,15,1,12.9,1.1,4.3,4.1,2,1,1.00,CYCLE,S
IND,208,6411,59438,31/12/2023,17:46:01,15,1,23.2,1.0,224.2,223.9,2,1,1.00,CYCLE,S
IND,208,6411,59438,31/12/2023,17:46:36,15,1,16.8,1.0,35.1,34.9,2,1,1.00,CYCLE,S
IND,208,6411,59438,31/12/2023,17:47:08,15,1,20.9,1.1,31.9,31.7,2,1,1.00,CYCLE,S
IND,208,6411,59437,31/12/2023,17:49:42,15,0,28.7,1.0,61.1,61.0,2,1,1.00,CYCLE,N
IND,208,6411,59437,31/12/2023,17:51:36,15,0,25.1,1.0,114.0,113.8,2,1,1.00,CYCLE,N
IND,208,6411,59438,31/12/2023,17:51:51,15,1,26.7,1.0,283.0,282.8,2,1,1.00,CYCLE,S
IND,208,6411,59438,31/12/2023,17:52:08,15,1,20.0,1.0,16.8,16.7,2,1,1.00,CYCLE,S
IND,208,6411,59437,31/12/2023,17:52:43,15,0,26.2,1.1,67.5,67.1,2,1,1.00,CYCLE,N
IND,208,6411,59438,31/12/2023,17:54:35,15,1,20.9,0.9,147.7,147.5,2,1,1.00,CYCLE,S
IND,208,6411,59438,31/12/2023,17:54:37,15,1,22.6,1.0,1.5,1.3,2,1,1.00,CYCLE,S
IND,208,6411,59438,31/12/2023,17:56:47,15,1,16.9,1.0,130.2,130.1,2,1,0.73,CYCLE,S
IND,208,6411,59438,31/12/2023,17:56:47,15,1,16.9,1.0,0.0,0.0,2,1,0.73,CYCLE,S
IND,208,6411,59437,31/12/2023,17:57:36,15,0,29.4,1.1,292.6,292.5,2,1,1.00,CYCLE,N
IND,208,6411,59438,31/12/2023,17:57:39,15,1,22.0,1.0,51.9,51.6,2,1,1.00,CYCLE,S
IND,208,6411,59437,31/12/2023,17:58:43,15,0,23.0,1.1,63.4,62.9,2,1,1.00,CYCLE,N
IND,208,6411,59437,31/12/2023,17:58:43,15,0,1.7,1.0,0.2,0.1,2,1,0.90,CYCLE,N
IND,208,6411,59438,31/12/2023,18:05:06,15,1,24.1,1.0,104.0,103.8,2,1,1.00,CYCLE,S
IND,208,6411,59437,31/12/2023,18:09:26,15,0,23.5,1.0,642.8,641.1,2,1,0.73,CYCLE,N
IND,208,6411,59437,31/12/2023,18:09:26,15,0,23.5,1.0,0.0,0.0,2,1,0.73,CYCLE,N
IND,208,6411,59437,31/12/2023,18:09:57,15,0,26.0,1.1,30.9,30.4,2,1,1.00,CYCLE,N
IND,208,6411,59437,31/12/2023,18:10:20,15,0,22.5,1.1,23.5,23.4,2,1,1.00,CYCLE,N
IND,208,6411,59437,31/12/2023,18:14:33,15,0,19.5,1.1,252.3,252.1,2,1,1.00,CYCLE,N
IND,208,6411,59437,31/12/2023,18:24:59,15,0,31.1,1.0,435.7,435.2,2,1,0.80,CYCLE,N
IND,208,6411,59438,31/12/2023,18:26:14,15,1,16.3,1.1,1268.2,1268.0,2,1,1.00,CYCLE,S
IND,208,6411,59438,31/12/2023,18:27:46,15,1,17.1,1.0,91.2,91.0,2,1,1.00,CYCLE,S
IND,208,6411,59438,31/12/2023,18:28:35,15,1,23.6,1.1,49.2,48.8,2,1,1.00,CYCLE,S
IND,208,6411,59438,31/12/2023,18:29:20,15,1,23.4,1.0,44.4,44.3,2,1,1.00,CYCLE,S
IND,208,6411,59437,31/12/2023,18:31:39,15,0,24.5,1.1,31.5,31.0,2,1,1.00,CYCLE,N
IND,208,6411,59437,31/12/2023,18:35:33,15,0,33.1,1.1,80.5,80.0,2,1,1.00,CYCLE,N
IND,208,6411,59438,31/12/2023,18:38:01,15,1,25.7,1.0,521.7,521.5,2,1,1.00,CYCLE,S
IND,208,6411,59438,31/12/2023,18:43:27,15,1,33.5,1.1,45.4,45.2,2,1,1.00,CYCLE,S
IND,208,6411,59437,31/12/2023,18:45:12,15,0,32.6,1.0,479.0,478.6,2,1,0.80,CYCLE,N
IND,208,6411,59438,31/12/2023,18:46:35,15,1,21.8,0.9,188.6,188.4,2,1,1.00,CYCLE,S
IND,208,6411,59437,31/12/2023,18:49:46,15,0,19.3,1.0,274.8,274.5,2,1,1.00,CYCLE,N
IND,208,6411,59438,31/12/2023,18:51:30,15,1,24.0,1.0,295.0,294.9,2,1,1.00,CYCLE,S
IND,208,6411,59437,31/12/2023,18:58:55,15,0,26.2,1.0,548.4,548.2,2,1,1.00,CYCLE,N
IND,208,6411,59437,31/12/2023,18:59:20,15,0,14.7,0.9,25.0,24.9,2,1,1.00,CYCLE,N
IND,208,6411,59438,31/12/2023,18:59:25,15,1,24.3,1.1,474.8,474.6,2,1,1.00,CYCLE,S
IND,208,6411,59438,31/12/2023,18:59:52,15,1,17.7,1.0,26.8,26.7,2,1,1.00,CYCLE,S
IND,208,6411,59438,31/12/2023,18:59:52,15,1,17.7,1.0,0.0,0.0,2,1,1.00,CYCLE,S
IND,208,6411,59437,31/12/2023,19:01:50,15,0,18.9,1.1,149.9,149.7,2,1,1.00,CYCLE,N
IND,208,6411,59438,31/12/2023,19:02:26,15,1,23.0,1.1,153.7,153.2,2,1,1.00,CYCLE,S
IND,208,6411,59438,31/12/2023,19:02:26,15,1,24.5,1.1,0.7,0.5,2,1,1.00,CYCLE,S
IND,208,6411,59437,31/12/2023,19:04:08,15,0,20.6,1.1,138.4,138.2,2,1,1.00,CYCLE,N
IND,208,6411,59437,31/12/2023,19:04:32,15,0,32.7,1.0,23.4,23.2,2,1,1.00,CYCLE,N
IND,208,6411,59438,31/12/2023,19:05:48,15,1,24.1,1.1,202.1,201.9,2,1,1.00,CYCLE,S
IND,208,6411,59438,31/12/2023,19:06:17,15,1,24.8,1.1,28.5,28.3,2,1,1.00,CYCLE,S
IND,208,6411,59438,31/12/2023,19:06:17,15,1,24.2,1.1,0.7,0.6,2,1,1.00,CYCLE,S
IND,208,6411,59438,31/12/2023,19:08:11,15,1,23.4,1.1,113.6,113.4,2,1,1.00,CYCLE,S
IND,208,6411,59438,31/12/2023,19:08:22,15,1,15.9,1.0,11.0,10.8,2,1,1.00,CYCLE,S
IND,208,6411,59438,31/12/2023,19:10:15,15,1,21.9,1.1,112.6,112.3,2,1,1.00,CYCLE,S
IND,208,6411,59438,31/12/2023,19:11:31,15,1,27.6,1.0,76.5,76.4,2,1,1.00,CYCLE,S
IND,208,6411,59438,31/12/2023,19:12:15,15,1,25.7,1.0,43.4,43.3,2,1,1.00,CYCLE,S
IND,208,6411,59438,31/12/2023,19:12:27,15,1,20.4,1.1,12.0,11.8,2,1,1.00,CYCLE,S
IND,208,6411,59437,31/12/2023,19:18:12,15,0,30.0,1.1,820.8,820.7,2,1,1.00,CYCLE,N
IND,208,6411,59438,31/12/2023,19:22:31,15,1,25.1,1.0,604.0,603.8,2,1,1.00,CYCLE,S
IND,208,6411,59438,31/12/2023,19:27:47,15,1,19.5,1.1,316.0,315.9,2,1,1.00,CYCLE,S
IND,208,6411,59438,31/12/2023,19:27:49,15,1,20.7,1.0,2.7,2.5,2,1,1.00,CYCLE,S
IND,208,6411,59438,31/12/2023,19:32:38,15,1,25.9,1.0,288.5,288.3,2,1,1.00,CYCLE,S
IND,208,6411,59437,31/12/2023,19:34:19,15,0,33.1,1.0,967.0,966.9,2,1,1.00,CYCLE,N
IND,208,6411,59437,31/12/2023,19:37:47,15,0,23.3,1.0,207.9,207.7,2,1,1.00,CYCLE,N
IND,208,6411,59437,31/12/2023,19:41:41,15,0,22.5,1.1,234.1,233.9,2,1,1.00,CYCLE,N
IND,208,6411,59438,31/12/2023,19:43:28,15,1,26.0,1.1,650.0,649.9,2,1,1.00,CYCLE,S
IND,208,6411,59437,31/12/2023,19:43:38,15,0,26.7,1.1,117.0,116.8,2,1,1.00,CYCLE,N
IND,208,6411,59438,31/12/2023,19:47:09,15,1,28.8,1.1,220.8,220.7,2,1,1.00,CYCLE,S
IND,208,6411,59437,31/12/2023,19:50:39,15,0,22.3,1.0,421.1,421.0,2,1,1.00,CYCLE,N
IND,208,6411,59437,31/12/2023,19:51:16,15,0,22.4,1.1,36.5,36.3,2,1,1.00,CYCLE,N
IND,208,6411,59438,31/12/2023,19:55:00,15,1,19.8,1.0,471.7,471.5,2,1,1.00,CYCLE,S
IND,208,6411,59438,31/12/2023,19:59:32,15,1,29.3,1.0,272.0,271.8,2,1,1.00,CYCLE,S
IND,208,6411,59437,31/12/2023,20:02:07,15,0,27.6,1.1,651.3,651.1,2,1,1.00,CYCLE,N
IND,208,6411,59438,31/12/2023,20:06:29,15,1,25.0,1.0,417.2,417.1,2,1,1.00,CYCLE,S
IND,208,6411,59437,31/12/2023,20:06:50,15,0,23.1,1.2,283.2,283.0,2,1,1.00,CYCLE,N
IND,208,6411,59438,31/12/2023,20:12:16,15,1,34.3,1.0,346.3,346.2,2,1,1.00,CYCLE,S
IND,208,6411,59437,31/12/2023,20:12:50,15,0,34.1,1.0,359.7,359.6,2,1,1.00,CYCLE,N
IND,208,6411,59438,31/12/2023,20:13:11,15,1,21.9,1.0,55.5,55.4,2,1,1.00,CYCLE,S
IND,208,6411,59438,31/12/2023,20:16:39,15,1,25.8,1.2,208.0,207.8,2,1,1.00,CYCLE,S
IND,208,6411,59437,31/12/2023,20:20:40,15,0,29.7,1.1,470.0,469.9,2,1,1.00,CYCLE,N
IND,208,6411,59437,31/12/2023,20:21:38,15,0,20.7,1.2,58.3,58.1,2,1,1.00,CYCLE,N
IND,208,6411,59437,31/12/2023,20:32:02,15,0,18.0,1.0,623.2,623.0,2,1,1.00,CYCLE,N
IND,208,6411,59437,31/12/2023,20:36:07,15,0,26.2,1.2,245.4,245.2,2,1,1.00,CYCLE,N
IND,208,6411,59438,31/12/2023,20:37:59,15,1,18.2,1.1,1279.6,1279.4,2,1,1.00,CYCLE,S
IND,208,6411,59437,31/12/2023,20:41:33,15,0,22.7,1.0,326.3,326.2,2,1,1.00,CYCLE,N
IND,208,6411,59437,31/12/2023,20:50:01,15,0,20.5,1.1,507.7,507.6,2,1,1.00,CYCLE,N
IND,208,6411,59437,31/12/2023,20:56:25,15,0,33.0,1.1,384.3,384.1,2,1,1.00,CYCLE,N
IND,208,6411,59437,31/12/2023,20:56:32,15,0,24.3,1.1,6.8,6.6,2,1,1.00,CYCLE,N
IND,208,6411,59438,31/12/2023,20:56:45,15,1,15.7,1.2,1126.2,1125.9,2,1,1.00,CYCLE,S
IND,208,6411,59437,31/12/2023,21:02:23,15,0,24.4,1.1,350.8,350.6,2,1,1.00,CYCLE,N
IND,208,6411,59438,31/12/2023,21:02:52,15,1,35.9,1.2,366.5,366.2,2,1,1.00,CYCLE,S
IND,208,6411,59437,31/12/2023,21:05:27,15,0,25.8,1.2,183.7,183.6,2,1,1.00,CYCLE,N
IND,208,6411,59438,31/12/2023,21:06:38,15,1,22.9,1.0,226.4,226.3,2,1,1.00,CYCLE,S
IND,208,6411,59437,31/12/2023,21:06:51,15,0,20.7,1.1,84.6,84.5,2,1,1.00,CYCLE,N
IND,208,6411,59438,31/12/2023,21:10:07,15,1,23.4,1.0,209.2,209.0,2,1,1.00,CYCLE,S
IND,208,6411,59437,31/12/2023,21:13:36,15,0,21.6,1.1,404.8,404.6,2,1,1.00,CYCLE,N
IND,208,6411,59438,31/12/2023,21:15:54,15,1,19.6,1.0,346.7,346.5,2,1,1.00,CYCLE,S
IND,208,6411,59437,31/12/2023,21:20:48,15,0,37.4,1.0,432.4,432.2,2,1,1.00,CYCLE,N
IND,208,6411,59437,31/12/2023,21:20:53,15,0,31.6,1.0,4.3,4.2,2,1,1.00,CYCLE,N
IND,208,6411,59438,31/12/2023,21:23:36,15,1,14.6,1.0,462.6,462.4,2,1,1.00,CYCLE,S
IND,208,6411,59438,31/12/2023,21:25:05,15,1,23.7,1.1,88.9,88.7,2,1,1.00,CYCLE,S
IND,208,6411,59437,31/12/2023,21:25:54,15,0,20.5,1.0,301.2,301.1,2,1,1.00,CYCLE,N
IND,208,6411,59437,31/12/2023,21:27:41,15,0,28.0,1.0,107.0,106.9,2,1,1.00,CYCLE,N
IND,208,6411,59438,31/12/2023,21:33:36,15,1,19.9,1.0,511.0,510.9,2,1,1.00,CYCLE,S
IND,208,6411,59437,31/12/2023,21:42:33,15,0,22.6,1.1,892.3,892.2,2,1,1.00,CYCLE,N
IND,208,6411,59437,31/12/2023,21:42:49,15,0,18.4,1.0,15.8,15.6,2,1,1.00,CYCLE,N
IND,208,6411,59437,31/12/2023,21:42:50,15,0,20.3,1.0,1.3,1.1,2,1,1.00,CYCLE,N
IND,208,6411,59438,31/12/2023,21:43:36,15,1,19.6,1.1,599.4,599.2,2,1,1.00,CYCLE,S
IND,208,6411,59438,31/12/2023,21:44:21,15,1,22.6,1.0,44.9,44.7,2,1,1.00,CYCLE,S
IND,208,6411,59438,31/12/2023,21:46:35,15,1,16.5,1.1,134.7,134.5,2,1,1.00,CYCLE,S
IND,208,6411,59437,31/12/2023,21:46:50,15,0,18.9,1.1,239.8,239.6,2,1,1.00,CYCLE,N
IND,208,6411,59437,31/12/2023,21:47:39,15,0,20.7,1.0,48.5,48.3,2,1,1.00,CYCLE,N
IND,208,6411,59437,31/12/2023,21:47:40,15,0,19.4,1.0,1.0,0.9,2,1,1.00,CYCLE,N
IND,208,6411,59437,31/12/2023,21:51:53,15,0,23.1,1.0,252.9,252.6,2,1,1.00,CYCLE,N
IND,208,6411,59437,31/12/2023,21:52:07,15,0,25.6,1.2,14.5,14.3,2,1,1.00,CYCLE,N
IND,208,6411,59437,31/12/2023,21:59:07,15,0,23.0,1.0,419.9,419.8,2,1,1.00,CYCLE,N
IND,208,6411,59437,31/12/2023,21:59:08,15,0,22.3,1.0,0.6,0.4,2,1,1.00,CYCLE,N
IND,208,6411,59437,31/12/2023,22:04:52,15,0,20.1,1.0,344.3,344.1,2,1,1.00,CYCLE,N
IND,208,6411,59437,31/12/2023,22:04:52,15,0,20.1,1.0,0.0,0.0,2,1,1.00,CYCLE,N
IND,208,6411,59437,31/12/2023,22:06:43,15,0,21.6,1.0,111.6,111.3,2,1,1.00,CYCLE,N
IND,208,6411,59437,31/12/2023,22:06:44,15,0,21.4,1.1,0.6,0.5,2,1,1.00,CYCLE,N
IND,208,6411,59438,31/12/2023,22:12:04,15,1,25.8,1.0,1529.1,1528.9,2,1,1.00,CYCLE,S
IND,208,6411,59437,31/12/2023,22:15:20,15,0,29.0,1.1,515.8,515.7,2,1,1.00,CYCLE,N
IND,208,6411,59438,31/12/2023,22:24:08,15,1,25.2,1.0,723.2,723.0,2,1,1.00,CYCLE,S
IND,208,6411,59438,31/12/2023,22:34:39,15,1,23.5,1.1,631.1,630.9,2,1,1.00,CYCLE,S
IND,208,6411,59438,31/12/2023,22:34:51,15,1,19.4,1.1,12.6,12.5,2,1,1.00,CYCLE,S
IND,208,6411,59438,31/12/2023,22:34:54,15,1,21.3,1.1,3.1,2.9,2,1,1.00,CYCLE,S
IND,208,6411,59438,31/12/2023,22:44:53,15,1,2.9,0.1,599.0,598.9,2,1,0.80,CYCLE,S
IND,208,6411,59438,31/12/2023,22:44:58,15,1,21.3,1.1,4.3,4.3,2,1,1.00,CYCLE,S
IND,208,6411,59438,31/12/2023,22:44:59,15,1,23.9,1.0,0.9,0.8,2,1,1.00,CYCLE,S
IND,208,6411,59438,31/12/2023,22:47:42,15,1,15.7,1.1,163.5,163.3,2,1,1.00,CYCLE,S
IND,208,6411,59438,31/12/2023,22:47:46,15,1,15.5,1.0,3.8,3.5,2,1,1.00,CYCLE,S
IND,208,6411,59437,31/12/2023,22:48:55,15,0,19.5,1.0,1398.9,1398.7,2,1,1.00,CYCLE,N
IND,208,6411,59438,31/12/2023,22:48:56,15,1,19.0,1.2,69.8,69.6,2,1,1.00,CYCLE,S
IND,208,6411,59438,31/12/2023,22:48:57,15,1,19.3,1.1,1.0,0.8,2,1,1.00,CYCLE,S
IND,208,6411,59438,31/12/2023,22:57:14,15,1,18.3,1.0,438.1,437.9,2,1,1.00,CYCLE,S
IND,208,6411,59438,31/12/2023,22:57:15,15,1,18.3,1.0,1.0,0.8,2,1,1.00,CYCLE,S
IND,208,6411,59437,31/12/2023,23:02:40,15,0,23.1,1.0,805.1,805.0,2,1,1.00,CYCLE,N
IND,208,6411,59437,31/12/2023,23:15:17,15,0,17.1,1.0,46.2,46.2,2,1,1.00,CYCLE,N
IND,208,6411,59437,31/12/2023,23:15:20,15,0,16.9,1.0,3.4,3.2,2,1,1.00,CYCLE,N
IND,208,6411,59438,31/12/2023,23:22:16,15,1,20.7,0.6,1501.0,1500.8,2,1,0.80,CYCLE,S
IND,208,6411,59437,31/12/2023,23:22:24,15,0,21.5,1.1,423.9,423.6,2,1,1.00,CYCLE,N
IND,208,6411,59437,31/12/2023,23:26:11,15,0,21.3,1.0,184.5,184.2,2,1,1.00,CYCLE,N
IND,208,6411,59437,31/12/2023,23:33:56,15,0,21.0,1.1,464.9,464.8,2,1,1.00,CYCLE,N
IND,208,6411,59437,31/12/2023,23:33:57,15,0,21.5,1.0,1.1,0.9,2,1,1.00,CYCLE,N
IND,208,6411,59438,31/12/2023,23:34:58,15,1,23.2,1.0,761.5,761.4,2,1,1.00,CYCLE,S
IND,208,6411,59438,31/12/2023,23:35:00,15,1,20.2,1.2,2.5,2.4,2,1,1.00,CYCLE,S
IND,208,6411,59437,31/12/2023,23:36:15,15,0,21.8,1.0,137.8,137.6,2,1,1.00,CYCLE,N
IND,208,6411,59438,31/12/2023,23:37:46,15,1,30.5,1.1,166.3,166.1,2,1,1.00,CYCLE,S
IND,208,6411,59437,31/12/2023,23:38:17,15,0,16.9,1.0,122.1,121.9,2,1,1.00,CYCLE,N
IND,208,6411,59437,31/12/2023,23:38:17,15,0,16.8,1.1,0.5,0.2,2,1,1.00,CYCLE,N
IND,208,6411,59437,31/12/2023,23:41:30,15,0,22.4,1.1,193.2,192.9,2,1,1.00,CYCLE,N
IND,208,6411,59437,31/12/2023,23:42:14,15,0,22.7,1.0,43.2,43.0,2,1,1.00,CYCLE,N
IND,208,6411,59437,31/12/2023,23:42:14,15,0,22.7,1.0,0.0,0.0,2,1,1.00,CYCLE,N
IND,208,6411,59438,31/12/2023,23:43:39,15,1,25.7,1.0,352.5,352.4,2,1,1.00,CYCLE,S
IND,208,6411,59438,31/12/2023,23:43:43,15,1,24.3,1.0,4.3,4.1,2,1,1.00,CYCLE,S
IND,208,6411,59437,31/12/2023,23:46:04,15,0,20.7,1.0,230.7,230.4,2,1,1.00,CYCLE,N
IND,208,6411,59437,31/12/2023,23:46:04,15,0,20.7,1.0,0.0,0.0,2,1,1.00,CYCLE,N
IND,208,6411,59437,31/12/2023,23:46:19,15,0,22.6,1.0,14.6,14.4,2,1,1.00,CYCLE,N
IND,208,6411,59437,31/12/2023,23:46:20,15,0,22.7,1.0,0.9,0.7,2,1,1.00,CYCLE,N
IND,208,6411,59437,31/12/2023,23:51:43,15,0,21.1,1.1,323.1,322.9,2,1,1.00,CYCLE,N
IND,208,6411,59437,31/12/2023,23:52:17,15,0,20.2,1.0,34.0,33.8,2,1,1.00,CYCLE,N
IND,208,6411,59437,31/12/2023,23:55:59,15,0,19.6,1.0,221.8,221.6,2,1,1.00,CYCLE,N
IND,208,6411,59437,01/01/2024,00:00:17,15,0,28.8,1.1,258.0,257.8,2,1,1.00,CYCLE,N
IND,208,6411,59437,01/01/2024,00:00:17,15,0,29.8,1.1,0.6,0.5,2,1,1.00,CYCLE,N
IND,208,6411,59437,01/01/2024,00:00:17,15,0,20.1,0.9,0.2,0.1,2,1,1.00,CYCLE,N
IND,208,6411,59437,01/01/2024,00:00:18,15,0,30.9,1.1,1.0,0.8,2,1,1.00,CYCLE,N
IND,208,6411,59437,01/01/2024,00:01:33,15,0,21.2,1.0,74.6,74.5,2,1,1.00,CYCLE,N
