DATA_TYPE,TIS_DATA_REQUEST,SITE_XN_ROUTE,LOC_LEG,DATE,TIME,CLASS,LANE,SPEED,WHEELBASE,HEADWAY,GAP,AXLE,AXLE_GROUPING,RHO,VEHICLE,DIRECTION
IND,208,6415,59486,25/12/2023,01:22:39,15,1,22.3,0.9,1715.5,1715.6,2,1,1.00,CYCLE,W
IND,208,6415,59485,25/12/2023,01:31:42,15,0,27.1,1.2,2258.6,2258.6,2,1,1.00,CYCLE,E
IND,208,6415,59486,25/12/2023,02:08:44,15,1,25.0,1.1,2764.7,2764.6,2,1,1.00,CYCLE,W
IND,208,6415,59486,25/12/2023,02:08:48,15,1,23.3,1.1,4.0,3.9,2,1,1.00,CYCLE,W
IND,208,6415,59486,25/12/2023,02:08:52,15,1,24.2,1.1,4.5,4.4,2,1,1.00,CYCLE,W
IND,208,6415,59485,25/12/2023,02:17:36,15,0,27.5,1.0,2754.2,2754.0,2,1,1.00,CYCLE,E
IND,208,6415,59485,25/12/2023,02:17:39,15,0,26.8,1.0,3.0,2.9,2,1,1.00,CYCLE,E
IND,208,6415,59486,25/12/2023,02:32:52,15,1,25.5,1.0,1439.6,1439.5,2,1,1.00,CYCLE,W
IND,208,6415,59486,25/12/2023,02:32:52,15,1,27.8,1.0,0.4,0.3,2,1,1.00,CYCLE,W
IND,208,6415,59485,25/12/2023,02:57:11,15,0,27.1,1.1,2372.1,2372.0,2,1,1.00,CYCLE,E
IND,208,6415,59486,25/12/2023,05:26:02,15,1,24.7,0.9,10389.8,10389.7,2,1,1.00,CYCLE,W
IND,208,6415,59486,25/12/2023,05:27:54,15,1,5.7,1.0,112.1,112.2,2,1,0.57,CYCLE,W
IND,208,6415,59486,25/12/2023,05:45:58,15,1,24.4,1.0,1084.3,1083.0,2,1,1.00,CYCLE,W
IND,208,6415,59486,25/12/2023,05:51:35,15,1,26.3,1.0,331.5,331.3,2,1,1.00,CYCLE,W
IND,208,6415,59486,25/12/2023,05:51:35,15,1,26.3,1.0,0.0,0.0,2,1,1.00,CYCLE,W
IND,208,6415,59485,25/12/2023,05:56:48,15,0,24.6,1.0,10776.6,10776.4,2,1,1.00,CYCLE,E
IND,208,6415,59486,25/12/2023,06:12:24,15,1,29.4,1.1,1248.8,1248.7,2,1,1.00,CYCLE,W
IND,208,6415,59486,25/12/2023,06:20:40,15,1,28.2,1.1,496.4,496.3,2,1,1.00,CYCLE,W
IND,208,6415,59486,25/12/2023,06:20:43,15,1,28.6,1.0,2.5,2.3,2,1,1.00,CYCLE,W
IND,208,6415,59486,25/12/2023,06:21:25,15,1,26.3,1.1,41.6,41.5,2,1,1.00,CYCLE,W
IND,208,6415,59486,25/12/2023,06:32:18,15,1,21.6,0.9,278.7,278.1,2,1,1.00,CYCLE,W
IND,208,6415,59485,25/12/2023,06:50:54,15,0,6.1,1.0,3246.1,3245.9,2,1,0.50,CYCLE,E
IND,208,6415,59485,25/12/2023,06:51:40,15,0,28.9,1.1,46.2,45.6,2,1,1.00,CYCLE,E
IND,208,6415,59486,25/12/2023,06:55:06,15,1,24.8,1.0,1131.5,1131.2,2,1,1.00,CYCLE,W
IND,208,6415,59486,25/12/2023,06:59:05,15,1,29.1,1.1,238.3,238.1,2,1,1.00,CYCLE,W
IND,208,6415,59486,25/12/2023,06:59:47,15,1,23.4,1.0,42.1,42.0,2,1,1.00,CYCLE,W
IND,208,6415,59485,25/12/2023,07:06:03,15,0,23.4,1.1,863.4,863.2,2,1,1.00,CYCLE,E
IND,208,6415,59485,25/12/2023,07:23:02,15,0,6.0,1.0,1019.0,1018.8,2,1,0.25,CYCLE,E
IND,208,6415,59485,25/12/2023,07:23:02,15,0,6.0,1.0,0.0,0.0,2,1,0.25,CYCLE,E
IND,208,6415,59486,25/12/2023,07:23:14,15,1,25.1,1.0,1407.3,1407.1,2,1,1.00,CYCLE,W
IND,208,6415,59486,25/12/2023,07:27:01,15,1,36.0,1.1,227.3,227.1,2,1,1.00,CYCLE,W
IND,208,6415,59485,25/12/2023,07:33:25,15,0,4.1,0.4,622.3,622.0,2,1,1.00,CYCLE,E
IND,208,6415,59485,25/12/2023,07:45:09,15,0,5.3,1.0,419.8,419.6,2,1,0.43,CYCLE,E
IND,208,6415,59485,25/12/2023,07:45:09,15,0,5.3,1.0,0.0,0.0,2,1,0.43,CYCLE,E
IND,208,6415,59485,25/12/2023,07:45:09,15,0,5.3,1.0,0.0,0.0,2,1,0.43,CYCLE,E
IND,208,6415,59485,25/12/2023,07:45:09,15,0,5.3,1.0,0.0,0.0,2,1,0.43,CYCLE,E
IND,208,6415,59485,25/12/2023,07:45:09,15,0,5.3,1.0,0.0,0.0,2,1,0.43,CYCLE,E
IND,208,6415,59485,25/12/2023,07:45:09,15,0,5.3,1.0,0.0,0.0,2,1,0.43,CYCLE,E
IND,208,6415,59486,25/12/2023,08:29:47,15,1,24.3,1.0,3765.5,3765.4,2,1,1.00,CYCLE,W
IND,208,6415,59486,25/12/2023,08:32:33,15,1,31.4,1.1,165.8,165.6,2,1,1.00,CYCLE,W
IND,208,6415,59486,25/12/2023,08:33:56,15,1,27.0,1.1,83.5,83.4,2,1,1.00,CYCLE,W
IND,208,6415,59485,25/12/2023,09:12:56,15,0,5.6,1.0,2941.9,2941.8,2,1,0.50,CYCLE,E
IND,208,6415,59486,25/12/2023,09:13:32,15,1,30.0,1.1,2376.2,2376.0,2,1,1.00,CYCLE,W
IND,208,6415,59486,25/12/2023,09:19:20,15,1,23.0,1.0,347.7,347.6,2,1,1.00,CYCLE,W
IND,208,6415,59486,25/12/2023,09:29:04,15,1,25.1,1.1,584.1,584.0,2,1,1.00,CYCLE,W
IND,208,6415,59486,25/12/2023,09:34:31,15,1,29.8,1.1,326.3,326.1,2,1,1.00,CYCLE,W
IND,208,6415,59485,25/12/2023,10:08:31,15,0,25.1,1.2,3335.2,3334.0,2,1,1.00,CYCLE,E
IND,208,6415,59486,25/12/2023,10:10:42,15,1,30.2,1.0,2171.0,2170.9,2,1,1.00,CYCLE,W
IND,208,6415,59485,25/12/2023,10:12:16,15,0,16.1,1.1,225.0,224.8,2,1,1.00,CYCLE,E
IND,208,6415,59486,25/12/2023,10:25:13,15,1,33.0,1.1,871.7,871.6,2,1,1.00,CYCLE,W
IND,208,6415,59486,25/12/2023,10:30:26,15,1,23.1,1.0,313.1,313.0,2,1,1.00,CYCLE,W
IND,208,6415,59485,25/12/2023,10:50:34,15,0,19.9,1.1,2298.0,2297.7,2,1,1.00,CYCLE,E
IND,208,6415,59485,25/12/2023,11:25:43,15,0,21.2,1.0,2108.8,2108.6,2,1,1.00,CYCLE,E
IND,208,6415,59486,25/12/2023,11:27:14,15,1,6.9,1.0,3407.2,3407.2,2,1,0.50,CYCLE,W
IND,208,6415,59485,25/12/2023,11:27:14,15,0,6.9,1.0,0.0,0.0,2,1,0.50,CYCLE,E
IND,208,6415,59486,25/12/2023,11:54:19,15,1,2.5,1.0,1625.0,1624.2,2,1,0.33,CYCLE,W
IND,208,6415,59486,25/12/2023,14:19:29,15,1,26.3,1.0,4009.3,4009.2,2,1,1.00,CYCLE,W
IND,208,6415,59485,25/12/2023,14:20:58,15,0,30.0,1.2,10515.6,10515.5,2,1,1.00,CYCLE,E
IND,208,6415,59485,25/12/2023,14:25:58,15,0,22.4,1.1,299.8,299.6,2,1,1.00,CYCLE,E
IND,208,6415,59486,25/12/2023,14:26:39,15,1,22.6,1.0,430.0,429.9,2,1,1.00,CYCLE,W
IND,208,6415,59486,25/12/2023,14:34:29,15,1,31.0,1.1,469.9,469.7,2,1,1.00,CYCLE,W
IND,208,6415,59486,25/12/2023,14:41:56,15,1,11.1,1.0,97.2,97.2,2,1,0.40,CYCLE,W
IND,208,6415,59486,25/12/2023,14:44:09,15,1,28.0,1.2,132.7,132.3,2,1,1.00,CYCLE,W
IND,208,6415,59485,25/12/2023,15:16:25,15,0,24.0,1.1,2661.5,2661.5,2,1,1.00,CYCLE,E
IND,208,6415,59485,25/12/2023,15:42:08,15,0,4.7,1.0,1543.1,1542.9,2,1,0.63,CYCLE,E
IND,208,6415,59485,25/12/2023,15:42:08,15,0,4.7,1.0,0.0,0.0,2,1,0.63,CYCLE,E
IND,208,6415,59486,25/12/2023,15:58:36,15,1,1.2,0.4,4467.2,4468.1,2,1,0.80,CYCLE,W
IND,208,6415,59486,25/12/2023,16:10:36,15,1,21.6,1.0,720.5,719.4,2,1,1.00,CYCLE,W
IND,208,6415,59486,25/12/2023,16:10:37,15,1,21.3,1.0,0.5,0.3,2,1,1.00,CYCLE,W
IND,208,6415,59485,25/12/2023,16:12:29,15,0,33.1,1.2,480.1,480.1,2,1,1.00,CYCLE,E
IND,208,6415,59485,25/12/2023,16:16:10,15,0,20.5,0.9,221.1,221.0,2,1,1.00,CYCLE,E
IND,208,6415,59485,25/12/2023,16:16:34,15,0,21.7,1.1,23.5,23.3,2,1,1.00,CYCLE,E
IND,208,6415,59486,25/12/2023,16:34:38,15,1,7.0,0.8,1440.7,1440.7,2,1,1.00,CYCLE,W
IND,208,6415,59486,25/12/2023,16:37:45,15,1,19.8,1.0,187.8,187.2,2,1,1.00,CYCLE,W
IND,208,6415,59486,25/12/2023,16:37:54,15,1,21.2,1.0,8.5,8.3,2,1,1.00,CYCLE,W
IND,208,6415,59486,25/12/2023,16:37:56,15,1,17.8,1.0,2.4,2.3,2,1,1.00,CYCLE,W
IND,208,6415,59486,25/12/2023,16:38:46,15,1,28.8,1.0,49.3,49.0,2,1,1.00,CYCLE,W
IND,208,6415,59486,25/12/2023,16:46:33,15,1,2.7,0.4,467.8,468.2,2,1,1.00,CYCLE,W
IND,208,6415,59485,25/12/2023,16:53:02,15,0,23.0,1.2,2188.6,2188.4,2,1,1.00,CYCLE,E
IND,208,6415,59486,25/12/2023,16:53:35,15,1,28.3,1.1,421.4,420.9,2,1,1.00,CYCLE,W
IND,208,6415,59485,25/12/2023,17:00:17,15,0,24.8,1.0,434.6,434.4,2,1,1.00,CYCLE,E
IND,208,6415,59485,25/12/2023,17:02:52,15,0,22.4,1.1,155.2,155.1,2,1,1.00,CYCLE,E
IND,208,6415,59485,25/12/2023,17:02:53,15,0,22.9,1.1,0.7,0.5,2,1,1.00,CYCLE,E
IND,208,6415,59486,25/12/2023,17:04:23,15,1,22.2,1.0,647.7,647.6,2,1,1.00,CYCLE,W
IND,208,6415,59486,25/12/2023,17:09:25,15,1,21.5,1.0,302.7,302.5,2,1,1.00,CYCLE,W
IND,208,6415,59486,25/12/2023,17:10:34,15,1,2.9,0.5,68.5,68.8,2,1,0.80,CYCLE,W
IND,208,6415,59486,25/12/2023,17:15:29,15,1,25.4,1.0,295.5,295.0,2,1,1.00,CYCLE,W
IND,208,6415,59485,25/12/2023,17:16:48,15,0,31.2,1.1,835.6,835.4,2,1,1.00,CYCLE,E
IND,208,6415,59485,25/12/2023,17:21:53,15,0,21.2,1.0,304.9,304.7,2,1,1.00,CYCLE,E
IND,208,6415,59485,25/12/2023,17:37:08,15,0,19.2,1.0,914.9,914.7,2,1,1.00,CYCLE,E
IND,208,6415,59486,25/12/2023,17:38:12,15,1,20.0,1.0,1362.4,1362.3,2,1,1.00,CYCLE,W
IND,208,6415,59486,25/12/2023,17:45:48,15,1,23.9,1.1,456.3,456.1,2,1,1.00,CYCLE,W
IND,208,6415,59485,25/12/2023,17:49:08,15,0,20.0,1.0,719.4,719.2,2,1,1.00,CYCLE,E
IND,208,6415,59485,25/12/2023,17:49:08,15,0,20.0,1.0,0.0,0.0,2,1,1.00,CYCLE,E
IND,208,6415,59485,25/12/2023,17:49:08,15,0,20.0,1.0,0.0,0.0,2,1,1.00,CYCLE,E
IND,208,6415,59485,25/12/2023,17:55:45,15,0,30.9,0.9,397.2,396.5,2,1,1.00,CYCLE,E
IND,208,6415,59485,25/12/2023,18:00:08,15,0,15.7,1.0,262.9,262.8,2,1,1.00,CYCLE,E
IND,208,6415,59486,25/12/2023,18:02:20,15,1,21.3,1.0,991.6,991.4,2,1,1.00,CYCLE,W
IND,208,6415,59486,25/12/2023,18:05:54,15,1,23.4,1.0,214.1,213.9,2,1,1.00,CYCLE,W
IND,208,6415,59485,25/12/2023,18:06:12,15,0,29.6,1.1,364.8,364.5,2,1,1.00,CYCLE,E
IND,208,6415,59485,25/12/2023,18:12:56,15,0,20.3,1.0,403.5,403.4,2,1,1.00,CYCLE,E
IND,208,6415,59485,25/12/2023,18:21:27,15,0,20.2,1.0,511.1,510.9,2,1,1.00,CYCLE,E
IND,208,6415,59485,25/12/2023,18:21:28,15,0,20.1,1.0,0.7,0.5,2,1,1.00,CYCLE,E
IND,208,6415,59485,25/12/2023,18:21:29,15,0,21.1,1.0,1.0,0.8,2,1,1.00,CYCLE,E
IND,208,6415,59485,25/12/2023,18:21:37,15,0,20.6,0.9,8.4,8.3,2,1,1.00,CYCLE,E
IND,208,6415,59486,25/12/2023,18:24:11,15,1,26.7,1.1,1097.2,1097.0,2,1,1.00,CYCLE,W
IND,208,6415,59486,25/12/2023,18:25:28,15,1,21.8,0.9,77.1,77.0,2,1,1.00,CYCLE,W
IND,208,6415,59485,25/12/2023,18:34:36,15,0,20.8,0.9,778.7,778.5,2,1,1.00,CYCLE,E
IND,208,6415,59485,25/12/2023,18:35:29,15,0,19.5,0.9,53.5,53.3,2,1,1.00,CYCLE,E
IND,208,6415,59485,25/12/2023,18:36:07,15,0,14.4,0.9,37.5,37.3,2,1,1.00,CYCLE,E
IND,208,6415,59485,25/12/2023,18:36:08,15,0,20.4,1.1,1.1,0.8,2,1,1.00,CYCLE,E
IND,208,6415,59486,25/12/2023,18:40:18,15,1,20.8,0.9,252.7,252.8,2,1,1.00,CYCLE,W
IND,208,6415,59485,25/12/2023,18:45:42,15,0,20.7,0.9,574.2,574.0,2,1,1.00,CYCLE,E
IND,208,6415,59486,25/12/2023,18:46:12,15,1,20.8,0.9,354.1,353.9,2,1,1.00,CYCLE,W
IND,208,6415,59486,25/12/2023,18:52:54,15,1,18.2,1.0,402.2,402.1,2,1,1.00,CYCLE,W
IND,208,6415,59486,25/12/2023,18:52:58,15,1,15.2,0.9,3.5,3.3,2,1,1.00,CYCLE,W
IND,208,6415,59485,25/12/2023,18:57:29,15,0,28.4,1.1,707.5,707.4,2,1,1.00,CYCLE,E
IND,208,6415,59486,25/12/2023,19:07:07,15,1,21.7,1.0,849.1,848.8,2,1,1.00,CYCLE,W
IND,208,6415,59485,25/12/2023,19:11:10,15,0,11.6,1.0,820.3,820.1,2,1,1.00,CYCLE,E
IND,208,6415,59485,25/12/2023,19:21:42,15,0,21.1,1.0,631.9,631.6,2,1,1.00,CYCLE,E
IND,208,6415,59485,25/12/2023,19:21:47,15,0,19.5,1.0,5.0,4.8,2,1,1.00,CYCLE,E
IND,208,6415,59486,25/12/2023,19:51:06,15,1,25.3,1.0,2639.1,2638.9,2,1,1.00,CYCLE,W
IND,208,6415,59485,25/12/2023,19:53:54,15,0,23.1,0.9,1927.3,1927.1,2,1,1.00,CYCLE,E
IND,208,6415,59485,25/12/2023,20:08:21,15,0,14.8,1.1,867.5,867.3,2,1,1.00,CYCLE,E
IND,208,6415,59486,25/12/2023,20:36:18,15,1,23.8,0.9,2712.3,2712.2,2,1,1.00,CYCLE,W
IND,208,6415,59485,25/12/2023,21:20:45,15,0,47.5,1.0,3599.3,3598.4,2,1,1.00,CYCLE,E
IND,208,6415,59486,25/12/2023,21:44:53,15,1,37.1,1.1,4114.9,4114.8,2,1,1.00,CYCLE,W
IND,208,6415,59485,25/12/2023,21:52:33,15,0,23.9,1.0,1907.1,1907.0,2,1,1.00,CYCLE,E
IND,208,6415,59485,25/12/2023,22:39:35,15,0,19.1,1.0,2822.0,2821.8,2,1,1.00,CYCLE,E
IND,208,6415,59485,25/12/2023,22:39:38,15,0,17.5,1.0,3.5,3.3,2,1,1.00,CYCLE,E
IND,208,6415,59486,25/12/2023,22:44:40,15,1,21.7,1.2,3586.8,3586.8,2,1,1.00,CYCLE,W
IND,208,6415,59486,25/12/2023,22:44:40,15,1,20.9,1.1,0.3,0.1,2,1,1.00,CYCLE,W
IND,208,6415,59485,25/12/2023,23:15:24,15,0,19.6,1.0,2145.6,2145.4,2,1,1.00,CYCLE,E
IND,208,6415,59485,25/12/2023,23:20:55,15,0,21.1,0.9,331.0,330.8,2,1,1.00,CYCLE,E
IND,208,6415,59485,26/12/2023,01:04:11,15,0,25.2,1.2,6196.6,6196.5,2,1,1.00,CYCLE,E
IND,208,6415,59485,26/12/2023,01:05:04,15,0,24.1,1.0,52.2,52.1,2,1,1.00,CYCLE,E
IND,208,6415,59485,26/12/2023,01:05:04,15,0,24.1,1.0,0.0,0.0,2,1,1.00,CYCLE,E
IND,208,6415,59485,26/12/2023,02:47:16,15,0,19.6,1.0,6132.8,6132.5,2,1,1.00,CYCLE,E
IND,208,6415,59486,26/12/2023,03:00:20,15,1,19.8,0.9,15339.9,15339.7,2,1,1.00,CYCLE,W
IND,208,6415,59485,26/12/2023,03:10:17,15,0,26.7,1.1,1380.2,1380.0,2,1,1.00,CYCLE,E
IND,208,6415,59486,26/12/2023,05:04:25,15,1,27.8,1.1,7445.2,7445.0,2,1,1.00,CYCLE,W
IND,208,6415,59485,26/12/2023,05:52:50,15,0,18.0,1.0,9752.9,9752.8,2,1,1.00,CYCLE,E
IND,208,6415,59485,26/12/2023,05:56:30,15,0,20.7,0.9,220.4,220.2,2,1,1.00,CYCLE,E
IND,208,6415,59486,26/12/2023,05:57:11,15,1,32.6,1.1,3165.8,3165.6,2,1,1.00,CYCLE,W
IND,208,6415,59486,26/12/2023,06:01:57,15,1,25.0,1.0,285.9,285.8,2,1,1.00,CYCLE,W
IND,208,6415,59486,26/12/2023,06:12:35,15,1,36.0,1.0,637.7,637.5,2,1,1.00,CYCLE,W
IND,208,6415,59485,26/12/2023,06:13:55,15,0,37.6,0.2,1045.0,1044.9,2,1,1.00,CYCLE,E
IND,208,6415,59486,26/12/2023,06:15:35,15,1,27.7,1.0,180.4,180.3,2,1,1.00,CYCLE,W
IND,208,6415,59486,26/12/2023,06:21:15,15,1,30.2,1.1,340.1,340.0,2,1,1.00,CYCLE,W
IND,208,6415,59486,26/12/2023,06:26:49,15,1,26.6,1.0,333.3,333.2,2,1,1.00,CYCLE,W
IND,208,6415,59486,26/12/2023,06:33:21,15,1,10.9,1.0,392.2,392.1,2,1,0.31,CYCLE,W
IND,208,6415,59486,26/12/2023,06:33:21,15,1,10.9,1.0,0.0,0.0,2,1,0.31,CYCLE,W
IND,208,6415,59486,26/12/2023,06:34:06,15,1,32.3,1.0,29.3,28.3,2,1,1.00,CYCLE,W
IND,208,6415,59485,26/12/2023,06:36:25,15,0,30.5,1.1,164.5,164.5,2,1,1.00,CYCLE,E
IND,208,6415,59486,26/12/2023,06:37:49,15,1,23.7,1.0,222.7,222.6,2,1,1.00,CYCLE,W
IND,208,6415,59486,26/12/2023,06:40:19,15,1,27.0,1.1,150.0,149.9,2,1,1.00,CYCLE,W
IND,208,6415,59486,26/12/2023,06:41:44,15,1,2.5,0.4,84.8,85.2,2,1,1.00,CYCLE,W
IND,208,6415,59486,26/12/2023,06:49:54,15,1,4.6,1.0,489.7,489.5,2,1,0.40,CYCLE,W
IND,208,6415,59485,26/12/2023,06:52:30,15,0,21.7,1.1,964.5,964.4,2,1,1.00,CYCLE,E
IND,208,6415,59486,26/12/2023,06:53:36,15,1,30.2,1.0,222.2,221.2,2,1,1.00,CYCLE,W
IND,208,6415,59485,26/12/2023,06:55:20,15,0,17.3,1.0,169.8,169.6,2,1,1.00,CYCLE,E
IND,208,6415,59486,26/12/2023,06:58:25,15,1,30.8,1.0,288.8,288.7,2,1,1.00,CYCLE,W
IND,208,6415,59485,26/12/2023,07:00:10,15,0,27.6,1.0,290.1,289.9,2,1,1.00,CYCLE,E
IND,208,6415,59485,26/12/2023,07:00:12,15,0,5.5,1.0,2.3,2.2,2,1,0.44,CYCLE,E
IND,208,6415,59485,26/12/2023,07:00:12,15,0,5.5,1.0,0.0,0.0,2,1,0.44,CYCLE,E
IND,208,6415,59485,26/12/2023,07:02:38,15,0,10.0,1.0,145.7,144.9,2,1,0.67,CYCLE,E
IND,208,6415,59486,26/12/2023,07:02:53,15,1,24.6,1.1,268.2,268.1,2,1,1.00,CYCLE,W
IND,208,6415,59486,26/12/2023,07:02:59,15,1,30.6,1.0,5.8,5.6,2,1,1.00,CYCLE,W
IND,208,6415,59486,26/12/2023,07:08:08,15,1,27.5,1.0,309.4,309.3,2,1,1.00,CYCLE,W
IND,208,6415,59486,26/12/2023,07:10:20,15,1,31.9,1.1,132.3,132.2,2,1,1.00,CYCLE,W
IND,208,6415,59486,26/12/2023,07:11:53,15,1,32.6,1.0,92.6,92.5,2,1,1.00,CYCLE,W
IND,208,6415,59486,26/12/2023,07:12:57,15,1,26.8,1.0,63.6,63.5,2,1,1.00,CYCLE,W
IND,208,6415,59486,26/12/2023,07:12:57,15,1,26.9,1.0,0.7,0.6,2,1,1.00,CYCLE,W
IND,208,6415,59485,26/12/2023,07:13:03,15,0,15.9,1.1,148.4,148.0,2,1,1.00,CYCLE,E
IND,208,6415,59486,26/12/2023,07:15:12,15,1,26.9,1.1,134.6,134.4,2,1,1.00,CYCLE,W
IND,208,6415,59485,26/12/2023,07:19:35,15,0,25.9,1.0,391.4,391.1,2,1,1.00,CYCLE,E
IND,208,6415,59486,26/12/2023,07:22:31,15,1,2.5,1.0,439.4,439.2,2,1,0.31,CYCLE,W
IND,208,6415,59486,26/12/2023,07:28:16,15,1,25.5,1.0,341.8,341.7,2,1,1.00,CYCLE,W
IND,208,6415,59486,26/12/2023,07:32:14,15,1,20.9,1.0,237.9,237.7,2,1,1.00,CYCLE,W
IND,208,6415,59486,26/12/2023,07:32:23,15,1,22.7,1.1,8.7,8.5,2,1,1.00,CYCLE,W
IND,208,6415,59486,26/12/2023,07:36:59,15,1,4.5,0.5,276.0,276.1,2,1,0.80,CYCLE,W
IND,208,6415,59485,26/12/2023,07:40:29,15,0,20.9,1.0,39.6,39.3,2,1,1.00,CYCLE,E
IND,208,6415,59485,26/12/2023,07:46:10,15,0,22.5,1.1,340.7,340.5,2,1,1.00,CYCLE,E
IND,208,6415,59486,26/12/2023,07:47:01,15,1,25.9,1.0,602.4,602.1,2,1,1.00,CYCLE,W
IND,208,6415,59485,26/12/2023,07:47:28,15,0,26.2,1.0,77.7,77.6,2,1,1.00,CYCLE,E
IND,208,6415,59486,26/12/2023,07:51:47,15,1,29.4,1.0,286.4,286.3,2,1,1.00,CYCLE,W
IND,208,6415,59486,26/12/2023,07:51:48,15,1,30.3,1.0,0.5,0.4,2,1,1.00,CYCLE,W
IND,208,6415,59485,26/12/2023,07:59:03,15,0,17.2,1.0,40.4,40.4,2,1,1.00,CYCLE,E
IND,208,6415,59486,26/12/2023,07:59:47,15,1,22.6,1.1,479.5,479.4,2,1,1.00,CYCLE,W
IND,208,6415,59486,26/12/2023,07:59:49,15,1,24.7,1.1,1.7,1.6,2,1,1.00,CYCLE,W
IND,208,6415,59486,26/12/2023,08:06:05,15,1,5.9,1.0,375.5,375.6,2,1,0.33,CYCLE,W
IND,208,6415,59485,26/12/2023,08:12:34,15,0,13.8,1.1,166.4,166.4,2,1,1.00,CYCLE,E
IND,208,6415,59486,26/12/2023,08:13:02,15,1,28.8,1.0,417.6,416.0,2,1,1.00,CYCLE,W
IND,208,6415,59485,26/12/2023,08:13:20,15,0,19.8,0.9,45.8,45.5,2,1,1.00,CYCLE,E
IND,208,6415,59485,26/12/2023,08:13:20,15,0,20.4,1.0,0.5,0.3,2,1,1.00,CYCLE,E
IND,208,6415,59486,26/12/2023,08:20:46,15,1,21.5,1.0,307.6,307.1,2,1,1.00,CYCLE,W
IND,208,6415,59485,26/12/2023,08:22:08,15,0,21.1,1.1,528.0,527.8,2,1,1.00,CYCLE,E
IND,208,6415,59485,26/12/2023,08:22:23,15,0,23.1,1.2,15.5,15.3,2,1,1.00,CYCLE,E
IND,208,6415,59485,26/12/2023,08:25:42,15,0,20.1,1.0,199.0,198.8,2,1,1.00,CYCLE,E
IND,208,6415,59485,26/12/2023,08:25:43,15,0,19.6,1.0,0.8,0.6,2,1,1.00,CYCLE,E
IND,208,6415,59485,26/12/2023,08:26:27,15,0,27.7,1.0,43.4,43.3,2,1,1.00,CYCLE,E
IND,208,6415,59486,26/12/2023,08:27:26,15,1,26.7,1.0,47.6,47.5,2,1,1.00,CYCLE,W
IND,208,6415,59486,26/12/2023,08:28:00,15,1,22.5,1.0,34.1,34.0,2,1,1.00,CYCLE,W
IND,208,6415,59486,26/12/2023,08:30:10,15,1,32.7,1.0,130.2,130.0,2,1,1.00,CYCLE,W
IND,208,6415,59485,26/12/2023,08:31:16,15,0,23.5,1.0,288.9,288.8,2,1,1.00,CYCLE,E
IND,208,6415,59486,26/12/2023,08:31:39,15,1,32.9,1.0,88.5,88.4,2,1,1.00,CYCLE,W
IND,208,6415,59486,26/12/2023,08:33:58,15,1,26.2,1.0,138.8,138.7,2,1,1.00,CYCLE,W
IND,208,6415,59486,26/12/2023,08:34:03,15,1,21.1,0.9,5.4,5.2,2,1,1.00,CYCLE,W
IND,208,6415,59486,26/12/2023,08:36:48,15,1,24.3,1.1,164.5,164.3,2,1,1.00,CYCLE,W
IND,208,6415,59486,26/12/2023,08:37:07,15,1,33.3,1.0,19.7,19.5,2,1,1.00,CYCLE,W
IND,208,6415,59486,26/12/2023,08:37:29,15,1,31.6,1.0,21.4,21.3,2,1,1.00,CYCLE,W
IND,208,6415,59486,26/12/2023,08:38:06,15,1,32.0,1.1,37.7,37.5,2,1,1.00,CYCLE,W
IND,208,6415,59485,26/12/2023,08:39:37,15,0,14.7,1.1,501.4,501.2,2,1,1.00,CYCLE,E
IND,208,6415,59486,26/12/2023,08:40:15,15,1,29.1,1.0,129.0,128.8,2,1,1.00,CYCLE,W
IND,208,6415,59486,26/12/2023,08:41:06,15,1,27.8,1.0,50.6,50.5,2,1,1.00,CYCLE,W
IND,208,6415,59486,26/12/2023,08:45:23,15,1,8.9,1.0,89.5,89.3,2,1,0.50,CYCLE,W
IND,208,6415,59485,26/12/2023,08:50:21,15,0,17.4,1.1,643.8,643.5,2,1,1.00,CYCLE,E
IND,208,6415,59485,26/12/2023,08:50:21,15,0,17.8,1.1,0.5,0.3,2,1,1.00,CYCLE,E
IND,208,6415,59485,26/12/2023,08:51:01,15,0,23.5,0.9,39.4,39.2,2,1,1.00,CYCLE,E
IND,208,6415,59485,26/12/2023,08:51:05,15,0,22.4,0.9,3.9,3.7,2,1,1.00,CYCLE,E
IND,208,6415,59486,26/12/2023,08:51:15,15,1,25.0,1.0,352.1,351.4,2,1,1.00,CYCLE,W
IND,208,6415,59485,26/12/2023,08:51:22,15,0,19.6,1.0,17.7,17.5,2,1,1.00,CYCLE,E
IND,208,6415,59485,26/12/2023,08:54:27,15,0,21.3,1.0,184.3,184.1,2,1,1.00,CYCLE,E
IND,208,6415,59486,26/12/2023,08:56:03,15,1,21.1,1.0,287.3,287.2,2,1,1.00,CYCLE,W
IND,208,6415,59485,26/12/2023,08:56:39,15,0,20.4,1.0,132.4,132.2,2,1,1.00,CYCLE,E
IND,208,6415,59486,26/12/2023,08:56:48,15,1,22.4,1.1,45.2,45.0,2,1,1.00,CYCLE,W
IND,208,6415,59486,26/12/2023,09:01:17,15,1,30.9,1.0,196.1,195.8,2,1,1.00,CYCLE,W
IND,208,6415,59486,26/12/2023,09:01:37,15,1,31.7,1.1,19.3,19.2,2,1,1.00,CYCLE,W
IND,208,6415,59485,26/12/2023,09:01:59,15,0,11.0,0.3,320.2,320.0,2,1,0.80,CYCLE,E
IND,208,6415,59485,26/12/2023,09:02:51,15,0,24.6,1.1,51.6,51.5,2,1,1.00,CYCLE,E
IND,208,6415,59486,26/12/2023,09:08:27,15,1,29.4,1.0,410.0,409.9,2,1,1.00,CYCLE,W
IND,208,6415,59486,26/12/2023,09:13:20,15,1,24.6,1.1,293.3,293.1,2,1,1.00,CYCLE,W
IND,208,6415,59486,26/12/2023,09:17:56,15,1,28.3,1.0,275.5,275.3,2,1,1.00,CYCLE,W
IND,208,6415,59486,26/12/2023,09:18:39,15,1,24.0,0.9,43.3,43.2,2,1,1.00,CYCLE,W
IND,208,6415,59486,26/12/2023,09:19:21,15,1,25.1,1.1,42.2,42.1,2,1,1.00,CYCLE,W
IND,208,6415,59486,26/12/2023,09:19:58,15,1,21.4,1.0,37.5,37.4,2,1,1.00,CYCLE,W
IND,208,6415,59485,26/12/2023,09:20:57,15,0,21.1,1.0,108.1,107.5,2,1,1.00,CYCLE,E
IND,208,6415,59485,26/12/2023,09:21:56,15,0,19.7,1.1,59.6,59.4,2,1,1.00,CYCLE,E
IND,208,6415,59485,26/12/2023,09:21:59,15,0,16.2,1.1,2.8,2.6,2,1,1.00,CYCLE,E
IND,208,6415,59485,26/12/2023,09:22:00,15,0,16.6,1.1,0.5,0.3,2,1,1.00,CYCLE,E
IND,208,6415,59485,26/12/2023,09:22:07,15,0,18.7,1.1,7.2,7.0,2,1,1.00,CYCLE,E
IND,208,6415,59486,26/12/2023,09:24:22,15,1,33.1,1.0,263.3,263.1,2,1,1.00,CYCLE,W
IND,208,6415,59486,26/12/2023,09:24:55,15,1,16.0,1.0,32.8,32.7,2,1,1.00,CYCLE,W
IND,208,6415,59485,26/12/2023,09:24:56,15,0,3.2,1.0,168.9,168.6,2,1,0.18,CYCLE,E
IND,208,6415,59485,26/12/2023,09:24:56,15,0,3.2,1.0,0.0,0.0,2,1,0.18,CYCLE,E
IND,208,6415,59486,26/12/2023,09:26:10,15,1,18.4,1.1,75.5,75.3,2,1,1.00,CYCLE,W
IND,208,6415,59485,26/12/2023,09:28:08,15,0,18.6,1.0,192.9,190.4,2,1,1.00,CYCLE,E
IND,208,6415,59485,26/12/2023,09:31:16,15,0,15.0,1.0,188.0,187.8,2,1,1.00,CYCLE,E
IND,208,6415,59485,26/12/2023,09:31:16,15,0,15.0,1.0,0.0,0.0,2,1,1.00,CYCLE,E
IND,208,6415,59486,26/12/2023,09:32:16,15,1,25.9,1.0,364.7,364.2,2,1,1.00,CYCLE,W
IND,208,6415,59485,26/12/2023,09:33:27,15,0,20.7,1.0,130.1,129.8,2,1,1.00,CYCLE,E
IND,208,6415,59485,26/12/2023,09:36:22,15,0,26.6,1.0,175.2,175.0,2,1,1.00,CYCLE,E
IND,208,6415,59485,26/12/2023,09:36:44,15,0,18.3,1.0,22.2,22.1,2,1,1.00,CYCLE,E
IND,208,6415,59486,26/12/2023,09:38:17,15,1,27.1,1.0,361.7,361.5,2,1,1.00,CYCLE,W
IND,208,6415,59486,26/12/2023,09:41:15,15,1,29.4,1.1,177.6,177.5,2,1,1.00,CYCLE,W
IND,208,6415,59485,26/12/2023,09:41:30,15,0,16.6,1.0,181.1,180.8,2,1,1.00,CYCLE,E
IND,208,6415,59485,26/12/2023,09:41:30,15,0,16.6,1.0,0.0,0.0,2,1,1.00,CYCLE,E
IND,208,6415,59486,26/12/2023,09:43:00,15,1,21.2,1.0,105.0,104.9,2,1,1.00,CYCLE,W
IND,208,6415,59486,26/12/2023,09:43:34,15,1,29.8,1.1,33.5,33.3,2,1,1.00,CYCLE,W
IND,208,6415,59485,26/12/2023,09:45:23,15,0,15.0,1.1,232.8,232.4,2,1,1.00,CYCLE,E
IND,208,6415,59486,26/12/2023,09:49:01,15,1,29.5,1.0,327.3,327.2,2,1,1.00,CYCLE,W
IND,208,6415,59486,26/12/2023,09:54:28,15,1,23.9,1.1,327.0,326.9,2,1,1.00,CYCLE,W
IND,208,6415,59485,26/12/2023,09:54:49,15,0,17.4,1.0,565.8,565.5,2,1,1.00,CYCLE,E
IND,208,6415,59485,26/12/2023,09:55:08,15,0,5.1,0.6,18.9,18.6,2,1,0.80,CYCLE,E
IND,208,6415,59485,26/12/2023,09:55:17,15,0,10.8,1.0,9.7,9.4,2,1,1.00,CYCLE,E
IND,208,6415,59485,26/12/2023,09:55:22,15,0,5.1,1.0,4.7,4.4,2,1,0.67,CYCLE,E
IND,208,6415,59485,26/12/2023,09:56:11,15,0,4.3,1.0,49.3,48.1,2,1,0.29,CYCLE,E
IND,208,6415,59485,26/12/2023,09:56:32,15,0,8.7,1.0,20.8,20.0,2,1,0.67,CYCLE,E
IND,208,6415,59485,26/12/2023,09:56:32,15,0,8.7,1.0,0.0,0.0,2,1,0.67,CYCLE,E
IND,208,6415,59485,26/12/2023,09:56:41,15,0,16.5,1.0,8.9,7.0,2,1,1.00,CYCLE,E
IND,208,6415,59486,26/12/2023,09:56:57,15,1,20.2,1.0,29.7,29.6,2,1,1.00,CYCLE,W
IND,208,6415,59485,26/12/2023,09:57:15,15,0,25.7,1.0,34.3,34.1,2,1,1.00,CYCLE,E
IND,208,6415,59486,26/12/2023,09:58:59,15,1,25.9,1.1,122.3,122.1,2,1,1.00,CYCLE,W
IND,208,6415,59485,26/12/2023,09:59:06,15,0,21.0,0.9,110.4,110.3,2,1,1.00,CYCLE,E
IND,208,6415,59485,26/12/2023,09:59:11,15,0,20.9,0.9,5.4,5.3,2,1,1.00,CYCLE,E
IND,208,6415,59486,26/12/2023,09:59:14,15,1,27.1,1.1,14.6,14.4,2,1,1.00,CYCLE,W
IND,208,6415,59485,26/12/2023,09:59:23,15,0,20.8,0.9,11.9,11.7,2,1,1.00,CYCLE,E
IND,208,6415,59486,26/12/2023,09:59:38,15,1,28.4,1.0,24.4,24.2,2,1,1.00,CYCLE,W
IND,208,6415,59486,26/12/2023,09:59:51,15,1,28.1,1.0,13.0,12.9,2,1,1.00,CYCLE,W
IND,208,6415,59486,26/12/2023,09:59:53,15,1,29.4,1.0,2.2,2.1,2,1,1.00,CYCLE,W
IND,208,6415,59485,26/12/2023,10:00:00,15,0,27.7,1.2,36.6,36.4,2,1,1.00,CYCLE,E
IND,208,6415,59485,26/12/2023,10:00:12,15,0,16.0,1.1,12.5,12.3,2,1,1.00,CYCLE,E
IND,208,6415,59486,26/12/2023,10:01:36,15,1,22.3,1.0,103.3,103.2,2,1,1.00,CYCLE,W
IND,208,6415,59486,26/12/2023,10:01:38,15,1,22.8,0.9,1.7,1.6,2,1,1.00,CYCLE,W
IND,208,6415,59486,26/12/2023,10:03:43,15,1,19.3,0.9,125.1,125.0,2,1,1.00,CYCLE,W
IND,208,6415,59486,26/12/2023,10:03:52,15,1,23.6,1.0,8.4,8.2,2,1,1.00,CYCLE,W
IND,208,6415,59486,26/12/2023,10:03:52,15,1,16.1,1.1,0.3,0.2,2,1,1.00,CYCLE,W
IND,208,6415,59486,26/12/2023,10:03:53,15,1,53.8,1.0,0.6,0.2,2,1,0.40,CYCLE,W
IND,208,6415,59485,26/12/2023,10:04:40,15,0,26.0,1.0,86.2,86.1,2,1,1.00,CYCLE,E
IND,208,6415,59485,26/12/2023,10:04:53,15,0,29.1,1.1,13.0,12.9,2,1,1.00,CYCLE,E
IND,208,6415,59486,26/12/2023,10:05:41,15,1,23.7,1.0,108.2,108.1,2,1,1.00,CYCLE,W
IND,208,6415,59486,26/12/2023,10:05:43,15,1,22.3,1.0,1.9,1.8,2,1,1.00,CYCLE,W
IND,208,6415,59485,26/12/2023,10:07:18,15,0,28.6,1.0,144.8,144.7,2,1,1.00,CYCLE,E
IND,208,6415,59486,26/12/2023,10:08:54,15,1,22.8,1.0,190.9,190.7,2,1,1.00,CYCLE,W
IND,208,6415,59486,26/12/2023,10:08:55,15,1,20.8,1.1,1.9,1.7,2,1,1.00,CYCLE,W
IND,208,6415,59485,26/12/2023,10:11:10,15,0,30.3,1.0,232.1,231.9,2,1,1.00,CYCLE,E
IND,208,6415,59485,26/12/2023,10:12:02,15,0,21.2,1.0,52.3,52.1,2,1,1.00,CYCLE,E
IND,208,6415,59486,26/12/2023,10:12:22,15,1,28.7,1.1,206.2,206.0,2,1,1.00,CYCLE,W
IND,208,6415,59485,26/12/2023,10:12:32,15,0,19.9,1.0,29.2,29.1,2,1,1.00,CYCLE,E
IND,208,6415,59485,26/12/2023,10:12:32,15,0,19.9,1.0,0.0,0.0,2,1,1.00,CYCLE,E
IND,208,6415,59486,26/12/2023,10:19:59,15,1,23.9,1.0,456.9,456.8,2,1,1.00,CYCLE,W
IND,208,6415,59486,26/12/2023,10:20:11,15,1,27.2,1.0,12.6,12.4,2,1,1.00,CYCLE,W
IND,208,6415,59486,26/12/2023,10:21:23,15,1,22.5,1.0,71.9,71.8,2,1,1.00,CYCLE,W
IND,208,6415,59486,26/12/2023,10:21:33,15,1,21.9,0.9,10.5,10.3,2,1,1.00,CYCLE,W
IND,208,6415,59486,26/12/2023,10:21:52,15,1,14.2,1.1,19.0,18.9,2,1,1.00,CYCLE,W
IND,208,6415,59485,26/12/2023,10:22:52,15,0,15.3,1.0,620.8,620.6,2,1,1.00,CYCLE,E
IND,208,6415,59485,26/12/2023,10:22:53,15,0,16.7,1.0,0.9,0.6,2,1,1.00,CYCLE,E
IND,208,6415,59485,26/12/2023,10:22:55,15,0,18.0,1.0,2.1,1.8,2,1,1.00,CYCLE,E
IND,208,6415,59485,26/12/2023,10:22:57,15,0,18.0,1.1,1.4,1.2,2,1,1.00,CYCLE,E
IND,208,6415,59485,26/12/2023,10:23:00,15,0,19.3,1.0,3.3,3.0,2,1,1.00,CYCLE,E
IND,208,6415,59486,26/12/2023,10:23:57,15,1,28.3,1.1,124.4,124.1,2,1,1.00,CYCLE,W
IND,208,6415,59486,26/12/2023,10:24:29,15,1,28.0,1.0,31.8,31.7,2,1,1.00,CYCLE,W
IND,208,6415,59486,26/12/2023,10:24:55,15,1,21.4,1.1,26.4,26.3,2,1,1.00,CYCLE,W
IND,208,6415,59486,26/12/2023,10:24:59,15,1,21.1,1.0,3.6,3.5,2,1,1.00,CYCLE,W
IND,208,6415,59485,26/12/2023,10:26:12,15,0,14.6,1.0,192.5,192.3,2,1,1.00,CYCLE,E
IND,208,6415,59485,26/12/2023,10:28:56,15,0,15.0,1.1,163.3,162.4,2,1,1.00,CYCLE,E
IND,208,6415,59486,26/12/2023,10:29:19,15,1,20.9,1.0,260.6,260.4,2,1,1.00,CYCLE,W
IND,208,6415,59486,26/12/2023,10:29:20,15,1,21.8,1.0,0.8,0.6,2,1,1.00,CYCLE,W
IND,208,6415,59486,26/12/2023,10:31:13,15,1,25.6,1.0,112.6,112.4,2,1,1.00,CYCLE,W
IND,208,6415,59486,26/12/2023,10:31:32,15,1,37.1,0.9,19.1,19.0,2,1,1.00,CYCLE,W
IND,208,6415,59486,26/12/2023,10:31:47,15,1,13.2,1.0,15.1,15.1,2,1,1.00,CYCLE,W
IND,208,6415,59486,26/12/2023,10:31:48,15,1,13.1,1.1,0.7,0.5,2,1,1.00,CYCLE,W
IND,208,6415,59486,26/12/2023,10:31:48,15,1,13.4,1.0,0.6,0.3,2,1,1.00,CYCLE,W
IND,208,6415,59486,26/12/2023,10:32:34,15,1,30.6,1.0,45.9,45.5,2,1,1.00,CYCLE,W
IND,208,6415,59485,26/12/2023,10:32:47,15,0,22.0,1.2,231.1,230.9,2,1,1.00,CYCLE,E
IND,208,6415,59486,26/12/2023,10:35:22,15,1,27.4,1.1,167.6,167.5,2,1,1.00,CYCLE,W
IND,208,6415,59486,26/12/2023,10:36:07,15,1,22.4,1.0,44.8,44.7,2,1,1.00,CYCLE,W
IND,208,6415,59486,26/12/2023,10:36:07,15,1,22.4,1.0,0.0,0.0,2,1,1.00,CYCLE,W
IND,208,6415,59486,26/12/2023,10:36:56,15,1,9.2,1.0,49.5,49.2,2,1,0.29,CYCLE,W
IND,208,6415,59486,26/12/2023,10:39:05,15,1,32.4,0.9,128.4,127.7,2,1,1.00,CYCLE,W
IND,208,6415,59486,26/12/2023,10:39:56,15,1,20.2,1.1,51.3,51.2,2,1,1.00,CYCLE,W
IND,208,6415,59486,26/12/2023,10:45:20,15,1,26.6,1.1,324.4,324.2,2,1,1.00,CYCLE,W
IND,208,6415,59485,26/12/2023,10:47:58,15,0,2.1,0.4,36.5,36.5,2,1,1.00,CYCLE,E
IND,208,6415,59486,26/12/2023,10:49:18,15,1,30.4,1.0,238.3,238.1,2,1,1.00,CYCLE,W
IND,208,6415,59486,26/12/2023,10:50:16,15,1,26.5,1.0,58.0,57.9,2,1,1.00,CYCLE,W
IND,208,6415,59486,26/12/2023,10:51:48,15,1,19.2,1.1,91.9,91.8,2,1,1.00,CYCLE,W
IND,208,6415,59486,26/12/2023,10:51:49,15,1,25.5,1.0,1.1,0.8,2,1,1.00,CYCLE,W
IND,208,6415,59486,26/12/2023,10:51:50,15,1,19.2,1.0,0.8,0.7,2,1,1.00,CYCLE,W
IND,208,6415,59485,26/12/2023,10:52:26,15,0,27.1,1.2,268.6,267.9,2,1,1.00,CYCLE,E
IND,208,6415,59486,26/12/2023,10:53:59,15,1,29.2,1.1,129.1,128.9,2,1,1.00,CYCLE,W
IND,208,6415,59485,26/12/2023,10:54:05,15,0,30.1,1.1,98.4,98.3,2,1,1.00,CYCLE,E
IND,208,6415,59485,26/12/2023,10:55:10,15,0,15.4,1.1,65.6,65.5,2,1,1.00,CYCLE,E
IND,208,6415,59485,26/12/2023,10:55:19,15,0,21.4,1.1,8.2,8.0,2,1,1.00,CYCLE,E
IND,208,6415,59486,26/12/2023,10:56:32,15,1,28.1,1.1,153.0,152.9,2,1,1.00,CYCLE,W
IND,208,6415,59486,26/12/2023,11:00:50,15,1,29.0,1.0,257.8,257.6,2,1,1.00,CYCLE,W
IND,208,6415,59486,26/12/2023,11:00:55,15,1,26.6,1.0,5.1,5.0,2,1,1.00,CYCLE,W
IND,208,6415,59486,26/12/2023,11:00:58,15,1,29.5,1.0,3.1,3.0,2,1,1.00,CYCLE,W
IND,208,6415,59486,26/12/2023,11:04:21,15,1,18.4,1.0,202.4,202.3,2,1,1.00,CYCLE,W
IND,208,6415,59486,26/12/2023,11:04:22,15,1,17.8,1.0,0.8,0.6,2,1,1.00,CYCLE,W
IND,208,6415,59486,26/12/2023,11:07:27,15,1,30.0,1.0,185.7,185.5,2,1,1.00,CYCLE,W
IND,208,6415,59485,26/12/2023,11:07:55,15,0,18.0,1.1,72.4,72.3,2,1,1.00,CYCLE,E
IND,208,6415,59485,26/12/2023,11:08:10,15,0,24.4,1.0,14.3,14.1,2,1,1.00,CYCLE,E
IND,208,6415,59485,26/12/2023,11:09:51,15,0,5.0,0.4,100.8,100.6,2,1,0.80,CYCLE,E
IND,208,6415,59486,26/12/2023,11:10:41,15,1,18.3,0.8,193.5,193.4,2,1,1.00,CYCLE,W
IND,208,6415,59486,26/12/2023,11:10:43,15,1,21.7,0.9,1.8,1.6,2,1,1.00,CYCLE,W
IND,208,6415,59486,26/12/2023,11:11:00,15,1,28.6,1.0,17.4,17.3,2,1,1.00,CYCLE,W
IND,208,6415,59485,26/12/2023,11:11:01,15,0,20.8,0.9,70.2,70.1,2,1,1.00,CYCLE,E
IND,208,6415,59486,26/12/2023,11:11:03,15,1,28.6,1.1,2.9,2.8,2,1,1.00,CYCLE,W
IND,208,6415,59485,26/12/2023,11:11:05,15,0,21.3,0.9,4.2,4.1,2,1,1.00,CYCLE,E
IND,208,6415,59486,26/12/2023,11:11:42,15,1,28.5,1.0,39.0,38.9,2,1,1.00,CYCLE,W
IND,208,6415,59485,26/12/2023,11:14:37,15,0,26.5,1.0,212.4,212.2,2,1,1.00,CYCLE,E
IND,208,6415,59485,26/12/2023,11:14:38,15,0,17.5,1.0,0.3,0.2,2,1,1.00,CYCLE,E
IND,208,6415,59486,26/12/2023,11:16:15,15,1,27.1,1.1,266.9,266.9,2,1,1.00,CYCLE,W
IND,208,6415,59485,26/12/2023,11:16:57,15,0,21.6,1.0,89.3,89.2,2,1,1.00,CYCLE,E
IND,208,6415,59486,26/12/2023,11:17:51,15,1,26.7,1.0,23.9,23.8,2,1,1.00,CYCLE,W
IND,208,6415,59485,26/12/2023,11:20:21,15,0,18.8,1.1,204.4,204.3,2,1,1.00,CYCLE,E
IND,208,6415,59486,26/12/2023,11:20:22,15,1,29.6,1.0,150.8,150.7,2,1,1.00,CYCLE,W
IND,208,6415,59485,26/12/2023,11:21:55,15,0,18.1,1.1,93.8,93.5,2,1,1.00,CYCLE,E
IND,208,6415,59486,26/12/2023,11:22:32,15,1,24.6,1.0,129.4,129.3,2,1,1.00,CYCLE,W
IND,208,6415,59486,26/12/2023,11:22:33,15,1,24.4,1.0,1.1,0.9,2,1,1.00,CYCLE,W
IND,208,6415,59485,26/12/2023,11:23:08,15,0,13.8,1.0,73.5,73.3,2,1,1.00,CYCLE,E
IND,208,6415,59485,26/12/2023,11:23:08,15,0,13.8,1.0,0.0,0.0,2,1,1.00,CYCLE,E
IND,208,6415,59485,26/12/2023,11:23:28,15,0,16.4,1.1,20.0,19.6,2,1,1.00,CYCLE,E
IND,208,6415,59485,26/12/2023,11:24:16,15,0,11.6,1.0,47.5,47.3,2,1,1.00,CYCLE,E
IND,208,6415,59485,26/12/2023,11:24:18,15,0,9.4,1.0,1.8,1.5,2,1,1.00,CYCLE,E
IND,208,6415,59485,26/12/2023,11:26:26,15,0,20.6,0.9,128.5,128.1,2,1,1.00,CYCLE,E
IND,208,6415,59485,26/12/2023,11:26:28,15,0,20.2,0.9,1.8,1.6,2,1,1.00,CYCLE,E
IND,208,6415,59486,26/12/2023,11:27:41,15,1,24.7,1.0,308.1,307.9,2,1,1.00,CYCLE,W
IND,208,6415,59485,26/12/2023,11:29:33,15,0,17.1,1.0,184.5,184.4,2,1,1.00,CYCLE,E
IND,208,6415,59486,26/12/2023,11:31:13,15,1,31.7,1.1,163.7,163.3,2,1,1.00,CYCLE,W
IND,208,6415,59485,26/12/2023,11:31:27,15,0,12.0,1.1,114.1,113.9,2,1,1.00,CYCLE,E
IND,208,6415,59486,26/12/2023,11:31:48,15,1,29.7,1.1,35.1,35.0,2,1,1.00,CYCLE,W
IND,208,6415,59486,26/12/2023,11:33:52,15,1,28.4,1.1,123.9,123.8,2,1,1.00,CYCLE,W
IND,208,6415,59486,26/12/2023,11:34:49,15,1,23.8,1.1,57.3,57.1,2,1,1.00,CYCLE,W
IND,208,6415,59486,26/12/2023,11:34:53,15,1,22.5,1.1,4.1,3.9,2,1,1.00,CYCLE,W
IND,208,6415,59486,26/12/2023,11:34:54,15,1,22.2,1.1,0.7,0.6,2,1,1.00,CYCLE,W
IND,208,6415,59485,26/12/2023,11:35:28,15,0,14.8,1.1,22.8,22.8,2,1,1.00,CYCLE,E
IND,208,6415,59486,26/12/2023,11:36:28,15,1,29.8,1.0,94.6,94.4,2,1,1.00,CYCLE,W
IND,208,6415,59486,26/12/2023,11:37:26,15,1,30.6,1.0,57.6,57.5,2,1,1.00,CYCLE,W
IND,208,6415,59485,26/12/2023,11:37:30,15,0,16.6,1.1,122.4,122.1,2,1,1.00,CYCLE,E
IND,208,6415,59485,26/12/2023,11:38:22,15,0,16.3,1.1,51.9,51.6,2,1,1.00,CYCLE,E
IND,208,6415,59485,26/12/2023,11:38:50,15,0,22.7,1.0,28.2,28.0,2,1,1.00,CYCLE,E
IND,208,6415,59486,26/12/2023,11:38:57,15,1,31.2,1.0,90.8,90.6,2,1,1.00,CYCLE,W
IND,208,6415,59485,26/12/2023,11:40:36,15,0,18.1,1.0,21.9,21.9,2,1,1.00,CYCLE,E
IND,208,6415,59485,26/12/2023,11:43:34,15,0,26.4,1.0,45.5,45.1,2,1,1.00,CYCLE,E
IND,208,6415,59486,26/12/2023,11:44:21,15,1,28.9,1.0,324.2,324.1,2,1,1.00,CYCLE,W
IND,208,6415,59485,26/12/2023,11:44:54,15,0,20.9,1.0,80.7,80.5,2,1,1.00,CYCLE,E
IND,208,6415,59486,26/12/2023,11:45:49,15,1,19.6,1.1,88.0,88.0,2,1,1.00,CYCLE,W
IND,208,6415,59486,26/12/2023,11:45:50,15,1,19.2,1.1,0.7,0.5,2,1,1.00,CYCLE,W
IND,208,6415,59486,26/12/2023,11:46:12,15,1,4.3,0.6,22.8,22.8,2,1,1.00,CYCLE,W
IND,208,6415,59485,26/12/2023,11:46:56,15,0,23.2,0.9,40.2,40.2,2,1,1.00,CYCLE,E
IND,208,6415,59485,26/12/2023,11:48:34,15,0,21.9,1.0,98.5,98.4,2,1,1.00,CYCLE,E
IND,208,6415,59486,26/12/2023,11:50:33,15,1,26.3,1.1,260.3,259.5,2,1,1.00,CYCLE,W
IND,208,6415,59486,26/12/2023,11:50:44,15,1,26.0,1.0,11.4,11.3,2,1,1.00,CYCLE,W
IND,208,6415,59485,26/12/2023,11:52:35,15,0,24.1,1.1,241.1,240.9,2,1,1.00,CYCLE,E
IND,208,6415,59486,26/12/2023,11:59:41,15,1,19.0,1.0,536.6,536.4,2,1,1.00,CYCLE,W
IND,208,6415,59486,26/12/2023,11:59:52,15,1,18.5,1.0,11.4,11.2,2,1,1.00,CYCLE,W
IND,208,6415,59486,26/12/2023,11:59:53,15,1,18.4,1.0,0.5,0.3,2,1,1.00,CYCLE,W
IND,208,6415,59486,26/12/2023,12:01:38,15,1,28.3,1.1,105.3,105.1,2,1,1.00,CYCLE,W
IND,208,6415,59486,26/12/2023,12:02:39,15,1,16.1,1.1,60.9,60.8,2,1,1.00,CYCLE,W
IND,208,6415,59486,26/12/2023,12:03:57,15,1,36.0,1.0,77.8,77.5,2,1,1.00,CYCLE,W
IND,208,6415,59486,26/12/2023,12:03:57,15,1,36.7,1.0,0.4,0.3,2,1,1.00,CYCLE,W
IND,208,6415,59486,26/12/2023,12:03:58,15,1,36.0,0.9,0.7,0.6,2,1,1.00,CYCLE,W
IND,208,6415,59486,26/12/2023,12:07:47,15,1,23.4,1.0,229.9,229.8,2,1,1.00,CYCLE,W
IND,208,6415,59486,26/12/2023,12:07:49,15,1,23.6,1.0,1.9,1.8,2,1,1.00,CYCLE,W
IND,208,6415,59486,26/12/2023,12:08:08,15,1,28.6,1.1,18.7,18.5,2,1,1.00,CYCLE,W
IND,208,6415,59486,26/12/2023,12:08:45,15,1,24.9,1.0,37.1,37.0,2,1,1.00,CYCLE,W
IND,208,6415,59485,26/12/2023,12:15:04,15,0,3.2,0.5,818.6,818.3,2,1,0.80,CYCLE,E
IND,208,6415,59485,26/12/2023,12:21:06,15,0,16.9,1.0,361.4,360.9,2,1,1.00,CYCLE,E
IND,208,6415,59485,26/12/2023,12:21:06,15,0,16.9,1.0,0.0,0.0,2,1,1.00,CYCLE,E
IND,208,6415,59486,26/12/2023,12:25:32,15,1,23.1,1.1,8.9,8.6,2,1,1.00,CYCLE,W
IND,208,6415,59485,26/12/2023,12:25:33,15,0,2.7,0.5,267.3,266.9,2,1,0.80,CYCLE,E
IND,208,6415,59486,26/12/2023,12:27:25,15,1,26.9,1.1,113.7,113.5,2,1,1.00,CYCLE,W
IND,208,6415,59485,26/12/2023,12:27:54,15,0,21.4,0.9,141.0,140.7,2,1,1.00,CYCLE,E
IND,208,6415,59485,26/12/2023,12:28:07,15,0,22.4,1.0,13.1,12.9,2,1,1.00,CYCLE,E
IND,208,6415,59485,26/12/2023,12:28:43,15,0,4.2,1.0,3.6,1.8,2,1,1.00,CYCLE,E
IND,208,6415,59486,26/12/2023,12:30:41,15,1,21.3,1.1,110.6,110.1,2,1,1.00,CYCLE,W
IND,208,6415,59486,26/12/2023,12:30:44,15,1,24.8,1.0,3.4,3.2,2,1,1.00,CYCLE,W
IND,208,6415,59486,26/12/2023,12:32:31,15,1,21.6,1.1,106.8,106.6,2,1,1.00,CYCLE,W
IND,208,6415,59486,26/12/2023,12:32:33,15,1,20.2,1.1,1.4,1.3,2,1,1.00,CYCLE,W
IND,208,6415,59486,26/12/2023,12:32:54,15,1,33.8,1.2,21.3,21.1,2,1,1.00,CYCLE,W
IND,208,6415,59486,26/12/2023,12:36:48,15,1,25.7,1.0,234.1,234.0,2,1,0.25,CYCLE,W
IND,208,6415,59486,26/12/2023,12:36:48,15,1,25.7,1.0,0.0,0.0,2,1,0.25,CYCLE,W
IND,208,6415,59486,26/12/2023,12:39:25,15,1,29.1,1.1,157.2,156.9,2,1,1.00,CYCLE,W
IND,208,6415,59486,26/12/2023,12:39:45,15,1,26.0,1.1,20.1,20.0,2,1,1.00,CYCLE,W
IND,208,6415,59485,26/12/2023,12:40:27,15,0,16.6,1.1,704.2,703.4,2,1,1.00,CYCLE,E
IND,208,6415,59485,26/12/2023,12:40:35,15,0,20.0,1.1,8.1,7.9,2,1,1.00,CYCLE,E
IND,208,6415,59485,26/12/2023,12:40:48,15,0,17.1,1.0,12.4,12.2,2,1,1.00,CYCLE,E
IND,208,6415,59485,26/12/2023,12:44:27,15,0,20.4,0.9,219.8,219.6,2,1,1.00,CYCLE,E
IND,208,6415,59485,26/12/2023,12:44:43,15,0,20.7,0.9,15.4,15.2,2,1,1.00,CYCLE,E
IND,208,6415,59485,26/12/2023,12:44:54,15,0,18.0,1.1,11.2,11.0,2,1,1.00,CYCLE,E
IND,208,6415,59485,26/12/2023,12:44:56,15,0,17.2,1.1,2.1,1.8,2,1,1.00,CYCLE,E
IND,208,6415,59486,26/12/2023,12:48:02,15,1,29.7,1.1,497.0,496.9,2,1,1.00,CYCLE,W
IND,208,6415,59486,26/12/2023,12:55:49,15,1,28.3,1.0,87.9,87.5,2,1,1.00,CYCLE,W
IND,208,6415,59485,26/12/2023,12:58:23,15,0,10.5,1.1,256.7,256.3,2,1,1.00,CYCLE,E
IND,208,6415,59485,26/12/2023,12:58:23,15,0,9.9,1.1,0.6,0.2,2,1,1.00,CYCLE,E
IND,208,6415,59485,26/12/2023,12:58:24,15,0,21.8,1.0,0.7,0.3,2,1,1.00,CYCLE,E
IND,208,6415,59486,26/12/2023,13:02:13,15,1,26.1,1.1,384.1,384.0,2,1,1.00,CYCLE,W
IND,208,6415,59486,26/12/2023,13:02:22,15,1,25.3,1.0,8.6,8.5,2,1,1.00,CYCLE,W
IND,208,6415,59486,26/12/2023,13:03:35,15,1,21.4,1.1,72.9,72.8,2,1,1.00,CYCLE,W
IND,208,6415,59486,26/12/2023,13:03:38,15,1,17.2,1.1,3.1,2.9,2,1,1.00,CYCLE,W
IND,208,6415,59486,26/12/2023,13:04:11,15,1,29.5,1.1,32.6,32.3,2,1,1.00,CYCLE,W
IND,208,6415,59486,26/12/2023,13:05:52,15,1,21.5,0.9,101.8,101.6,2,1,1.00,CYCLE,W
IND,208,6415,59485,26/12/2023,13:06:38,15,0,20.6,0.9,494.1,493.9,2,1,1.00,CYCLE,E
IND,208,6415,59485,26/12/2023,13:09:27,15,0,25.9,1.0,169.6,169.4,2,1,1.00,CYCLE,E
IND,208,6415,59486,26/12/2023,13:11:10,15,1,27.5,1.2,104.3,104.1,2,1,1.00,CYCLE,W
IND,208,6415,59485,26/12/2023,13:11:17,15,0,20.7,1.0,109.6,109.5,2,1,1.00,CYCLE,E
IND,208,6415,59485,26/12/2023,13:16:10,15,0,13.1,1.0,292.5,292.4,2,1,1.00,CYCLE,E
IND,208,6415,59486,26/12/2023,13:17:31,15,1,30.1,1.0,381.4,381.3,2,1,1.00,CYCLE,W
IND,208,6415,59486,26/12/2023,13:18:18,15,1,22.0,1.0,46.6,46.5,2,1,1.00,CYCLE,W
IND,208,6415,59486,26/12/2023,13:18:43,15,1,27.4,1.0,25.6,25.4,2,1,1.00,CYCLE,W
IND,208,6415,59485,26/12/2023,13:26:58,15,0,27.0,1.0,349.8,349.2,2,1,1.00,CYCLE,E
IND,208,6415,59486,26/12/2023,13:30:03,15,1,15.8,1.0,679.4,679.3,2,1,1.00,CYCLE,W
IND,208,6415,59486,26/12/2023,13:30:04,15,1,15.5,1.0,1.7,1.5,2,1,1.00,CYCLE,W
IND,208,6415,59485,26/12/2023,13:48:30,15,0,25.3,1.1,1291.3,1291.2,2,1,1.00,CYCLE,E
IND,208,6415,59486,26/12/2023,14:02:48,15,1,19.5,1.1,806.8,806.7,2,1,1.00,CYCLE,W
IND,208,6415,59486,26/12/2023,14:05:08,15,1,25.9,1.1,139.1,138.9,2,1,1.00,CYCLE,W
IND,208,6415,59486,26/12/2023,14:14:03,15,1,21.2,1.1,535.4,535.3,2,1,1.00,CYCLE,W
IND,208,6415,59486,26/12/2023,14:15:54,15,1,18.6,1.1,111.1,111.0,2,1,1.00,CYCLE,W
IND,208,6415,59486,26/12/2023,14:15:55,15,1,17.9,1.0,0.7,0.5,2,1,1.00,CYCLE,W
IND,208,6415,59486,26/12/2023,14:15:56,15,1,18.4,1.0,0.6,0.4,2,1,1.00,CYCLE,W
IND,208,6415,59486,26/12/2023,14:16:46,15,1,15.8,1.0,51.0,50.8,2,1,1.00,CYCLE,W
IND,208,6415,59486,26/12/2023,14:16:47,15,1,16.0,1.1,0.4,0.2,2,1,1.00,CYCLE,W
IND,208,6415,59485,26/12/2023,14:26:14,15,0,18.6,1.0,2264.3,2264.1,2,1,1.00,CYCLE,E
IND,208,6415,59486,26/12/2023,14:26:27,15,1,23.2,1.0,579.7,579.4,2,1,1.00,CYCLE,W
IND,208,6415,59485,26/12/2023,14:27:56,15,0,8.2,1.0,102.4,102.2,2,1,1.00,CYCLE,E
IND,208,6415,59485,26/12/2023,14:28:22,15,0,22.0,1.0,25.6,25.2,2,1,1.00,CYCLE,E
IND,208,6415,59485,26/12/2023,14:28:24,15,0,10.3,1.0,1.8,1.6,2,1,1.00,CYCLE,E
IND,208,6415,59486,26/12/2023,14:30:28,15,1,23.7,1.1,94.4,94.3,2,1,1.00,CYCLE,W
IND,208,6415,59486,26/12/2023,14:30:35,15,1,22.1,1.1,6.6,6.5,2,1,1.00,CYCLE,W
IND,208,6415,59485,26/12/2023,14:37:24,15,0,24.4,1.1,539.8,539.5,2,1,1.00,CYCLE,E
IND,208,6415,59486,26/12/2023,14:48:59,15,1,21.1,1.0,1104.3,1104.1,2,1,1.00,CYCLE,W
IND,208,6415,59485,26/12/2023,14:51:15,15,0,24.6,1.1,831.7,831.6,2,1,1.00,CYCLE,E
IND,208,6415,59486,26/12/2023,14:52:32,15,1,20.7,1.0,212.3,212.1,2,1,1.00,CYCLE,W
IND,208,6415,59485,26/12/2023,14:55:40,15,0,22.7,1.1,264.6,264.4,2,1,1.00,CYCLE,E
IND,208,6415,59486,26/12/2023,15:05:58,15,1,21.4,0.9,806.8,806.7,2,1,1.00,CYCLE,W
IND,208,6415,59485,26/12/2023,15:08:38,15,0,24.3,1.0,778.4,778.2,2,1,1.00,CYCLE,E
IND,208,6415,59485,26/12/2023,15:09:45,15,0,27.3,1.0,66.8,66.7,2,1,1.00,CYCLE,E
IND,208,6415,59486,26/12/2023,15:09:48,15,1,27.3,1.1,86.4,86.3,2,1,1.00,CYCLE,W
IND,208,6415,59486,26/12/2023,15:23:01,15,1,29.9,1.0,793.4,793.2,2,1,1.00,CYCLE,W
IND,208,6415,59486,26/12/2023,15:31:11,15,1,22.5,1.1,400.3,400.1,2,1,1.00,CYCLE,W
IND,208,6415,59486,26/12/2023,15:34:02,15,1,20.7,1.0,171.2,171.1,2,1,1.00,CYCLE,W
IND,208,6415,59485,26/12/2023,15:41:25,15,0,18.2,1.0,1900.0,1899.8,2,1,1.00,CYCLE,E
IND,208,6415,59485,26/12/2023,15:42:23,15,0,19.3,1.1,57.7,57.5,2,1,1.00,CYCLE,E
IND,208,6415,59485,26/12/2023,15:42:28,15,0,18.1,1.0,5.1,4.9,2,1,1.00,CYCLE,E
IND,208,6415,59485,26/12/2023,15:43:15,15,0,21.4,1.0,46.8,46.6,2,1,1.00,CYCLE,E
IND,208,6415,59486,26/12/2023,15:59:19,15,1,23.8,1.0,1516.2,1516.0,2,1,1.00,CYCLE,W
IND,208,6415,59485,26/12/2023,16:04:12,15,0,25.3,1.2,1256.9,1256.7,2,1,1.00,CYCLE,E
IND,208,6415,59485,26/12/2023,16:04:28,15,0,27.6,1.0,16.7,16.5,2,1,1.00,CYCLE,E
IND,208,6415,59485,26/12/2023,16:09:23,15,0,15.0,1.0,294.4,294.3,2,1,1.00,CYCLE,E
IND,208,6415,59486,26/12/2023,16:11:41,15,1,26.6,1.0,742.2,742.0,2,1,1.00,CYCLE,W
IND,208,6415,59486,26/12/2023,16:16:01,15,1,19.0,1.0,260.1,260.0,2,1,1.00,CYCLE,W
IND,208,6415,59485,26/12/2023,16:18:41,15,0,3.1,0.4,558.6,558.3,2,1,1.00,CYCLE,E
IND,208,6415,59485,26/12/2023,16:22:05,15,0,21.9,1.1,203.3,202.8,2,1,1.00,CYCLE,E
IND,208,6415,59486,26/12/2023,16:23:06,15,1,34.8,1.1,425.3,425.1,2,1,1.00,CYCLE,W
IND,208,6415,59486,26/12/2023,16:23:22,15,1,33.8,1.1,15.6,15.5,2,1,1.00,CYCLE,W
IND,208,6415,59485,26/12/2023,16:23:45,15,0,19.7,1.1,100.7,100.5,2,1,1.00,CYCLE,E
IND,208,6415,59485,26/12/2023,16:26:11,15,0,26.8,1.1,146.1,145.9,2,1,1.00,CYCLE,E
IND,208,6415,59486,26/12/2023,16:26:35,15,1,27.9,0.9,192.8,192.7,2,1,1.00,CYCLE,W
IND,208,6415,59485,26/12/2023,16:26:52,15,0,23.2,1.2,40.1,39.9,2,1,1.00,CYCLE,E
IND,208,6415,59485,26/12/2023,16:29:39,15,0,31.4,1.0,167.7,167.5,2,1,1.00,CYCLE,E
IND,208,6415,59485,26/12/2023,16:29:59,15,0,28.4,1.2,19.4,19.3,2,1,1.00,CYCLE,E
IND,208,6415,59486,26/12/2023,16:30:29,15,1,25.5,1.0,234.7,234.6,2,1,1.00,CYCLE,W
IND,208,6415,59486,26/12/2023,16:30:30,15,1,25.8,1.1,0.8,0.7,2,1,1.00,CYCLE,W
IND,208,6415,59485,26/12/2023,16:31:42,15,0,30.7,1.1,103.8,103.6,2,1,1.00,CYCLE,E
IND,208,6415,59485,26/12/2023,16:41:34,15,0,17.3,1.0,591.3,591.2,2,1,1.00,CYCLE,E
IND,208,6415,59486,26/12/2023,16:41:34,15,1,22.2,1.0,664.3,664.1,2,1,1.00,CYCLE,W
IND,208,6415,59486,26/12/2023,16:42:00,15,1,3.2,0.4,25.0,25.3,2,1,1.00,CYCLE,W
IND,208,6415,59485,26/12/2023,16:48:29,15,0,21.0,1.1,414.8,414.6,2,1,1.00,CYCLE,E
IND,208,6415,59485,26/12/2023,16:49:25,15,0,18.5,1.0,56.1,56.0,2,1,1.00,CYCLE,E
IND,208,6415,59485,26/12/2023,16:49:25,15,0,18.7,1.1,0.6,0.4,2,1,1.00,CYCLE,E
IND,208,6415,59485,26/12/2023,16:50:19,15,0,29.5,1.1,53.4,53.2,2,1,1.00,CYCLE,E
IND,208,6415,59485,26/12/2023,16:51:31,15,0,24.7,1.0,72.5,72.3,2,1,1.00,CYCLE,E
IND,208,6415,59486,26/12/2023,16:52:19,15,1,30.8,1.1,619.2,618.7,2,1,1.00,CYCLE,W
IND,208,6415,59485,26/12/2023,16:59:17,15,0,20.1,1.0,465.7,465.5,2,1,1.00,CYCLE,E
IND,208,6415,59485,26/12/2023,16:59:18,15,0,20.1,1.0,1.2,1.0,2,1,1.00,CYCLE,E
IND,208,6415,59485,26/12/2023,17:00:03,15,0,23.2,1.2,44.9,44.7,2,1,1.00,CYCLE,E
IND,208,6415,59486,26/12/2023,17:01:13,15,1,19.5,1.0,534.3,534.2,2,1,1.00,CYCLE,W
IND,208,6415,59486,26/12/2023,17:01:15,15,1,17.2,1.0,1.5,1.3,2,1,0.50,CYCLE,W
IND,208,6415,59485,26/12/2023,17:01:15,15,0,17.2,1.0,0.0,0.0,2,1,0.50,CYCLE,E
IND,208,6415,59486,26/12/2023,17:01:16,15,1,16.6,1.1,1.9,1.5,2,1,1.00,CYCLE,W
IND,208,6415,59485,26/12/2023,17:03:06,15,0,25.8,1.0,182.9,182.8,2,1,1.00,CYCLE,E
IND,208,6415,59485,26/12/2023,17:03:21,15,0,19.1,1.1,15.0,14.9,2,1,1.00,CYCLE,E
IND,208,6415,59486,26/12/2023,17:14:37,15,1,23.6,1.0,800.1,799.9,2,1,1.00,CYCLE,W
IND,208,6415,59486,26/12/2023,17:14:41,15,1,22.5,1.0,4.9,4.7,2,1,1.00,CYCLE,W
IND,208,6415,59485,26/12/2023,17:14:54,15,0,20.7,1.1,693.0,692.8,2,1,1.00,CYCLE,E
IND,208,6415,59486,26/12/2023,17:15:37,15,1,4.9,1.0,55.9,56.0,2,1,0.67,CYCLE,W
IND,208,6415,59486,26/12/2023,17:18:35,15,1,27.6,1.0,177.7,176.6,2,1,1.00,CYCLE,W
IND,208,6415,59486,26/12/2023,17:22:56,15,1,23.2,1.1,261.0,260.9,2,1,1.00,CYCLE,W
IND,208,6415,59486,26/12/2023,17:27:21,15,1,26.7,1.0,257.9,257.3,2,1,1.00,CYCLE,W
IND,208,6415,59486,26/12/2023,17:29:39,15,1,19.9,1.1,138.3,138.2,2,1,1.00,CYCLE,W
IND,208,6415,59486,26/12/2023,17:29:45,15,1,19.2,1.0,5.9,5.7,2,1,1.00,CYCLE,W
IND,208,6415,59485,26/12/2023,17:33:55,15,0,33.3,1.1,165.7,164.6,2,1,1.00,CYCLE,E
IND,208,6415,59486,26/12/2023,17:35:33,15,1,23.8,1.1,348.0,347.8,2,1,1.00,CYCLE,W
IND,208,6415,59486,26/12/2023,17:35:43,15,1,27.0,1.0,10.3,10.2,2,1,1.00,CYCLE,W
IND,208,6415,59486,26/12/2023,17:36:18,15,1,26.3,1.0,34.6,34.4,2,1,1.00,CYCLE,W
IND,208,6415,59486,26/12/2023,17:39:24,15,1,34.0,1.1,185.7,185.6,2,1,1.00,CYCLE,W
IND,208,6415,59485,26/12/2023,17:41:11,15,0,9.6,0.0,435.8,435.7,2,1,1.00,CYCLE,E
IND,208,6415,59485,26/12/2023,17:44:03,15,0,24.3,1.0,171.9,171.9,2,1,1.00,CYCLE,E
IND,208,6415,59485,26/12/2023,17:44:10,15,0,23.1,1.1,6.5,6.3,2,1,1.00,CYCLE,E
IND,208,6415,59485,26/12/2023,17:44:28,15,0,27.5,1.1,18.8,18.6,2,1,1.00,CYCLE,E
IND,208,6415,59485,26/12/2023,17:50:41,15,0,26.1,1.1,372.3,372.1,2,1,1.00,CYCLE,E
IND,208,6415,59485,26/12/2023,17:54:49,15,0,31.4,1.1,248.4,248.3,2,1,1.00,CYCLE,E
IND,208,6415,59486,26/12/2023,17:55:18,15,1,20.1,1.1,247.8,247.8,2,1,1.00,CYCLE,W
IND,208,6415,59486,26/12/2023,17:56:43,15,1,19.5,1.0,85.1,84.9,2,1,1.00,CYCLE,W
IND,208,6415,59486,26/12/2023,17:58:18,15,1,27.5,1.1,94.4,94.2,2,1,1.00,CYCLE,W
IND,208,6415,59485,26/12/2023,18:00:18,15,0,16.6,0.9,329.4,329.3,2,1,1.00,CYCLE,E
IND,208,6415,59486,26/12/2023,18:01:03,15,1,24.7,1.1,165.4,165.2,2,1,1.00,CYCLE,W
IND,208,6415,59486,26/12/2023,18:10:34,15,1,21.6,1.0,570.5,570.4,2,1,0.86,CYCLE,W
IND,208,6415,59485,26/12/2023,18:12:57,15,0,10.1,1.0,45.9,45.9,2,1,0.86,CYCLE,E
IND,208,6415,59486,26/12/2023,18:17:52,15,1,18.9,1.1,438.9,438.8,2,1,1.00,CYCLE,W
IND,208,6415,59486,26/12/2023,18:18:07,15,1,22.0,1.1,14.2,14.0,2,1,1.00,CYCLE,W
IND,208,6415,59486,26/12/2023,18:18:14,15,1,21.8,1.1,6.9,6.7,2,1,1.00,CYCLE,W
IND,208,6415,59486,26/12/2023,18:20:57,15,1,4.7,1.0,163.4,163.1,2,1,0.57,CYCLE,W
IND,208,6415,59485,26/12/2023,18:25:13,15,0,18.8,1.1,446.9,446.4,2,1,1.00,CYCLE,E
IND,208,6415,59486,26/12/2023,18:34:23,15,1,23.9,1.1,555.8,555.8,2,1,1.00,CYCLE,W
IND,208,6415,59485,26/12/2023,18:36:28,15,0,27.0,0.9,674.6,674.4,2,1,1.00,CYCLE,E
IND,208,6415,59486,26/12/2023,18:36:29,15,1,21.4,1.1,120.9,120.9,2,1,1.00,CYCLE,W
IND,208,6415,59485,26/12/2023,18:42:11,15,0,31.6,1.2,343.3,343.1,2,1,1.00,CYCLE,E
IND,208,6415,59485,26/12/2023,18:46:14,15,0,6.2,1.0,242.8,242.7,2,1,1.00,CYCLE,E
IND,208,6415,59486,26/12/2023,18:51:14,15,1,28.3,1.2,884.7,884.5,2,1,1.00,CYCLE,W
IND,208,6415,59485,26/12/2023,18:54:06,15,0,17.4,1.0,472.3,471.7,2,1,1.00,CYCLE,E
IND,208,6415,59485,26/12/2023,18:54:07,15,0,17.8,0.9,0.8,0.6,2,1,1.00,CYCLE,E
IND,208,6415,59486,26/12/2023,18:54:13,15,1,5.7,1.0,179.5,179.3,2,1,0.40,CYCLE,W
IND,208,6415,59485,26/12/2023,18:55:11,15,0,27.5,1.1,63.5,63.3,2,1,1.00,CYCLE,E
IND,208,6415,59486,26/12/2023,18:55:39,15,1,21.6,1.1,86.2,85.7,2,1,1.00,CYCLE,W
IND,208,6415,59486,26/12/2023,19:18:54,15,1,34.8,1.1,1394.6,1394.3,2,1,1.00,CYCLE,W
IND,208,6415,59486,26/12/2023,19:19:34,15,1,27.9,1.1,40.6,40.5,2,1,1.00,CYCLE,W
IND,208,6415,59485,26/12/2023,19:24:40,15,0,22.4,1.0,1769.3,1769.1,2,1,1.00,CYCLE,E
IND,208,6415,59486,26/12/2023,19:27:26,15,1,32.7,1.1,471.2,471.1,2,1,1.00,CYCLE,W
IND,208,6415,59485,26/12/2023,19:34:40,15,0,5.9,1.0,600.1,599.9,2,1,0.40,CYCLE,E
IND,208,6415,59486,26/12/2023,19:38:28,15,1,26.4,1.0,662.8,662.7,2,1,1.00,CYCLE,W
IND,208,6415,59486,26/12/2023,19:41:28,15,1,21.7,1.2,179.2,179.1,2,1,1.00,CYCLE,W
IND,208,6415,59485,26/12/2023,19:41:49,15,0,21.4,1.0,428.6,428.0,2,1,1.00,CYCLE,E
IND,208,6415,59486,26/12/2023,19:42:31,15,1,19.7,0.9,63.8,63.7,2,1,1.00,CYCLE,W
IND,208,6415,59486,26/12/2023,19:42:33,15,1,16.6,1.0,1.3,1.1,2,1,1.00,CYCLE,W
IND,208,6415,59486,26/12/2023,19:42:34,15,1,17.1,1.0,1.3,1.1,2,1,1.00,CYCLE,W
IND,208,6415,59486,26/12/2023,19:42:35,15,1,13.1,1.0,0.9,0.7,2,1,1.00,CYCLE,W
IND,208,6415,59486,26/12/2023,19:46:51,15,1,25.9,1.1,255.8,255.5,2,1,1.00,CYCLE,W
IND,208,6415,59486,26/12/2023,19:49:59,15,1,22.7,1.1,188.1,188.0,2,1,1.00,CYCLE,W
IND,208,6415,59486,26/12/2023,19:56:20,15,1,14.1,0.9,381.6,381.4,2,1,1.00,CYCLE,W
IND,208,6415,59486,26/12/2023,19:56:35,15,1,15.1,0.9,14.7,14.5,2,1,1.00,CYCLE,W
IND,208,6415,59486,26/12/2023,19:56:44,15,1,25.8,1.0,9.2,8.9,2,1,1.00,CYCLE,W
IND,208,6415,59486,26/12/2023,19:56:58,15,1,17.2,0.9,13.6,13.5,2,1,1.00,CYCLE,W
IND,208,6415,59485,26/12/2023,19:57:11,15,0,2.9,1.0,922.4,922.2,2,1,0.44,CYCLE,E
IND,208,6415,59486,26/12/2023,20:01:47,15,1,26.5,1.1,289.3,289.1,2,1,1.00,CYCLE,W
IND,208,6415,59486,26/12/2023,20:06:32,15,1,18.5,0.9,284.5,284.3,2,1,1.00,CYCLE,W
IND,208,6415,59486,26/12/2023,20:06:50,15,1,29.1,1.1,18.7,18.5,2,1,1.00,CYCLE,W
IND,208,6415,59485,26/12/2023,20:09:09,15,0,16.8,1.0,718.6,716.8,2,1,1.00,CYCLE,E
IND,208,6415,59486,26/12/2023,20:09:23,15,1,23.6,1.1,153.1,153.0,2,1,1.00,CYCLE,W
IND,208,6415,59485,26/12/2023,20:12:25,15,0,24.9,1.1,195.0,194.8,2,1,1.00,CYCLE,E
IND,208,6415,59485,26/12/2023,20:25:19,15,0,20.1,1.0,774.5,774.3,2,1,1.00,CYCLE,E
IND,208,6415,59485,26/12/2023,20:25:51,15,0,23.1,1.1,32.0,31.8,2,1,1.00,CYCLE,E
IND,208,6415,59485,26/12/2023,20:25:52,15,0,23.6,1.1,0.7,0.5,2,1,1.00,CYCLE,E
IND,208,6415,59486,26/12/2023,20:26:11,15,1,17.7,1.1,1007.9,1007.7,2,1,1.00,CYCLE,W
IND,208,6415,59485,26/12/2023,20:31:50,15,0,22.8,1.0,358.3,358.1,2,1,1.00,CYCLE,E
IND,208,6415,59486,26/12/2023,20:32:09,15,1,30.9,1.1,357.5,357.2,2,1,1.00,CYCLE,W
IND,208,6415,59485,26/12/2023,20:33:43,15,0,2.1,1.0,112.6,112.5,2,1,0.25,CYCLE,E
IND,208,6415,59486,26/12/2023,20:54:02,15,1,39.2,1.2,1313.3,1313.2,2,1,1.00,CYCLE,W
IND,208,6415,59486,26/12/2023,21:00:09,15,1,22.3,1.0,367.2,367.1,2,1,1.00,CYCLE,W
IND,208,6415,59486,26/12/2023,21:02:28,15,1,36.4,1.1,138.6,138.4,2,1,1.00,CYCLE,W
IND,208,6415,59486,26/12/2023,21:05:13,15,1,22.7,0.9,165.1,165.1,2,1,1.00,CYCLE,W
IND,208,6415,59485,26/12/2023,21:16:24,15,0,14.7,1.1,2561.8,2559.9,2,1,1.00,CYCLE,E
IND,208,6415,59486,26/12/2023,21:41:23,15,1,29.5,1.1,2170.2,2170.1,2,1,1.00,CYCLE,W
IND,208,6415,59486,26/12/2023,21:42:48,15,1,23.1,1.0,84.6,84.5,2,1,1.00,CYCLE,W
IND,208,6415,59486,26/12/2023,21:53:45,15,1,28.4,1.1,656.7,656.6,2,1,1.00,CYCLE,W
IND,208,6415,59485,26/12/2023,21:56:39,15,0,19.6,1.1,1314.5,1314.3,2,1,1.00,CYCLE,E
IND,208,6415,59486,26/12/2023,21:59:57,15,1,19.9,1.1,371.9,371.8,2,1,1.00,CYCLE,W
IND,208,6415,59485,26/12/2023,22:01:53,15,0,22.4,1.1,313.8,313.7,2,1,1.00,CYCLE,E
IND,208,6415,59485,26/12/2023,22:14:10,15,0,27.3,1.1,736.6,736.5,2,1,1.00,CYCLE,E
IND,208,6415,59485,26/12/2023,22:24:11,15,0,19.2,1.0,601.0,600.9,2,1,1.00,CYCLE,E
IND,208,6415,59486,26/12/2023,23:21:10,15,1,27.1,1.0,3512.9,3512.4,2,1,1.00,CYCLE,W
IND,208,6415,59485,26/12/2023,23:31:31,15,0,17.7,0.8,3385.5,3385.5,2,1,1.00,CYCLE,E
IND,208,6415,59485,26/12/2023,23:31:33,15,0,20.5,0.9,2.2,2.1,2,1,1.00,CYCLE,E
IND,208,6415,59486,26/12/2023,23:39:44,15,1,22.2,0.9,1113.8,1113.7,2,1,1.00,CYCLE,W
IND,208,6415,59486,26/12/2023,23:39:46,15,1,20.8,0.9,2.9,2.8,2,1,1.00,CYCLE,W
IND,208,6415,59486,26/12/2023,23:51:45,15,1,27.6,1.0,718.2,718.1,2,1,1.00,CYCLE,W
IND,208,6415,59485,27/12/2023,00:13:47,15,0,19.9,1.0,2533.9,2533.8,2,1,1.00,CYCLE,E
IND,208,6415,59485,27/12/2023,00:16:18,15,0,18.1,1.1,150.5,150.4,2,1,1.00,CYCLE,E
IND,208,6415,59485,27/12/2023,00:23:58,15,0,21.3,1.1,460.4,460.2,2,1,1.00,CYCLE,E
IND,208,6415,59485,27/12/2023,00:55:33,15,0,18.0,1.0,1895.0,1894.8,2,1,1.00,CYCLE,E
IND,208,6415,59485,27/12/2023,04:09:31,15,0,38.2,1.2,11638.1,11637.9,2,1,1.00,CYCLE,E
IND,208,6415,59485,27/12/2023,04:25:48,15,0,24.3,1.0,976.6,976.5,2,1,1.00,CYCLE,E
IND,208,6415,59485,27/12/2023,04:25:48,15,0,24.3,1.0,0.0,0.0,2,1,1.00,CYCLE,E
IND,208,6415,59486,27/12/2023,04:37:00,15,1,23.0,1.0,17115.4,17115.3,2,1,1.00,CYCLE,W
IND,208,6415,59486,27/12/2023,04:41:15,15,1,25.1,1.1,255.1,254.9,2,1,1.00,CYCLE,W
IND,208,6415,59485,27/12/2023,04:42:28,15,0,23.5,1.0,1000.6,1000.3,2,1,1.00,CYCLE,E
IND,208,6415,59485,27/12/2023,05:05:17,15,0,25.8,1.1,1368.8,1368.7,2,1,1.00,CYCLE,E
IND,208,6415,59486,27/12/2023,05:07:25,15,1,31.4,1.0,1570.2,1570.0,2,1,1.00,CYCLE,W
IND,208,6415,59485,27/12/2023,05:10:13,15,0,37.7,1.2,295.8,295.6,2,1,1.00,CYCLE,E
IND,208,6415,59485,27/12/2023,05:12:06,15,0,20.0,1.0,113.4,113.3,2,1,1.00,CYCLE,E
IND,208,6415,59486,27/12/2023,05:15:26,15,1,28.7,1.0,480.4,480.3,2,1,1.00,CYCLE,W
IND,208,6415,59486,27/12/2023,05:24:31,15,1,31.6,1.0,544.9,544.8,2,1,1.00,CYCLE,W
IND,208,6415,59486,27/12/2023,05:30:19,15,1,26.4,1.0,348.3,348.2,2,1,1.00,CYCLE,W
IND,208,6415,59486,27/12/2023,05:41:45,15,1,30.8,1.1,685.9,685.7,2,1,1.00,CYCLE,W
IND,208,6415,59486,27/12/2023,05:46:55,15,1,25.0,1.0,309.8,309.7,2,1,1.00,CYCLE,W
IND,208,6415,59486,27/12/2023,05:47:06,15,1,28.8,1.0,11.0,10.8,2,1,1.00,CYCLE,W
IND,208,6415,59486,27/12/2023,05:48:30,15,1,32.0,1.0,84.1,84.0,2,1,1.00,CYCLE,W
IND,208,6415,59486,27/12/2023,05:50:33,15,1,28.7,1.1,122.7,122.5,2,1,1.00,CYCLE,W
IND,208,6415,59485,27/12/2023,05:51:48,15,0,12.8,0.4,2382.1,2381.9,2,1,1.00,CYCLE,E
IND,208,6415,59486,27/12/2023,05:52:20,15,1,33.4,0.9,107.2,107.0,2,1,1.00,CYCLE,W
IND,208,6415,59486,27/12/2023,05:55:23,15,1,9.2,1.0,183.6,183.5,2,1,0.33,CYCLE,W
IND,208,6415,59486,27/12/2023,05:55:23,15,1,9.2,1.0,0.0,0.0,2,1,0.33,CYCLE,W
IND,208,6415,59486,27/12/2023,05:58:54,15,1,28.2,1.0,210.2,209.9,2,1,1.00,CYCLE,W
IND,208,6415,59486,27/12/2023,06:01:06,15,1,36.0,0.9,132.8,132.6,2,1,1.00,CYCLE,W
IND,208,6415,59485,27/12/2023,06:05:07,15,0,21.7,1.1,798.5,798.4,2,1,1.00,CYCLE,E
IND,208,6415,59486,27/12/2023,06:05:20,15,1,29.9,1.0,254.0,253.9,2,1,1.00,CYCLE,W
IND,208,6415,59486,27/12/2023,06:08:27,15,1,24.3,1.0,186.5,186.4,2,1,1.00,CYCLE,W
IND,208,6415,59486,27/12/2023,06:10:39,15,1,21.6,1.0,131.8,131.7,2,1,1.00,CYCLE,W
IND,208,6415,59486,27/12/2023,06:14:02,15,1,25.0,1.1,203.8,203.7,2,1,1.00,CYCLE,W
IND,208,6415,59486,27/12/2023,06:14:03,15,1,25.7,1.0,0.5,0.4,2,1,1.00,CYCLE,W
IND,208,6415,59486,27/12/2023,06:15:29,15,1,27.9,1.0,86.0,85.9,2,1,1.00,CYCLE,W
IND,208,6415,59486,27/12/2023,06:18:56,15,1,22.5,0.9,207.2,207.1,2,1,1.00,CYCLE,W
IND,208,6415,59486,27/12/2023,06:25:15,15,1,26.1,1.0,378.7,378.5,2,1,1.00,CYCLE,W
IND,208,6415,59486,27/12/2023,06:26:55,15,1,30.1,1.1,100.0,99.9,2,1,1.00,CYCLE,W
IND,208,6415,59486,27/12/2023,06:28:05,15,1,24.8,1.0,70.0,69.9,2,1,1.00,CYCLE,W
IND,208,6415,59486,27/12/2023,06:28:18,15,1,21.9,1.1,13.1,13.0,2,1,1.00,CYCLE,W
IND,208,6415,59486,27/12/2023,06:28:38,15,1,4.7,0.2,19.9,20.0,2,1,1.00,CYCLE,W
IND,208,6415,59485,27/12/2023,06:30:02,15,0,16.1,1.1,1113.2,1112.1,2,1,1.00,CYCLE,E
IND,208,6415,59486,27/12/2023,06:30:49,15,1,32.9,1.0,131.5,131.2,2,1,1.00,CYCLE,W
IND,208,6415,59486,27/12/2023,06:30:59,15,1,30.0,1.0,9.1,9.0,2,1,1.00,CYCLE,W
IND,208,6415,59486,27/12/2023,06:32:15,15,1,27.5,1.0,76.5,76.4,2,1,1.00,CYCLE,W
IND,208,6415,59486,27/12/2023,06:32:35,15,1,28.4,1.2,19.9,19.8,2,1,1.00,CYCLE,W
IND,208,6415,59486,27/12/2023,06:36:53,15,1,30.5,1.0,257.8,257.7,2,1,1.00,CYCLE,W
IND,208,6415,59485,27/12/2023,06:38:08,15,0,20.6,0.8,76.9,76.9,2,1,1.00,CYCLE,E
IND,208,6415,59485,27/12/2023,06:38:10,15,0,2.8,1.0,1.9,2.3,2,1,0.44,CYCLE,E
IND,208,6415,59486,27/12/2023,06:40:09,15,1,28.1,1.0,196.0,195.9,2,1,1.00,CYCLE,W
IND,208,6415,59485,27/12/2023,06:41:47,15,0,26.1,1.2,160.5,160.5,2,1,1.00,CYCLE,E
IND,208,6415,59486,27/12/2023,06:43:14,15,1,26.4,1.1,185.5,185.4,2,1,1.00,CYCLE,W
IND,208,6415,59486,27/12/2023,06:44:32,15,1,30.6,1.0,41.1,41.0,2,1,1.00,CYCLE,W
IND,208,6415,59486,27/12/2023,06:44:34,15,1,30.9,0.9,1.5,1.4,2,1,1.00,CYCLE,W
IND,208,6415,59485,27/12/2023,06:51:10,15,0,25.1,1.0,301.3,301.3,2,1,1.00,CYCLE,E
IND,208,6415,59485,27/12/2023,06:51:50,15,0,31.4,1.0,40.0,39.9,2,1,1.00,CYCLE,E
IND,208,6415,59485,27/12/2023,06:54:49,15,0,22.7,1.0,179.6,179.4,2,1,1.00,CYCLE,E
IND,208,6415,59486,27/12/2023,06:54:51,15,1,30.9,1.0,617.6,617.5,2,1,1.00,CYCLE,W
IND,208,6415,59486,27/12/2023,06:54:56,15,1,26.4,1.0,4.6,4.5,2,1,1.00,CYCLE,W
IND,208,6415,59486,27/12/2023,06:54:56,15,1,26.4,1.0,0.0,0.0,2,1,1.00,CYCLE,W
IND,208,6415,59486,27/12/2023,06:55:11,15,1,30.0,1.0,15.5,15.3,2,1,1.00,CYCLE,W
IND,208,6415,59486,27/12/2023,06:55:11,15,1,29.8,1.0,0.3,0.1,2,1,1.00,CYCLE,W
IND,208,6415,59485,27/12/2023,06:57:16,15,0,28.8,1.0,146.3,146.1,2,1,1.00,CYCLE,E
IND,208,6415,59486,27/12/2023,06:58:57,15,1,28.4,1.0,225.8,225.7,2,1,1.00,CYCLE,W
IND,208,6415,59486,27/12/2023,06:58:58,15,1,28.4,1.0,0.3,0.1,2,1,1.00,CYCLE,W
IND,208,6415,59486,27/12/2023,06:59:09,15,1,25.0,1.0,11.6,11.4,2,1,1.00,CYCLE,W
IND,208,6415,59486,27/12/2023,07:01:44,15,1,22.9,1.0,155.1,154.9,2,1,0.80,CYCLE,W
IND,208,6415,59485,27/12/2023,07:04:54,15,0,17.1,1.1,458.2,458.1,2,1,1.00,CYCLE,E
IND,208,6415,59486,27/12/2023,07:06:19,15,1,22.0,1.0,275.3,275.1,2,1,1.00,CYCLE,W
IND,208,6415,59486,27/12/2023,07:10:38,15,1,30.7,1.0,243.4,242.6,2,1,1.00,CYCLE,W
IND,208,6415,59486,27/12/2023,07:11:37,15,1,34.0,1.0,59.7,59.6,2,1,1.00,CYCLE,W
IND,208,6415,59486,27/12/2023,07:13:14,15,1,31.6,1.0,97.0,96.9,2,1,1.00,CYCLE,W
IND,208,6415,59486,27/12/2023,07:13:43,15,1,32.2,1.1,28.6,28.5,2,1,1.00,CYCLE,W
IND,208,6415,59486,27/12/2023,07:18:43,15,1,29.8,1.0,300.3,300.2,2,1,1.00,CYCLE,W
IND,208,6415,59486,27/12/2023,07:19:05,15,1,26.8,0.9,21.8,21.7,2,1,1.00,CYCLE,W
IND,208,6415,59486,27/12/2023,07:19:18,15,1,23.3,1.1,12.7,12.6,2,1,1.00,CYCLE,W
IND,208,6415,59486,27/12/2023,07:20:19,15,1,29.0,1.0,61.5,61.3,2,1,1.00,CYCLE,W
IND,208,6415,59486,27/12/2023,07:20:25,15,1,29.1,1.1,6.2,6.1,2,1,1.00,CYCLE,W
IND,208,6415,59486,27/12/2023,07:22:08,15,1,30.8,1.1,103.1,102.9,2,1,1.00,CYCLE,W
IND,208,6415,59486,27/12/2023,07:23:42,15,1,42.6,1.0,93.5,93.4,2,1,1.00,CYCLE,W
IND,208,6415,59485,27/12/2023,07:23:55,15,0,28.1,1.0,1120.9,1120.9,2,1,1.00,CYCLE,E
IND,208,6415,59485,27/12/2023,07:26:11,15,0,22.8,1.0,135.4,135.3,2,1,1.00,CYCLE,E
IND,208,6415,59485,27/12/2023,07:26:11,15,0,22.8,1.0,0.0,0.0,2,1,1.00,CYCLE,E
IND,208,6415,59485,27/12/2023,07:26:11,15,0,22.8,1.0,0.0,0.0,2,1,1.00,CYCLE,E
IND,208,6415,59485,27/12/2023,07:26:11,15,0,22.8,1.0,0.0,0.0,2,1,1.00,CYCLE,E
IND,208,6415,59485,27/12/2023,07:26:13,15,0,17.9,1.1,1.8,1.1,2,1,1.00,CYCLE,E
IND,208,6415,59486,27/12/2023,07:28:32,15,1,28.0,1.0,289.8,289.8,2,1,1.00,CYCLE,W
IND,208,6415,59486,27/12/2023,07:30:06,15,1,32.4,1.0,94.3,94.2,2,1,1.00,CYCLE,W
IND,208,6415,59486,27/12/2023,07:30:34,15,1,26.4,1.0,27.9,27.8,2,1,1.00,CYCLE,W
IND,208,6415,59485,27/12/2023,07:34:17,15,0,22.6,1.1,305.3,305.3,2,1,1.00,CYCLE,E
IND,208,6415,59486,27/12/2023,07:37:24,15,1,27.9,1.1,410.4,410.3,2,1,1.00,CYCLE,W
IND,208,6415,59486,27/12/2023,07:37:27,15,1,25.3,1.1,2.6,2.4,2,1,1.00,CYCLE,W
IND,208,6415,59485,27/12/2023,07:38:59,15,0,22.7,0.9,282.1,281.9,2,1,1.00,CYCLE,E
IND,208,6415,59485,27/12/2023,07:40:31,15,0,1.5,0.6,92.1,91.9,2,1,0.80,CYCLE,E
IND,208,6415,59486,27/12/2023,07:41:45,15,1,25.2,1.0,257.6,257.5,2,1,1.00,CYCLE,W
IND,208,6415,59486,27/12/2023,07:43:28,15,1,26.4,1.0,102.9,102.8,2,1,1.00,CYCLE,W
IND,208,6415,59485,27/12/2023,07:44:16,15,0,29.5,1.0,225.0,225.0,2,1,1.00,CYCLE,E
IND,208,6415,59485,27/12/2023,07:44:30,15,0,20.7,1.0,14.1,14.0,2,1,1.00,CYCLE,E
IND,208,6415,59485,27/12/2023,07:44:48,15,0,15.9,1.1,18.1,18.0,2,1,1.00,CYCLE,E
IND,208,6415,59485,27/12/2023,07:45:44,15,0,23.6,1.0,56.0,55.8,2,1,1.00,CYCLE,E
IND,208,6415,59486,27/12/2023,07:46:14,15,1,30.7,1.0,166.6,166.5,2,1,1.00,CYCLE,W
IND,208,6415,59486,27/12/2023,07:50:29,15,1,26.6,1.1,49.0,48.0,2,1,1.00,CYCLE,W
IND,208,6415,59486,27/12/2023,07:51:30,15,1,25.3,1.0,61.6,61.4,2,1,1.00,CYCLE,W
IND,208,6415,59486,27/12/2023,07:51:41,15,1,29.6,1.0,10.4,10.2,2,1,1.00,CYCLE,W
IND,208,6415,59485,27/12/2023,07:52:18,15,0,16.8,1.0,393.6,393.5,2,1,1.00,CYCLE,E
IND,208,6415,59486,27/12/2023,07:53:04,15,1,21.6,1.0,8.3,8.4,2,1,1.00,CYCLE,W
IND,208,6415,59486,27/12/2023,07:53:06,15,1,22.5,1.0,1.4,1.3,2,1,1.00,CYCLE,W
IND,208,6415,59486,27/12/2023,07:53:32,15,1,32.7,1.0,26.3,26.2,2,1,1.00,CYCLE,W
IND,208,6415,59485,27/12/2023,07:53:38,15,0,31.0,1.0,80.3,80.1,2,1,1.00,CYCLE,E
IND,208,6415,59485,27/12/2023,07:57:22,15,0,23.6,1.1,223.8,223.7,2,1,1.00,CYCLE,E
IND,208,6415,59486,27/12/2023,07:58:12,15,1,25.2,1.0,279.5,279.4,2,1,1.00,CYCLE,W
IND,208,6415,59486,27/12/2023,08:00:11,15,1,29.3,1.0,119.0,119.2,2,1,0.80,CYCLE,W
IND,208,6415,59485,27/12/2023,08:00:57,15,0,27.9,1.0,3.5,2.5,2,1,1.00,CYCLE,E
IND,208,6415,59486,27/12/2023,08:01:11,15,1,31.0,0.9,60.3,59.9,2,1,1.00,CYCLE,W
IND,208,6415,59486,27/12/2023,08:02:01,15,1,26.3,1.0,50.0,49.9,2,1,1.00,CYCLE,W
IND,208,6415,59486,27/12/2023,08:02:13,15,1,31.0,1.0,12.1,11.9,2,1,1.00,CYCLE,W
IND,208,6415,59486,27/12/2023,08:02:13,15,1,31.0,1.0,0.0,0.0,2,1,1.00,CYCLE,W
IND,208,6415,59486,27/12/2023,08:02:49,15,1,25.3,1.0,36.1,36.0,2,1,1.00,CYCLE,W
IND,208,6415,59485,27/12/2023,08:02:50,15,0,24.9,1.1,112.9,112.8,2,1,1.00,CYCLE,E
IND,208,6415,59486,27/12/2023,08:03:02,15,1,20.5,1.1,12.5,12.4,2,1,1.00,CYCLE,W
IND,208,6415,59486,27/12/2023,08:03:46,15,1,31.9,0.9,44.4,44.2,2,1,1.00,CYCLE,W
IND,208,6415,59486,27/12/2023,08:04:40,15,1,30.1,1.0,54.4,54.2,2,1,0.29,CYCLE,W
IND,208,6415,59486,27/12/2023,08:05:16,15,1,34.4,1.0,35.8,35.5,2,1,1.00,CYCLE,W
IND,208,6415,59485,27/12/2023,08:05:38,15,0,25.6,1.0,167.6,167.5,2,1,1.00,CYCLE,E
IND,208,6415,59486,27/12/2023,08:06:12,15,1,30.3,1.0,55.9,55.8,2,1,1.00,CYCLE,W
IND,208,6415,59485,27/12/2023,08:07:06,15,0,19.3,1.1,88.1,88.0,2,1,1.00,CYCLE,E
IND,208,6415,59486,27/12/2023,08:08:02,15,1,28.1,1.0,109.7,109.6,2,1,1.00,CYCLE,W
IND,208,6415,59485,27/12/2023,08:08:41,15,0,21.8,1.0,95.5,95.3,2,1,1.00,CYCLE,E
IND,208,6415,59485,27/12/2023,08:08:45,15,0,24.1,1.0,3.8,3.6,2,1,1.00,CYCLE,E
IND,208,6415,59486,27/12/2023,08:08:50,15,1,21.9,1.1,47.9,47.8,2,1,1.00,CYCLE,W
IND,208,6415,59485,27/12/2023,08:10:04,15,0,3.3,0.5,79.2,79.0,2,1,1.00,CYCLE,E
IND,208,6415,59486,27/12/2023,08:10:52,15,1,28.2,1.0,122.4,122.2,2,1,1.00,CYCLE,W
IND,208,6415,59486,27/12/2023,08:11:23,15,1,31.5,1.1,31.1,31.0,2,1,1.00,CYCLE,W
IND,208,6415,59485,27/12/2023,08:11:30,15,0,28.5,1.0,85.5,84.9,2,1,1.00,CYCLE,E
IND,208,6415,59485,27/12/2023,08:11:43,15,0,21.0,0.9,13.1,13.0,2,1,1.00,CYCLE,E
IND,208,6415,59485,27/12/2023,08:12:29,15,0,17.3,1.1,46.4,46.2,2,1,1.00,CYCLE,E
IND,208,6415,59486,27/12/2023,08:14:12,15,1,33.6,1.1,168.6,168.5,2,1,1.00,CYCLE,W
IND,208,6415,59485,27/12/2023,08:15:46,15,0,25.2,1.1,196.9,196.7,2,1,1.00,CYCLE,E
IND,208,6415,59485,27/12/2023,08:15:51,15,0,24.4,1.0,4.4,4.3,2,1,1.00,CYCLE,E
IND,208,6415,59486,27/12/2023,08:16:32,15,1,25.8,1.0,139.9,139.8,2,1,1.00,CYCLE,W
IND,208,6415,59486,27/12/2023,08:16:58,15,1,21.6,1.0,25.9,25.8,2,1,1.00,CYCLE,W
IND,208,6415,59485,27/12/2023,08:19:01,15,0,15.2,1.1,71.1,70.7,2,1,1.00,CYCLE,E
IND,208,6415,59486,27/12/2023,08:22:19,15,1,29.2,1.1,287.7,287.0,2,1,1.00,CYCLE,W
IND,208,6415,59485,27/12/2023,08:22:22,15,0,20.5,1.0,200.4,200.2,2,1,1.00,CYCLE,E
IND,208,6415,59485,27/12/2023,08:22:35,15,0,29.2,1.1,13.5,13.4,2,1,1.00,CYCLE,E
IND,208,6415,59486,27/12/2023,08:25:23,15,1,24.5,1.0,184.1,183.9,2,1,1.00,CYCLE,W
IND,208,6415,59485,27/12/2023,08:26:44,15,0,25.9,1.1,248.6,248.4,2,1,1.00,CYCLE,E
IND,208,6415,59485,27/12/2023,08:27:24,15,0,16.3,1.2,40.3,40.2,2,1,1.00,CYCLE,E
IND,208,6415,59485,27/12/2023,08:27:54,15,0,26.2,1.0,30.1,29.8,2,1,1.00,CYCLE,E
IND,208,6415,59486,27/12/2023,08:28:15,15,1,26.3,1.1,143.7,143.5,2,1,1.00,CYCLE,W
IND,208,6415,59486,27/12/2023,08:30:48,15,1,26.3,1.0,153.4,153.2,2,1,1.00,CYCLE,W
IND,208,6415,59485,27/12/2023,08:30:51,15,0,33.9,1.1,176.9,176.8,2,1,1.00,CYCLE,E
IND,208,6415,59486,27/12/2023,08:32:57,15,1,31.6,1.0,128.6,128.4,2,1,1.00,CYCLE,W
IND,208,6415,59485,27/12/2023,08:33:30,15,0,20.6,1.0,159.2,159.1,2,1,1.00,CYCLE,E
IND,208,6415,59486,27/12/2023,08:34:38,15,1,30.2,1.0,101.8,101.7,2,1,1.00,CYCLE,W
IND,208,6415,59485,27/12/2023,08:35:22,15,0,18.8,1.0,111.7,111.6,2,1,1.00,CYCLE,E
IND,208,6415,59485,27/12/2023,08:38:17,15,0,14.9,1.1,175.1,175.0,2,1,1.00,CYCLE,E
IND,208,6415,59486,27/12/2023,08:38:40,15,1,27.7,1.0,241.9,241.8,2,1,1.00,CYCLE,W
IND,208,6415,59486,27/12/2023,08:39:36,15,1,9.3,0.9,55.5,55.5,2,1,0.80,CYCLE,W
IND,208,6415,59485,27/12/2023,08:40:02,15,0,30.0,1.0,104.8,104.5,2,1,1.00,CYCLE,E
IND,208,6415,59486,27/12/2023,08:40:52,15,1,28.9,1.0,76.7,76.5,2,1,1.00,CYCLE,W
IND,208,6415,59486,27/12/2023,08:41:23,15,1,23.3,1.0,31.0,30.9,2,1,1.00,CYCLE,W
IND,208,6415,59486,27/12/2023,08:41:24,15,1,25.1,1.0,1.0,0.8,2,1,1.00,CYCLE,W
IND,208,6415,59486,27/12/2023,08:42:27,15,1,24.8,1.0,39.8,37.8,2,1,1.00,CYCLE,W
IND,208,6415,59486,27/12/2023,08:42:28,15,1,28.1,1.0,1.5,1.3,2,1,1.00,CYCLE,W
IND,208,6415,59486,27/12/2023,08:43:38,15,1,19.4,1.0,70.1,70.0,2,1,1.00,CYCLE,W
IND,208,6415,59486,27/12/2023,08:43:49,15,1,27.7,1.0,11.3,11.1,2,1,1.00,CYCLE,W
IND,208,6415,59486,27/12/2023,08:44:41,15,1,26.2,1.0,51.3,51.1,2,1,1.00,CYCLE,W
IND,208,6415,59485,27/12/2023,08:45:13,15,0,32.0,1.1,82.9,82.7,2,1,1.00,CYCLE,E
IND,208,6415,59486,27/12/2023,08:45:46,15,1,22.2,1.0,64.9,64.8,2,1,1.00,CYCLE,W
IND,208,6415,59486,27/12/2023,08:45:54,15,1,24.2,1.1,8.1,8.0,2,1,1.00,CYCLE,W
IND,208,6415,59486,27/12/2023,08:47:02,15,1,22.1,1.0,68.5,68.3,2,1,1.00,CYCLE,W
IND,208,6415,59485,27/12/2023,08:47:40,15,0,29.2,1.1,119.4,119.4,2,1,1.00,CYCLE,E
IND,208,6415,59486,27/12/2023,08:48:22,15,1,28.3,1.0,79.7,79.5,2,1,1.00,CYCLE,W
IND,208,6415,59486,27/12/2023,08:49:10,15,1,22.4,1.0,47.7,47.6,2,1,1.00,CYCLE,W
IND,208,6415,59486,27/12/2023,08:49:15,15,1,22.3,1.0,5.6,5.5,2,1,1.00,CYCLE,W
IND,208,6415,59486,27/12/2023,08:49:24,15,1,29.6,1.0,8.3,8.1,2,1,1.00,CYCLE,W
IND,208,6415,59486,27/12/2023,08:49:26,15,1,29.4,1.1,2.4,2.2,2,1,1.00,CYCLE,W
IND,208,6415,59486,27/12/2023,08:49:27,15,1,30.1,1.1,0.7,0.5,2,1,1.00,CYCLE,W
IND,208,6415,59486,27/12/2023,08:50:45,15,1,25.8,1.1,78.1,78.0,2,1,1.00,CYCLE,W
IND,208,6415,59485,27/12/2023,08:51:25,15,0,23.5,1.1,87.6,87.6,2,1,1.00,CYCLE,E
IND,208,6415,59486,27/12/2023,08:53:59,15,1,22.7,1.0,193.8,193.7,2,1,1.00,CYCLE,W
IND,208,6415,59486,27/12/2023,08:54:04,15,1,23.1,1.0,5.4,5.3,2,1,1.00,CYCLE,W
IND,208,6415,59486,27/12/2023,08:54:25,15,1,23.2,0.9,21.4,21.2,2,1,1.00,CYCLE,W
IND,208,6415,59486,27/12/2023,08:54:34,15,1,22.1,1.0,8.2,8.1,2,1,1.00,CYCLE,W
IND,208,6415,59486,27/12/2023,08:55:19,15,1,29.0,1.0,45.0,44.9,2,1,1.00,CYCLE,W
IND,208,6415,59486,27/12/2023,08:56:43,15,1,30.0,1.1,84.6,84.4,2,1,1.00,CYCLE,W
IND,208,6415,59485,27/12/2023,08:58:18,15,0,19.3,1.0,413.5,413.3,2,1,1.00,CYCLE,E
IND,208,6415,59486,27/12/2023,09:00:03,15,1,30.2,1.0,199.8,199.6,2,1,1.00,CYCLE,W
IND,208,6415,59486,27/12/2023,09:02:02,15,1,27.3,1.0,92.9,92.3,2,1,1.00,CYCLE,W
IND,208,6415,59486,27/12/2023,09:02:26,15,1,23.8,1.1,23.6,23.5,2,1,1.00,CYCLE,W
IND,208,6415,59486,27/12/2023,09:02:36,15,1,26.7,1.0,10.5,11.1,2,1,0.89,CYCLE,W
IND,208,6415,59486,27/12/2023,09:02:36,15,1,26.7,1.0,0.0,0.0,2,1,0.89,CYCLE,W
IND,208,6415,59485,27/12/2023,09:02:50,15,0,21.7,1.0,51.6,51.4,2,1,1.00,CYCLE,E
IND,208,6415,59486,27/12/2023,09:04:32,15,1,29.4,1.0,115.9,114.9,2,1,1.00,CYCLE,W
IND,208,6415,59486,27/12/2023,09:05:34,15,1,20.3,1.0,62.6,62.4,2,1,1.00,CYCLE,W
IND,208,6415,59486,27/12/2023,09:05:35,15,1,18.9,1.0,0.4,0.2,2,1,1.00,CYCLE,W
IND,208,6415,59485,27/12/2023,09:06:24,15,0,3.0,0.4,213.6,213.4,2,1,1.00,CYCLE,E
IND,208,6415,59486,27/12/2023,09:07:58,15,1,28.4,1.0,143.6,143.3,2,1,1.00,CYCLE,W
IND,208,6415,59486,27/12/2023,09:09:33,15,1,26.0,1.0,94.8,94.6,2,1,1.00,CYCLE,W
IND,208,6415,59486,27/12/2023,09:10:24,15,1,27.4,1.1,50.6,50.5,2,1,1.00,CYCLE,W
IND,208,6415,59486,27/12/2023,09:11:37,15,1,32.1,1.0,73.6,73.4,2,1,1.00,CYCLE,W
IND,208,6415,59485,27/12/2023,09:11:40,15,0,25.0,1.1,234.0,234.0,2,1,1.00,CYCLE,E
IND,208,6415,59485,27/12/2023,09:11:42,15,0,21.5,1.1,1.9,1.7,2,1,1.00,CYCLE,E
IND,208,6415,59485,27/12/2023,09:11:50,15,0,18.1,1.1,8.1,8.0,2,1,1.00,CYCLE,E
IND,208,6415,59486,27/12/2023,09:12:58,15,1,24.8,1.0,80.6,80.5,2,1,1.00,CYCLE,W
IND,208,6415,59486,27/12/2023,09:17:54,15,1,30.0,1.0,296.4,296.3,2,1,1.00,CYCLE,W
IND,208,6415,59486,27/12/2023,09:20:23,15,1,23.0,1.1,148.3,148.2,2,1,1.00,CYCLE,W
IND,208,6415,59486,27/12/2023,09:20:24,15,1,22.5,1.0,1.7,1.5,2,1,1.00,CYCLE,W
IND,208,6415,59486,27/12/2023,09:20:26,15,1,23.9,1.1,1.6,1.4,2,1,1.00,CYCLE,W
IND,208,6415,59485,27/12/2023,09:23:13,15,0,13.7,1.0,152.7,152.3,2,1,1.00,CYCLE,E
IND,208,6415,59485,27/12/2023,09:23:18,15,0,15.4,1.0,4.7,4.4,2,1,1.00,CYCLE,E
IND,208,6415,59485,27/12/2023,09:23:19,15,0,14.4,1.0,1.3,1.1,2,1,1.00,CYCLE,E
IND,208,6415,59485,27/12/2023,09:23:21,15,0,14.7,1.1,1.5,1.3,2,1,1.00,CYCLE,E
IND,208,6415,59486,27/12/2023,09:24:07,15,1,25.6,1.0,221.2,221.0,2,1,1.00,CYCLE,W
IND,208,6415,59486,27/12/2023,09:25:13,15,1,26.0,1.0,65.4,65.3,2,1,1.00,CYCLE,W
IND,208,6415,59486,27/12/2023,09:25:50,15,1,31.2,1.0,37.7,37.5,2,1,1.00,CYCLE,W
IND,208,6415,59485,27/12/2023,09:27:11,15,0,15.9,0.9,43.9,43.8,2,1,1.00,CYCLE,E
IND,208,6415,59485,27/12/2023,09:29:14,15,0,5.6,1.0,122.2,122.2,2,1,0.29,CYCLE,E
IND,208,6415,59486,27/12/2023,09:31:56,15,1,14.5,1.1,136.1,136.0,2,1,1.00,CYCLE,W
IND,208,6415,59486,27/12/2023,09:31:57,15,1,14.5,1.0,0.7,0.4,2,1,1.00,CYCLE,W
IND,208,6415,59485,27/12/2023,09:32:32,15,0,19.3,1.0,198.8,197.9,2,1,1.00,CYCLE,E
IND,208,6415,59486,27/12/2023,09:33:04,15,1,25.7,1.1,67.1,66.8,2,1,1.00,CYCLE,W
IND,208,6415,59486,27/12/2023,09:33:19,15,1,27.0,1.1,15.2,15.1,2,1,1.00,CYCLE,W
IND,208,6415,59486,27/12/2023,09:34:52,15,1,24.7,1.1,92.6,92.5,2,1,1.00,CYCLE,W
IND,208,6415,59485,27/12/2023,09:35:44,15,0,23.2,1.0,147.2,146.8,2,1,1.00,CYCLE,E
IND,208,6415,59486,27/12/2023,09:37:41,15,1,27.8,1.0,169.8,169.7,2,1,1.00,CYCLE,W
IND,208,6415,59486,27/12/2023,09:37:42,15,1,25.6,1.0,0.4,0.3,2,1,1.00,CYCLE,W
IND,208,6415,59485,27/12/2023,09:39:59,15,0,27.2,1.2,149.2,148.9,2,1,1.00,CYCLE,E
IND,208,6415,59486,27/12/2023,09:40:32,15,1,26.7,1.0,170.5,170.3,2,1,1.00,CYCLE,W
IND,208,6415,59486,27/12/2023,09:40:35,15,1,21.7,1.1,3.1,3.0,2,1,1.00,CYCLE,W
IND,208,6415,59486,27/12/2023,09:41:23,15,1,20.0,0.9,47.5,47.4,2,1,1.00,CYCLE,W
IND,208,6415,59486,27/12/2023,09:41:23,15,1,20.1,1.0,0.4,0.3,2,1,1.00,CYCLE,W
IND,208,6415,59486,27/12/2023,09:41:36,15,1,21.7,1.0,12.6,12.4,2,1,1.00,CYCLE,W
IND,208,6415,59486,27/12/2023,09:42:23,15,1,27.4,1.0,47.3,47.1,2,1,1.00,CYCLE,W
IND,208,6415,59486,27/12/2023,09:42:24,15,1,31.6,1.0,0.8,0.6,2,1,1.00,CYCLE,W
IND,208,6415,59486,27/12/2023,09:46:30,15,1,20.5,1.1,58.6,58.6,2,1,1.00,CYCLE,W
IND,208,6415,59486,27/12/2023,09:47:12,15,1,23.6,1.0,41.9,41.7,2,1,1.00,CYCLE,W
IND,208,6415,59486,27/12/2023,09:47:14,15,1,24.9,1.1,1.2,1.1,2,1,1.00,CYCLE,W
IND,208,6415,59486,27/12/2023,09:47:39,15,1,22.2,1.1,25.2,25.1,2,1,1.00,CYCLE,W
IND,208,6415,59485,27/12/2023,09:48:27,15,0,18.9,1.1,507.8,507.7,2,1,1.00,CYCLE,E
IND,208,6415,59485,27/12/2023,09:49:00,15,0,26.6,1.0,33.3,33.1,2,1,1.00,CYCLE,E
IND,208,6415,59486,27/12/2023,09:49:53,15,1,28.9,1.0,134.1,133.9,2,1,1.00,CYCLE,W
IND,208,6415,59486,27/12/2023,09:50:16,15,1,19.8,1.0,23.3,23.2,2,1,1.00,CYCLE,W
IND,208,6415,59486,27/12/2023,09:50:36,15,1,19.6,1.0,19.4,19.2,2,1,1.00,CYCLE,W
IND,208,6415,59486,27/12/2023,09:51:46,15,1,26.0,1.0,70.1,69.9,2,1,1.00,CYCLE,W
IND,208,6415,59486,27/12/2023,09:52:02,15,1,21.8,1.5,16.6,16.4,2,1,0.80,CYCLE,W
IND,208,6415,59486,27/12/2023,09:52:47,15,1,20.3,1.0,40.1,40.2,2,1,1.00,CYCLE,W
IND,208,6415,59486,27/12/2023,09:52:47,15,1,20.3,1.0,0.0,0.0,2,1,1.00,CYCLE,W
IND,208,6415,59486,27/12/2023,09:53:21,15,1,28.3,1.1,34.7,34.4,2,1,1.00,CYCLE,W
IND,208,6415,59485,27/12/2023,09:53:35,15,0,18.0,1.0,85.4,85.4,2,1,1.00,CYCLE,E
IND,208,6415,59485,27/12/2023,09:54:13,15,0,20.3,1.0,38.1,37.9,2,1,1.00,CYCLE,E
IND,208,6415,59485,27/12/2023,09:54:14,15,0,19.7,1.0,0.7,0.5,2,1,1.00,CYCLE,E
IND,208,6415,59485,27/12/2023,09:55:15,15,0,21.1,0.9,47.4,47.4,2,1,1.00,CYCLE,E
IND,208,6415,59485,27/12/2023,09:56:52,15,0,17.2,1.0,96.9,96.7,2,1,1.00,CYCLE,E
IND,208,6415,59485,27/12/2023,09:56:59,15,0,20.1,1.0,7.3,7.1,2,1,1.00,CYCLE,E
IND,208,6415,59485,27/12/2023,09:57:01,15,0,18.7,1.0,1.6,1.5,2,1,1.00,CYCLE,E
IND,208,6415,59485,27/12/2023,09:57:45,15,0,20.2,1.1,44.5,44.3,2,1,1.00,CYCLE,E
IND,208,6415,59486,27/12/2023,09:58:17,15,1,27.9,1.0,222.3,222.1,2,1,1.00,CYCLE,W
IND,208,6415,59485,27/12/2023,09:58:38,15,0,17.5,1.1,53.0,52.8,2,1,1.00,CYCLE,E
IND,208,6415,59486,27/12/2023,09:59:57,15,1,23.9,1.0,99.9,99.8,2,1,1.00,CYCLE,W
IND,208,6415,59485,27/12/2023,10:00:46,15,0,16.9,1.1,127.4,127.2,2,1,1.00,CYCLE,E
IND,208,6415,59486,27/12/2023,10:01:24,15,1,35.7,1.0,87.7,87.6,2,1,1.00,CYCLE,W
IND,208,6415,59486,27/12/2023,10:01:38,15,1,23.2,1.0,13.4,13.3,2,1,0.67,CYCLE,W
IND,208,6415,59486,27/12/2023,10:01:38,15,1,23.2,1.0,0.0,0.0,2,1,0.67,CYCLE,W
IND,208,6415,59485,27/12/2023,10:01:53,15,0,17.8,1.1,67.7,67.5,2,1,1.00,CYCLE,E
IND,208,6415,59486,27/12/2023,10:05:48,15,1,27.3,1.1,57.5,57.6,2,1,1.00,CYCLE,W
IND,208,6415,59486,27/12/2023,10:06:14,15,1,25.8,1.0,26.4,26.2,2,1,1.00,CYCLE,W
IND,208,6415,59485,27/12/2023,10:07:22,15,0,4.9,1.0,328.8,328.9,2,1,0.40,CYCLE,E
IND,208,6415,59486,27/12/2023,10:07:36,15,1,20.6,1.1,82.0,81.9,2,1,1.00,CYCLE,W
IND,208,6415,59486,27/12/2023,10:07:41,15,1,26.5,1.1,4.7,4.5,2,1,1.00,CYCLE,W
IND,208,6415,59486,27/12/2023,10:08:26,15,1,23.5,1.1,44.4,44.3,2,1,1.00,CYCLE,W
IND,208,6415,59485,27/12/2023,10:08:49,15,0,20.0,1.0,86.4,85.3,2,1,1.00,CYCLE,E
IND,208,6415,59485,27/12/2023,10:09:16,15,0,19.6,1.0,27.7,27.5,2,1,1.00,CYCLE,E
IND,208,6415,59486,27/12/2023,10:09:18,15,1,22.2,1.1,52.6,52.4,2,1,1.00,CYCLE,W
IND,208,6415,59486,27/12/2023,10:09:19,15,1,20.7,1.0,0.5,0.3,2,1,1.00,CYCLE,W
IND,208,6415,59486,27/12/2023,10:09:44,15,1,23.3,1.1,25.2,25.0,2,1,1.00,CYCLE,W
IND,208,6415,59485,27/12/2023,10:09:49,15,0,3.6,1.0,32.3,32.1,2,1,0.50,CYCLE,E
IND,208,6415,59485,27/12/2023,10:09:49,15,0,3.6,1.0,0.0,0.0,2,1,0.50,CYCLE,E
IND,208,6415,59486,27/12/2023,10:10:14,15,1,22.3,1.1,29.8,29.6,2,1,1.00,CYCLE,W
IND,208,6415,59486,27/12/2023,10:12:03,15,1,27.0,1.0,109.7,109.5,2,1,1.00,CYCLE,W
IND,208,6415,59485,27/12/2023,10:12:09,15,0,26.6,1.0,140.1,138.8,2,1,1.00,CYCLE,E
IND,208,6415,59485,27/12/2023,10:12:22,15,0,27.4,1.0,13.6,13.4,2,1,1.00,CYCLE,E
IND,208,6415,59485,27/12/2023,10:12:35,15,0,14.9,1.1,13.3,13.2,2,1,1.00,CYCLE,E
IND,208,6415,59485,27/12/2023,10:12:40,15,0,21.4,1.0,4.7,4.4,2,1,1.00,CYCLE,E
IND,208,6415,59485,27/12/2023,10:12:41,15,0,22.4,1.0,0.6,0.4,2,1,1.00,CYCLE,E
IND,208,6415,59486,27/12/2023,10:15:08,15,1,21.2,1.0,184.9,184.8,2,1,1.00,CYCLE,W
IND,208,6415,59486,27/12/2023,10:15:08,15,1,22.2,1.1,0.3,0.1,2,1,1.00,CYCLE,W
IND,208,6415,59486,27/12/2023,10:15:10,15,1,22.8,1.1,1.8,1.6,2,1,1.00,CYCLE,W
IND,208,6415,59486,27/12/2023,10:15:12,15,1,22.4,1.0,1.3,1.1,2,1,1.00,CYCLE,W
IND,208,6415,59486,27/12/2023,10:15:12,15,1,22.4,1.0,0.0,0.0,2,1,1.00,CYCLE,W
IND,208,6415,59486,27/12/2023,10:16:03,15,1,25.2,1.0,51.8,51.5,2,1,1.00,CYCLE,W
IND,208,6415,59486,27/12/2023,10:17:33,15,1,4.3,0.4,46.8,46.9,2,1,1.00,CYCLE,W
IND,208,6415,59486,27/12/2023,10:18:33,15,1,10.4,1.0,59.9,59.2,2,1,0.18,CYCLE,W
IND,208,6415,59486,27/12/2023,10:18:38,15,1,18.7,1.1,5.0,3.6,2,1,1.00,CYCLE,W
IND,208,6415,59485,27/12/2023,10:19:06,15,0,6.9,0.3,239.7,239.3,2,1,0.80,CYCLE,E
IND,208,6415,59485,27/12/2023,10:19:10,15,0,14.0,1.2,4.5,4.4,2,1,1.00,CYCLE,E
IND,208,6415,59485,27/12/2023,10:19:11,15,0,13.0,1.0,1.3,1.0,2,1,1.00,CYCLE,E
IND,208,6415,59485,27/12/2023,10:20:54,15,0,26.8,1.0,102.2,101.9,2,1,1.00,CYCLE,E
IND,208,6415,59485,27/12/2023,10:21:09,15,0,18.6,1.0,15.8,15.7,2,1,1.00,CYCLE,E
IND,208,6415,59486,27/12/2023,10:22:04,15,1,29.8,1.0,81.8,81.6,2,1,1.00,CYCLE,W
IND,208,6415,59485,27/12/2023,10:23:05,15,0,10.8,0.8,115.9,115.7,2,1,0.80,CYCLE,E
IND,208,6415,59485,27/12/2023,10:23:22,15,0,18.0,1.1,16.8,16.7,2,1,1.00,CYCLE,E
IND,208,6415,59485,27/12/2023,10:24:52,15,0,34.0,1.0,89.7,89.5,2,1,0.40,CYCLE,E
IND,208,6415,59485,27/12/2023,10:25:05,15,0,24.0,1.0,13.2,13.0,2,1,1.00,CYCLE,E
IND,208,6415,59485,27/12/2023,10:26:42,15,0,28.1,1.0,97.1,97.0,2,1,1.00,CYCLE,E
IND,208,6415,59485,27/12/2023,10:29:57,15,0,17.3,1.1,178.5,178.3,2,1,1.00,CYCLE,E
IND,208,6415,59485,27/12/2023,10:29:57,15,0,4.0,0.0,0.4,0.2,2,1,1.00,CYCLE,E
IND,208,6415,59486,27/12/2023,10:30:09,15,1,29.6,1.0,484.6,484.5,2,1,1.00,CYCLE,W
IND,208,6415,59486,27/12/2023,10:30:18,15,1,33.1,1.0,9.1,9.0,2,1,1.00,CYCLE,W
IND,208,6415,59486,27/12/2023,10:30:53,15,1,10.0,0.4,34.6,34.6,2,1,1.00,CYCLE,W
IND,208,6415,59486,27/12/2023,10:30:54,15,1,9.4,0.4,1.1,1.0,2,1,1.00,CYCLE,W
IND,208,6415,59486,27/12/2023,10:31:09,15,1,18.9,1.0,15.7,15.5,2,1,1.00,CYCLE,W
IND,208,6415,59485,27/12/2023,10:31:35,15,0,17.4,1.1,98.2,98.2,2,1,1.00,CYCLE,E
IND,208,6415,59486,27/12/2023,10:32:32,15,1,28.0,1.1,82.6,82.4,2,1,1.00,CYCLE,W
IND,208,6415,59486,27/12/2023,10:35:33,15,1,21.9,1.0,181.4,181.3,2,1,1.00,CYCLE,W
IND,208,6415,59486,27/12/2023,10:35:36,15,1,22.6,1.0,2.8,2.7,2,1,1.00,CYCLE,W
IND,208,6415,59486,27/12/2023,10:36:52,15,1,24.4,1.1,75.8,75.6,2,1,1.00,CYCLE,W
IND,208,6415,59486,27/12/2023,10:42:21,15,1,21.6,1.0,174.8,174.5,2,1,1.00,CYCLE,W
IND,208,6415,59486,27/12/2023,10:42:23,15,1,21.2,1.0,2.2,2.0,2,1,1.00,CYCLE,W
IND,208,6415,59486,27/12/2023,10:42:24,15,1,21.6,0.9,1.4,1.3,2,1,1.00,CYCLE,W
IND,208,6415,59485,27/12/2023,10:42:31,15,0,16.8,1.0,655.7,655.5,2,1,1.00,CYCLE,E
IND,208,6415,59485,27/12/2023,10:42:32,15,0,15.9,1.1,0.6,0.4,2,1,1.00,CYCLE,E
IND,208,6415,59485,27/12/2023,10:43:07,15,0,21.7,1.1,35.2,34.9,2,1,1.00,CYCLE,E
IND,208,6415,59485,27/12/2023,10:43:24,15,0,21.4,1.1,16.8,16.6,2,1,1.00,CYCLE,E
IND,208,6415,59486,27/12/2023,10:43:55,15,1,25.8,1.1,90.6,90.4,2,1,1.00,CYCLE,W
IND,208,6415,59485,27/12/2023,10:44:16,15,0,21.4,1.1,52.8,52.6,2,1,1.00,CYCLE,E
IND,208,6415,59485,27/12/2023,10:45:57,15,0,18.6,1.1,100.3,100.2,2,1,1.00,CYCLE,E
IND,208,6415,59485,27/12/2023,10:46:03,15,0,21.8,1.1,6.3,6.1,2,1,1.00,CYCLE,E
IND,208,6415,59486,27/12/2023,10:46:10,15,1,23.7,1.1,135.4,135.2,2,1,1.00,CYCLE,W
IND,208,6415,59485,27/12/2023,10:47:34,15,0,23.1,1.2,91.2,91.0,2,1,1.00,CYCLE,E
IND,208,6415,59486,27/12/2023,10:48:04,15,1,24.4,1.0,114.2,114.1,2,1,1.00,CYCLE,W
IND,208,6415,59485,27/12/2023,10:49:52,15,0,19.4,1.1,137.4,137.3,2,1,1.00,CYCLE,E
IND,208,6415,59485,27/12/2023,10:49:55,15,0,19.6,1.1,3.7,3.5,2,1,1.00,CYCLE,E
IND,208,6415,59485,27/12/2023,10:50:40,15,0,27.5,1.0,45.1,44.9,2,1,1.00,CYCLE,E
IND,208,6415,59485,27/12/2023,10:51:18,15,0,19.5,1.0,37.5,37.4,2,1,1.00,CYCLE,E
IND,208,6415,59485,27/12/2023,10:51:18,15,0,19.5,1.0,0.0,0.0,2,1,1.00,CYCLE,E
IND,208,6415,59485,27/12/2023,10:55:11,15,0,31.4,1.1,31.1,30.8,2,1,1.00,CYCLE,E
IND,208,6415,59485,27/12/2023,10:56:29,15,0,23.8,1.1,77.9,77.7,2,1,1.00,CYCLE,E
IND,208,6415,59486,27/12/2023,10:57:28,15,1,29.6,1.1,33.3,33.0,2,1,1.00,CYCLE,W
IND,208,6415,59485,27/12/2023,10:58:00,15,0,6.2,0.1,90.5,90.3,2,1,1.00,CYCLE,E
IND,208,6415,59485,27/12/2023,10:59:46,15,0,29.1,1.0,105.8,105.8,2,1,1.00,CYCLE,E
IND,208,6415,59486,27/12/2023,11:00:05,15,1,29.0,0.9,156.9,156.7,2,1,1.00,CYCLE,W
IND,208,6415,59486,27/12/2023,11:00:43,15,1,22.5,1.1,38.4,38.3,2,1,1.00,CYCLE,W
IND,208,6415,59486,27/12/2023,11:00:44,15,1,21.8,1.1,0.9,0.8,2,1,1.00,CYCLE,W
IND,208,6415,59486,27/12/2023,11:00:45,15,1,26.1,1.1,0.9,0.7,2,1,1.00,CYCLE,W
IND,208,6415,59486,27/12/2023,11:00:46,15,1,26.4,1.1,0.9,0.7,2,1,1.00,CYCLE,W
IND,208,6415,59486,27/12/2023,11:01:25,15,1,26.7,1.0,39.2,39.1,2,1,1.00,CYCLE,W
IND,208,6415,59485,27/12/2023,11:03:08,15,0,22.0,1.0,202.7,202.5,2,1,1.00,CYCLE,E
IND,208,6415,59485,27/12/2023,11:03:30,15,0,20.6,1.0,21.7,21.6,2,1,1.00,CYCLE,E
IND,208,6415,59485,27/12/2023,11:03:30,15,0,18.1,1.1,0.4,0.2,2,1,1.00,CYCLE,E
IND,208,6415,59486,27/12/2023,11:03:54,15,1,5.2,1.0,20.0,19.5,2,1,0.21,CYCLE,W
IND,208,6415,59486,27/12/2023,11:03:54,15,1,5.2,1.0,0.0,0.0,2,1,0.21,CYCLE,W
IND,208,6415,59486,27/12/2023,11:03:54,15,1,5.2,1.0,0.0,0.0,2,1,0.21,CYCLE,W
IND,208,6415,59486,27/12/2023,11:05:40,15,1,18.3,1.1,105.6,103.9,2,1,1.00,CYCLE,W
IND,208,6415,59486,27/12/2023,11:05:40,15,1,19.1,1.1,0.7,0.5,2,1,1.00,CYCLE,W
IND,208,6415,59486,27/12/2023,11:05:46,15,1,25.7,1.0,5.2,5.0,2,1,1.00,CYCLE,W
IND,208,6415,59486,27/12/2023,11:06:57,15,1,27.7,1.1,71.3,71.2,2,1,1.00,CYCLE,W
IND,208,6415,59486,27/12/2023,11:07:34,15,1,27.3,1.1,37.5,37.3,2,1,1.00,CYCLE,W
IND,208,6415,59486,27/12/2023,11:09:24,15,1,23.6,1.0,74.6,74.3,2,1,1.00,CYCLE,W
IND,208,6415,59485,27/12/2023,11:09:30,15,0,25.7,1.0,128.1,126.5,2,1,1.00,CYCLE,E
IND,208,6415,59486,27/12/2023,11:09:30,15,1,24.7,1.0,6.0,5.8,2,1,1.00,CYCLE,W
IND,208,6415,59485,27/12/2023,11:11:49,15,0,24.9,1.0,139.5,139.3,2,1,1.00,CYCLE,E
IND,208,6415,59486,27/12/2023,11:13:37,15,1,19.8,1.0,247.4,247.3,2,1,1.00,CYCLE,W
IND,208,6415,59486,27/12/2023,11:14:27,15,1,21.4,1.1,49.2,49.0,2,1,1.00,CYCLE,W
IND,208,6415,59486,27/12/2023,11:14:34,15,1,23.2,1.0,7.5,7.3,2,1,1.00,CYCLE,W
IND,208,6415,59485,27/12/2023,11:15:52,15,0,21.5,1.0,243.2,243.1,2,1,1.00,CYCLE,E
IND,208,6415,59486,27/12/2023,11:16:52,15,1,23.2,1.1,137.8,137.6,2,1,1.00,CYCLE,W
IND,208,6415,59485,27/12/2023,11:17:49,15,0,22.1,1.0,116.9,116.7,2,1,1.00,CYCLE,E
IND,208,6415,59485,27/12/2023,11:18:40,15,0,19.2,1.1,51.1,51.0,2,1,1.00,CYCLE,E
IND,208,6415,59486,27/12/2023,11:20:12,15,1,23.6,1.0,200.0,199.8,2,1,1.00,CYCLE,W
IND,208,6415,59485,27/12/2023,11:20:44,15,0,8.8,0.6,124.1,123.9,2,1,0.80,CYCLE,E
IND,208,6415,59485,27/12/2023,11:22:14,15,0,29.2,1.0,90.0,90.0,2,1,1.00,CYCLE,E
IND,208,6415,59485,27/12/2023,11:23:07,15,0,17.9,1.1,52.7,52.6,2,1,1.00,CYCLE,E
IND,208,6415,59485,27/12/2023,11:23:48,15,0,25.2,1.0,40.4,40.2,2,1,1.00,CYCLE,E
IND,208,6415,59486,27/12/2023,11:23:58,15,1,18.8,1.0,225.6,225.5,2,1,1.00,CYCLE,W
IND,208,6415,59486,27/12/2023,11:24:03,15,1,21.6,1.1,5.8,5.6,2,1,1.00,CYCLE,W
IND,208,6415,59485,27/12/2023,11:24:29,15,0,22.4,1.0,41.7,41.5,2,1,1.00,CYCLE,E
IND,208,6415,59485,27/12/2023,11:24:38,15,0,21.3,1.0,9.2,9.1,2,1,1.00,CYCLE,E
IND,208,6415,59485,27/12/2023,11:24:50,15,0,19.8,1.1,11.7,11.5,2,1,1.00,CYCLE,E
IND,208,6415,59485,27/12/2023,11:25:05,15,0,15.7,1.0,14.5,14.3,2,1,1.00,CYCLE,E
IND,208,6415,59486,27/12/2023,11:25:42,15,1,20.1,1.0,98.6,98.4,2,1,1.00,CYCLE,W
IND,208,6415,59486,27/12/2023,11:26:18,15,1,13.5,1.0,35.7,35.5,2,1,1.00,CYCLE,W
IND,208,6415,59486,27/12/2023,11:26:29,15,1,24.1,1.2,11.3,11.0,2,1,1.00,CYCLE,W
IND,208,6415,59485,27/12/2023,11:27:19,15,0,14.0,1.0,134.5,134.2,2,1,1.00,CYCLE,E
IND,208,6415,59485,27/12/2023,11:27:20,15,0,13.6,1.0,0.4,0.2,2,1,1.00,CYCLE,E
IND,208,6415,59486,27/12/2023,11:27:37,15,1,23.8,1.0,68.1,67.9,2,1,1.00,CYCLE,W
IND,208,6415,59486,27/12/2023,11:28:45,15,1,24.9,1.1,68.4,68.2,2,1,1.00,CYCLE,W
IND,208,6415,59485,27/12/2023,11:28:54,15,0,21.7,1.2,94.8,94.5,2,1,1.00,CYCLE,E
IND,208,6415,59486,27/12/2023,11:29:01,15,1,25.0,1.0,15.5,15.4,2,1,1.00,CYCLE,W
IND,208,6415,59485,27/12/2023,11:29:38,15,0,13.7,1.0,43.9,43.7,2,1,1.00,CYCLE,E
IND,208,6415,59485,27/12/2023,11:29:39,15,0,13.3,1.0,0.9,0.6,2,1,1.00,CYCLE,E
IND,208,6415,59486,27/12/2023,11:29:41,15,1,25.8,1.0,39.7,39.5,2,1,1.00,CYCLE,W
IND,208,6415,59485,27/12/2023,11:29:57,15,0,23.8,1.0,18.0,17.8,2,1,1.00,CYCLE,E
IND,208,6415,59486,27/12/2023,11:31:23,15,1,3.6,1.0,102.8,102.6,2,1,0.29,CYCLE,W
IND,208,6415,59486,27/12/2023,11:31:34,15,1,17.8,1.2,10.4,9.5,2,1,1.00,CYCLE,W
IND,208,6415,59485,27/12/2023,11:31:37,15,0,22.2,1.0,99.7,99.6,2,1,1.00,CYCLE,E
IND,208,6415,59486,27/12/2023,11:31:56,15,1,19.1,1.1,22.5,22.3,2,1,1.00,CYCLE,W
IND,208,6415,59486,27/12/2023,11:31:57,15,1,20.4,1.0,1.0,0.8,2,1,1.00,CYCLE,W
IND,208,6415,59485,27/12/2023,11:36:57,15,0,21.0,1.1,320.3,320.1,2,1,1.00,CYCLE,E
IND,208,6415,59485,27/12/2023,11:37:14,15,0,35.8,1.1,16.5,16.3,2,1,1.00,CYCLE,E
IND,208,6415,59486,27/12/2023,11:37:17,15,1,3.5,0.6,319.6,319.8,2,1,0.80,CYCLE,W
IND,208,6415,59486,27/12/2023,11:37:31,15,1,2.1,0.4,13.9,13.9,2,1,0.80,CYCLE,W
IND,208,6415,59486,27/12/2023,11:38:38,15,1,21.7,1.1,67.4,66.7,2,1,1.00,CYCLE,W
IND,208,6415,59486,27/12/2023,11:38:39,15,1,21.2,1.1,0.7,0.5,2,1,1.00,CYCLE,W
IND,208,6415,59486,27/12/2023,11:41:12,15,1,27.7,1.0,153.6,153.4,2,1,1.00,CYCLE,W
IND,208,6415,59486,27/12/2023,11:41:36,15,1,24.1,1.2,23.1,22.9,2,1,1.00,CYCLE,W
IND,208,6415,59486,27/12/2023,11:41:38,15,1,26.6,1.2,2.1,1.9,2,1,1.00,CYCLE,W
IND,208,6415,59485,27/12/2023,11:42:04,15,0,24.3,1.1,42.6,42.6,2,1,1.00,CYCLE,E
IND,208,6415,59485,27/12/2023,11:42:49,15,0,24.2,1.2,44.8,44.7,2,1,1.00,CYCLE,E
IND,208,6415,59486,27/12/2023,11:43:46,15,1,25.8,1.0,121.5,121.5,2,1,1.00,CYCLE,W
IND,208,6415,59485,27/12/2023,11:45:10,15,0,22.4,1.0,140.9,140.8,2,1,1.00,CYCLE,E
IND,208,6415,59485,27/12/2023,11:45:15,15,0,23.6,1.0,5.3,5.1,2,1,1.00,CYCLE,E
IND,208,6415,59486,27/12/2023,11:45:37,15,1,23.6,1.0,111.6,111.5,2,1,1.00,CYCLE,W
IND,208,6415,59486,27/12/2023,11:46:19,15,1,19.6,1.0,41.9,41.8,2,1,1.00,CYCLE,W
IND,208,6415,59486,27/12/2023,11:46:27,15,1,24.5,1.0,8.1,7.9,2,1,1.00,CYCLE,W
IND,208,6415,59486,27/12/2023,11:47:18,15,1,27.5,0.9,50.2,50.0,2,1,1.00,CYCLE,W
IND,208,6415,59485,27/12/2023,11:47:24,15,0,23.9,1.0,129.1,128.9,2,1,1.00,CYCLE,E
IND,208,6415,59486,27/12/2023,11:48:45,15,1,23.0,1.2,87.3,87.2,2,1,1.00,CYCLE,W
IND,208,6415,59486,27/12/2023,11:49:44,15,1,21.5,1.0,59.4,59.2,2,1,1.00,CYCLE,W
IND,208,6415,59486,27/12/2023,11:49:44,15,1,21.5,1.0,0.0,0.0,2,1,1.00,CYCLE,W
IND,208,6415,59486,27/12/2023,11:49:45,15,1,21.9,1.0,1.3,0.9,2,1,1.00,CYCLE,W
IND,208,6415,59485,27/12/2023,11:51:39,15,0,23.9,1.0,254.3,254.1,2,1,1.00,CYCLE,E
IND,208,6415,59485,27/12/2023,11:52:03,15,0,31.8,1.0,24.7,24.6,2,1,1.00,CYCLE,E
IND,208,6415,59485,27/12/2023,11:52:56,15,0,19.1,1.1,26.9,26.7,2,1,1.00,CYCLE,E
IND,208,6415,59485,27/12/2023,11:52:58,15,0,16.7,1.1,2.0,1.8,2,1,1.00,CYCLE,E
IND,208,6415,59485,27/12/2023,11:53:54,15,0,18.0,1.0,55.5,55.3,2,1,1.00,CYCLE,E
IND,208,6415,59485,27/12/2023,11:53:54,15,0,17.7,1.1,0.8,0.6,2,1,1.00,CYCLE,E
IND,208,6415,59486,27/12/2023,11:54:21,15,1,25.1,1.0,275.2,275.0,2,1,1.00,CYCLE,W
IND,208,6415,59485,27/12/2023,11:56:58,15,0,19.7,1.1,178.5,178.4,2,1,1.00,CYCLE,E
IND,208,6415,59486,27/12/2023,11:57:30,15,1,23.4,1.0,189.8,189.7,2,1,1.00,CYCLE,W
IND,208,6415,59485,27/12/2023,11:58:28,15,0,14.5,0.9,90.5,90.3,2,1,1.00,CYCLE,E
IND,208,6415,59485,27/12/2023,11:59:05,15,0,16.9,1.1,36.5,36.3,2,1,1.00,CYCLE,E
IND,208,6415,59485,27/12/2023,11:59:13,15,0,26.9,1.1,8.3,8.1,2,1,1.00,CYCLE,E
IND,208,6415,59485,27/12/2023,11:59:14,15,0,28.2,1.1,0.8,0.6,2,1,1.00,CYCLE,E
IND,208,6415,59485,27/12/2023,11:59:34,15,0,21.9,1.1,20.6,20.5,2,1,1.00,CYCLE,E
IND,208,6415,59485,27/12/2023,12:00:39,15,0,22.6,1.0,64.5,64.3,2,1,1.00,CYCLE,E
IND,208,6415,59486,27/12/2023,12:00:52,15,1,25.8,1.0,165.4,165.3,2,1,1.00,CYCLE,W
IND,208,6415,59485,27/12/2023,12:02:00,15,0,23.2,1.0,81.6,81.5,2,1,1.00,CYCLE,E
IND,208,6415,59485,27/12/2023,12:02:32,15,0,19.4,1.1,31.2,31.1,2,1,1.00,CYCLE,E
IND,208,6415,59485,27/12/2023,12:02:56,15,0,16.0,1.0,24.5,24.3,2,1,1.00,CYCLE,E
IND,208,6415,59485,27/12/2023,12:03:05,15,0,15.5,1.0,8.5,8.2,2,1,1.00,CYCLE,E
IND,208,6415,59485,27/12/2023,12:03:27,15,0,9.2,1.0,22.7,22.6,2,1,0.50,CYCLE,E
IND,208,6415,59485,27/12/2023,12:04:02,15,0,13.3,1.1,3.1,2.8,2,1,1.00,CYCLE,E
IND,208,6415,59486,27/12/2023,12:06:25,15,1,19.4,1.1,332.4,332.3,2,1,1.00,CYCLE,W
IND,208,6415,59486,27/12/2023,12:06:26,15,1,20.8,1.0,0.8,0.6,2,1,1.00,CYCLE,W
IND,208,6415,59486,27/12/2023,12:07:08,15,1,25.4,1.0,42.3,42.1,2,1,1.00,CYCLE,W
IND,208,6415,59486,27/12/2023,12:07:19,15,1,34.3,1.0,11.0,10.9,2,1,1.00,CYCLE,W
IND,208,6415,59485,27/12/2023,12:07:26,15,0,27.7,1.0,204.9,204.6,2,1,1.00,CYCLE,E
IND,208,6415,59486,27/12/2023,12:08:25,15,1,27.0,1.0,66.1,66.0,2,1,1.00,CYCLE,W
IND,208,6415,59485,27/12/2023,12:08:56,15,0,18.8,1.0,90.0,89.8,2,1,1.00,CYCLE,E
IND,208,6415,59485,27/12/2023,12:09:21,15,0,23.6,1.0,4.1,3.9,2,1,1.00,CYCLE,E
IND,208,6415,59486,27/12/2023,12:09:39,15,1,26.8,1.0,74.2,74.0,2,1,1.00,CYCLE,W
IND,208,6415,59486,27/12/2023,12:10:40,15,1,21.9,1.0,60.8,60.7,2,1,1.00,CYCLE,W
IND,208,6415,59486,27/12/2023,12:10:43,15,1,21.5,1.0,3.4,3.3,2,1,1.00,CYCLE,W
IND,208,6415,59485,27/12/2023,12:11:05,15,0,20.0,1.0,103.5,103.4,2,1,1.00,CYCLE,E
IND,208,6415,59485,27/12/2023,12:11:14,15,0,19.7,1.0,8.9,8.7,2,1,1.00,CYCLE,E
IND,208,6415,59486,27/12/2023,12:11:44,15,1,28.7,1.2,61.1,60.9,2,1,1.00,CYCLE,W
IND,208,6415,59486,27/12/2023,12:13:46,15,1,19.2,1.1,121.4,121.2,2,1,1.00,CYCLE,W
IND,208,6415,59486,27/12/2023,12:13:49,15,1,19.9,1.0,3.7,3.5,2,1,1.00,CYCLE,W
IND,208,6415,59485,27/12/2023,12:14:06,15,0,20.4,1.0,89.0,89.0,2,1,0.80,CYCLE,E
IND,208,6415,59485,27/12/2023,12:15:25,15,0,23.8,1.0,78.3,78.1,2,1,1.00,CYCLE,E
IND,208,6415,59486,27/12/2023,12:16:11,15,1,22.0,1.0,142.0,141.8,2,1,1.00,CYCLE,W
IND,208,6415,59486,27/12/2023,12:16:24,15,1,17.5,0.9,12.2,12.1,2,1,1.00,CYCLE,W
IND,208,6415,59486,27/12/2023,12:17:03,15,1,26.1,1.0,38.9,38.7,2,1,1.00,CYCLE,W
IND,208,6415,59486,27/12/2023,12:17:03,15,1,26.5,1.1,0.3,0.1,2,1,1.00,CYCLE,W
IND,208,6415,59486,27/12/2023,12:17:18,15,1,20.7,1.0,14.8,14.7,2,1,1.00,CYCLE,W
IND,208,6415,59486,27/12/2023,12:17:18,15,1,21.3,1.1,0.6,0.4,2,1,1.00,CYCLE,W
IND,208,6415,59486,27/12/2023,12:17:19,15,1,20.3,1.0,0.4,0.2,2,1,1.00,CYCLE,W
IND,208,6415,59485,27/12/2023,12:17:19,15,0,18.7,1.1,114.7,114.5,2,1,1.00,CYCLE,E
IND,208,6415,59486,27/12/2023,12:17:21,15,1,26.5,1.0,2.1,1.9,2,1,1.00,CYCLE,W
IND,208,6415,59486,27/12/2023,12:17:22,15,1,26.0,1.0,0.9,0.7,2,1,1.00,CYCLE,W
IND,208,6415,59485,27/12/2023,12:17:31,15,0,18.8,1.1,11.9,11.7,2,1,1.00,CYCLE,E
IND,208,6415,59485,27/12/2023,12:21:32,15,0,20.8,1.0,171.0,170.4,2,1,1.00,CYCLE,E
IND,208,6415,59485,27/12/2023,12:25:41,15,0,23.9,1.0,248.4,248.2,2,1,1.00,CYCLE,E
IND,208,6415,59486,27/12/2023,12:25:49,15,1,28.5,1.0,507.5,507.3,2,1,1.00,CYCLE,W
IND,208,6415,59485,27/12/2023,12:26:37,15,0,29.8,1.0,55.9,55.8,2,1,1.00,CYCLE,E
IND,208,6415,59485,27/12/2023,12:27:01,15,0,24.0,1.0,24.0,23.8,2,1,1.00,CYCLE,E
IND,208,6415,59485,27/12/2023,12:28:22,15,0,24.5,1.1,81.0,80.8,2,1,1.00,CYCLE,E
IND,208,6415,59486,27/12/2023,12:29:25,15,1,26.8,1.0,215.8,215.6,2,1,1.00,CYCLE,W
IND,208,6415,59486,27/12/2023,12:31:49,15,1,36.0,1.1,144.2,144.1,2,1,1.00,CYCLE,W
IND,208,6415,59486,27/12/2023,12:33:24,15,1,29.0,1.1,94.9,94.8,2,1,1.00,CYCLE,W
IND,208,6415,59485,27/12/2023,12:34:40,15,0,19.6,1.1,378.1,378.0,2,1,1.00,CYCLE,E
IND,208,6415,59486,27/12/2023,12:35:47,15,1,28.2,1.0,142.4,142.3,2,1,1.00,CYCLE,W
IND,208,6415,59485,27/12/2023,12:36:23,15,0,21.6,1.0,103.7,103.5,2,1,1.00,CYCLE,E
IND,208,6415,59486,27/12/2023,12:37:17,15,1,31.0,1.0,91.0,90.8,2,1,1.00,CYCLE,W
IND,208,6415,59485,27/12/2023,12:37:25,15,0,43.5,1.2,61.4,61.3,2,1,1.00,CYCLE,E
IND,208,6415,59486,27/12/2023,12:39:31,15,1,23.5,0.9,133.8,133.7,2,1,1.00,CYCLE,W
IND,208,6415,59486,27/12/2023,12:39:33,15,1,22.4,0.9,1.3,1.2,2,1,1.00,CYCLE,W
IND,208,6415,59485,27/12/2023,12:39:38,15,0,20.0,0.9,133.5,133.4,2,1,1.00,CYCLE,E
IND,208,6415,59486,27/12/2023,12:39:39,15,1,21.2,0.9,1.5,1.5,2,1,1.00,CYCLE,W
IND,208,6415,59486,27/12/2023,12:40:56,15,1,30.2,1.0,76.2,76.0,2,1,1.00,CYCLE,W
IND,208,6415,59486,27/12/2023,12:41:15,15,1,23.4,1.0,19.8,19.7,2,1,1.00,CYCLE,W
IND,208,6415,59485,27/12/2023,12:43:52,15,0,25.9,1.0,42.8,42.8,2,1,1.00,CYCLE,E
IND,208,6415,59485,27/12/2023,12:44:51,15,0,20.3,1.0,58.3,58.2,2,1,1.00,CYCLE,E
IND,208,6415,59485,27/12/2023,12:45:45,15,0,20.9,1.0,54.5,54.3,2,1,1.00,CYCLE,E
IND,208,6415,59485,27/12/2023,12:46:02,15,0,25.5,1.0,17.2,17.0,2,1,1.00,CYCLE,E
IND,208,6415,59485,27/12/2023,12:46:40,15,0,19.5,1.1,37.7,37.6,2,1,1.00,CYCLE,E
IND,208,6415,59485,27/12/2023,12:46:50,15,0,21.0,1.1,9.8,9.6,2,1,1.00,CYCLE,E
IND,208,6415,59485,27/12/2023,12:47:16,15,0,20.0,1.1,26.4,26.2,2,1,1.00,CYCLE,E
IND,208,6415,59486,27/12/2023,12:49:09,15,1,26.0,1.1,473.2,473.0,2,1,1.00,CYCLE,W
IND,208,6415,59486,27/12/2023,12:49:18,15,1,27.9,1.1,9.1,9.0,2,1,1.00,CYCLE,W
IND,208,6415,59486,27/12/2023,12:49:44,15,1,22.0,1.1,26.5,26.4,2,1,1.00,CYCLE,W
IND,208,6415,59486,27/12/2023,12:49:45,15,1,24.3,1.0,1.0,0.8,2,1,1.00,CYCLE,W
IND,208,6415,59486,27/12/2023,12:50:27,15,1,22.9,1.0,41.4,41.2,2,1,1.00,CYCLE,W
IND,208,6415,59486,27/12/2023,12:50:29,15,1,20.3,1.0,2.5,2.4,2,1,1.00,CYCLE,W
IND,208,6415,59486,27/12/2023,12:50:34,15,1,22.3,1.0,4.8,4.7,2,1,1.00,CYCLE,W
IND,208,6415,59485,27/12/2023,12:52:29,15,0,29.2,1.2,169.0,168.8,2,1,1.00,CYCLE,E
IND,208,6415,59485,27/12/2023,12:54:26,15,0,21.3,1.0,116.3,116.1,2,1,1.00,CYCLE,E
IND,208,6415,59485,27/12/2023,12:54:26,15,0,21.3,1.0,0.0,0.0,2,1,1.00,CYCLE,E
IND,208,6415,59485,27/12/2023,12:54:30,15,0,23.2,1.0,4.5,4.2,2,1,1.00,CYCLE,E
IND,208,6415,59485,27/12/2023,12:54:46,15,0,24.3,1.0,15.4,15.3,2,1,1.00,CYCLE,E
IND,208,6415,59486,27/12/2023,12:54:52,15,1,24.3,1.1,257.6,257.4,2,1,1.00,CYCLE,W
IND,208,6415,59485,27/12/2023,12:55:06,15,0,23.6,1.0,19.9,19.8,2,1,1.00,CYCLE,E
IND,208,6415,59485,27/12/2023,12:55:19,15,0,21.3,1.1,13.1,13.0,2,1,1.00,CYCLE,E
IND,208,6415,59485,27/12/2023,12:55:33,15,0,17.7,1.0,14.2,14.1,2,1,1.00,CYCLE,E
IND,208,6415,59485,27/12/2023,12:58:10,15,0,28.1,1.0,157.4,157.2,2,1,1.00,CYCLE,E
IND,208,6415,59485,27/12/2023,12:59:01,15,0,17.0,1.1,50.1,50.0,2,1,1.00,CYCLE,E
IND,208,6415,59485,27/12/2023,12:59:01,15,0,16.5,1.1,0.9,0.7,2,1,1.00,CYCLE,E
IND,208,6415,59486,27/12/2023,12:59:10,15,1,17.7,1.0,258.7,258.6,2,1,1.00,CYCLE,W
IND,208,6415,59486,27/12/2023,12:59:11,15,1,18.0,1.0,0.8,0.6,2,1,1.00,CYCLE,W
IND,208,6415,59485,27/12/2023,12:59:25,15,0,18.9,1.0,23.4,23.2,2,1,1.00,CYCLE,E
IND,208,6415,59486,27/12/2023,13:01:46,15,1,19.4,1.1,155.2,155.0,2,1,1.00,CYCLE,W
IND,208,6415,59486,27/12/2023,13:01:54,15,1,18.3,1.0,8.1,7.9,2,1,1.00,CYCLE,W
IND,208,6415,59485,27/12/2023,13:03:22,15,0,28.3,1.0,237.4,237.2,2,1,1.00,CYCLE,E
IND,208,6415,59486,27/12/2023,13:03:56,15,1,24.6,1.1,122.0,121.7,2,1,1.00,CYCLE,W
IND,208,6415,59485,27/12/2023,13:04:01,15,0,18.5,1.1,38.7,38.6,2,1,1.00,CYCLE,E
IND,208,6415,59486,27/12/2023,13:06:06,15,1,24.1,1.0,130.1,129.9,2,1,1.00,CYCLE,W
IND,208,6415,59486,27/12/2023,13:06:08,15,1,24.2,1.0,1.4,1.2,2,1,1.00,CYCLE,W
IND,208,6415,59485,27/12/2023,13:06:17,15,0,24.3,1.0,40.5,40.4,2,1,1.00,CYCLE,E
IND,208,6415,59485,27/12/2023,13:06:55,15,0,22.0,1.0,38.0,37.8,2,1,0.80,CYCLE,E
IND,208,6415,59486,27/12/2023,13:06:59,15,1,29.9,1.0,50.9,50.7,2,1,1.00,CYCLE,W
IND,208,6415,59486,27/12/2023,13:08:13,15,1,25.6,1.1,54.3,53.9,2,1,1.00,CYCLE,W
IND,208,6415,59485,27/12/2023,13:09:06,15,0,27.8,1.0,131.5,131.3,2,1,1.00,CYCLE,E
IND,208,6415,59485,27/12/2023,13:09:33,15,0,23.1,1.0,26.5,26.4,2,1,1.00,CYCLE,E
IND,208,6415,59485,27/12/2023,13:10:45,15,0,20.1,1.1,72.5,72.4,2,1,1.00,CYCLE,E
IND,208,6415,59486,27/12/2023,13:11:02,15,1,22.5,1.1,22.2,22.1,2,1,1.00,CYCLE,W
IND,208,6415,59485,27/12/2023,13:11:08,15,0,19.7,1.1,22.3,22.1,2,1,1.00,CYCLE,E
IND,208,6415,59485,27/12/2023,13:11:11,15,0,19.3,1.1,3.5,3.3,2,1,1.00,CYCLE,E
IND,208,6415,59486,27/12/2023,13:11:37,15,1,24.0,1.1,35.1,34.9,2,1,1.00,CYCLE,W
IND,208,6415,59486,27/12/2023,13:11:44,15,1,25.8,1.0,6.6,7.0,2,1,0.80,CYCLE,W
IND,208,6415,59485,27/12/2023,13:12:43,15,0,24.7,1.1,91.7,91.5,2,1,1.00,CYCLE,E
IND,208,6415,59485,27/12/2023,13:12:45,15,0,16.3,1.0,1.6,1.4,2,1,1.00,CYCLE,E
IND,208,6415,59485,27/12/2023,13:15:41,15,0,27.3,1.1,72.4,72.1,2,1,1.00,CYCLE,E
IND,208,6415,59486,27/12/2023,13:17:39,15,1,22.4,1.0,355.7,355.0,2,1,1.00,CYCLE,W
IND,208,6415,59486,27/12/2023,13:17:42,15,1,21.2,1.0,2.5,2.4,2,1,1.00,CYCLE,W
IND,208,6415,59486,27/12/2023,13:19:13,15,1,27.7,1.0,91.5,91.3,2,1,1.00,CYCLE,W
IND,208,6415,59485,27/12/2023,13:20:23,15,0,20.7,0.9,237.6,237.6,2,1,1.00,CYCLE,E
IND,208,6415,59486,27/12/2023,13:22:55,15,1,19.5,1.1,221.4,221.3,2,1,1.00,CYCLE,W
IND,208,6415,59485,27/12/2023,13:23:03,15,0,20.6,1.1,3.8,3.6,2,1,1.00,CYCLE,E
IND,208,6415,59486,27/12/2023,13:23:31,15,1,24.3,1.0,35.9,35.6,2,1,1.00,CYCLE,W
IND,208,6415,59485,27/12/2023,13:27:59,15,0,22.8,1.1,295.7,295.5,2,1,1.00,CYCLE,E
IND,208,6415,59485,27/12/2023,13:28:38,15,0,12.4,0.9,39.6,39.4,2,1,1.00,CYCLE,E
IND,208,6415,59485,27/12/2023,13:28:45,15,0,24.8,1.0,6.8,6.6,2,1,1.00,CYCLE,E
IND,208,6415,59486,27/12/2023,13:29:33,15,1,24.9,1.0,75.0,74.9,2,1,1.00,CYCLE,W
IND,208,6415,59486,27/12/2023,13:29:34,15,1,24.3,1.0,0.9,0.7,2,1,1.00,CYCLE,W
IND,208,6415,59486,27/12/2023,13:30:05,15,1,24.7,1.1,30.8,30.6,2,1,1.00,CYCLE,W
IND,208,6415,59485,27/12/2023,13:30:16,15,0,22.5,1.1,90.6,90.5,2,1,1.00,CYCLE,E
IND,208,6415,59485,27/12/2023,13:31:04,15,0,22.9,1.0,48.4,48.2,2,1,1.00,CYCLE,E
IND,208,6415,59486,27/12/2023,13:32:41,15,1,25.9,1.1,88.4,88.3,2,1,1.00,CYCLE,W
IND,208,6415,59486,27/12/2023,13:34:05,15,1,22.5,1.1,84.7,84.6,2,1,1.00,CYCLE,W
IND,208,6415,59485,27/12/2023,13:39:50,15,0,26.4,1.0,525.5,525.4,2,1,1.00,CYCLE,E
IND,208,6415,59486,27/12/2023,13:44:18,15,1,19.9,1.0,14.7,14.8,2,1,1.00,CYCLE,W
IND,208,6415,59486,27/12/2023,13:44:28,15,1,22.1,1.1,10.1,9.8,2,1,1.00,CYCLE,W
IND,208,6415,59486,27/12/2023,13:44:33,15,1,15.5,1.1,5.0,4.9,2,1,1.00,CYCLE,W
IND,208,6415,59486,27/12/2023,13:45:13,15,1,22.5,1.0,39.5,39.3,2,1,1.00,CYCLE,W
IND,208,6415,59486,27/12/2023,13:45:15,15,1,28.4,1.0,2.2,2.0,2,1,1.00,CYCLE,W
IND,208,6415,59485,27/12/2023,13:46:13,15,0,19.3,1.0,382.9,382.8,2,1,1.00,CYCLE,E
IND,208,6415,59485,27/12/2023,13:46:13,15,0,19.6,1.1,0.3,0.1,2,1,1.00,CYCLE,E
IND,208,6415,59486,27/12/2023,13:46:37,15,1,14.4,0.9,82.2,82.2,2,1,1.00,CYCLE,W
IND,208,6415,59486,27/12/2023,13:46:39,15,1,17.0,0.9,1.4,1.2,2,1,1.00,CYCLE,W
IND,208,6415,59486,27/12/2023,13:46:53,15,1,9.2,0.9,14.0,13.8,2,1,1.00,CYCLE,W
IND,208,6415,59486,27/12/2023,13:46:55,15,1,12.5,1.1,1.9,1.5,2,1,1.00,CYCLE,W
IND,208,6415,59486,27/12/2023,13:46:55,15,1,3.8,1.0,0.8,0.7,2,1,1.00,CYCLE,W
IND,208,6415,59486,27/12/2023,13:52:01,15,1,21.4,1.0,221.0,220.9,2,1,1.00,CYCLE,W
IND,208,6415,59486,27/12/2023,13:53:03,15,1,21.5,0.9,62.0,61.9,2,1,1.00,CYCLE,W
IND,208,6415,59486,27/12/2023,13:53:55,15,1,23.2,1.0,51.6,51.5,2,1,1.00,CYCLE,W
IND,208,6415,59486,27/12/2023,13:56:19,15,1,18.4,1.1,143.7,143.6,2,1,1.00,CYCLE,W
IND,208,6415,59485,27/12/2023,13:57:43,15,0,18.4,1.0,690.0,689.8,2,1,1.00,CYCLE,E
IND,208,6415,59486,27/12/2023,14:01:31,15,1,38.5,1.2,312.8,312.5,2,1,1.00,CYCLE,W
IND,208,6415,59485,27/12/2023,14:02:59,15,0,17.1,1.1,316.5,316.3,2,1,1.00,CYCLE,E
IND,208,6415,59485,27/12/2023,14:03:08,15,0,16.2,1.0,8.8,8.6,2,1,1.00,CYCLE,E
IND,208,6415,59486,27/12/2023,14:05:21,15,1,42.6,1.2,229.6,229.5,2,1,1.00,CYCLE,W
IND,208,6415,59485,27/12/2023,14:05:25,15,0,17.8,1.0,137.2,137.0,2,1,1.00,CYCLE,E
IND,208,6415,59486,27/12/2023,14:07:00,15,1,28.2,1.0,98.6,98.5,2,1,1.00,CYCLE,W
IND,208,6415,59486,27/12/2023,14:08:30,15,1,1.4,0.4,90.0,90.9,2,1,0.80,CYCLE,W
IND,208,6415,59486,27/12/2023,14:10:30,15,1,20.2,1.1,120.6,119.1,2,1,1.00,CYCLE,W
IND,208,6415,59486,27/12/2023,14:10:31,15,1,21.1,1.0,0.7,0.5,2,1,1.00,CYCLE,W
IND,208,6415,59485,27/12/2023,14:10:37,15,0,15.6,1.0,311.2,311.0,2,1,1.00,CYCLE,E
IND,208,6415,59485,27/12/2023,14:10:37,15,0,15.6,1.0,0.0,0.0,2,1,1.00,CYCLE,E
IND,208,6415,59485,27/12/2023,14:11:03,15,0,16.7,1.1,26.6,26.2,2,1,1.00,CYCLE,E
IND,208,6415,59485,27/12/2023,14:11:04,15,0,15.8,0.9,1.1,0.9,2,1,1.00,CYCLE,E
IND,208,6415,59486,27/12/2023,14:12:21,15,1,28.3,1.1,110.3,110.1,2,1,1.00,CYCLE,W
IND,208,6415,59485,27/12/2023,14:12:59,15,0,21.6,0.9,114.9,114.7,2,1,1.00,CYCLE,E
IND,208,6415,59486,27/12/2023,14:13:38,15,1,27.2,1.0,10.7,10.5,2,1,1.00,CYCLE,W
IND,208,6415,59485,27/12/2023,14:14:38,15,0,20.2,1.0,98.5,98.4,2,1,1.00,CYCLE,E
IND,208,6415,59486,27/12/2023,14:16:52,15,1,21.3,1.0,193.8,193.7,2,1,1.00,CYCLE,W
IND,208,6415,59485,27/12/2023,14:17:25,15,0,32.1,1.1,166.7,166.6,2,1,1.00,CYCLE,E
IND,208,6415,59485,27/12/2023,14:18:21,15,0,20.6,1.0,56.9,56.8,2,1,1.00,CYCLE,E
IND,208,6415,59485,27/12/2023,14:18:30,15,0,24.5,1.2,8.7,8.6,2,1,1.00,CYCLE,E
IND,208,6415,59486,27/12/2023,14:20:52,15,1,2.8,0.3,240.2,240.5,2,1,1.00,CYCLE,W
IND,208,6415,59485,27/12/2023,14:23:21,15,0,23.1,1.0,290.5,290.3,2,1,1.00,CYCLE,E
IND,208,6415,59485,27/12/2023,14:23:41,15,0,24.0,1.0,20.5,20.4,2,1,1.00,CYCLE,E
IND,208,6415,59486,27/12/2023,14:24:16,15,1,32.3,1.0,203.4,202.5,2,1,1.00,CYCLE,W
IND,208,6415,59485,27/12/2023,14:24:23,15,0,28.7,1.0,41.4,41.2,2,1,1.00,CYCLE,E
IND,208,6415,59485,27/12/2023,14:24:33,15,0,25.3,1.0,10.6,10.5,2,1,1.00,CYCLE,E
IND,208,6415,59486,27/12/2023,14:24:54,15,1,36.1,1.1,38.1,38.0,2,1,1.00,CYCLE,W
IND,208,6415,59486,27/12/2023,14:25:39,15,1,23.0,1.0,45.4,45.3,2,1,1.00,CYCLE,W
IND,208,6415,59486,27/12/2023,14:25:52,15,1,26.6,1.0,12.6,12.5,2,1,1.00,CYCLE,W
IND,208,6415,59486,27/12/2023,14:25:54,15,1,26.2,1.0,2.4,2.2,2,1,1.00,CYCLE,W
IND,208,6415,59485,27/12/2023,14:27:23,15,0,20.9,1.0,170.2,170.1,2,1,1.00,CYCLE,E
IND,208,6415,59485,27/12/2023,14:27:36,15,0,38.4,0.9,13.0,12.9,2,1,1.00,CYCLE,E
IND,208,6415,59485,27/12/2023,14:28:10,15,0,24.3,1.1,33.3,33.2,2,1,1.00,CYCLE,E
IND,208,6415,59485,27/12/2023,14:28:26,15,0,3.8,1.0,16.8,16.7,2,1,0.22,CYCLE,E
IND,208,6415,59485,27/12/2023,14:28:26,15,0,3.8,1.0,0.0,0.0,2,1,0.22,CYCLE,E
IND,208,6415,59485,27/12/2023,14:30:19,15,0,21.1,1.1,112.4,110.9,2,1,1.00,CYCLE,E
IND,208,6415,59485,27/12/2023,14:33:21,15,0,20.6,1.0,89.3,89.1,2,1,1.00,CYCLE,E
IND,208,6415,59485,27/12/2023,14:36:55,15,0,4.2,1.0,214.0,213.8,2,1,0.67,CYCLE,E
IND,208,6415,59486,27/12/2023,14:37:39,15,1,19.4,1.0,705.5,705.4,2,1,1.00,CYCLE,W
IND,208,6415,59486,27/12/2023,14:38:00,15,1,18.1,1.0,5.0,4.9,2,1,1.00,CYCLE,W
IND,208,6415,59486,27/12/2023,14:38:00,15,1,19.5,1.0,0.6,0.4,2,1,1.00,CYCLE,W
IND,208,6415,59486,27/12/2023,14:38:09,15,1,21.0,0.9,8.6,8.4,2,1,1.00,CYCLE,W
IND,208,6415,59485,27/12/2023,14:38:27,15,0,17.6,1.0,92.7,91.9,2,1,1.00,CYCLE,E
IND,208,6415,59486,27/12/2023,14:40:01,15,1,23.8,1.0,112.4,112.3,2,1,1.00,CYCLE,W
IND,208,6415,59485,27/12/2023,14:40:12,15,0,12.7,1.0,105.1,104.9,2,1,1.00,CYCLE,E
IND,208,6415,59485,27/12/2023,14:40:14,15,0,14.6,0.7,1.9,1.6,2,1,1.00,CYCLE,E
IND,208,6415,59485,27/12/2023,14:40:16,15,0,12.8,1.1,1.3,1.2,2,1,1.00,CYCLE,E
IND,208,6415,59485,27/12/2023,14:40:19,15,0,14.2,1.1,3.0,2.7,2,1,1.00,CYCLE,E
IND,208,6415,59486,27/12/2023,14:40:23,15,1,26.8,1.1,21.5,21.4,2,1,1.00,CYCLE,W
IND,208,6415,59485,27/12/2023,14:41:20,15,0,21.4,1.0,61.6,61.3,2,1,1.00,CYCLE,E
IND,208,6415,59486,27/12/2023,14:42:45,15,1,29.1,1.1,142.4,142.2,2,1,1.00,CYCLE,W
IND,208,6415,59485,27/12/2023,14:43:36,15,0,26.3,1.0,135.2,135.1,2,1,1.00,CYCLE,E
IND,208,6415,59485,27/12/2023,14:47:42,15,0,21.2,1.0,246.3,246.2,2,1,1.00,CYCLE,E
IND,208,6415,59485,27/12/2023,14:47:43,15,0,22.1,1.1,1.1,0.9,2,1,1.00,CYCLE,E
IND,208,6415,59485,27/12/2023,14:47:45,15,0,25.4,1.1,1.7,1.6,2,1,1.00,CYCLE,E
IND,208,6415,59485,27/12/2023,14:47:53,15,0,21.8,1.1,7.9,7.8,2,1,1.00,CYCLE,E
IND,208,6415,59485,27/12/2023,14:49:09,15,0,20.3,1.0,76.3,76.1,2,1,1.00,CYCLE,E
IND,208,6415,59486,27/12/2023,14:49:23,15,1,28.4,1.0,82.3,81.9,2,1,1.00,CYCLE,W
IND,208,6415,59485,27/12/2023,14:50:43,15,0,18.9,1.0,94.2,94.0,2,1,1.00,CYCLE,E
IND,208,6415,59485,27/12/2023,14:51:39,15,0,5.3,1.0,55.5,55.5,2,1,0.57,CYCLE,E
IND,208,6415,59486,27/12/2023,14:53:24,15,1,24.6,1.0,241.6,241.5,2,1,1.00,CYCLE,W
IND,208,6415,59486,27/12/2023,14:54:08,15,1,23.1,1.0,44.2,44.1,2,1,1.00,CYCLE,W
IND,208,6415,59485,27/12/2023,14:56:12,15,0,14.6,1.0,273.2,272.2,2,1,1.00,CYCLE,E
IND,208,6415,59486,27/12/2023,14:56:28,15,1,27.0,1.0,139.9,139.7,2,1,1.00,CYCLE,W
IND,208,6415,59486,27/12/2023,14:57:07,15,1,29.2,1.0,38.3,38.1,2,1,1.00,CYCLE,W
IND,208,6415,59486,27/12/2023,14:57:49,15,1,30.9,1.1,42.7,42.6,2,1,1.00,CYCLE,W
IND,208,6415,59485,27/12/2023,14:58:38,15,0,10.0,1.1,145.9,145.7,2,1,1.00,CYCLE,E
IND,208,6415,59486,27/12/2023,14:59:14,15,1,17.5,1.1,85.0,84.9,2,1,1.00,CYCLE,W
IND,208,6415,59486,27/12/2023,14:59:17,15,1,22.3,1.1,2.5,2.3,2,1,1.00,CYCLE,W
IND,208,6415,59486,27/12/2023,14:59:19,15,1,22.0,1.0,2.3,2.2,2,1,1.00,CYCLE,W
IND,208,6415,59486,27/12/2023,14:59:23,15,1,22.0,1.0,4.0,3.8,2,1,1.00,CYCLE,W
IND,208,6415,59486,27/12/2023,14:59:24,15,1,22.6,1.1,1.3,1.1,2,1,1.00,CYCLE,W
IND,208,6415,59486,27/12/2023,14:59:31,15,1,20.8,1.1,6.5,6.3,2,1,1.00,CYCLE,W
IND,208,6415,59486,27/12/2023,14:59:32,15,1,29.8,1.0,0.9,0.7,2,1,1.00,CYCLE,W
IND,208,6415,59486,27/12/2023,14:59:32,15,1,18.1,1.1,0.6,0.6,2,1,1.00,CYCLE,W
IND,208,6415,59486,27/12/2023,14:59:34,15,1,19.1,1.1,1.2,1.0,2,1,1.00,CYCLE,W
IND,208,6415,59486,27/12/2023,15:01:07,15,1,28.1,1.0,93.5,93.3,2,1,1.00,CYCLE,W
IND,208,6415,59485,27/12/2023,15:02:08,15,0,27.5,1.0,210.0,209.6,2,1,1.00,CYCLE,E
IND,208,6415,59486,27/12/2023,15:08:16,15,1,20.5,1.0,50.4,50.3,2,1,1.00,CYCLE,W
IND,208,6415,59485,27/12/2023,15:08:48,15,0,11.7,1.0,14.6,14.6,2,1,1.00,CYCLE,E
IND,208,6415,59486,27/12/2023,15:09:13,15,1,24.9,1.1,57.0,56.8,2,1,1.00,CYCLE,W
IND,208,6415,59486,27/12/2023,15:10:35,15,1,21.0,1.0,81.6,81.4,2,1,1.00,CYCLE,W
IND,208,6415,59485,27/12/2023,15:11:00,15,0,11.0,1.1,132.5,132.2,2,1,1.00,CYCLE,E
IND,208,6415,59486,27/12/2023,15:11:39,15,1,20.9,1.0,64.5,64.3,2,1,1.00,CYCLE,W
IND,208,6415,59486,27/12/2023,15:12:43,15,1,24.2,1.0,64.3,64.1,2,1,1.00,CYCLE,W
IND,208,6415,59485,27/12/2023,15:16:01,15,0,18.3,1.0,301.2,300.8,2,1,1.00,CYCLE,E
IND,208,6415,59485,27/12/2023,15:18:03,15,0,20.6,1.1,121.4,121.2,2,1,1.00,CYCLE,E
IND,208,6415,59485,27/12/2023,15:18:06,15,0,16.1,1.0,3.1,2.9,2,1,1.00,CYCLE,E
IND,208,6415,59485,27/12/2023,15:18:16,15,0,4.9,1.0,10.6,10.7,2,1,0.67,CYCLE,E
IND,208,6415,59485,27/12/2023,15:18:37,15,0,21.1,1.0,21.1,20.1,2,1,1.00,CYCLE,E
IND,208,6415,59485,27/12/2023,15:19:00,15,0,4.0,1.0,22.4,22.3,2,1,0.33,CYCLE,E
IND,208,6415,59486,27/12/2023,15:19:34,15,1,18.4,1.1,410.6,410.5,2,1,1.00,CYCLE,W
IND,208,6415,59486,27/12/2023,15:19:41,15,1,7.9,1.0,7.2,6.9,2,1,0.40,CYCLE,W
IND,208,6415,59485,27/12/2023,15:20:08,15,0,21.6,1.0,68.2,67.5,2,1,1.00,CYCLE,E
IND,208,6415,59486,27/12/2023,15:20:27,15,1,24.9,0.9,46.3,45.8,2,1,1.00,CYCLE,W
IND,208,6415,59485,27/12/2023,15:22:21,15,0,19.6,1.1,133.4,133.3,2,1,1.00,CYCLE,E
IND,208,6415,59485,27/12/2023,15:23:56,15,0,24.2,1.0,94.1,93.9,2,1,1.00,CYCLE,E
IND,208,6415,59486,27/12/2023,15:24:12,15,1,15.4,1.0,224.1,224.0,2,1,1.00,CYCLE,W
IND,208,6415,59486,27/12/2023,15:24:15,15,1,13.6,1.0,3.8,3.5,2,1,1.00,CYCLE,W
IND,208,6415,59486,27/12/2023,15:24:35,15,1,20.0,1.0,20.1,19.8,2,1,1.00,CYCLE,W
IND,208,6415,59486,27/12/2023,15:24:36,15,1,19.4,1.0,0.3,0.2,2,1,1.00,CYCLE,W
IND,208,6415,59485,27/12/2023,15:24:48,15,0,3.8,1.0,52.0,52.3,2,1,0.29,CYCLE,E
IND,208,6415,59485,27/12/2023,15:25:37,15,0,24.3,1.0,49.7,48.5,2,1,1.00,CYCLE,E
IND,208,6415,59486,27/12/2023,15:29:41,15,1,27.2,1.0,305.5,305.3,2,1,1.00,CYCLE,W
IND,208,6415,59486,27/12/2023,15:32:44,15,1,27.3,0.9,182.8,182.6,2,1,1.00,CYCLE,W
IND,208,6415,59485,27/12/2023,15:32:47,15,0,28.2,1.0,430.1,429.9,2,1,1.00,CYCLE,E
IND,208,6415,59485,27/12/2023,15:38:44,15,0,22.0,1.0,357.0,356.9,2,1,1.00,CYCLE,E
IND,208,6415,59485,27/12/2023,15:38:59,15,0,37.1,1.1,14.6,14.4,2,1,1.00,CYCLE,E
IND,208,6415,59486,27/12/2023,15:39:36,15,1,20.5,1.1,383.8,383.7,2,1,1.00,CYCLE,W
IND,208,6415,59485,27/12/2023,15:40:55,15,0,20.0,1.0,115.7,115.6,2,1,1.00,CYCLE,E
IND,208,6415,59485,27/12/2023,15:40:56,15,0,16.5,1.0,1.4,1.2,2,1,1.00,CYCLE,E
IND,208,6415,59485,27/12/2023,15:42:16,15,0,23.0,1.2,80.3,80.1,2,1,1.00,CYCLE,E
IND,208,6415,59486,27/12/2023,15:42:17,15,1,29.2,1.0,161.3,161.1,2,1,1.00,CYCLE,W
IND,208,6415,59485,27/12/2023,15:44:26,15,0,14.9,1.1,129.5,129.3,2,1,1.00,CYCLE,E
IND,208,6415,59486,27/12/2023,15:46:14,15,1,6.5,0.4,236.9,237.0,2,1,1.00,CYCLE,W
IND,208,6415,59486,27/12/2023,15:46:18,15,1,6.2,0.6,3.9,3.7,2,1,1.00,CYCLE,W
IND,208,6415,59486,27/12/2023,15:46:28,15,1,2.0,0.0,10.2,10.4,2,1,0.80,CYCLE,W
IND,208,6415,59485,27/12/2023,15:47:36,15,0,21.1,1.0,189.7,189.4,2,1,1.00,CYCLE,E
IND,208,6415,59485,27/12/2023,15:47:36,15,0,21.1,1.0,0.0,0.0,2,1,1.00,CYCLE,E
IND,208,6415,59485,27/12/2023,15:49:53,15,0,23.4,1.1,137.7,137.3,2,1,1.00,CYCLE,E
IND,208,6415,59485,27/12/2023,15:50:14,15,0,24.0,1.0,20.2,20.1,2,1,1.00,CYCLE,E
IND,208,6415,59486,27/12/2023,15:50:24,15,1,21.0,0.9,172.3,172.4,2,1,1.00,CYCLE,W
IND,208,6415,59486,27/12/2023,15:53:20,15,1,19.9,1.1,175.6,175.4,2,1,1.00,CYCLE,W
IND,208,6415,59486,27/12/2023,15:53:35,15,1,20.9,1.0,15.9,15.7,2,1,1.00,CYCLE,W
IND,208,6415,59486,27/12/2023,15:53:54,15,1,25.8,1.0,18.9,18.7,2,1,1.00,CYCLE,W
IND,208,6415,59486,27/12/2023,15:54:48,15,1,30.3,1.0,53.3,53.1,2,1,1.00,CYCLE,W
IND,208,6415,59486,27/12/2023,15:55:58,15,1,27.6,1.0,70.7,70.6,2,1,1.00,CYCLE,W
IND,208,6415,59485,27/12/2023,15:56:39,15,0,3.7,1.0,385.2,385.0,2,1,0.88,CYCLE,E
IND,208,6415,59485,27/12/2023,15:57:21,15,0,23.8,1.1,42.2,41.1,2,1,1.00,CYCLE,E
IND,208,6415,59485,27/12/2023,15:58:11,15,0,27.3,1.1,49.7,49.5,2,1,1.00,CYCLE,E
IND,208,6415,59485,27/12/2023,16:01:22,15,0,25.2,1.0,176.2,176.1,2,1,1.00,CYCLE,E
IND,208,6415,59485,27/12/2023,16:01:46,15,0,17.8,1.1,23.4,23.3,2,1,1.00,CYCLE,E
IND,208,6415,59485,27/12/2023,16:02:32,15,0,18.4,1.1,46.3,46.1,2,1,1.00,CYCLE,E
IND,208,6415,59485,27/12/2023,16:02:35,15,0,15.7,1.1,3.2,3.0,2,1,1.00,CYCLE,E
IND,208,6415,59486,27/12/2023,16:03:30,15,1,6.0,0.6,451.5,451.6,2,1,0.80,CYCLE,W
IND,208,6415,59485,27/12/2023,16:04:31,15,0,20.2,1.0,109.3,109.3,2,1,1.00,CYCLE,E
IND,208,6415,59485,27/12/2023,16:04:59,15,0,22.9,1.2,27.9,27.7,2,1,1.00,CYCLE,E
IND,208,6415,59485,27/12/2023,16:05:22,15,0,25.8,1.0,6.1,4.9,2,1,1.00,CYCLE,E
IND,208,6415,59486,27/12/2023,16:05:40,15,1,24.9,1.0,130.4,130.3,2,1,1.00,CYCLE,W
IND,208,6415,59486,27/12/2023,16:07:35,15,1,20.5,1.0,114.5,114.4,2,1,1.00,CYCLE,W
IND,208,6415,59486,27/12/2023,16:08:23,15,1,31.4,1.1,48.7,48.5,2,1,1.00,CYCLE,W
IND,208,6415,59485,27/12/2023,16:08:37,15,0,20.9,1.1,194.5,194.3,2,1,1.00,CYCLE,E
IND,208,6415,59485,27/12/2023,16:08:39,15,0,21.5,1.1,2.9,2.7,2,1,1.00,CYCLE,E
IND,208,6415,59486,27/12/2023,16:08:52,15,1,33.4,1.0,28.3,28.1,2,1,1.00,CYCLE,W
IND,208,6415,59485,27/12/2023,16:10:11,15,0,32.2,1.1,91.6,91.4,2,1,1.00,CYCLE,E
IND,208,6415,59485,27/12/2023,16:10:34,15,0,17.8,1.1,23.2,23.0,2,1,1.00,CYCLE,E
IND,208,6415,59485,27/12/2023,16:10:35,15,0,20.1,0.9,1.0,0.8,2,1,1.00,CYCLE,E
IND,208,6415,59485,27/12/2023,16:11:38,15,0,23.7,1.0,62.4,62.2,2,1,1.00,CYCLE,E
IND,208,6415,59486,27/12/2023,16:11:55,15,1,22.2,0.9,56.0,55.9,2,1,1.00,CYCLE,W
IND,208,6415,59486,27/12/2023,16:11:55,15,1,13.8,1.0,0.7,0.6,2,1,1.00,CYCLE,W
IND,208,6415,59486,27/12/2023,16:11:55,15,1,13.8,1.0,0.0,0.0,2,1,1.00,CYCLE,W
IND,208,6415,59486,27/12/2023,16:11:56,15,1,38.1,1.0,1.3,0.9,2,1,0.40,CYCLE,W
IND,208,6415,59485,27/12/2023,16:12:40,15,0,20.8,1.0,61.8,61.6,2,1,1.00,CYCLE,E
IND,208,6415,59485,27/12/2023,16:12:46,15,0,24.9,1.1,6.4,6.2,2,1,1.00,CYCLE,E
IND,208,6415,59485,27/12/2023,16:14:08,15,0,24.6,1.0,82.1,81.9,2,1,1.00,CYCLE,E
IND,208,6415,59486,27/12/2023,16:15:08,15,1,26.5,1.1,191.4,191.0,2,1,1.00,CYCLE,W
IND,208,6415,59485,27/12/2023,16:15:29,15,0,22.3,1.0,81.4,81.2,2,1,1.00,CYCLE,E
IND,208,6415,59486,27/12/2023,16:15:44,15,1,21.7,1.0,36.4,36.3,2,1,1.00,CYCLE,W
IND,208,6415,59485,27/12/2023,16:18:17,15,0,21.0,1.1,167.7,167.6,2,1,1.00,CYCLE,E
IND,208,6415,59486,27/12/2023,16:18:23,15,1,22.7,1.1,158.6,158.4,2,1,1.00,CYCLE,W
IND,208,6415,59486,27/12/2023,16:18:28,15,1,22.9,1.0,4.8,4.6,2,1,1.00,CYCLE,W
IND,208,6415,59486,27/12/2023,16:18:35,15,1,24.8,1.0,7.2,7.1,2,1,1.00,CYCLE,W
IND,208,6415,59486,27/12/2023,16:18:42,15,1,33.6,1.0,7.4,7.2,2,1,1.00,CYCLE,W
IND,208,6415,59485,27/12/2023,16:19:25,15,0,19.9,1.1,67.4,67.2,2,1,1.00,CYCLE,E
IND,208,6415,59486,27/12/2023,16:20:58,15,1,17.0,1.0,135.6,135.5,2,1,1.00,CYCLE,W
IND,208,6415,59485,27/12/2023,16:21:58,15,0,30.4,1.1,153.7,153.5,2,1,1.00,CYCLE,E
IND,208,6415,59486,27/12/2023,16:24:27,15,1,4.4,1.0,209.3,209.1,2,1,0.29,CYCLE,W
IND,208,6415,59485,27/12/2023,16:24:37,15,0,56.7,1.0,158.8,157.9,2,1,1.00,CYCLE,E
IND,208,6415,59485,27/12/2023,16:25:12,15,0,19.4,1.0,34.8,34.7,2,1,1.00,CYCLE,E
IND,208,6415,59486,27/12/2023,16:26:34,15,1,30.9,1.0,126.9,126.1,2,1,1.00,CYCLE,W
IND,208,6415,59486,27/12/2023,16:26:45,15,1,28.4,1.0,11.2,11.1,2,1,1.00,CYCLE,W
IND,208,6415,59486,27/12/2023,16:27:02,15,1,25.4,1.0,16.5,16.3,2,1,1.00,CYCLE,W
IND,208,6415,59486,27/12/2023,16:28:31,15,1,21.0,1.1,89.7,89.6,2,1,1.00,CYCLE,W
IND,208,6415,59486,27/12/2023,16:29:00,15,1,25.5,1.0,28.4,28.2,2,1,1.00,CYCLE,W
IND,208,6415,59485,27/12/2023,16:32:45,15,0,23.2,1.0,152.3,152.3,2,1,1.00,CYCLE,E
IND,208,6415,59486,27/12/2023,16:33:31,15,1,17.8,1.1,271.4,271.3,2,1,1.00,CYCLE,W
IND,208,6415,59486,27/12/2023,16:34:32,15,1,22.8,1.1,60.7,60.5,2,1,1.00,CYCLE,W
IND,208,6415,59486,27/12/2023,16:35:44,15,1,27.5,0.9,69.2,69.0,2,1,1.00,CYCLE,W
IND,208,6415,59485,27/12/2023,16:35:46,15,0,19.5,1.1,181.2,181.0,2,1,1.00,CYCLE,E
IND,208,6415,59486,27/12/2023,16:36:14,15,1,4.0,0.7,30.4,30.6,2,1,0.80,CYCLE,W
IND,208,6415,59485,27/12/2023,16:36:23,15,0,21.7,1.1,36.7,36.5,2,1,1.00,CYCLE,E
IND,208,6415,59485,27/12/2023,16:37:21,15,0,27.8,1.0,57.5,57.3,2,1,1.00,CYCLE,E
IND,208,6415,59485,27/12/2023,16:38:33,15,0,28.6,1.1,72.5,72.4,2,1,1.00,CYCLE,E
IND,208,6415,59486,27/12/2023,16:39:20,15,1,23.2,0.9,186.0,185.6,2,1,1.00,CYCLE,W
IND,208,6415,59486,27/12/2023,16:39:25,15,1,24.5,1.1,5.2,5.0,2,1,1.00,CYCLE,W
IND,208,6415,59486,27/12/2023,16:40:02,15,1,24.3,1.0,36.8,36.6,2,1,1.00,CYCLE,W
IND,208,6415,59486,27/12/2023,16:40:03,15,1,23.1,1.0,1.3,1.2,2,1,1.00,CYCLE,W
IND,208,6415,59485,27/12/2023,16:40:11,15,0,4.0,0.4,98.2,98.1,2,1,0.80,CYCLE,E
IND,208,6415,59485,27/12/2023,16:40:49,15,0,26.4,1.1,37.5,37.5,2,1,1.00,CYCLE,E
IND,208,6415,59485,27/12/2023,16:40:52,15,0,25.3,1.0,2.8,2.6,2,1,1.00,CYCLE,E
IND,208,6415,59485,27/12/2023,16:41:34,15,0,27.7,1.0,42.4,42.3,2,1,1.00,CYCLE,E
IND,208,6415,59485,27/12/2023,16:42:11,15,0,25.8,1.2,12.3,12.3,2,1,1.00,CYCLE,E
IND,208,6415,59485,27/12/2023,16:43:57,15,0,25.1,1.1,105.8,105.6,2,1,1.00,CYCLE,E
IND,208,6415,59485,27/12/2023,16:44:21,15,0,19.1,1.1,24.7,24.6,2,1,1.00,CYCLE,E
IND,208,6415,59485,27/12/2023,16:45:33,15,0,20.4,1.0,71.6,71.4,2,1,1.00,CYCLE,E
IND,208,6415,59486,27/12/2023,16:45:51,15,1,22.3,0.9,207.6,207.7,2,1,1.00,CYCLE,W
IND,208,6415,59485,27/12/2023,16:47:01,15,0,32.0,1.2,87.5,87.4,2,1,1.00,CYCLE,E
IND,208,6415,59485,27/12/2023,16:47:08,15,0,19.6,1.2,7.4,7.3,2,1,1.00,CYCLE,E
IND,208,6415,59485,27/12/2023,16:48:20,15,0,20.1,1.1,71.9,71.7,2,1,1.00,CYCLE,E
IND,208,6415,59485,27/12/2023,16:48:38,15,0,33.6,1.0,18.5,18.3,2,1,1.00,CYCLE,E
IND,208,6415,59486,27/12/2023,16:48:56,15,1,20.6,1.1,136.7,135.9,2,1,1.00,CYCLE,W
IND,208,6415,59486,27/12/2023,16:49:06,15,1,26.7,1.0,9.6,9.4,2,1,1.00,CYCLE,W
IND,208,6415,59486,27/12/2023,16:50:51,15,1,4.3,1.0,104.8,105.0,2,1,0.50,CYCLE,W
IND,208,6415,59485,27/12/2023,16:50:51,15,0,4.3,1.0,0.0,0.0,2,1,0.50,CYCLE,E
IND,208,6415,59486,27/12/2023,16:52:32,15,1,11.9,0.9,101.0,98.8,2,1,1.00,CYCLE,W
IND,208,6415,59486,27/12/2023,16:53:56,15,1,28.9,1.2,83.8,83.5,2,1,1.00,CYCLE,W
IND,208,6415,59486,27/12/2023,16:55:38,15,1,33.9,1.0,102.7,102.6,2,1,1.00,CYCLE,W
IND,208,6415,59485,27/12/2023,16:56:26,15,0,20.2,1.1,467.8,467.7,2,1,1.00,CYCLE,E
IND,208,6415,59485,27/12/2023,16:56:27,15,0,24.9,1.1,1.0,0.8,2,1,1.00,CYCLE,E
IND,208,6415,59485,27/12/2023,16:56:37,15,0,27.2,1.0,9.5,9.4,2,1,1.00,CYCLE,E
IND,208,6415,59486,27/12/2023,16:58:46,15,1,25.6,1.1,41.5,41.5,2,1,1.00,CYCLE,W
IND,208,6415,59486,27/12/2023,16:59:40,15,1,24.9,1.0,53.8,53.6,2,1,1.00,CYCLE,W
IND,208,6415,59485,27/12/2023,17:02:16,15,0,19.7,1.1,339.2,339.1,2,1,1.00,CYCLE,E
IND,208,6415,59486,27/12/2023,17:03:14,15,1,26.3,1.1,214.3,214.1,2,1,1.00,CYCLE,W
IND,208,6415,59486,27/12/2023,17:03:28,15,1,40.2,1.1,14.2,14.1,2,1,1.00,CYCLE,W
IND,208,6415,59486,27/12/2023,17:03:29,15,1,43.7,1.1,1.2,1.1,2,1,1.00,CYCLE,W
IND,208,6415,59485,27/12/2023,17:03:32,15,0,3.6,1.0,75.9,75.7,2,1,0.40,CYCLE,E
IND,208,6415,59486,27/12/2023,17:08:03,15,1,24.1,1.0,274.1,274.0,2,1,1.00,CYCLE,W
IND,208,6415,59485,27/12/2023,17:08:15,15,0,20.9,0.9,279.8,278.7,2,1,1.00,CYCLE,E
IND,208,6415,59485,27/12/2023,17:08:39,15,0,20.9,1.0,23.6,23.4,2,1,1.00,CYCLE,E
IND,208,6415,59486,27/12/2023,17:11:06,15,1,21.1,1.1,182.9,182.8,2,1,1.00,CYCLE,W
IND,208,6415,59486,27/12/2023,17:11:08,15,1,20.1,1.1,1.5,1.3,2,1,1.00,CYCLE,W
IND,208,6415,59486,27/12/2023,17:13:25,15,1,27.4,1.1,137.2,136.7,2,1,1.00,CYCLE,W
IND,208,6415,59485,27/12/2023,17:14:04,15,0,20.6,1.1,325.3,325.1,2,1,1.00,CYCLE,E
IND,208,6415,59485,27/12/2023,17:14:25,15,0,19.3,1.2,20.7,20.5,2,1,1.00,CYCLE,E
IND,208,6415,59485,27/12/2023,17:14:49,15,0,20.3,1.0,24.1,23.9,2,1,1.00,CYCLE,E
IND,208,6415,59486,27/12/2023,17:14:51,15,1,28.1,1.1,36.9,35.8,2,1,1.00,CYCLE,W
IND,208,6415,59485,27/12/2023,17:15:05,15,0,25.0,1.0,16.4,16.2,2,1,1.00,CYCLE,E
IND,208,6415,59485,27/12/2023,17:21:01,15,0,25.0,1.0,356.3,356.1,2,1,1.00,CYCLE,E
IND,208,6415,59485,27/12/2023,17:21:21,15,0,26.8,1.2,19.2,19.1,2,1,1.00,CYCLE,E
IND,208,6415,59485,27/12/2023,17:22:02,15,0,25.7,1.1,41.1,40.9,2,1,1.00,CYCLE,E
IND,208,6415,59486,27/12/2023,17:24:06,15,1,19.6,1.1,149.3,149.2,2,1,1.00,CYCLE,W
IND,208,6415,59485,27/12/2023,17:24:15,15,0,14.8,1.1,133.7,133.6,2,1,1.00,CYCLE,E
IND,208,6415,59485,27/12/2023,17:25:22,15,0,26.9,1.0,66.3,66.1,2,1,1.00,CYCLE,E
IND,208,6415,59486,27/12/2023,17:25:51,15,1,29.9,1.0,105.4,105.2,2,1,1.00,CYCLE,W
IND,208,6415,59485,27/12/2023,17:27:33,15,0,31.4,1.0,131.7,131.6,2,1,1.00,CYCLE,E
IND,208,6415,59485,27/12/2023,17:29:37,15,0,20.3,0.9,123.2,123.1,2,1,1.00,CYCLE,E
IND,208,6415,59485,27/12/2023,17:29:37,15,0,20.7,0.9,0.7,0.6,2,1,1.00,CYCLE,E
IND,208,6415,59485,27/12/2023,17:29:40,15,0,20.3,0.9,2.3,2.1,2,1,1.00,CYCLE,E
IND,208,6415,59486,27/12/2023,17:30:52,15,1,12.8,1.0,300.9,300.8,2,1,1.00,CYCLE,W
IND,208,6415,59486,27/12/2023,17:30:53,15,1,12.5,1.0,0.8,0.5,2,1,1.00,CYCLE,W
IND,208,6415,59485,27/12/2023,17:31:33,15,0,22.7,1.0,113.7,113.6,2,1,1.00,CYCLE,E
IND,208,6415,59486,27/12/2023,17:31:52,15,1,19.8,0.9,59.7,59.4,2,1,1.00,CYCLE,W
IND,208,6415,59485,27/12/2023,17:32:01,15,0,22.8,1.0,28.0,27.8,2,1,1.00,CYCLE,E
IND,208,6415,59485,27/12/2023,17:34:00,15,0,25.8,1.0,81.7,81.7,2,1,1.00,CYCLE,E
IND,208,6415,59485,27/12/2023,17:34:17,15,0,20.9,1.1,17.3,17.1,2,1,1.00,CYCLE,E
IND,208,6415,59485,27/12/2023,17:35:36,15,0,22.0,1.0,79.2,79.1,2,1,1.00,CYCLE,E
IND,208,6415,59486,27/12/2023,17:36:33,15,1,7.0,0.6,277.2,276.7,2,1,1.00,CYCLE,W
IND,208,6415,59486,27/12/2023,17:36:47,15,1,33.9,1.1,13.8,13.6,2,1,1.00,CYCLE,W
IND,208,6415,59486,27/12/2023,17:36:57,15,1,33.8,1.1,9.7,9.6,2,1,1.00,CYCLE,W
IND,208,6415,59486,27/12/2023,17:39:59,15,1,14.6,1.1,182.7,182.7,2,1,1.00,CYCLE,W
IND,208,6415,59485,27/12/2023,17:40:30,15,0,22.9,1.0,294.0,293.8,2,1,1.00,CYCLE,E
IND,208,6415,59486,27/12/2023,17:41:39,15,1,22.8,0.9,26.5,26.0,2,1,1.00,CYCLE,W
IND,208,6415,59485,27/12/2023,17:42:26,15,0,26.8,1.0,116.1,116.0,2,1,1.00,CYCLE,E
IND,208,6415,59485,27/12/2023,17:43:54,15,0,24.8,1.1,88.0,87.9,2,1,1.00,CYCLE,E
IND,208,6415,59485,27/12/2023,17:44:02,15,0,25.5,1.0,7.7,7.5,2,1,1.00,CYCLE,E
IND,208,6415,59485,27/12/2023,17:44:42,15,0,26.4,1.1,40.1,40.0,2,1,1.00,CYCLE,E
IND,208,6415,59486,27/12/2023,17:47:19,15,1,24.2,1.0,339.7,339.6,2,1,1.00,CYCLE,W
IND,208,6415,59486,27/12/2023,17:47:22,15,1,21.5,1.0,2.9,2.8,2,1,1.00,CYCLE,W
IND,208,6415,59485,27/12/2023,17:49:01,15,0,10.8,1.0,259.2,259.1,2,1,1.00,CYCLE,E
IND,208,6415,59485,27/12/2023,17:49:08,15,0,13.9,1.1,6.8,6.4,2,1,1.00,CYCLE,E
IND,208,6415,59486,27/12/2023,17:49:57,15,1,19.5,1.0,155.7,155.6,2,1,1.00,CYCLE,W
IND,208,6415,59486,27/12/2023,17:49:57,15,1,19.5,1.0,0.0,0.0,2,1,1.00,CYCLE,W
IND,208,6415,59485,27/12/2023,17:51:51,15,0,29.0,1.0,162.9,162.6,2,1,1.00,CYCLE,E
IND,208,6415,59485,27/12/2023,17:52:49,15,0,20.7,0.9,57.5,57.4,2,1,1.00,CYCLE,E
IND,208,6415,59486,27/12/2023,18:02:44,15,1,17.1,1.0,199.7,199.7,2,1,1.00,CYCLE,W
IND,208,6415,59486,27/12/2023,18:02:52,15,1,21.9,1.0,8.3,8.1,2,1,1.00,CYCLE,W
IND,208,6415,59486,27/12/2023,18:05:15,15,1,4.5,1.0,143.2,143.3,2,1,0.86,CYCLE,W
IND,208,6415,59485,27/12/2023,18:06:29,15,0,21.2,1.0,563.0,561.9,2,1,1.00,CYCLE,E
IND,208,6415,59485,27/12/2023,18:06:30,15,0,21.1,1.0,1.2,1.1,2,1,1.00,CYCLE,E
IND,208,6415,59486,27/12/2023,18:07:25,15,1,22.2,1.0,129.3,128.2,2,1,1.00,CYCLE,W
IND,208,6415,59486,27/12/2023,18:09:01,15,1,34.6,1.1,96.0,95.8,2,1,1.00,CYCLE,W
IND,208,6415,59485,27/12/2023,18:09:10,15,0,20.3,1.0,159.7,159.5,2,1,1.00,CYCLE,E
IND,208,6415,59486,27/12/2023,18:09:33,15,1,4.9,1.0,32.5,32.6,2,1,0.50,CYCLE,W
IND,208,6415,59485,27/12/2023,18:09:33,15,0,4.9,1.0,0.0,0.0,2,1,0.50,CYCLE,E
IND,208,6415,59485,27/12/2023,18:10:48,15,0,16.7,1.0,64.9,64.6,2,1,1.00,CYCLE,E
IND,208,6415,59486,27/12/2023,18:11:08,15,1,11.2,1.0,94.5,93.8,2,1,1.00,CYCLE,W
IND,208,6415,59486,27/12/2023,18:11:08,15,1,11.2,0.9,0.6,0.3,2,1,1.00,CYCLE,W
IND,208,6415,59485,27/12/2023,18:12:00,15,0,24.5,1.0,72.2,72.0,2,1,1.00,CYCLE,E
IND,208,6415,59485,27/12/2023,18:12:44,15,0,18.7,1.0,43.8,43.6,2,1,1.00,CYCLE,E
IND,208,6415,59485,27/12/2023,18:14:44,15,0,20.9,1.0,119.8,119.6,2,1,1.00,CYCLE,E
IND,208,6415,59485,27/12/2023,18:14:49,15,0,15.2,1.1,4.7,4.5,2,1,1.00,CYCLE,E
IND,208,6415,59485,27/12/2023,18:14:51,15,0,13.8,1.0,2.0,1.8,2,1,0.18,CYCLE,E
IND,208,6415,59486,27/12/2023,18:16:26,15,1,27.5,1.1,317.5,317.2,2,1,1.00,CYCLE,W
IND,208,6415,59485,27/12/2023,18:19:40,15,0,25.9,1.0,288.8,287.8,2,1,1.00,CYCLE,E
IND,208,6415,59486,27/12/2023,18:19:47,15,1,20.9,1.0,201.5,201.4,2,1,1.00,CYCLE,W
IND,208,6415,59486,27/12/2023,18:20:29,15,1,35.2,1.1,41.6,41.4,2,1,1.00,CYCLE,W
IND,208,6415,59485,27/12/2023,18:22:44,15,0,20.6,1.0,183.9,183.8,2,1,1.00,CYCLE,E
IND,208,6415,59486,27/12/2023,18:22:57,15,1,21.1,1.0,0.5,0.3,2,1,1.00,CYCLE,W
IND,208,6415,59486,27/12/2023,18:24:13,15,1,26.1,1.0,76.2,76.0,2,1,1.00,CYCLE,W
IND,208,6415,59485,27/12/2023,18:25:13,15,0,20.9,0.9,129.6,129.6,2,1,1.00,CYCLE,E
IND,208,6415,59485,27/12/2023,18:27:17,15,0,15.0,1.0,123.8,123.7,2,1,1.00,CYCLE,E
IND,208,6415,59485,27/12/2023,18:27:24,15,0,15.2,1.1,7.1,6.8,2,1,1.00,CYCLE,E
IND,208,6415,59486,27/12/2023,18:27:54,15,1,24.9,1.0,220.9,220.7,2,1,1.00,CYCLE,W
IND,208,6415,59486,27/12/2023,18:27:56,15,1,23.7,0.9,1.6,1.5,2,1,1.00,CYCLE,W
IND,208,6415,59486,27/12/2023,18:30:50,15,1,25.1,1.0,174.2,174.1,2,1,1.00,CYCLE,W
IND,208,6415,59485,27/12/2023,18:31:40,15,0,15.5,1.1,256.4,256.2,2,1,1.00,CYCLE,E
IND,208,6415,59485,27/12/2023,18:33:19,15,0,23.9,1.0,98.7,98.4,2,1,1.00,CYCLE,E
IND,208,6415,59485,27/12/2023,18:33:21,15,0,20.1,1.1,2.3,2.2,2,1,1.00,CYCLE,E
IND,208,6415,59485,27/12/2023,18:33:32,15,0,17.2,1.0,10.8,10.6,2,1,1.00,CYCLE,E
IND,208,6415,59486,27/12/2023,18:33:42,15,1,22.9,1.0,172.2,172.1,2,1,1.00,CYCLE,W
IND,208,6415,59486,27/12/2023,18:34:52,15,1,8.9,0.8,69.6,69.5,2,1,1.00,CYCLE,W
IND,208,6415,59485,27/12/2023,18:35:20,15,0,24.4,1.1,108.5,108.3,2,1,1.00,CYCLE,E
IND,208,6415,59486,27/12/2023,18:36:18,15,1,26.9,1.1,85.9,85.8,2,1,1.00,CYCLE,W
IND,208,6415,59486,27/12/2023,18:36:44,15,1,26.3,1.0,26.1,26.0,2,1,1.00,CYCLE,W
IND,208,6415,59485,27/12/2023,18:38:00,15,0,3.8,0.6,159.6,159.4,2,1,0.80,CYCLE,E
IND,208,6415,59486,27/12/2023,18:43:14,15,1,35.0,1.1,390.6,390.4,2,1,1.00,CYCLE,W
IND,208,6415,59485,27/12/2023,18:49:14,15,0,22.4,1.1,674.1,673.5,2,1,1.00,CYCLE,E
IND,208,6415,59486,27/12/2023,18:49:21,15,1,25.9,1.1,367.0,366.9,2,1,1.00,CYCLE,W
IND,208,6415,59486,27/12/2023,18:49:22,15,1,25.4,1.1,1.0,0.9,2,1,1.00,CYCLE,W
IND,208,6415,59486,27/12/2023,18:49:43,15,1,18.5,1.2,20.3,20.1,2,1,1.00,CYCLE,W
IND,208,6415,59485,27/12/2023,18:51:53,15,0,4.7,1.0,159.1,159.2,2,1,0.67,CYCLE,E
IND,208,6415,59485,27/12/2023,18:51:53,15,0,4.7,1.0,0.0,0.0,2,1,0.67,CYCLE,E
IND,208,6415,59486,27/12/2023,18:53:32,15,1,28.1,1.1,229.3,229.1,2,1,1.00,CYCLE,W
IND,208,6415,59485,27/12/2023,18:57:42,15,0,27.0,1.0,348.5,346.9,2,1,1.00,CYCLE,E
IND,208,6415,59485,27/12/2023,19:02:18,15,0,35.0,1.0,21.3,21.3,2,1,0.67,CYCLE,E
IND,208,6415,59486,27/12/2023,19:04:55,15,1,21.4,1.1,682.6,682.5,2,1,1.00,CYCLE,W
IND,208,6415,59486,27/12/2023,19:05:09,15,1,25.4,1.1,14.9,14.7,2,1,1.00,CYCLE,W
IND,208,6415,59486,27/12/2023,19:06:46,15,1,22.1,1.1,96.7,96.6,2,1,1.00,CYCLE,W
IND,208,6415,59485,27/12/2023,19:07:52,15,0,23.7,1.1,205.4,205.4,2,1,1.00,CYCLE,E
IND,208,6415,59486,27/12/2023,19:08:51,15,1,32.2,1.1,125.1,124.9,2,1,1.00,CYCLE,W
IND,208,6415,59485,27/12/2023,19:09:28,15,0,20.9,0.9,95.8,95.6,2,1,1.00,CYCLE,E
IND,208,6415,59485,27/12/2023,19:10:51,15,0,20.7,0.9,83.1,82.9,2,1,1.00,CYCLE,E
IND,208,6415,59485,27/12/2023,19:10:51,15,0,20.2,0.9,0.5,0.4,2,1,1.00,CYCLE,E
IND,208,6415,59486,27/12/2023,19:13:36,15,1,29.1,1.1,29.3,29.2,2,1,1.00,CYCLE,W
IND,208,6415,59485,27/12/2023,19:17:13,15,0,18.5,1.0,381.3,381.1,2,1,1.00,CYCLE,E
IND,208,6415,59486,27/12/2023,19:20:01,15,1,22.7,1.1,385.2,385.1,2,1,1.00,CYCLE,W
IND,208,6415,59486,27/12/2023,19:20:05,15,1,26.2,1.0,3.4,3.2,2,1,1.00,CYCLE,W
IND,208,6415,59485,27/12/2023,19:21:52,15,0,24.4,1.0,279.2,279.0,2,1,1.00,CYCLE,E
IND,208,6415,59486,27/12/2023,19:22:28,15,1,19.6,1.1,143.0,142.9,2,1,1.00,CYCLE,W
IND,208,6415,59486,27/12/2023,19:23:01,15,1,20.0,1.0,33.1,32.9,2,1,1.00,CYCLE,W
IND,208,6415,59486,27/12/2023,19:26:45,15,1,24.7,1.0,224.1,223.9,2,1,1.00,CYCLE,W
IND,208,6415,59485,27/12/2023,19:27:17,15,0,22.7,0.9,325.5,325.4,2,1,1.00,CYCLE,E
IND,208,6415,59485,27/12/2023,19:28:45,15,0,21.2,1.0,88.0,87.9,2,1,1.00,CYCLE,E
IND,208,6415,59485,27/12/2023,19:28:51,15,0,20.5,0.9,5.8,5.7,2,1,1.00,CYCLE,E
IND,208,6415,59485,27/12/2023,19:29:25,15,0,3.0,0.0,34.0,33.9,2,1,1.00,CYCLE,E
IND,208,6415,59485,27/12/2023,19:32:05,15,0,12.2,0.9,159.6,159.6,2,1,1.00,CYCLE,E
IND,208,6415,59486,27/12/2023,19:36:27,15,1,26.1,1.0,582.2,582.1,2,1,1.00,CYCLE,W
IND,208,6415,59486,27/12/2023,19:37:37,15,1,21.5,1.1,69.5,69.4,2,1,1.00,CYCLE,W
IND,208,6415,59486,27/12/2023,19:41:08,15,1,20.5,1.1,211.0,210.9,2,1,1.00,CYCLE,W
IND,208,6415,59485,27/12/2023,19:46:10,15,0,15.9,1.0,832.8,831.0,2,1,1.00,CYCLE,E
IND,208,6415,59486,27/12/2023,19:47:33,15,1,15.2,1.1,385.6,385.5,2,1,1.00,CYCLE,W
IND,208,6415,59485,27/12/2023,19:52:23,15,0,22.2,1.0,372.5,372.3,2,1,1.00,CYCLE,E
IND,208,6415,59486,27/12/2023,20:00:11,15,1,30.4,1.1,355.6,355.6,2,1,1.00,CYCLE,W
IND,208,6415,59485,27/12/2023,20:00:27,15,0,27.2,1.1,483.9,483.7,2,1,1.00,CYCLE,E
IND,208,6415,59486,27/12/2023,20:03:28,15,1,22.2,1.1,196.0,195.9,2,1,1.00,CYCLE,W
IND,208,6415,59485,27/12/2023,20:06:58,15,0,26.4,1.1,110.4,109.5,2,1,1.00,CYCLE,E
IND,208,6415,59486,27/12/2023,20:09:05,15,1,25.3,1.1,337.1,336.9,2,1,1.00,CYCLE,W
IND,208,6415,59486,27/12/2023,20:14:43,15,1,26.7,1.2,338.2,338.1,2,1,1.00,CYCLE,W
IND,208,6415,59486,27/12/2023,20:15:18,15,1,17.4,1.0,34.7,34.6,2,1,1.00,CYCLE,W
IND,208,6415,59485,27/12/2023,20:22:00,15,0,20.2,1.0,313.1,313.1,2,1,1.00,CYCLE,E
IND,208,6415,59485,27/12/2023,20:23:04,15,0,24.3,1.0,64.0,63.8,2,1,1.00,CYCLE,E
IND,208,6415,59486,27/12/2023,20:28:04,15,1,18.3,1.0,766.8,766.6,2,1,1.00,CYCLE,W
IND,208,6415,59486,27/12/2023,20:29:18,15,1,30.4,0.9,73.4,73.1,2,1,1.00,CYCLE,W
IND,208,6415,59485,27/12/2023,20:34:43,15,0,19.4,1.1,699.1,698.9,2,1,1.00,CYCLE,E
IND,208,6415,59486,27/12/2023,20:36:00,15,1,28.6,1.1,402.0,401.9,2,1,1.00,CYCLE,W
IND,208,6415,59486,27/12/2023,20:36:36,15,1,36.2,1.1,36.4,36.2,2,1,1.00,CYCLE,W
IND,208,6415,59485,27/12/2023,21:07:32,15,0,20.1,1.1,1969.4,1969.2,2,1,1.00,CYCLE,E
IND,208,6415,59486,27/12/2023,21:07:46,15,1,24.3,0.9,1870.2,1870.1,2,1,1.00,CYCLE,W
IND,208,6415,59485,27/12/2023,21:09:19,15,0,20.9,0.9,107.0,106.8,2,1,1.00,CYCLE,E
IND,208,6415,59485,27/12/2023,21:09:23,15,0,20.5,0.9,3.7,3.6,2,1,1.00,CYCLE,E
IND,208,6415,59486,27/12/2023,21:10:49,15,1,21.1,1.1,182.6,182.5,2,1,1.00,CYCLE,W
IND,208,6415,59486,27/12/2023,21:10:50,15,1,21.1,1.0,1.0,0.8,2,1,1.00,CYCLE,W
IND,208,6415,59486,27/12/2023,21:10:52,15,1,22.6,1.0,2.0,1.9,2,1,1.00,CYCLE,W
IND,208,6415,59485,27/12/2023,21:14:34,15,0,19.0,1.1,311.6,311.5,2,1,1.00,CYCLE,E
IND,208,6415,59485,27/12/2023,21:18:03,15,0,20.0,1.1,208.3,208.1,2,1,1.00,CYCLE,E
IND,208,6415,59485,27/12/2023,21:18:48,15,0,12.7,1.0,44.9,44.7,2,1,1.00,CYCLE,E
IND,208,6415,59485,27/12/2023,21:18:58,15,0,10.0,1.0,10.3,10.0,2,1,1.00,CYCLE,E
IND,208,6415,59485,27/12/2023,21:18:58,15,0,10.0,1.0,0.0,0.0,2,1,1.00,CYCLE,E
IND,208,6415,59486,27/12/2023,21:26:55,15,1,21.4,0.9,962.8,962.6,2,1,1.00,CYCLE,W
IND,208,6415,59486,27/12/2023,21:26:55,15,1,19.3,0.9,0.5,0.3,2,1,1.00,CYCLE,W
IND,208,6415,59486,27/12/2023,21:30:57,15,1,14.8,1.1,241.6,241.4,2,1,1.00,CYCLE,W
IND,208,6415,59486,27/12/2023,21:42:57,15,1,36.4,1.1,719.8,719.4,2,1,1.00,CYCLE,W
IND,208,6415,59485,27/12/2023,21:43:08,15,0,27.8,1.2,1450.0,1449.4,2,1,1.00,CYCLE,E
IND,208,6415,59485,27/12/2023,21:50:27,15,0,23.0,1.0,439.0,438.8,2,1,1.00,CYCLE,E
IND,208,6415,59486,27/12/2023,21:59:01,15,1,13.2,1.0,711.8,711.4,2,1,0.40,CYCLE,W
IND,208,6415,59486,27/12/2023,22:04:23,15,1,21.9,1.0,322.4,322.1,2,1,1.00,CYCLE,W
IND,208,6415,59485,27/12/2023,22:13:17,15,0,18.8,1.0,1369.8,1369.6,2,1,1.00,CYCLE,E
IND,208,6415,59485,27/12/2023,22:17:59,15,0,30.4,1.1,282.0,281.8,2,1,1.00,CYCLE,E
IND,208,6415,59485,27/12/2023,22:22:34,15,0,21.0,1.0,275.0,274.8,2,1,1.00,CYCLE,E
IND,208,6415,59485,27/12/2023,22:30:44,15,0,20.9,0.9,490.7,490.5,2,1,1.00,CYCLE,E
IND,208,6415,59485,27/12/2023,22:57:09,15,0,3.4,0.6,1584.5,1584.3,2,1,1.00,CYCLE,E
IND,208,6415,59485,27/12/2023,23:01:10,15,0,24.3,1.1,240.8,240.2,2,1,1.00,CYCLE,E
IND,208,6415,59486,27/12/2023,23:19:18,15,1,25.7,1.0,4494.9,4494.7,2,1,1.00,CYCLE,W
IND,208,6415,59486,27/12/2023,23:19:29,15,1,29.6,1.0,11.2,11.0,2,1,1.00,CYCLE,W
IND,208,6415,59485,27/12/2023,23:23:30,15,0,31.4,1.1,1340.0,1339.8,2,1,1.00,CYCLE,E
IND,208,6415,59485,27/12/2023,23:23:31,15,0,31.5,1.1,1.7,1.5,2,1,1.00,CYCLE,E
IND,208,6415,59485,27/12/2023,23:24:38,15,0,21.1,1.0,67.1,67.0,2,1,1.00,CYCLE,E
IND,208,6415,59485,27/12/2023,23:30:39,15,0,18.9,1.0,361.0,360.8,2,1,1.00,CYCLE,E
IND,208,6415,59485,28/12/2023,01:01:44,15,0,26.7,1.1,5464.8,5464.6,2,1,1.00,CYCLE,E
IND,208,6415,59486,28/12/2023,01:21:17,15,1,2.4,0.3,7307.5,7307.9,2,1,1.00,CYCLE,W
IND,208,6415,59485,28/12/2023,01:46:04,15,0,27.0,1.1,1723.5,1723.5,2,1,1.00,CYCLE,E
IND,208,6415,59486,28/12/2023,02:46:04,15,1,34.0,1.1,5087.2,5086.3,2,1,1.00,CYCLE,W
IND,208,6415,59485,28/12/2023,04:14:15,15,0,37.7,1.1,8890.6,8890.5,2,1,1.00,CYCLE,E
IND,208,6415,59485,28/12/2023,04:24:14,15,0,20.2,1.0,180.0,179.9,2,1,1.00,CYCLE,E
IND,208,6415,59485,28/12/2023,05:01:29,15,0,10.6,1.0,2235.0,2234.8,2,1,1.00,CYCLE,E
IND,208,6415,59486,28/12/2023,05:22:36,15,1,32.8,1.0,9392.2,9392.1,2,1,1.00,CYCLE,W
IND,208,6415,59486,28/12/2023,05:24:13,15,1,32.1,1.0,97.1,97.0,2,1,1.00,CYCLE,W
IND,208,6415,59485,28/12/2023,05:32:52,15,0,24.2,1.1,1459.0,1458.9,2,1,1.00,CYCLE,E
IND,208,6415,59486,28/12/2023,05:33:08,15,1,26.9,1.1,534.6,534.5,2,1,1.00,CYCLE,W
IND,208,6415,59485,28/12/2023,05:35:03,15,0,13.7,0.5,131.6,131.5,2,1,1.00,CYCLE,E
IND,208,6415,59486,28/12/2023,05:37:10,15,1,29.7,1.0,242.4,242.3,2,1,1.00,CYCLE,W
IND,208,6415,59486,28/12/2023,05:38:53,15,1,17.5,1.0,102.9,102.7,2,1,0.10,CYCLE,W
IND,208,6415,59486,28/12/2023,05:38:53,15,1,17.5,1.0,0.0,0.0,2,1,0.10,CYCLE,W
IND,208,6415,59486,28/12/2023,05:38:57,15,1,7.1,1.0,3.8,1.6,2,1,0.40,CYCLE,W
IND,208,6415,59486,28/12/2023,05:43:19,15,1,21.6,0.9,262.1,261.5,2,1,1.00,CYCLE,W
IND,208,6415,59485,28/12/2023,05:49:00,15,0,18.2,1.1,836.8,836.7,2,1,1.00,CYCLE,E
IND,208,6415,59486,28/12/2023,05:53:51,15,1,7.8,1.0,631.9,631.6,2,1,0.40,CYCLE,W
IND,208,6415,59486,28/12/2023,05:59:25,15,1,24.8,1.0,334.3,333.9,2,1,1.00,CYCLE,W
IND,208,6415,59486,28/12/2023,05:59:26,15,1,26.0,1.1,0.8,0.7,2,1,1.00,CYCLE,W
IND,208,6415,59485,28/12/2023,06:01:59,15,0,22.8,1.0,778.4,778.2,2,1,1.00,CYCLE,E
IND,208,6415,59486,28/12/2023,06:03:53,15,1,27.3,1.0,267.5,267.4,2,1,1.00,CYCLE,W
IND,208,6415,59486,28/12/2023,06:04:00,15,1,28.8,1.2,7.1,6.9,2,1,1.00,CYCLE,W
IND,208,6415,59486,28/12/2023,06:04:28,15,1,27.7,1.0,28.0,27.9,2,1,1.00,CYCLE,W
IND,208,6415,59485,28/12/2023,06:04:43,15,0,22.7,1.2,164.1,163.9,2,1,1.00,CYCLE,E
IND,208,6415,59486,28/12/2023,06:04:51,15,1,25.7,1.0,22.4,22.3,2,1,1.00,CYCLE,W
IND,208,6415,59486,28/12/2023,06:04:55,15,1,32.2,0.9,4.1,3.9,2,1,1.00,CYCLE,W
IND,208,6415,59485,28/12/2023,06:05:38,15,0,22.7,1.0,55.1,54.9,2,1,1.00,CYCLE,E
IND,208,6415,59486,28/12/2023,06:05:39,15,1,26.5,1.0,24.9,24.6,2,1,1.00,CYCLE,W
IND,208,6415,59486,28/12/2023,06:08:22,15,1,22.6,1.0,162.9,162.8,2,1,1.00,CYCLE,W
IND,208,6415,59486,28/12/2023,06:08:26,15,1,28.3,1.1,3.7,3.5,2,1,1.00,CYCLE,W
IND,208,6415,59486,28/12/2023,06:12:25,15,1,27.5,1.0,238.6,238.5,2,1,1.00,CYCLE,W
IND,208,6415,59486,28/12/2023,06:17:02,15,1,36.4,1.0,277.6,277.4,2,1,1.00,CYCLE,W
IND,208,6415,59486,28/12/2023,06:18:00,15,1,25.9,1.0,58.0,57.9,2,1,1.00,CYCLE,W
IND,208,6415,59485,28/12/2023,06:20:54,15,0,3.2,0.3,915.8,915.6,2,1,1.00,CYCLE,E
IND,208,6415,59486,28/12/2023,06:21:28,15,1,24.2,1.0,208.1,208.0,2,1,1.00,CYCLE,W
IND,208,6415,59485,28/12/2023,06:22:43,15,0,24.0,1.0,109.8,109.5,2,1,1.00,CYCLE,E
IND,208,6415,59486,28/12/2023,06:22:55,15,1,27.1,1.0,86.4,86.3,2,1,1.00,CYCLE,W
IND,208,6415,59486,28/12/2023,06:23:02,15,1,27.5,1.0,7.6,7.5,2,1,1.00,CYCLE,W
IND,208,6415,59486,28/12/2023,06:26:25,15,1,27.2,1.0,202.8,202.6,2,1,1.00,CYCLE,W
IND,208,6415,59486,28/12/2023,06:27:52,15,1,24.0,1.0,87.0,86.8,2,1,1.00,CYCLE,W
IND,208,6415,59486,28/12/2023,06:29:05,15,1,22.0,1.0,72.5,72.4,2,1,1.00,CYCLE,W
IND,208,6415,59486,28/12/2023,06:29:52,15,1,28.9,0.9,47.2,47.0,2,1,1.00,CYCLE,W
IND,208,6415,59486,28/12/2023,06:31:51,15,1,24.2,1.1,119.8,119.7,2,1,1.00,CYCLE,W
IND,208,6415,59486,28/12/2023,06:32:04,15,1,23.4,1.0,12.8,12.7,2,1,1.00,CYCLE,W
IND,208,6415,59486,28/12/2023,06:32:20,15,1,24.3,1.0,15.4,15.3,2,1,1.00,CYCLE,W
IND,208,6415,59486,28/12/2023,06:32:22,15,1,24.7,1.0,2.5,2.4,2,1,1.00,CYCLE,W
IND,208,6415,59486,28/12/2023,06:33:23,15,1,11.9,1.0,60.2,60.2,2,1,1.00,CYCLE,W
IND,208,6415,59486,28/12/2023,06:34:13,15,1,27.5,1.1,50.7,50.3,2,1,1.00,CYCLE,W
IND,208,6415,59486,28/12/2023,06:34:15,15,1,26.1,1.0,1.4,1.3,2,1,1.00,CYCLE,W
IND,208,6415,59485,28/12/2023,06:35:13,15,0,30.4,1.2,749.4,749.3,2,1,1.00,CYCLE,E
IND,208,6415,59486,28/12/2023,06:36:21,15,1,32.1,1.0,126.8,126.7,2,1,1.00,CYCLE,W
IND,208,6415,59485,28/12/2023,06:38:25,15,0,23.4,1.0,67.2,67.1,2,1,1.00,CYCLE,E
IND,208,6415,59486,28/12/2023,06:40:11,15,1,32.1,1.0,230.0,229.9,2,1,1.00,CYCLE,W
IND,208,6415,59485,28/12/2023,06:40:18,15,0,20.6,0.8,112.8,112.7,2,1,1.00,CYCLE,E
IND,208,6415,59485,28/12/2023,06:42:03,15,0,17.2,1.0,105.3,105.2,2,1,1.00,CYCLE,E
IND,208,6415,59485,28/12/2023,06:42:12,15,0,27.5,1.1,8.2,8.0,2,1,1.00,CYCLE,E
IND,208,6415,59486,28/12/2023,06:42:26,15,1,42.3,1.0,134.2,134.1,2,1,1.00,CYCLE,W
IND,208,6415,59485,28/12/2023,06:49:49,15,0,33.6,1.0,457.1,456.9,2,1,1.00,CYCLE,E
IND,208,6415,59486,28/12/2023,06:50:35,15,1,27.6,1.1,489.3,489.2,2,1,1.00,CYCLE,W
IND,208,6415,59485,28/12/2023,06:53:23,15,0,27.6,1.2,214.3,214.2,2,1,1.00,CYCLE,E
IND,208,6415,59486,28/12/2023,06:53:40,15,1,32.4,1.0,185.2,185.1,2,1,1.00,CYCLE,W
IND,208,6415,59485,28/12/2023,06:55:30,15,0,31.1,1.0,56.1,55.8,2,1,1.00,CYCLE,E
IND,208,6415,59486,28/12/2023,06:56:21,15,1,33.1,1.0,161.0,160.9,2,1,1.00,CYCLE,W
IND,208,6415,59486,28/12/2023,06:56:21,15,1,33.1,1.0,0.0,0.0,2,1,1.00,CYCLE,W
IND,208,6415,59486,28/12/2023,06:56:21,15,1,33.1,1.0,0.0,0.0,2,1,1.00,CYCLE,W
IND,208,6415,59486,28/12/2023,06:56:22,15,1,30.3,1.0,0.7,0.3,2,1,1.00,CYCLE,W
IND,208,6415,59486,28/12/2023,06:56:37,15,1,21.9,1.0,15.2,15.1,2,1,1.00,CYCLE,W
IND,208,6415,59485,28/12/2023,06:57:20,15,0,23.2,1.1,109.6,109.4,2,1,1.00,CYCLE,E
IND,208,6415,59485,28/12/2023,06:58:23,15,0,15.3,1.1,63.3,63.1,2,1,1.00,CYCLE,E
IND,208,6415,59486,28/12/2023,06:58:50,15,1,28.6,1.0,133.3,133.1,2,1,1.00,CYCLE,W
IND,208,6415,59486,28/12/2023,07:00:53,15,1,29.3,1.1,122.9,122.7,2,1,1.00,CYCLE,W
IND,208,6415,59486,28/12/2023,07:02:29,15,1,25.7,1.0,95.6,95.5,2,1,1.00,CYCLE,W
IND,208,6415,59486,28/12/2023,07:02:58,15,1,4.3,0.1,28.8,28.9,2,1,0.80,CYCLE,W
IND,208,6415,59486,28/12/2023,07:03:50,15,1,29.2,1.1,52.3,51.9,2,1,1.00,CYCLE,W
IND,208,6415,59486,28/12/2023,07:04:09,15,1,25.4,1.1,18.8,18.7,2,1,1.00,CYCLE,W
IND,208,6415,59485,28/12/2023,07:05:13,15,0,13.4,1.0,409.7,409.5,2,1,1.00,CYCLE,E
IND,208,6415,59485,28/12/2023,07:05:13,15,0,13.4,1.0,0.0,0.0,2,1,1.00,CYCLE,E
IND,208,6415,59485,28/12/2023,07:09:26,15,0,24.2,1.0,222.6,222.6,2,1,1.00,CYCLE,E
IND,208,6415,59485,28/12/2023,07:09:32,15,0,24.9,1.0,5.8,5.6,2,1,1.00,CYCLE,E
IND,208,6415,59486,28/12/2023,07:10:04,15,1,30.2,1.0,355.5,355.4,2,1,1.00,CYCLE,W
IND,208,6415,59486,28/12/2023,07:10:05,15,1,29.4,1.0,0.6,0.4,2,1,1.00,CYCLE,W
IND,208,6415,59486,28/12/2023,07:12:08,15,1,31.0,1.0,123.3,123.2,2,1,1.00,CYCLE,W
IND,208,6415,59486,28/12/2023,07:12:10,15,1,22.9,1.0,1.9,1.8,2,1,1.00,CYCLE,W
IND,208,6415,59486,28/12/2023,07:18:35,15,1,32.3,1.1,258.9,259.0,2,1,1.00,CYCLE,W
IND,208,6415,59486,28/12/2023,07:18:37,15,1,25.1,1.1,1.6,1.4,2,1,1.00,CYCLE,W
IND,208,6415,59485,28/12/2023,07:18:55,15,0,24.4,1.1,25.7,25.3,2,1,1.00,CYCLE,E
IND,208,6415,59486,28/12/2023,07:20:35,15,1,26.5,1.0,118.3,118.2,2,1,1.00,CYCLE,W
IND,208,6415,59486,28/12/2023,07:21:14,15,1,25.1,1.0,38.7,38.6,2,1,1.00,CYCLE,W
IND,208,6415,59486,28/12/2023,07:21:38,15,1,28.8,1.1,24.0,23.9,2,1,1.00,CYCLE,W
IND,208,6415,59486,28/12/2023,07:22:02,15,1,26.6,1.0,23.9,23.8,2,1,1.00,CYCLE,W
IND,208,6415,59486,28/12/2023,07:22:03,15,1,27.5,1.0,0.7,0.5,2,1,1.00,CYCLE,W
IND,208,6415,59486,28/12/2023,07:22:03,15,1,26.1,0.9,0.4,0.3,2,1,1.00,CYCLE,W
IND,208,6415,59485,28/12/2023,07:24:20,15,0,33.4,1.0,325.0,324.9,2,1,1.00,CYCLE,E
IND,208,6415,59486,28/12/2023,07:24:35,15,1,26.5,1.0,151.6,151.4,2,1,1.00,CYCLE,W
IND,208,6415,59486,28/12/2023,07:26:26,15,1,27.4,1.0,111.3,111.2,2,1,1.00,CYCLE,W
IND,208,6415,59485,28/12/2023,07:29:05,15,0,21.5,1.1,285.4,285.3,2,1,1.00,CYCLE,E
IND,208,6415,59485,28/12/2023,07:29:28,15,0,19.5,1.1,22.9,22.8,2,1,1.00,CYCLE,E
IND,208,6415,59486,28/12/2023,07:33:11,15,1,26.0,1.0,405.0,404.8,2,1,1.00,CYCLE,W
IND,208,6415,59485,28/12/2023,07:34:01,15,0,24.6,1.0,173.8,173.6,2,1,1.00,CYCLE,E
IND,208,6415,59486,28/12/2023,07:34:31,15,1,28.7,1.1,80.3,80.1,2,1,1.00,CYCLE,W
IND,208,6415,59485,28/12/2023,07:36:36,15,0,24.7,1.0,155.1,155.0,2,1,1.00,CYCLE,E
IND,208,6415,59485,28/12/2023,07:37:03,15,0,17.4,1.1,26.6,26.4,2,1,1.00,CYCLE,E
IND,208,6415,59485,28/12/2023,07:39:08,15,0,27.2,1.1,104.2,104.2,2,1,1.00,CYCLE,E
IND,208,6415,59486,28/12/2023,07:41:38,15,1,24.1,1.1,427.2,427.1,2,1,1.00,CYCLE,W
IND,208,6415,59486,28/12/2023,07:44:17,15,1,27.8,1.0,158.3,158.1,2,1,1.00,CYCLE,W
IND,208,6415,59486,28/12/2023,07:44:18,15,1,33.2,1.0,1.6,1.5,2,1,1.00,CYCLE,W
IND,208,6415,59486,28/12/2023,07:45:43,15,1,25.8,1.0,84.5,84.4,2,1,1.00,CYCLE,W
IND,208,6415,59486,28/12/2023,07:47:09,15,1,29.9,1.0,85.8,85.7,2,1,1.00,CYCLE,W
IND,208,6415,59486,28/12/2023,07:49:42,15,1,24.7,1.1,153.1,153.0,2,1,1.00,CYCLE,W
IND,208,6415,59486,28/12/2023,07:50:46,15,1,28.5,1.2,63.9,63.7,2,1,1.00,CYCLE,W
IND,208,6415,59486,28/12/2023,07:52:11,15,1,30.8,1.0,85.8,85.6,2,1,1.00,CYCLE,W
IND,208,6415,59485,28/12/2023,07:55:03,15,0,21.0,1.0,553.0,553.0,2,1,1.00,CYCLE,E
IND,208,6415,59485,28/12/2023,07:56:08,15,0,23.9,1.0,65.0,64.8,2,1,1.00,CYCLE,E
IND,208,6415,59486,28/12/2023,07:56:20,15,1,23.2,1.0,248.8,248.7,2,1,1.00,CYCLE,W
IND,208,6415,59486,28/12/2023,07:59:58,15,1,26.4,1.0,217.4,217.3,2,1,1.00,CYCLE,W
IND,208,6415,59485,28/12/2023,08:02:05,15,0,27.5,1.0,12.8,12.2,2,1,1.00,CYCLE,E
IND,208,6415,59485,28/12/2023,08:02:38,15,0,24.6,1.2,33.5,33.4,2,1,1.00,CYCLE,E
IND,208,6415,59486,28/12/2023,08:04:15,15,1,27.9,1.0,256.9,256.7,2,1,1.00,CYCLE,W
IND,208,6415,59486,28/12/2023,08:05:35,15,1,24.2,1.0,80.1,80.0,2,1,1.00,CYCLE,W
IND,208,6415,59486,28/12/2023,08:10:44,15,1,24.8,1.0,309.5,309.3,2,1,1.00,CYCLE,W
IND,208,6415,59486,28/12/2023,08:11:57,15,1,23.4,1.1,72.8,72.7,2,1,1.00,CYCLE,W
IND,208,6415,59486,28/12/2023,08:14:06,15,1,26.2,1.1,128.7,128.5,2,1,1.00,CYCLE,W
IND,208,6415,59486,28/12/2023,08:15:41,15,1,25.5,1.1,95.5,95.4,2,1,1.00,CYCLE,W
IND,208,6415,59486,28/12/2023,08:16:07,15,1,24.7,1.0,26.1,26.0,2,1,1.00,CYCLE,W
IND,208,6415,59485,28/12/2023,08:19:26,15,0,18.9,1.0,677.9,677.5,2,1,1.20,CYCLE,E
IND,208,6415,59486,28/12/2023,08:20:45,15,1,21.0,1.0,278.0,277.8,2,1,1.00,CYCLE,W
IND,208,6415,59486,28/12/2023,08:20:56,15,1,19.2,1.1,10.4,10.2,2,1,1.00,CYCLE,W
IND,208,6415,59485,28/12/2023,08:23:49,15,0,14.4,1.1,29.9,29.9,2,1,1.00,CYCLE,E
IND,208,6415,59486,28/12/2023,08:28:22,15,1,25.4,1.1,446.2,446.0,2,1,1.00,CYCLE,W
IND,208,6415,59485,28/12/2023,08:29:32,15,0,22.9,1.0,343.4,343.2,2,1,1.00,CYCLE,E
IND,208,6415,59485,28/12/2023,08:37:25,15,0,21.2,1.1,472.5,472.4,2,1,1.00,CYCLE,E
IND,208,6415,59485,28/12/2023,08:37:25,15,0,21.2,1.1,0.6,0.4,2,1,1.00,CYCLE,E
IND,208,6415,59485,28/12/2023,08:37:26,15,0,21.7,1.1,1.0,0.8,2,1,1.00,CYCLE,E
IND,208,6415,59485,28/12/2023,08:37:35,15,0,20.7,0.9,8.4,8.2,2,1,1.00,CYCLE,E
IND,208,6415,59486,28/12/2023,08:38:30,15,1,29.4,1.0,608.4,608.3,2,1,1.00,CYCLE,W
IND,208,6415,59485,28/12/2023,08:40:51,15,0,29.3,1.0,178.5,178.5,2,1,1.00,CYCLE,E
IND,208,6415,59485,28/12/2023,08:44:47,15,0,19.9,1.1,236.0,235.9,2,1,1.00,CYCLE,E
IND,208,6415,59486,28/12/2023,08:48:00,15,1,24.4,1.0,569.7,569.6,2,1,1.00,CYCLE,W
IND,208,6415,59485,28/12/2023,08:50:48,15,0,3.7,1.0,361.0,360.8,2,1,0.33,CYCLE,E
IND,208,6415,59486,28/12/2023,08:51:16,15,1,26.1,1.0,196.0,195.8,2,1,1.00,CYCLE,W
IND,208,6415,59486,28/12/2023,08:53:30,15,1,20.0,1.0,133.6,133.4,2,1,1.00,CYCLE,W
IND,208,6415,59486,28/12/2023,08:53:34,15,1,24.1,1.0,4.5,4.3,2,1,1.00,CYCLE,W
IND,208,6415,59485,28/12/2023,08:53:39,15,0,4.4,1.0,170.4,168.8,2,1,0.33,CYCLE,E
IND,208,6415,59486,28/12/2023,08:54:26,15,1,25.9,1.1,52.1,51.9,2,1,1.00,CYCLE,W
IND,208,6415,59485,28/12/2023,08:55:43,15,0,17.8,1.0,124.2,123.5,2,1,1.00,CYCLE,E
IND,208,6415,59486,28/12/2023,08:59:57,15,1,22.9,1.1,330.7,330.6,2,1,1.00,CYCLE,W
IND,208,6415,59486,28/12/2023,08:59:57,15,1,21.1,1.1,0.3,0.2,2,1,1.00,CYCLE,W
IND,208,6415,59486,28/12/2023,09:04:43,15,1,25.2,1.0,242.7,242.5,2,1,1.00,CYCLE,W
IND,208,6415,59486,28/12/2023,09:10:13,15,1,4.5,0.4,330.4,330.5,2,1,0.80,CYCLE,W
IND,208,6415,59485,28/12/2023,09:15:43,15,0,21.3,1.1,1200.0,1199.8,2,1,1.00,CYCLE,E
IND,208,6415,59486,28/12/2023,09:16:04,15,1,23.5,1.0,350.6,350.3,2,1,1.00,CYCLE,W
IND,208,6415,59486,28/12/2023,09:18:41,15,1,22.7,1.0,156.8,156.6,2,1,1.00,CYCLE,W
IND,208,6415,59486,28/12/2023,09:19:11,15,1,23.2,1.0,30.5,30.4,2,1,1.00,CYCLE,W
IND,208,6415,59485,28/12/2023,09:21:30,15,0,20.3,1.0,347.4,347.2,2,1,1.00,CYCLE,E
IND,208,6415,59485,28/12/2023,09:21:30,15,0,20.3,1.0,0.0,0.0,2,1,1.00,CYCLE,E
IND,208,6415,59485,28/12/2023,09:25:24,15,0,23.3,1.0,233.3,233.1,2,1,1.00,CYCLE,E
IND,208,6415,59486,28/12/2023,09:26:24,15,1,25.4,1.0,432.6,432.4,2,1,1.00,CYCLE,W
IND,208,6415,59486,28/12/2023,09:26:42,15,1,21.4,1.0,18.4,18.3,2,1,1.00,CYCLE,W
IND,208,6415,59486,28/12/2023,09:28:59,15,1,30.3,1.1,136.7,136.5,2,1,1.00,CYCLE,W
IND,208,6415,59486,28/12/2023,09:29:30,15,1,29.7,1.0,30.8,30.7,2,1,1.00,CYCLE,W
IND,208,6415,59486,28/12/2023,09:30:41,15,1,28.3,1.0,71.2,71.1,2,1,1.00,CYCLE,W
IND,208,6415,59486,28/12/2023,09:31:33,15,1,24.7,1.2,52.5,52.3,2,1,1.00,CYCLE,W
IND,208,6415,59486,28/12/2023,09:33:36,15,1,31.0,1.0,122.7,122.5,2,1,1.00,CYCLE,W
IND,208,6415,59486,28/12/2023,09:34:08,15,1,10.8,1.1,32.4,32.3,2,1,1.00,CYCLE,W
IND,208,6415,59485,28/12/2023,09:37:09,15,0,23.6,1.1,277.9,277.9,2,1,1.00,CYCLE,E
IND,208,6415,59486,28/12/2023,09:37:29,15,1,23.2,1.0,161.3,158.9,2,1,1.00,CYCLE,W
IND,208,6415,59486,28/12/2023,09:37:34,15,1,25.2,1.1,5.8,5.7,2,1,1.00,CYCLE,W
IND,208,6415,59486,28/12/2023,09:37:37,15,1,24.0,1.0,2.6,2.5,2,1,1.00,CYCLE,W
IND,208,6415,59485,28/12/2023,09:37:49,15,0,18.9,1.1,40.0,39.9,2,1,1.00,CYCLE,E
IND,208,6415,59485,28/12/2023,09:37:50,15,0,18.1,1.1,1.6,1.4,2,1,1.00,CYCLE,E
IND,208,6415,59486,28/12/2023,09:38:33,15,1,21.7,1.2,55.6,55.4,2,1,1.00,CYCLE,W
IND,208,6415,59485,28/12/2023,09:40:03,15,0,23.4,1.2,132.8,132.6,2,1,1.00,CYCLE,E
IND,208,6415,59485,28/12/2023,09:40:14,15,0,20.9,1.0,10.4,10.2,2,1,1.00,CYCLE,E
IND,208,6415,59485,28/12/2023,09:41:36,15,0,23.3,1.1,82.9,82.7,2,1,1.00,CYCLE,E
IND,208,6415,59486,28/12/2023,09:41:49,15,1,24.0,1.0,196.7,196.5,2,1,1.00,CYCLE,W
IND,208,6415,59485,28/12/2023,09:42:53,15,0,25.9,1.0,77.1,76.9,2,1,1.00,CYCLE,E
IND,208,6415,59485,28/12/2023,09:45:49,15,0,21.1,1.0,175.9,175.7,2,1,1.00,CYCLE,E
IND,208,6415,59485,28/12/2023,09:46:24,15,0,10.5,1.0,34.1,34.0,2,1,1.00,CYCLE,E
IND,208,6415,59485,28/12/2023,09:46:24,15,0,10.5,1.0,0.0,0.0,2,1,1.00,CYCLE,E
IND,208,6415,59485,28/12/2023,09:48:02,15,0,24.7,1.0,82.0,81.2,2,1,1.00,CYCLE,E
IND,208,6415,59485,28/12/2023,09:49:36,15,0,22.8,1.0,94.6,94.4,2,1,1.00,CYCLE,E
IND,208,6415,59486,28/12/2023,09:51:22,15,1,26.3,1.0,459.4,459.3,2,1,1.00,CYCLE,W
IND,208,6415,59486,28/12/2023,09:51:23,15,1,27.4,1.0,1.4,1.3,2,1,1.00,CYCLE,W
IND,208,6415,59485,28/12/2023,09:53:06,15,0,21.7,1.0,210.2,210.0,2,1,1.00,CYCLE,E
IND,208,6415,59486,28/12/2023,09:53:45,15,1,19.0,1.0,141.3,141.2,2,1,1.00,CYCLE,W
IND,208,6415,59486,28/12/2023,09:54:15,15,1,25.5,1.1,30.1,29.9,2,1,1.00,CYCLE,W
IND,208,6415,59485,28/12/2023,09:55:48,15,0,27.0,1.0,162.0,161.9,2,1,1.00,CYCLE,E
IND,208,6415,59486,28/12/2023,09:56:50,15,1,29.6,1.0,51.9,51.3,2,1,1.00,CYCLE,W
IND,208,6415,59486,28/12/2023,09:58:12,15,1,24.8,1.1,82.3,82.2,2,1,1.00,CYCLE,W
IND,208,6415,59486,28/12/2023,10:01:04,15,1,18.1,1.0,171.4,171.2,2,1,1.00,CYCLE,W
IND,208,6415,59485,28/12/2023,10:04:36,15,0,19.8,1.0,527.3,527.2,2,1,1.00,CYCLE,E
IND,208,6415,59485,28/12/2023,10:04:56,15,0,24.7,1.0,20.5,20.3,2,1,1.00,CYCLE,E
IND,208,6415,59485,28/12/2023,10:05:38,15,0,16.0,1.0,42.1,42.0,2,1,1.00,CYCLE,E
IND,208,6415,59486,28/12/2023,10:09:05,15,1,22.1,1.0,481.4,481.1,2,1,1.00,CYCLE,W
IND,208,6415,59486,28/12/2023,10:09:07,15,1,22.1,1.0,2.2,2.1,2,1,1.00,CYCLE,W
IND,208,6415,59486,28/12/2023,10:09:10,15,1,21.9,1.0,2.6,2.4,2,1,1.00,CYCLE,W
IND,208,6415,59486,28/12/2023,10:09:42,15,1,16.5,1.1,31.7,31.5,2,1,1.00,CYCLE,W
IND,208,6415,59486,28/12/2023,10:09:42,15,1,25.9,1.0,0.5,0.2,2,1,1.00,CYCLE,W
IND,208,6415,59485,28/12/2023,10:11:55,15,0,16.1,1.0,75.0,74.3,2,1,1.00,CYCLE,E
IND,208,6415,59486,28/12/2023,10:14:21,15,1,23.8,1.1,279.5,279.4,2,1,1.00,CYCLE,W
IND,208,6415,59486,28/12/2023,10:16:06,15,1,25.7,1.0,104.3,104.2,2,1,1.00,CYCLE,W
IND,208,6415,59486,28/12/2023,10:16:16,15,1,16.5,1.0,10.1,10.0,2,1,1.00,CYCLE,W
IND,208,6415,59485,28/12/2023,10:16:30,15,0,14.7,1.2,275.0,274.8,2,1,1.00,CYCLE,E
IND,208,6415,59485,28/12/2023,10:16:31,15,0,16.5,1.2,0.5,0.2,2,1,1.00,CYCLE,E
IND,208,6415,59485,28/12/2023,10:17:20,15,0,19.1,1.2,49.3,49.0,2,1,1.00,CYCLE,E
IND,208,6415,59485,28/12/2023,10:18:50,15,0,17.3,1.1,89.9,89.7,2,1,1.00,CYCLE,E
IND,208,6415,59486,28/12/2023,10:19:41,15,1,20.4,1.0,205.0,204.8,2,1,1.00,CYCLE,W
IND,208,6415,59485,28/12/2023,10:20:27,15,0,4.2,0.4,97.1,96.9,2,1,0.80,CYCLE,E
IND,208,6415,59485,28/12/2023,10:22:15,15,0,18.6,1.1,108.3,108.2,2,1,1.00,CYCLE,E
IND,208,6415,59485,28/12/2023,10:22:58,15,0,14.2,1.1,42.9,42.7,2,1,1.00,CYCLE,E
IND,208,6415,59485,28/12/2023,10:24:11,15,0,19.6,1.1,72.1,71.9,2,1,1.00,CYCLE,E
IND,208,6415,59486,28/12/2023,10:24:14,15,1,22.4,1.0,89.2,88.7,2,1,1.00,CYCLE,W
IND,208,6415,59485,28/12/2023,10:26:52,15,0,17.1,1.0,161.7,161.5,2,1,1.00,CYCLE,E
IND,208,6415,59485,28/12/2023,10:26:53,15,0,16.3,1.1,0.5,0.3,2,1,1.00,CYCLE,E
IND,208,6415,59486,28/12/2023,10:27:58,15,1,18.3,1.1,224.4,224.3,2,1,1.00,CYCLE,W
IND,208,6415,59486,28/12/2023,10:28:00,15,1,17.3,1.1,1.9,1.7,2,1,1.00,CYCLE,W
IND,208,6415,59486,28/12/2023,10:28:45,15,1,23.1,1.0,44.9,44.6,2,1,1.00,CYCLE,W
IND,208,6415,59486,28/12/2023,10:30:25,15,1,21.1,1.0,100.1,100.0,2,1,1.00,CYCLE,W
IND,208,6415,59486,28/12/2023,10:33:15,15,1,2.1,0.2,170.3,170.7,2,1,1.00,CYCLE,W
IND,208,6415,59486,28/12/2023,10:35:25,15,1,26.8,1.1,129.5,128.4,2,1,1.00,CYCLE,W
IND,208,6415,59486,28/12/2023,10:35:26,15,1,25.8,1.0,1.9,1.7,2,1,1.00,CYCLE,W
IND,208,6415,59485,28/12/2023,10:35:52,15,0,22.8,1.0,538.8,538.5,2,1,1.00,CYCLE,E
IND,208,6415,59485,28/12/2023,10:35:52,15,0,23.3,1.0,0.6,0.5,2,1,1.00,CYCLE,E
IND,208,6415,59485,28/12/2023,10:36:13,15,0,16.8,1.0,20.9,20.8,2,1,1.00,CYCLE,E
IND,208,6415,59485,28/12/2023,10:40:41,15,0,17.8,1.0,268.2,268.0,2,1,1.00,CYCLE,E
IND,208,6415,59485,28/12/2023,10:40:41,15,0,17.8,1.0,0.0,0.0,2,1,1.00,CYCLE,E
IND,208,6415,59486,28/12/2023,10:42:48,15,1,18.1,1.1,441.6,441.5,2,1,1.00,CYCLE,W
IND,208,6415,59486,28/12/2023,10:42:49,15,1,18.1,1.0,1.0,0.8,2,1,1.00,CYCLE,W
IND,208,6415,59486,28/12/2023,10:42:51,15,1,17.0,1.0,2.1,1.9,2,1,1.00,CYCLE,W
IND,208,6415,59486,28/12/2023,10:42:52,15,1,17.4,1.0,0.7,0.4,2,1,1.00,CYCLE,W
IND,208,6415,59486,28/12/2023,10:43:18,15,1,15.0,0.9,25.8,25.6,2,1,1.00,CYCLE,W
IND,208,6415,59486,28/12/2023,10:43:19,15,1,16.0,1.0,1.0,0.7,2,1,1.00,CYCLE,W
IND,208,6415,59486,28/12/2023,10:43:21,15,1,14.6,1.0,2.8,2.6,2,1,1.00,CYCLE,W
IND,208,6415,59486,28/12/2023,10:44:14,15,1,2.1,1.0,52.6,52.9,2,1,0.50,CYCLE,W
IND,208,6415,59485,28/12/2023,10:44:14,15,0,2.1,1.0,0.0,0.0,2,1,0.50,CYCLE,E
IND,208,6415,59486,28/12/2023,10:44:24,15,1,22.0,1.0,10.1,8.9,2,1,1.00,CYCLE,W
IND,208,6415,59486,28/12/2023,10:44:25,15,1,23.0,1.1,1.2,1.0,2,1,1.00,CYCLE,W
IND,208,6415,59486,28/12/2023,10:44:26,15,1,23.3,1.1,0.6,0.4,2,1,1.00,CYCLE,W
IND,208,6415,59486,28/12/2023,10:44:42,15,1,20.2,1.1,16.0,15.8,2,1,1.00,CYCLE,W
IND,208,6415,59485,28/12/2023,10:46:14,15,0,31.4,1.1,332.4,332.1,2,1,1.00,CYCLE,E
IND,208,6415,59486,28/12/2023,10:47:33,15,1,27.9,1.0,171.5,171.3,2,1,1.00,CYCLE,W
IND,208,6415,59485,28/12/2023,10:50:03,15,0,23.0,1.1,229.8,229.6,2,1,1.00,CYCLE,E
IND,208,6415,59485,28/12/2023,10:50:50,15,0,25.7,1.2,46.7,46.5,2,1,1.00,CYCLE,E
IND,208,6415,59485,28/12/2023,10:51:24,15,0,23.8,1.0,34.3,34.5,2,1,0.80,CYCLE,E
IND,208,6415,59486,28/12/2023,10:52:44,15,1,30.1,1.1,311.1,310.9,2,1,1.00,CYCLE,W
IND,208,6415,59485,28/12/2023,10:52:52,15,0,23.0,1.0,87.5,86.9,2,1,1.00,CYCLE,E
IND,208,6415,59486,28/12/2023,10:53:31,15,1,27.9,1.0,47.0,46.8,2,1,1.00,CYCLE,W
IND,208,6415,59486,28/12/2023,10:53:50,15,1,28.4,1.1,18.1,18.0,2,1,1.00,CYCLE,W
IND,208,6415,59485,28/12/2023,10:55:47,15,0,19.5,1.0,175.3,175.1,2,1,1.00,CYCLE,E
IND,208,6415,59486,28/12/2023,10:56:21,15,1,21.5,1.0,64.2,64.2,2,1,1.00,CYCLE,W
IND,208,6415,59486,28/12/2023,10:57:02,15,1,24.9,1.1,41.3,41.2,2,1,1.00,CYCLE,W
IND,208,6415,59486,28/12/2023,10:57:11,15,1,30.7,1.1,9.0,8.8,2,1,1.00,CYCLE,W
IND,208,6415,59486,28/12/2023,10:57:16,15,1,26.6,1.1,4.9,4.7,2,1,1.00,CYCLE,W
IND,208,6415,59486,28/12/2023,10:58:56,15,1,26.8,1.0,100.4,100.2,2,1,1.00,CYCLE,W
IND,208,6415,59485,28/12/2023,10:59:47,15,0,19.8,1.1,239.9,239.7,2,1,1.00,CYCLE,E
IND,208,6415,59486,28/12/2023,11:00:20,15,1,27.1,1.0,28.4,28.1,2,1,1.00,CYCLE,W
IND,208,6415,59486,28/12/2023,11:04:00,15,1,18.4,1.0,219.8,220.1,2,1,0.89,CYCLE,W
IND,208,6415,59486,28/12/2023,11:04:00,15,1,18.4,1.0,0.0,0.0,2,1,0.89,CYCLE,W
IND,208,6415,59485,28/12/2023,11:04:48,15,0,29.8,1.1,111.0,110.9,2,1,1.00,CYCLE,E
IND,208,6415,59485,28/12/2023,11:05:03,15,0,21.4,1.1,15.7,15.6,2,1,1.00,CYCLE,E
IND,208,6415,59486,28/12/2023,11:08:10,15,1,22.5,1.0,250.5,249.4,2,1,1.00,CYCLE,W
IND,208,6415,59486,28/12/2023,11:08:11,15,1,23.4,1.0,0.5,0.3,2,1,1.00,CYCLE,W
IND,208,6415,59486,28/12/2023,11:09:04,15,1,24.4,1.0,53.6,53.5,2,1,1.00,CYCLE,W
IND,208,6415,59485,28/12/2023,11:09:34,15,0,21.3,1.0,270.4,270.3,2,1,0.40,CYCLE,E
IND,208,6415,59486,28/12/2023,11:11:12,15,1,27.2,1.1,127.6,127.5,2,1,1.00,CYCLE,W
IND,208,6415,59485,28/12/2023,11:12:32,15,0,14.4,1.1,35.4,35.0,2,1,1.00,CYCLE,E
IND,208,6415,59485,28/12/2023,11:12:33,15,0,14.3,1.1,1.2,0.9,2,1,1.00,CYCLE,E
IND,208,6415,59486,28/12/2023,11:17:03,15,1,26.9,1.2,351.1,351.0,2,1,1.00,CYCLE,W
IND,208,6415,59486,28/12/2023,11:20:20,15,1,19.1,1.0,197.1,196.9,2,1,1.00,CYCLE,W
IND,208,6415,59485,28/12/2023,11:25:10,15,0,29.2,1.0,16.0,15.6,2,1,1.00,CYCLE,E
IND,208,6415,59485,28/12/2023,11:25:37,15,0,18.0,1.1,27.5,27.4,2,1,1.00,CYCLE,E
IND,208,6415,59486,28/12/2023,11:26:16,15,1,21.4,1.1,355.7,355.5,2,1,1.00,CYCLE,W
IND,208,6415,59486,28/12/2023,11:26:18,15,1,22.2,1.0,2.5,2.3,2,1,1.00,CYCLE,W
IND,208,6415,59486,28/12/2023,11:29:35,15,1,23.9,0.9,196.5,196.3,2,1,1.00,CYCLE,W
IND,208,6415,59486,28/12/2023,11:31:54,15,1,24.1,1.0,139.1,138.9,2,1,1.00,CYCLE,W
IND,208,6415,59485,28/12/2023,11:34:14,15,0,27.7,1.0,516.6,516.4,2,1,1.00,CYCLE,E
IND,208,6415,59486,28/12/2023,11:34:34,15,1,29.0,1.0,160.6,160.5,2,1,1.00,CYCLE,W
IND,208,6415,59486,28/12/2023,11:38:12,15,1,22.9,1.0,217.8,217.7,2,1,1.00,CYCLE,W
IND,208,6415,59486,28/12/2023,11:40:16,15,1,17.8,1.0,123.3,123.2,2,1,1.00,CYCLE,W
IND,208,6415,59486,28/12/2023,11:40:21,15,1,24.9,1.0,5.4,5.2,2,1,1.00,CYCLE,W
IND,208,6415,59485,28/12/2023,11:42:02,15,0,20.5,1.0,57.9,57.9,2,1,1.00,CYCLE,E
IND,208,6415,59486,28/12/2023,11:43:24,15,1,27.2,1.0,183.2,183.1,2,1,1.00,CYCLE,W
IND,208,6415,59486,28/12/2023,11:44:32,15,1,29.6,0.9,68.1,68.0,2,1,1.00,CYCLE,W
IND,208,6415,59486,28/12/2023,11:45:15,15,1,22.1,1.0,42.5,42.4,2,1,1.00,CYCLE,W
IND,208,6415,59486,28/12/2023,11:45:54,15,1,22.5,1.1,38.9,38.7,2,1,1.00,CYCLE,W
IND,208,6415,59485,28/12/2023,11:46:35,15,0,13.6,1.0,218.3,217.6,2,1,1.00,CYCLE,E
IND,208,6415,59485,28/12/2023,11:46:35,15,0,13.6,1.0,0.0,0.0,2,1,1.00,CYCLE,E
IND,208,6415,59485,28/12/2023,11:49:16,15,0,22.0,1.2,160.3,160.0,2,1,1.00,CYCLE,E
IND,208,6415,59486,28/12/2023,11:49:25,15,1,25.0,1.0,211.4,211.2,2,1,1.00,CYCLE,W
IND,208,6415,59486,28/12/2023,11:49:50,15,1,26.7,1.0,24.6,24.5,2,1,1.00,CYCLE,W
IND,208,6415,59485,28/12/2023,11:50:10,15,0,14.9,1.1,54.3,54.1,2,1,1.00,CYCLE,E
IND,208,6415,59485,28/12/2023,11:50:11,15,0,14.6,1.2,1.0,0.8,2,1,1.00,CYCLE,E
IND,208,6415,59485,28/12/2023,11:50:12,15,0,18.9,1.1,0.8,0.6,2,1,1.00,CYCLE,E
IND,208,6415,59486,28/12/2023,11:50:19,15,1,24.3,1.0,29.2,29.1,2,1,1.00,CYCLE,W
IND,208,6415,59485,28/12/2023,11:50:47,15,0,19.5,1.1,35.3,35.1,2,1,1.00,CYCLE,E
IND,208,6415,59485,28/12/2023,11:52:04,15,0,22.9,1.2,76.4,76.2,2,1,1.00,CYCLE,E
IND,208,6415,59486,28/12/2023,11:53:14,15,1,27.4,1.1,175.6,175.4,2,1,1.00,CYCLE,W
IND,208,6415,59485,28/12/2023,11:57:29,15,0,21.9,1.0,270.8,269.9,2,1,1.00,CYCLE,E
IND,208,6415,59486,28/12/2023,11:59:40,15,1,27.8,1.1,385.5,385.4,2,1,1.00,CYCLE,W
IND,208,6415,59486,28/12/2023,12:01:46,15,1,12.2,0.9,126.4,126.3,2,1,1.00,CYCLE,W
IND,208,6415,59486,28/12/2023,12:01:48,15,1,13.3,0.9,1.9,1.6,2,1,1.00,CYCLE,W
IND,208,6415,59485,28/12/2023,12:03:00,15,0,26.7,1.2,331.1,331.0,2,1,1.00,CYCLE,E
IND,208,6415,59485,28/12/2023,12:04:59,15,0,25.4,1.1,118.5,118.4,2,1,1.00,CYCLE,E
IND,208,6415,59486,28/12/2023,12:05:00,15,1,6.6,1.1,191.4,191.3,2,1,1.00,CYCLE,W
IND,208,6415,59485,28/12/2023,12:05:26,15,0,16.3,1.1,26.9,26.7,2,1,1.00,CYCLE,E
IND,208,6415,59486,28/12/2023,12:06:39,15,1,18.8,1.1,99.0,98.3,2,1,1.00,CYCLE,W
IND,208,6415,59485,28/12/2023,12:07:55,15,0,38.7,1.1,148.7,148.5,2,1,1.00,CYCLE,E
IND,208,6415,59485,28/12/2023,12:08:22,15,0,26.1,1.2,27.2,27.1,2,1,1.00,CYCLE,E
IND,208,6415,59486,28/12/2023,12:13:56,15,1,28.5,1.1,437.9,437.7,2,1,1.00,CYCLE,W
IND,208,6415,59486,28/12/2023,12:14:09,15,1,23.1,1.0,12.6,12.5,2,1,1.00,CYCLE,W
IND,208,6415,59485,28/12/2023,12:16:11,15,0,21.0,1.0,468.9,468.7,2,1,1.00,CYCLE,E
IND,208,6415,59485,28/12/2023,12:16:13,15,0,19.3,1.1,2.4,2.3,2,1,1.00,CYCLE,E
IND,208,6415,59485,28/12/2023,12:17:32,15,0,13.6,1.1,79.2,79.0,2,1,1.00,CYCLE,E
IND,208,6415,59486,28/12/2023,12:21:58,15,1,28.9,0.9,469.0,468.8,2,1,1.00,CYCLE,W
IND,208,6415,59485,28/12/2023,12:22:47,15,0,17.6,1.0,314.4,314.1,2,1,1.00,CYCLE,E
IND,208,6415,59485,28/12/2023,12:22:53,15,0,12.0,1.0,6.7,6.5,2,1,0.73,CYCLE,E
IND,208,6415,59485,28/12/2023,12:22:53,15,0,12.0,1.0,0.0,0.0,2,1,0.73,CYCLE,E
IND,208,6415,59485,28/12/2023,12:22:56,15,0,13.9,1.1,2.8,1.8,2,1,1.00,CYCLE,E
IND,208,6415,59485,28/12/2023,12:23:05,15,0,15.5,1.0,8.9,8.6,2,1,1.00,CYCLE,E
IND,208,6415,59485,28/12/2023,12:23:06,15,0,15.9,1.1,0.7,0.5,2,1,1.00,CYCLE,E
IND,208,6415,59486,28/12/2023,12:24:47,15,1,27.2,1.0,169.4,169.3,2,1,1.00,CYCLE,W
IND,208,6415,59485,28/12/2023,12:25:37,15,0,23.1,1.1,109.8,109.8,2,1,1.00,CYCLE,E
IND,208,6415,59486,28/12/2023,12:25:49,15,1,24.2,1.1,61.5,61.4,2,1,1.00,CYCLE,W
IND,208,6415,59486,28/12/2023,12:25:50,15,1,24.4,1.1,1.3,1.1,2,1,1.00,CYCLE,W
IND,208,6415,59485,28/12/2023,12:26:07,15,0,12.1,1.0,30.7,30.5,2,1,1.00,CYCLE,E
IND,208,6415,59485,28/12/2023,12:26:10,15,0,11.6,1.0,2.7,2.4,2,1,1.00,CYCLE,E
IND,208,6415,59485,28/12/2023,12:26:35,15,0,12.5,1.0,24.4,24.1,2,1,1.00,CYCLE,E
IND,208,6415,59485,28/12/2023,12:26:35,15,0,12.5,1.0,0.0,0.0,2,1,1.00,CYCLE,E
IND,208,6415,59486,28/12/2023,12:26:58,15,1,27.6,1.1,67.6,67.4,2,1,1.00,CYCLE,W
IND,208,6415,59485,28/12/2023,12:27:17,15,0,24.3,1.1,42.3,41.9,2,1,1.00,CYCLE,E
IND,208,6415,59485,28/12/2023,12:27:29,15,0,24.3,1.2,12.2,12.1,2,1,1.00,CYCLE,E
IND,208,6415,59486,28/12/2023,12:28:35,15,1,26.7,1.0,97.1,97.0,2,1,1.00,CYCLE,W
IND,208,6415,59486,28/12/2023,12:32:10,15,1,22.4,1.2,215.3,215.2,2,1,1.00,CYCLE,W
IND,208,6415,59486,28/12/2023,12:32:13,15,1,22.4,1.1,2.2,2.0,2,1,1.00,CYCLE,W
IND,208,6415,59486,28/12/2023,12:39:42,15,1,23.2,1.1,449.7,449.5,2,1,1.00,CYCLE,W
IND,208,6415,59486,28/12/2023,12:41:32,15,1,21.1,1.1,109.4,109.3,2,1,1.00,CYCLE,W
IND,208,6415,59486,28/12/2023,12:42:53,15,1,22.3,1.1,80.9,80.7,2,1,1.00,CYCLE,W
IND,208,6415,59486,28/12/2023,12:42:59,15,1,23.7,1.1,6.3,6.1,2,1,1.00,CYCLE,W
IND,208,6415,59485,28/12/2023,12:48:19,15,0,3.9,1.0,1249.6,1249.8,2,1,0.29,CYCLE,E
IND,208,6415,59485,28/12/2023,12:49:18,15,0,20.9,1.1,59.5,57.4,2,1,1.00,CYCLE,E
IND,208,6415,59486,28/12/2023,12:49:22,15,1,28.9,1.0,1.9,1.7,2,1,1.00,CYCLE,W
IND,208,6415,59485,28/12/2023,12:50:35,15,0,25.6,1.0,76.9,76.7,2,1,1.00,CYCLE,E
IND,208,6415,59485,28/12/2023,12:51:48,15,0,14.8,1.0,73.1,72.9,2,1,1.00,CYCLE,E
IND,208,6415,59485,28/12/2023,12:51:48,15,0,14.8,1.0,0.0,0.0,2,1,1.00,CYCLE,E
IND,208,6415,59486,28/12/2023,12:54:05,15,1,20.0,1.0,204.4,204.0,2,1,1.00,CYCLE,W
IND,208,6415,59485,28/12/2023,12:55:05,15,0,11.2,1.1,196.6,196.3,2,1,1.00,CYCLE,E
IND,208,6415,59486,28/12/2023,12:55:35,15,1,24.9,1.1,90.0,89.8,2,1,1.00,CYCLE,W
IND,208,6415,59486,28/12/2023,12:56:27,15,1,26.3,1.0,51.7,51.5,2,1,1.00,CYCLE,W
IND,208,6415,59485,28/12/2023,12:56:35,15,0,21.7,1.1,89.8,89.4,2,1,1.00,CYCLE,E
IND,208,6415,59485,28/12/2023,12:57:04,15,0,29.9,1.1,29.5,29.3,2,1,1.00,CYCLE,E
IND,208,6415,59486,28/12/2023,12:57:11,15,1,23.7,1.0,44.4,44.2,2,1,1.00,CYCLE,W
IND,208,6415,59486,28/12/2023,12:57:12,15,1,23.8,1.0,0.9,0.8,2,1,1.00,CYCLE,W
IND,208,6415,59485,28/12/2023,13:00:27,15,0,22.5,1.1,189.0,189.0,2,1,1.00,CYCLE,E
IND,208,6415,59486,28/12/2023,13:03:15,15,1,19.7,1.0,363.1,363.0,2,1,1.00,CYCLE,W
IND,208,6415,59485,28/12/2023,13:07:37,15,0,25.8,1.1,44.8,44.4,2,1,1.00,CYCLE,E
IND,208,6415,59485,28/12/2023,13:07:38,15,0,14.8,1.1,0.9,0.8,2,1,1.00,CYCLE,E
IND,208,6415,59485,28/12/2023,13:07:39,15,0,13.3,1.0,0.9,0.6,2,1,1.00,CYCLE,E
IND,208,6415,59485,28/12/2023,13:10:23,15,0,15.2,1.0,159.8,159.6,2,1,0.18,CYCLE,E
IND,208,6415,59485,28/12/2023,13:10:57,15,0,24.1,1.0,34.3,33.1,2,1,1.00,CYCLE,E
IND,208,6415,59485,28/12/2023,13:10:57,15,0,22.7,1.0,0.2,0.1,2,1,1.00,CYCLE,E
IND,208,6415,59486,28/12/2023,13:12:24,15,1,21.1,1.1,197.9,197.7,2,1,1.00,CYCLE,W
IND,208,6415,59486,28/12/2023,13:12:24,15,1,20.8,1.1,0.8,0.6,2,1,1.00,CYCLE,W
IND,208,6415,59485,28/12/2023,13:12:34,15,0,49.2,1.0,96.8,96.7,2,1,1.00,CYCLE,E
IND,208,6415,59486,28/12/2023,13:12:48,15,1,22.4,1.0,23.3,23.1,2,1,1.00,CYCLE,W
IND,208,6415,59486,28/12/2023,13:13:57,15,1,20.1,1.1,68.9,68.7,2,1,1.00,CYCLE,W
IND,208,6415,59486,28/12/2023,13:13:57,15,1,18.9,0.9,0.6,0.5,2,1,1.00,CYCLE,W
IND,208,6415,59486,28/12/2023,13:14:14,15,1,18.1,1.0,16.3,16.1,2,1,1.00,CYCLE,W
IND,208,6415,59486,28/12/2023,13:14:54,15,1,29.1,1.1,40.6,40.4,2,1,1.00,CYCLE,W
IND,208,6415,59485,28/12/2023,13:16:10,15,0,25.0,1.0,215.7,215.6,2,1,1.00,CYCLE,E
IND,208,6415,59486,28/12/2023,13:16:22,15,1,22.6,1.1,87.8,87.7,2,1,1.00,CYCLE,W
IND,208,6415,59486,28/12/2023,13:17:26,15,1,34.1,1.1,64.0,63.8,2,1,1.00,CYCLE,W
IND,208,6415,59486,28/12/2023,13:18:59,15,1,23.8,1.0,92.6,92.5,2,1,1.00,CYCLE,W
IND,208,6415,59485,28/12/2023,13:19:46,15,0,31.9,1.1,216.5,216.3,2,1,1.00,CYCLE,E
IND,208,6415,59485,28/12/2023,13:19:53,15,0,24.1,1.0,6.7,6.6,2,1,1.00,CYCLE,E
IND,208,6415,59486,28/12/2023,13:20:06,15,1,24.5,1.0,67.7,67.5,2,1,1.00,CYCLE,W
IND,208,6415,59485,28/12/2023,13:20:14,15,0,14.9,1.0,21.0,20.8,2,1,1.00,CYCLE,E
IND,208,6415,59485,28/12/2023,13:20:42,15,0,18.0,1.0,27.9,27.7,2,1,1.00,CYCLE,E
IND,208,6415,59485,28/12/2023,13:21:23,15,0,16.5,1.1,41.1,40.9,2,1,1.00,CYCLE,E
IND,208,6415,59485,28/12/2023,13:21:28,15,0,14.3,1.1,4.8,4.6,2,1,1.00,CYCLE,E
IND,208,6415,59485,28/12/2023,13:21:42,15,0,15.0,1.1,14.1,13.8,2,1,1.00,CYCLE,E
IND,208,6415,59486,28/12/2023,13:23:01,15,1,32.9,1.1,174.3,174.1,2,1,1.00,CYCLE,W
IND,208,6415,59486,28/12/2023,13:23:36,15,1,23.4,1.0,35.3,35.2,2,1,1.00,CYCLE,W
IND,208,6415,59486,28/12/2023,13:24:42,15,1,2.7,0.0,66.4,66.7,2,1,0.80,CYCLE,W
IND,208,6415,59486,28/12/2023,13:24:47,15,1,7.1,0.7,4.3,4.2,2,1,1.00,CYCLE,W
IND,208,6415,59485,28/12/2023,13:24:57,15,0,19.2,1.0,194.8,194.5,2,1,1.00,CYCLE,E
IND,208,6415,59485,28/12/2023,13:24:59,15,0,19.3,1.1,2.9,2.7,2,1,1.00,CYCLE,E
IND,208,6415,59486,28/12/2023,13:27:53,15,1,26.1,1.0,186.5,186.0,2,1,1.00,CYCLE,W
IND,208,6415,59486,28/12/2023,13:29:01,15,1,2.2,0.3,67.6,68.1,2,1,0.80,CYCLE,W
IND,208,6415,59485,28/12/2023,13:29:59,15,0,14.2,1.2,300.0,299.8,2,1,1.00,CYCLE,E
IND,208,6415,59485,28/12/2023,13:30:01,15,0,14.0,1.1,1.9,1.7,2,1,1.00,CYCLE,E
IND,208,6415,59486,28/12/2023,13:33:25,15,1,28.1,1.1,264.0,263.0,2,1,1.00,CYCLE,W
IND,208,6415,59486,28/12/2023,13:38:38,15,1,20.9,1.0,312.9,312.8,2,1,1.00,CYCLE,W
IND,208,6415,59486,28/12/2023,13:39:04,15,1,23.5,1.0,25.8,25.6,2,1,1.00,CYCLE,W
IND,208,6415,59486,28/12/2023,13:39:04,15,1,24.2,1.0,0.3,0.1,2,1,1.00,CYCLE,W
IND,208,6415,59486,28/12/2023,13:41:13,15,1,22.6,1.2,129.0,128.9,2,1,1.00,CYCLE,W
IND,208,6415,59486,28/12/2023,13:41:28,15,1,8.5,1.0,15.4,15.3,2,1,0.40,CYCLE,W
IND,208,6415,59486,28/12/2023,13:41:45,15,1,9.1,1.0,16.5,15.4,2,1,0.62,CYCLE,W
IND,208,6415,59486,28/12/2023,13:43:24,15,1,26.0,1.0,99.2,98.1,2,1,1.00,CYCLE,W
IND,208,6415,59486,28/12/2023,13:44:55,15,1,25.0,1.0,90.8,90.6,2,1,1.00,CYCLE,W
IND,208,6415,59485,28/12/2023,13:45:54,15,0,3.2,0.0,926.8,926.2,2,1,0.80,CYCLE,E
IND,208,6415,59486,28/12/2023,13:46:05,15,1,30.6,1.0,70.2,70.1,2,1,1.00,CYCLE,W
IND,208,6415,59486,28/12/2023,13:46:39,15,1,9.1,1.0,33.6,33.6,2,1,1.00,CYCLE,W
IND,208,6415,59486,28/12/2023,13:46:45,15,1,22.6,1.0,6.4,5.9,2,1,1.00,CYCLE,W
IND,208,6415,59486,28/12/2023,13:48:51,15,1,3.0,1.0,126.0,125.8,2,1,0.67,CYCLE,W
IND,208,6415,59486,28/12/2023,13:50:16,15,1,25.9,1.0,84.9,84.0,2,1,1.00,CYCLE,W
IND,208,6415,59485,28/12/2023,13:50:59,15,0,17.5,0.9,304.5,304.5,2,1,1.00,CYCLE,E
IND,208,6415,59485,28/12/2023,13:50:59,15,0,11.1,1.0,0.3,0.1,2,1,1.00,CYCLE,E
IND,208,6415,59485,28/12/2023,13:51:09,15,0,24.2,1.0,10.4,9.5,2,1,1.00,CYCLE,E
IND,208,6415,59485,28/12/2023,13:51:14,15,0,21.9,1.0,4.5,4.4,2,1,1.00,CYCLE,E
IND,208,6415,59485,28/12/2023,13:51:20,15,0,19.3,1.0,6.1,6.0,2,1,1.00,CYCLE,E
IND,208,6415,59485,28/12/2023,13:51:49,15,0,16.2,1.1,28.9,28.7,2,1,1.00,CYCLE,E
IND,208,6415,59485,28/12/2023,13:51:52,15,0,16.6,1.2,2.7,2.4,2,1,1.00,CYCLE,E
IND,208,6415,59486,28/12/2023,13:52:06,15,1,28.9,1.1,110.1,109.9,2,1,1.00,CYCLE,W
IND,208,6415,59485,28/12/2023,13:52:40,15,0,21.2,1.0,48.6,48.4,2,1,1.00,CYCLE,E
IND,208,6415,59486,28/12/2023,13:52:42,15,1,27.1,1.0,35.7,35.6,2,1,1.00,CYCLE,W
IND,208,6415,59485,28/12/2023,13:52:43,15,0,20.9,1.0,3.2,3.0,2,1,1.00,CYCLE,E
IND,208,6415,59485,28/12/2023,13:56:23,15,0,34.5,1.1,219.4,219.2,2,1,1.00,CYCLE,E
IND,208,6415,59486,28/12/2023,13:57:30,15,1,2.8,0.4,288.4,288.7,2,1,0.80,CYCLE,W
IND,208,6415,59485,28/12/2023,13:58:04,15,0,19.0,1.1,101.8,101.6,2,1,1.00,CYCLE,E
IND,208,6415,59485,28/12/2023,14:00:08,15,0,22.6,1.0,123.0,122.8,2,1,1.00,CYCLE,E
IND,208,6415,59485,28/12/2023,14:03:03,15,0,22.9,1.0,164.5,164.0,2,1,1.00,CYCLE,E
IND,208,6415,59485,28/12/2023,14:03:03,15,0,22.3,0.9,0.3,0.2,2,1,1.00,CYCLE,E
IND,208,6415,59485,28/12/2023,14:03:04,15,0,22.9,1.1,0.3,0.2,2,1,1.00,CYCLE,E
IND,208,6415,59485,28/12/2023,14:03:11,15,0,18.8,1.0,7.0,6.8,2,1,1.00,CYCLE,E
IND,208,6415,59486,28/12/2023,14:03:36,15,1,37.7,1.2,366.4,365.6,2,1,1.00,CYCLE,W
IND,208,6415,59486,28/12/2023,14:03:56,15,1,35.6,1.1,19.1,19.0,2,1,1.00,CYCLE,W
IND,208,6415,59486,28/12/2023,14:05:05,15,1,32.9,1.1,68.9,68.8,2,1,1.00,CYCLE,W
IND,208,6415,59486,28/12/2023,14:05:09,15,1,23.5,1.0,4.1,4.0,2,1,1.00,CYCLE,W
IND,208,6415,59486,28/12/2023,14:06:32,15,1,24.5,1.0,83.9,83.7,2,1,1.00,CYCLE,W
IND,208,6415,59486,28/12/2023,14:06:35,15,1,25.6,1.1,2.6,2.4,2,1,1.00,CYCLE,W
IND,208,6415,59486,28/12/2023,14:07:14,15,1,28.5,1.0,39.1,38.9,2,1,1.00,CYCLE,W
IND,208,6415,59485,28/12/2023,14:07:50,15,0,28.1,1.0,279.5,279.3,2,1,1.00,CYCLE,E
IND,208,6415,59485,28/12/2023,14:07:51,15,0,28.8,1.0,0.4,0.3,2,1,1.00,CYCLE,E
IND,208,6415,59485,28/12/2023,14:08:10,15,0,20.9,0.9,19.1,19.0,2,1,1.00,CYCLE,E
IND,208,6415,59485,28/12/2023,14:08:11,15,0,20.4,0.9,1.3,1.1,2,1,1.00,CYCLE,E
IND,208,6415,59485,28/12/2023,14:08:12,15,0,20.3,0.9,0.8,0.6,2,1,1.00,CYCLE,E
IND,208,6415,59486,28/12/2023,14:09:09,15,1,22.3,1.0,114.8,114.7,2,1,1.00,CYCLE,W
IND,208,6415,59485,28/12/2023,14:10:04,15,0,20.7,1.0,112.5,112.4,2,1,1.00,CYCLE,E
IND,208,6415,59486,28/12/2023,14:11:47,15,1,22.4,0.9,158.0,157.8,2,1,1.00,CYCLE,W
IND,208,6415,59485,28/12/2023,14:12:59,15,0,19.9,1.0,174.8,174.7,2,1,1.00,CYCLE,E
IND,208,6415,59486,28/12/2023,14:13:27,15,1,25.4,1.0,46.0,45.7,2,1,1.00,CYCLE,W
IND,208,6415,59485,28/12/2023,14:13:41,15,0,24.4,1.1,42.1,42.0,2,1,1.00,CYCLE,E
IND,208,6415,59485,28/12/2023,14:14:03,15,0,22.6,1.0,22.1,22.0,2,1,1.00,CYCLE,E
IND,208,6415,59486,28/12/2023,14:15:39,15,1,26.9,1.1,132.0,131.9,2,1,1.00,CYCLE,W
IND,208,6415,59486,28/12/2023,14:17:20,15,1,29.1,1.0,18.6,18.5,2,1,1.00,CYCLE,W
IND,208,6415,59485,28/12/2023,14:18:24,15,0,18.8,1.1,206.0,205.7,2,1,1.00,CYCLE,E
IND,208,6415,59485,28/12/2023,14:18:58,15,0,12.2,1.1,33.6,33.4,2,1,1.00,CYCLE,E
IND,208,6415,59485,28/12/2023,14:18:59,15,0,12.2,0.9,1.4,1.0,2,1,1.00,CYCLE,E
IND,208,6415,59486,28/12/2023,14:19:00,15,1,19.1,1.1,64.3,63.7,2,1,1.00,CYCLE,W
IND,208,6415,59485,28/12/2023,14:19:05,15,0,21.8,1.1,6.1,5.9,2,1,1.00,CYCLE,E
IND,208,6415,59485,28/12/2023,14:19:35,15,0,12.3,0.9,29.7,29.6,2,1,1.00,CYCLE,E
IND,208,6415,59485,28/12/2023,14:23:39,15,0,27.6,1.0,244.2,243.9,2,1,1.00,CYCLE,E
IND,208,6415,59485,28/12/2023,14:28:18,15,0,23.8,1.0,279.0,278.9,2,1,1.00,CYCLE,E
IND,208,6415,59485,28/12/2023,14:28:18,15,0,23.8,1.0,0.0,0.0,2,1,1.00,CYCLE,E
IND,208,6415,59486,28/12/2023,14:28:56,15,1,3.1,0.4,329.3,329.9,2,1,1.00,CYCLE,W
IND,208,6415,59486,28/12/2023,14:31:05,15,1,33.4,1.0,129.0,128.0,2,1,1.00,CYCLE,W
IND,208,6415,59485,28/12/2023,14:32:01,15,0,19.2,1.0,223.1,222.8,2,1,1.00,CYCLE,E
IND,208,6415,59486,28/12/2023,14:33:47,15,1,21.0,1.1,161.4,161.3,2,1,1.00,CYCLE,W
IND,208,6415,59486,28/12/2023,14:33:48,15,1,19.1,1.1,1.2,1.0,2,1,1.00,CYCLE,W
IND,208,6415,59486,28/12/2023,14:34:29,15,1,19.1,1.0,41.3,41.1,2,1,1.00,CYCLE,W
IND,208,6415,59486,28/12/2023,14:34:29,15,1,19.1,1.0,0.0,0.0,2,1,1.00,CYCLE,W
IND,208,6415,59486,28/12/2023,14:34:35,15,1,18.1,1.0,6.1,5.6,2,1,1.00,CYCLE,W
IND,208,6415,59485,28/12/2023,14:34:44,15,0,24.6,1.1,162.9,162.7,2,1,1.00,CYCLE,E
IND,208,6415,59485,28/12/2023,14:37:09,15,0,16.1,1.1,16.5,16.3,2,1,1.00,CYCLE,E
IND,208,6415,59485,28/12/2023,14:37:11,15,0,15.5,1.0,1.1,0.9,2,1,1.00,CYCLE,E
IND,208,6415,59485,28/12/2023,14:37:14,15,0,15.5,1.0,3.7,3.4,2,1,1.00,CYCLE,E
IND,208,6415,59485,28/12/2023,14:37:14,15,0,15.5,1.0,0.0,0.0,2,1,1.00,CYCLE,E
IND,208,6415,59486,28/12/2023,14:39:02,15,1,28.4,0.9,109.4,109.3,2,1,1.00,CYCLE,W
IND,208,6415,59486,28/12/2023,14:39:04,15,1,23.5,1.0,2.1,2.0,2,1,1.00,CYCLE,W
IND,208,6415,59486,28/12/2023,14:39:06,15,1,26.3,1.0,1.8,1.6,2,1,1.00,CYCLE,W
IND,208,6415,59486,28/12/2023,14:39:08,15,1,25.3,1.0,2.3,2.2,2,1,1.00,CYCLE,W
IND,208,6415,59486,28/12/2023,14:41:16,15,1,29.7,1.0,127.9,127.8,2,1,1.00,CYCLE,W
IND,208,6415,59486,28/12/2023,14:41:17,15,1,29.3,1.0,0.7,0.6,2,1,1.00,CYCLE,W
IND,208,6415,59486,28/12/2023,14:42:09,15,1,21.5,0.5,52.7,52.6,2,1,1.00,CYCLE,W
IND,208,6415,59485,28/12/2023,14:42:54,15,0,21.8,1.0,79.5,79.5,2,1,1.00,CYCLE,E
IND,208,6415,59486,28/12/2023,14:43:07,15,1,25.7,1.1,57.3,57.2,2,1,1.00,CYCLE,W
IND,208,6415,59486,28/12/2023,14:43:08,15,1,25.6,1.1,1.0,0.8,2,1,1.00,CYCLE,W
IND,208,6415,59486,28/12/2023,14:43:18,15,1,25.6,1.1,10.8,10.6,2,1,1.00,CYCLE,W
IND,208,6415,59485,28/12/2023,14:43:19,15,0,14.0,1.1,25.5,25.4,2,1,1.00,CYCLE,E
IND,208,6415,59486,28/12/2023,14:43:29,15,1,18.9,1.1,11.0,10.8,2,1,1.00,CYCLE,W
IND,208,6415,59486,28/12/2023,14:43:31,15,1,19.3,1.1,1.5,1.3,2,1,1.00,CYCLE,W
IND,208,6415,59486,28/12/2023,14:45:57,15,1,2.7,0.4,79.8,79.5,2,1,1.00,CYCLE,W
IND,208,6415,59485,28/12/2023,14:46:15,15,0,3.4,0.0,175.9,175.6,2,1,1.00,CYCLE,E
IND,208,6415,59485,28/12/2023,14:46:45,15,0,18.9,1.1,30.4,30.4,2,1,1.00,CYCLE,E
IND,208,6415,59486,28/12/2023,14:46:46,15,1,22.5,1.0,49.4,48.9,2,1,1.00,CYCLE,W
IND,208,6415,59486,28/12/2023,14:46:51,15,1,24.0,1.0,4.3,4.1,2,1,1.00,CYCLE,W
IND,208,6415,59485,28/12/2023,14:47:40,15,0,21.1,1.0,54.2,54.0,2,1,1.00,CYCLE,E
IND,208,6415,59485,28/12/2023,14:47:44,15,0,20.9,1.0,4.6,4.5,2,1,1.00,CYCLE,E
IND,208,6415,59485,28/12/2023,14:50:35,15,0,2.9,0.4,170.9,170.7,2,1,0.80,CYCLE,E
IND,208,6415,59485,28/12/2023,14:50:53,15,0,18.6,1.0,18.0,17.4,2,1,1.00,CYCLE,E
IND,208,6415,59486,28/12/2023,14:52:14,15,1,25.5,1.0,323.1,322.9,2,1,1.00,CYCLE,W
IND,208,6415,59486,28/12/2023,14:53:50,15,1,28.8,1.1,96.3,96.2,2,1,1.00,CYCLE,W
IND,208,6415,59485,28/12/2023,14:55:11,15,0,22.2,1.0,257.6,257.4,2,1,1.00,CYCLE,E
IND,208,6415,59485,28/12/2023,14:55:11,15,0,22.2,1.0,0.0,0.0,2,1,1.00,CYCLE,E
IND,208,6415,59485,28/12/2023,14:55:12,15,0,26.4,1.0,1.2,1.0,2,1,1.00,CYCLE,E
IND,208,6415,59486,28/12/2023,14:56:08,15,1,30.1,1.0,3.9,3.7,2,1,1.00,CYCLE,W
IND,208,6415,59486,28/12/2023,14:58:38,15,1,23.0,1.0,150.5,150.4,2,1,1.00,CYCLE,W
IND,208,6415,59486,28/12/2023,14:58:39,15,1,23.9,1.0,0.3,0.2,2,1,1.00,CYCLE,W
IND,208,6415,59486,28/12/2023,14:58:40,15,1,22.8,1.0,1.1,1.0,2,1,1.00,CYCLE,W
IND,208,6415,59486,28/12/2023,14:58:40,15,1,22.9,1.1,0.6,0.4,2,1,1.00,CYCLE,W
IND,208,6415,59486,28/12/2023,14:59:29,15,1,27.2,1.1,48.4,48.3,2,1,1.00,CYCLE,W
IND,208,6415,59486,28/12/2023,14:59:44,15,1,28.8,0.9,15.5,15.3,2,1,1.00,CYCLE,W
IND,208,6415,59486,28/12/2023,14:59:44,15,1,30.5,1.0,0.2,0.1,2,1,1.00,CYCLE,W
IND,208,6415,59486,28/12/2023,15:01:42,15,1,31.4,1.0,117.6,117.5,2,1,1.00,CYCLE,W
IND,208,6415,59485,28/12/2023,15:01:57,15,0,24.7,0.8,405.5,405.3,2,1,1.00,CYCLE,E
IND,208,6415,59486,28/12/2023,15:03:35,15,1,18.7,1.1,112.7,112.6,2,1,1.00,CYCLE,W
IND,208,6415,59486,28/12/2023,15:03:38,15,1,25.8,0.9,3.6,3.3,2,1,1.00,CYCLE,W
IND,208,6415,59485,28/12/2023,15:06:31,15,0,22.4,1.0,273.4,273.3,2,1,1.00,CYCLE,E
IND,208,6415,59485,28/12/2023,15:06:31,15,0,22.2,0.9,0.3,0.2,2,1,1.00,CYCLE,E
IND,208,6415,59485,28/12/2023,15:07:42,15,0,27.0,1.0,71.1,70.9,2,1,1.00,CYCLE,E
IND,208,6415,59485,28/12/2023,15:08:23,15,0,15.1,1.0,40.3,40.1,2,1,1.00,CYCLE,E
IND,208,6415,59485,28/12/2023,15:08:51,15,0,18.2,1.1,28.5,28.3,2,1,1.00,CYCLE,E
IND,208,6415,59485,28/12/2023,15:09:53,15,0,26.3,1.0,62.2,62.0,2,1,1.00,CYCLE,E
IND,208,6415,59486,28/12/2023,15:11:29,15,1,26.4,1.1,470.8,470.7,2,1,1.00,CYCLE,W
IND,208,6415,59485,28/12/2023,15:11:44,15,0,20.0,1.1,110.9,110.8,2,1,1.00,CYCLE,E
IND,208,6415,59486,28/12/2023,15:12:58,15,1,20.1,1.0,88.8,88.7,2,1,1.00,CYCLE,W
IND,208,6415,59486,28/12/2023,15:12:59,15,1,22.0,1.0,1.2,1.0,2,1,1.00,CYCLE,W
IND,208,6415,59485,28/12/2023,15:14:12,15,0,23.5,1.0,148.0,147.8,2,1,1.00,CYCLE,E
IND,208,6415,59485,28/12/2023,15:18:42,15,0,20.1,1.0,269.7,269.5,2,1,1.00,CYCLE,E
IND,208,6415,59485,28/12/2023,15:19:56,15,0,9.7,1.0,73.9,73.7,2,1,1.00,CYCLE,E
IND,208,6415,59485,28/12/2023,15:19:57,15,0,9.9,1.0,1.1,0.7,2,1,1.00,CYCLE,E
IND,208,6415,59486,28/12/2023,15:20:32,15,1,30.1,1.1,452.6,452.4,2,1,1.00,CYCLE,W
IND,208,6415,59485,28/12/2023,15:20:44,15,0,20.7,1.1,47.2,46.8,2,1,1.00,CYCLE,E
IND,208,6415,59486,28/12/2023,15:20:54,15,1,28.9,1.1,21.9,21.8,2,1,1.00,CYCLE,W
IND,208,6415,59485,28/12/2023,15:22:39,15,0,21.3,1.0,115.5,115.3,2,1,1.00,CYCLE,E
IND,208,6415,59485,28/12/2023,15:23:30,15,0,17.7,1.0,50.1,50.0,2,1,1.00,CYCLE,E
IND,208,6415,59485,28/12/2023,15:23:30,15,0,17.7,1.0,0.0,0.0,2,1,1.00,CYCLE,E
IND,208,6415,59486,28/12/2023,15:25:01,15,1,23.6,1.1,182.9,182.9,2,1,1.00,CYCLE,W
IND,208,6415,59486,28/12/2023,15:25:09,15,1,21.8,1.0,7.7,7.5,2,1,1.00,CYCLE,W
IND,208,6415,59486,28/12/2023,15:26:08,15,1,31.0,1.1,58.9,58.7,2,1,1.00,CYCLE,W
IND,208,6415,59486,28/12/2023,15:26:19,15,1,19.1,1.1,11.3,11.2,2,1,1.00,CYCLE,W
IND,208,6415,59485,28/12/2023,15:27:06,15,0,24.7,1.0,216.6,216.2,2,1,1.00,CYCLE,E
IND,208,6415,59485,28/12/2023,15:30:03,15,0,24.7,1.1,176.5,176.3,2,1,1.00,CYCLE,E
IND,208,6415,59485,28/12/2023,15:30:50,15,0,24.7,1.1,47.6,47.4,2,1,1.00,CYCLE,E
IND,208,6415,59486,28/12/2023,15:32:12,15,1,24.6,1.1,352.7,352.5,2,1,1.00,CYCLE,W
IND,208,6415,59486,28/12/2023,15:32:18,15,1,23.7,1.0,6.1,5.9,2,1,1.00,CYCLE,W
IND,208,6415,59485,28/12/2023,15:32:32,15,0,15.2,1.1,101.6,101.4,2,1,1.00,CYCLE,E
IND,208,6415,59485,28/12/2023,15:32:32,15,0,15.2,1.1,0.6,0.3,2,1,1.00,CYCLE,E
IND,208,6415,59485,28/12/2023,15:32:41,15,0,14.0,0.9,8.3,8.0,2,1,1.00,CYCLE,E
IND,208,6415,59485,28/12/2023,15:32:41,15,0,14.4,1.1,0.5,0.3,2,1,1.00,CYCLE,E
IND,208,6415,59486,28/12/2023,15:33:07,15,1,29.7,1.0,49.5,49.3,2,1,1.00,CYCLE,W
IND,208,6415,59485,28/12/2023,15:33:25,15,0,24.9,1.0,44.0,43.8,2,1,1.00,CYCLE,E
IND,208,6415,59485,28/12/2023,15:37:57,15,0,22.0,1.1,271.8,271.6,2,1,1.00,CYCLE,E
IND,208,6415,59485,28/12/2023,15:38:38,15,0,19.5,1.0,40.6,40.5,2,1,1.00,CYCLE,E
IND,208,6415,59485,28/12/2023,15:38:39,15,0,19.8,1.0,1.2,1.0,2,1,1.00,CYCLE,E
IND,208,6415,59485,28/12/2023,15:39:36,15,0,15.1,1.0,56.9,56.7,2,1,1.00,CYCLE,E
IND,208,6415,59485,28/12/2023,15:39:36,15,0,15.1,1.0,0.0,0.0,2,1,1.00,CYCLE,E
IND,208,6415,59486,28/12/2023,15:39:38,15,1,28.2,0.4,390.4,390.3,2,1,1.00,CYCLE,W
IND,208,6415,59485,28/12/2023,15:40:11,15,0,22.7,1.2,35.6,35.2,2,1,1.00,CYCLE,E
IND,208,6415,59486,28/12/2023,15:40:46,15,1,25.6,1.0,68.2,68.2,2,1,1.00,CYCLE,W
IND,208,6415,59485,28/12/2023,15:40:52,15,0,20.2,1.1,41.0,40.8,2,1,1.00,CYCLE,E
IND,208,6415,59485,28/12/2023,15:42:52,15,0,13.8,1.1,119.2,119.0,2,1,1.00,CYCLE,E
IND,208,6415,59486,28/12/2023,15:42:55,15,1,9.9,1.0,129.4,129.4,2,1,1.00,CYCLE,W
IND,208,6415,59485,28/12/2023,15:43:14,15,0,3.2,0.4,22.8,22.6,2,1,1.00,CYCLE,E
IND,208,6415,59485,28/12/2023,15:43:33,15,0,22.6,1.1,15.3,15.3,2,1,1.00,CYCLE,E
IND,208,6415,59486,28/12/2023,15:45:20,15,1,21.3,0.9,144.8,143.5,2,1,1.00,CYCLE,W
IND,208,6415,59485,28/12/2023,15:47:15,15,0,19.8,1.0,222.5,222.3,2,1,1.00,CYCLE,E
IND,208,6415,59486,28/12/2023,15:47:59,15,1,5.5,1.0,158.6,158.7,2,1,0.67,CYCLE,W
IND,208,6415,59486,28/12/2023,15:48:48,15,1,9.1,0.9,49.3,48.2,2,1,1.00,CYCLE,W
IND,208,6415,59485,28/12/2023,15:49:13,15,0,22.1,1.1,105.6,104.6,2,1,1.00,CYCLE,E
IND,208,6415,59485,28/12/2023,15:51:42,15,0,28.2,1.1,149.6,149.4,2,1,1.00,CYCLE,E
IND,208,6415,59485,28/12/2023,15:53:22,15,0,11.5,0.9,99.7,99.6,2,1,1.00,CYCLE,E
IND,208,6415,59485,28/12/2023,15:53:34,15,0,23.5,1.0,11.6,11.4,2,1,1.00,CYCLE,E
IND,208,6415,59485,28/12/2023,15:53:42,15,0,24.8,1.1,8.3,8.2,2,1,1.00,CYCLE,E
IND,208,6415,59485,28/12/2023,15:53:46,15,0,37.2,0.9,3.9,3.7,2,1,1.00,CYCLE,E
IND,208,6415,59486,28/12/2023,15:54:13,15,1,26.8,1.0,325.2,324.7,2,1,1.00,CYCLE,W
IND,208,6415,59486,28/12/2023,15:54:14,15,1,24.3,1.0,1.2,1.1,2,1,1.00,CYCLE,W
IND,208,6415,59486,28/12/2023,15:54:28,15,1,27.5,1.0,13.5,13.3,2,1,1.00,CYCLE,W
IND,208,6415,59485,28/12/2023,15:54:37,15,0,3.0,0.0,51.3,51.3,2,1,0.80,CYCLE,E
IND,208,6415,59485,28/12/2023,15:54:55,15,0,18.8,1.0,17.5,17.4,2,1,1.00,CYCLE,E
IND,208,6415,59485,28/12/2023,15:55:01,15,0,22.4,1.0,6.2,6.1,2,1,1.00,CYCLE,E
IND,208,6415,59486,28/12/2023,15:57:16,15,1,26.5,1.0,168.2,168.0,2,1,1.00,CYCLE,W
IND,208,6415,59485,28/12/2023,15:58:04,15,0,28.1,1.2,182.6,182.4,2,1,1.00,CYCLE,E
IND,208,6415,59486,28/12/2023,15:58:49,15,1,23.2,1.1,93.4,93.3,2,1,1.00,CYCLE,W
IND,208,6415,59486,28/12/2023,15:58:50,15,1,24.4,1.0,1.0,0.8,2,1,1.00,CYCLE,W
IND,208,6415,59486,28/12/2023,15:58:53,15,1,24.2,1.0,2.2,2.1,2,1,1.00,CYCLE,W
IND,208,6415,59485,28/12/2023,15:59:57,15,0,23.4,1.2,113.7,113.6,2,1,1.00,CYCLE,E
IND,208,6415,59485,28/12/2023,16:00:29,15,0,21.9,1.2,31.6,31.4,2,1,1.00,CYCLE,E
IND,208,6415,59485,28/12/2023,16:01:30,15,0,13.4,1.0,61.5,61.3,2,1,1.00,CYCLE,E
IND,208,6415,59486,28/12/2023,16:02:37,15,1,4.1,0.4,224.2,224.3,2,1,1.00,CYCLE,W
IND,208,6415,59485,28/12/2023,16:02:48,15,0,23.2,1.1,78.0,77.7,2,1,1.00,CYCLE,E
IND,208,6415,59486,28/12/2023,16:04:20,15,1,2.1,0.4,43.9,44.5,2,1,1.00,CYCLE,W
IND,208,6415,59486,28/12/2023,16:07:10,15,1,31.8,1.1,169.9,168.7,2,1,1.00,CYCLE,W
IND,208,6415,59485,28/12/2023,16:07:46,15,0,30.0,1.0,93.6,93.0,2,1,1.00,CYCLE,E
IND,208,6415,59486,28/12/2023,16:08:12,15,1,38.6,1.0,62.3,62.2,2,1,1.00,CYCLE,W
IND,208,6415,59486,28/12/2023,16:08:14,15,1,30.4,1.0,2.0,1.9,2,1,1.00,CYCLE,W
IND,208,6415,59485,28/12/2023,16:08:48,15,0,20.2,1.0,62.0,61.9,2,1,1.00,CYCLE,E
IND,208,6415,59485,28/12/2023,16:08:48,15,0,28.8,1.0,0.4,0.2,2,1,1.00,CYCLE,E
IND,208,6415,59485,28/12/2023,16:08:49,15,0,17.4,1.0,0.8,0.7,2,1,1.00,CYCLE,E
IND,208,6415,59485,28/12/2023,16:13:15,15,0,20.8,1.0,214.1,214.1,2,1,1.00,CYCLE,E
IND,208,6415,59486,28/12/2023,16:13:52,15,1,18.7,1.1,337.5,337.4,2,1,1.00,CYCLE,W
IND,208,6415,59486,28/12/2023,16:13:56,15,1,18.9,1.1,4.9,4.7,2,1,1.00,CYCLE,W
IND,208,6415,59486,28/12/2023,16:13:57,15,1,19.2,1.1,1.0,0.8,2,1,1.00,CYCLE,W
IND,208,6415,59486,28/12/2023,16:14:11,15,1,23.1,1.1,13.8,13.6,2,1,1.00,CYCLE,W
IND,208,6415,59486,28/12/2023,16:15:11,15,1,22.5,1.0,52.8,52.9,2,1,1.00,CYCLE,W
IND,208,6415,59485,28/12/2023,16:15:36,15,0,2.9,1.0,140.3,140.1,2,1,0.29,CYCLE,E
IND,208,6415,59486,28/12/2023,16:16:04,15,1,29.8,1.0,53.2,53.1,2,1,1.00,CYCLE,W
IND,208,6415,59486,28/12/2023,16:16:31,15,1,34.0,1.1,26.1,26.0,2,1,1.00,CYCLE,W
IND,208,6415,59485,28/12/2023,16:17:43,15,0,28.9,1.2,126.8,125.3,2,1,1.00,CYCLE,E
IND,208,6415,59485,28/12/2023,16:17:46,15,0,23.7,1.0,3.7,3.5,2,1,1.00,CYCLE,E
IND,208,6415,59485,28/12/2023,16:18:15,15,0,24.6,1.2,28.9,28.8,2,1,1.00,CYCLE,E
IND,208,6415,59485,28/12/2023,16:19:30,15,0,20.9,1.0,74.8,74.7,2,1,1.00,CYCLE,E
IND,208,6415,59486,28/12/2023,16:21:43,15,1,31.6,1.0,312.2,312.1,2,1,1.00,CYCLE,W
IND,208,6415,59485,28/12/2023,16:22:31,15,0,14.7,1.0,181.0,180.8,2,1,1.00,CYCLE,E
IND,208,6415,59486,28/12/2023,16:23:42,15,1,3.1,0.4,119.8,120.1,2,1,1.00,CYCLE,W
IND,208,6415,59485,28/12/2023,16:24:14,15,0,19.8,1.1,4.2,4.0,2,1,1.00,CYCLE,E
IND,208,6415,59485,28/12/2023,16:25:29,15,0,17.9,1.1,75.1,74.9,2,1,1.00,CYCLE,E
IND,208,6415,59485,28/12/2023,16:25:30,15,0,17.2,1.0,0.7,0.5,2,1,1.00,CYCLE,E
IND,208,6415,59485,28/12/2023,16:25:31,15,0,19.2,1.0,1.3,1.1,2,1,1.00,CYCLE,E
IND,208,6415,59485,28/12/2023,16:25:44,15,0,38.7,1.2,13.1,12.9,2,1,1.00,CYCLE,E
IND,208,6415,59486,28/12/2023,16:26:34,15,1,27.0,1.1,171.1,170.6,2,1,1.00,CYCLE,W
IND,208,6415,59485,28/12/2023,16:29:06,15,0,17.1,1.1,201.8,201.7,2,1,1.00,CYCLE,E
IND,208,6415,59485,28/12/2023,16:30:08,15,0,28.0,1.2,62.3,62.0,2,1,1.00,CYCLE,E
IND,208,6415,59485,28/12/2023,16:30:35,15,0,30.4,1.1,26.6,26.5,2,1,1.00,CYCLE,E
IND,208,6415,59485,28/12/2023,16:30:45,15,0,21.8,1.0,10.7,10.5,2,1,1.00,CYCLE,E
IND,208,6415,59485,28/12/2023,16:33:29,15,0,18.7,1.0,163.9,163.8,2,1,1.00,CYCLE,E
IND,208,6415,59486,28/12/2023,16:33:41,15,1,27.3,1.1,427.7,427.6,2,1,1.00,CYCLE,W
IND,208,6415,59485,28/12/2023,16:36:17,15,0,24.7,1.2,152.2,152.0,2,1,1.00,CYCLE,E
IND,208,6415,59485,28/12/2023,16:38:14,15,0,24.1,0.9,116.1,115.9,2,1,1.00,CYCLE,E
IND,208,6415,59485,28/12/2023,16:39:15,15,0,32.7,1.1,61.1,61.0,2,1,1.00,CYCLE,E
IND,208,6415,59485,28/12/2023,16:39:51,15,0,19.4,1.0,36.3,36.1,2,1,1.00,CYCLE,E
IND,208,6415,59485,28/12/2023,16:40:06,15,0,21.9,1.1,14.6,14.5,2,1,1.00,CYCLE,E
IND,208,6415,59486,28/12/2023,16:40:23,15,1,29.1,1.0,62.3,62.2,2,1,1.00,CYCLE,W
IND,208,6415,59485,28/12/2023,16:40:26,15,0,31.3,1.0,20.1,19.9,2,1,1.00,CYCLE,E
IND,208,6415,59486,28/12/2023,16:40:59,15,1,27.6,1.1,36.0,35.9,2,1,1.00,CYCLE,W
IND,208,6415,59485,28/12/2023,16:42:30,15,0,25.0,1.0,59.2,59.0,2,1,1.00,CYCLE,E
IND,208,6415,59486,28/12/2023,16:46:42,15,1,23.2,0.4,342.8,342.6,2,1,1.00,CYCLE,W
IND,208,6415,59485,28/12/2023,16:48:22,15,0,23.3,1.1,352.0,351.8,2,1,1.00,CYCLE,E
IND,208,6415,59485,28/12/2023,16:49:00,15,0,2.9,0.3,38.5,38.3,2,1,0.80,CYCLE,E
IND,208,6415,59485,28/12/2023,16:51:05,15,0,2.6,1.0,124.7,125.2,2,1,0.67,CYCLE,E
IND,208,6415,59485,28/12/2023,16:51:29,15,0,21.8,1.1,24.6,22.5,2,1,1.00,CYCLE,E
IND,208,6415,59486,28/12/2023,16:51:43,15,1,25.4,1.1,300.5,300.5,2,1,1.00,CYCLE,W
IND,208,6415,59486,28/12/2023,16:54:40,15,1,26.5,1.1,177.1,177.0,2,1,1.00,CYCLE,W
IND,208,6415,59486,28/12/2023,16:56:52,15,1,23.5,1.0,132.4,132.3,2,1,1.00,CYCLE,W
IND,208,6415,59486,28/12/2023,16:56:53,15,1,23.4,1.1,0.8,0.7,2,1,1.00,CYCLE,W
IND,208,6415,59486,28/12/2023,16:57:16,15,1,24.1,1.0,22.7,22.6,2,1,1.00,CYCLE,W
IND,208,6415,59485,28/12/2023,16:58:15,15,0,21.5,1.0,21.6,20.5,2,1,1.00,CYCLE,E
IND,208,6415,59485,28/12/2023,16:58:39,15,0,22.3,1.0,23.4,23.3,2,1,1.00,CYCLE,E
IND,208,6415,59486,28/12/2023,16:59:04,15,1,17.5,1.0,108.3,108.2,2,1,0.40,CYCLE,W
IND,208,6415,59486,28/12/2023,17:00:00,15,1,28.2,1.0,55.6,55.3,2,1,1.00,CYCLE,W
IND,208,6415,59485,28/12/2023,17:00:31,15,0,31.4,1.0,112.4,112.3,2,1,1.00,CYCLE,E
IND,208,6415,59486,28/12/2023,17:01:06,15,1,24.5,1.1,66.4,66.2,2,1,1.00,CYCLE,W
IND,208,6415,59485,28/12/2023,17:01:38,15,0,23.2,1.1,67.2,67.1,2,1,1.00,CYCLE,E
IND,208,6415,59485,28/12/2023,17:03:07,15,0,22.9,1.1,88.8,88.6,2,1,1.00,CYCLE,E
IND,208,6415,59485,28/12/2023,17:03:30,15,0,20.1,1.1,22.6,22.5,2,1,1.00,CYCLE,E
IND,208,6415,59485,28/12/2023,17:03:32,15,0,33.3,1.1,1.7,1.5,2,1,1.00,CYCLE,E
IND,208,6415,59485,28/12/2023,17:03:33,15,0,21.4,1.0,1.0,0.9,2,1,1.00,CYCLE,E
IND,208,6415,59485,28/12/2023,17:05:05,15,0,22.8,1.0,91.9,91.7,2,1,1.00,CYCLE,E
IND,208,6415,59485,28/12/2023,17:07:10,15,0,30.2,1.1,125.8,125.7,2,1,1.00,CYCLE,E
IND,208,6415,59485,28/12/2023,17:07:49,15,0,28.0,1.0,38.6,38.4,2,1,1.00,CYCLE,E
IND,208,6415,59485,28/12/2023,17:08:48,15,0,20.3,1.0,58.8,58.7,2,1,1.00,CYCLE,E
IND,208,6415,59485,28/12/2023,17:09:58,15,0,29.0,1.1,70.3,70.1,2,1,1.00,CYCLE,E
IND,208,6415,59485,28/12/2023,17:11:30,15,0,19.5,1.0,92.3,92.2,2,1,1.00,CYCLE,E
IND,208,6415,59486,28/12/2023,17:12:45,15,1,22.2,1.1,699.0,698.9,2,1,1.00,CYCLE,W
IND,208,6415,59485,28/12/2023,17:13:45,15,0,16.3,1.0,134.8,134.6,2,1,1.00,CYCLE,E
IND,208,6415,59485,28/12/2023,17:13:46,15,0,16.3,1.1,0.7,0.5,2,1,1.00,CYCLE,E
IND,208,6415,59485,28/12/2023,17:15:14,15,0,24.4,1.2,9.2,9.2,2,1,1.00,CYCLE,E
IND,208,6415,59486,28/12/2023,17:15:17,15,1,25.6,1.1,6.0,5.6,2,1,1.00,CYCLE,W
IND,208,6415,59486,28/12/2023,17:15:53,15,1,19.8,1.0,35.5,35.4,2,1,1.00,CYCLE,W
IND,208,6415,59486,28/12/2023,17:15:59,15,1,17.2,1.1,5.9,5.7,2,1,1.00,CYCLE,W
IND,208,6415,59485,28/12/2023,17:17:41,15,0,13.0,1.0,146.5,146.3,2,1,1.00,CYCLE,E
IND,208,6415,59485,28/12/2023,17:17:41,15,0,13.0,1.0,0.0,0.0,2,1,1.00,CYCLE,E
IND,208,6415,59485,28/12/2023,17:18:37,15,0,29.9,1.1,56.0,55.6,2,1,1.00,CYCLE,E
IND,208,6415,59485,28/12/2023,17:19:38,15,0,19.4,1.1,61.5,61.3,2,1,1.00,CYCLE,E
IND,208,6415,59486,28/12/2023,17:20:51,15,1,20.7,1.1,292.8,292.6,2,1,1.00,CYCLE,W
IND,208,6415,59486,28/12/2023,17:20:52,15,1,19.1,1.0,0.9,0.7,2,1,1.00,CYCLE,W
IND,208,6415,59485,28/12/2023,17:22:08,15,0,25.1,1.1,150.3,150.1,2,1,1.00,CYCLE,E
IND,208,6415,59485,28/12/2023,17:23:49,15,0,19.7,1.0,100.9,100.7,2,1,1.00,CYCLE,E
IND,208,6415,59485,28/12/2023,17:23:56,15,0,20.1,1.0,7.2,7.0,2,1,1.00,CYCLE,E
IND,208,6415,59485,28/12/2023,17:24:02,15,0,20.4,1.0,5.2,5.0,2,1,1.00,CYCLE,E
IND,208,6415,59486,28/12/2023,17:26:10,15,1,19.3,1.1,318.2,318.0,2,1,1.00,CYCLE,W
IND,208,6415,59485,28/12/2023,17:28:58,15,0,21.2,1.0,296.7,296.6,2,1,1.00,CYCLE,E
IND,208,6415,59485,28/12/2023,17:29:55,15,0,12.3,1.0,56.9,56.8,2,1,1.00,CYCLE,E
IND,208,6415,59485,28/12/2023,17:30:41,15,0,27.3,1.0,33.8,33.6,2,1,1.00,CYCLE,E
IND,208,6415,59486,28/12/2023,17:34:07,15,1,22.2,1.0,476.9,476.7,2,1,1.00,CYCLE,W
IND,208,6415,59486,28/12/2023,17:34:07,15,1,22.2,1.0,0.0,0.0,2,1,1.00,CYCLE,W
IND,208,6415,59485,28/12/2023,17:36:19,15,0,8.5,0.9,337.8,337.6,2,1,0.80,CYCLE,E
IND,208,6415,59486,28/12/2023,17:36:38,15,1,23.4,1.1,151.1,150.8,2,1,1.00,CYCLE,W
IND,208,6415,59486,28/12/2023,17:37:58,15,1,26.5,1.1,79.7,79.5,2,1,1.00,CYCLE,W
IND,208,6415,59486,28/12/2023,17:38:02,15,1,27.0,1.1,4.3,4.1,2,1,1.00,CYCLE,W
IND,208,6415,59486,28/12/2023,17:38:48,15,1,28.6,1.1,45.9,45.8,2,1,1.00,CYCLE,W
IND,208,6415,59486,28/12/2023,17:38:58,15,1,22.7,1.1,10.1,10.0,2,1,1.00,CYCLE,W
IND,208,6415,59486,28/12/2023,17:38:59,15,1,22.3,1.1,0.9,0.7,2,1,1.00,CYCLE,W
IND,208,6415,59485,28/12/2023,17:39:21,15,0,26.1,1.1,182.1,182.1,2,1,1.00,CYCLE,E
IND,208,6415,59485,28/12/2023,17:40:05,15,0,20.4,1.1,44.4,44.2,2,1,1.00,CYCLE,E
IND,208,6415,59486,28/12/2023,17:42:50,15,1,24.5,1.1,230.6,230.5,2,1,1.00,CYCLE,W
IND,208,6415,59485,28/12/2023,17:43:31,15,0,29.6,1.2,205.7,205.5,2,1,1.00,CYCLE,E
IND,208,6415,59485,28/12/2023,17:44:31,15,0,26.2,1.1,60.2,60.0,2,1,1.00,CYCLE,E
IND,208,6415,59486,28/12/2023,17:44:35,15,1,4.4,0.3,105.5,105.6,2,1,1.00,CYCLE,W
IND,208,6415,59485,28/12/2023,17:45:47,15,0,16.5,1.1,71.9,71.9,2,1,1.00,CYCLE,E
IND,208,6415,59486,28/12/2023,17:48:26,15,1,27.7,1.2,230.7,230.2,2,1,1.00,CYCLE,W
IND,208,6415,59486,28/12/2023,17:55:04,15,1,26.9,1.1,397.6,397.5,2,1,1.00,CYCLE,W
IND,208,6415,59485,28/12/2023,17:55:34,15,0,15.7,1.0,464.7,464.2,2,1,1.00,CYCLE,E
IND,208,6415,59485,28/12/2023,17:57:07,15,0,21.9,1.0,92.6,92.4,2,1,1.00,CYCLE,E
IND,208,6415,59486,28/12/2023,18:01:18,15,1,24.2,1.0,374.4,374.3,2,1,1.00,CYCLE,W
IND,208,6415,59486,28/12/2023,18:01:20,15,1,22.7,1.1,1.9,1.7,2,1,1.00,CYCLE,W
IND,208,6415,59485,28/12/2023,18:01:41,15,0,30.2,1.1,273.7,273.5,2,1,1.00,CYCLE,E
IND,208,6415,59486,28/12/2023,18:01:51,15,1,30.7,1.0,17.4,17.1,2,1,1.00,CYCLE,W
IND,208,6415,59486,28/12/2023,18:05:52,15,1,2.8,0.1,240.2,240.6,2,1,1.00,CYCLE,W
IND,208,6415,59486,28/12/2023,18:07:07,15,1,27.3,1.0,76.0,75.4,2,1,1.00,CYCLE,W
IND,208,6415,59486,28/12/2023,18:07:08,15,1,27.2,1.0,0.8,0.6,2,1,1.00,CYCLE,W
IND,208,6415,59486,28/12/2023,18:07:58,15,1,27.3,1.1,49.6,49.5,2,1,1.00,CYCLE,W
IND,208,6415,59485,28/12/2023,18:11:47,15,0,14.8,1.1,606.3,606.2,2,1,1.00,CYCLE,E
IND,208,6415,59485,28/12/2023,18:12:44,15,0,33.0,1.1,56.5,56.2,2,1,1.00,CYCLE,E
IND,208,6415,59486,28/12/2023,18:15:12,15,1,19.0,0.9,433.6,433.5,2,1,1.00,CYCLE,W
IND,208,6415,59486,28/12/2023,18:15:24,15,1,24.9,1.1,12.9,12.7,2,1,1.00,CYCLE,W
IND,208,6415,59485,28/12/2023,18:17:04,15,0,14.9,1.1,260.5,260.4,2,1,1.00,CYCLE,E
IND,208,6415,59485,28/12/2023,18:17:31,15,0,4.2,0.4,14.7,14.7,2,1,0.80,CYCLE,E
IND,208,6415,59486,28/12/2023,18:18:26,15,1,8.0,0.9,181.5,181.5,2,1,1.00,CYCLE,W
IND,208,6415,59486,28/12/2023,18:18:27,15,1,8.1,0.9,0.9,0.5,2,1,1.00,CYCLE,W
IND,208,6415,59486,28/12/2023,18:18:31,15,1,18.1,1.1,4.5,4.0,2,1,1.00,CYCLE,W
IND,208,6415,59486,28/12/2023,18:18:35,15,1,21.6,1.0,3.9,3.7,2,1,1.00,CYCLE,W
IND,208,6415,59485,28/12/2023,18:19:48,15,0,11.7,0.1,137.7,137.6,2,1,0.80,CYCLE,E
IND,208,6415,59485,28/12/2023,18:21:23,15,0,24.5,1.1,95.1,95.1,2,1,1.00,CYCLE,E
IND,208,6415,59486,28/12/2023,18:23:16,15,1,22.2,1.0,281.2,281.0,2,1,1.00,CYCLE,W
IND,208,6415,59486,28/12/2023,18:23:18,15,1,22.1,1.0,1.7,1.6,2,1,1.00,CYCLE,W
IND,208,6415,59486,28/12/2023,18:23:21,15,1,21.4,1.0,2.4,2.2,2,1,1.00,CYCLE,W
IND,208,6415,59486,28/12/2023,18:23:23,15,1,25.2,1.1,2.4,2.2,2,1,1.00,CYCLE,W
IND,208,6415,59485,28/12/2023,18:23:46,15,0,21.9,1.1,141.2,141.0,2,1,1.00,CYCLE,E
IND,208,6415,59486,28/12/2023,18:25:45,15,1,28.8,1.2,141.6,141.4,2,1,1.00,CYCLE,W
IND,208,6415,59486,28/12/2023,18:26:26,15,1,25.7,1.0,41.9,41.8,2,1,1.00,CYCLE,W
IND,208,6415,59485,28/12/2023,18:30:25,15,0,20.1,1.1,399.2,399.0,2,1,1.00,CYCLE,E
IND,208,6415,59486,28/12/2023,18:30:53,15,1,23.7,1.2,266.8,266.6,2,1,1.00,CYCLE,W
IND,208,6415,59486,28/12/2023,18:31:11,15,1,33.5,1.0,17.5,17.3,2,1,1.00,CYCLE,W
IND,208,6415,59486,28/12/2023,18:33:47,15,1,32.3,1.1,110.7,110.6,2,1,1.00,CYCLE,W
IND,208,6415,59486,28/12/2023,18:33:52,15,1,27.5,1.0,4.5,4.3,2,1,1.00,CYCLE,W
IND,208,6415,59486,28/12/2023,18:36:09,15,1,26.4,1.1,62.8,61.3,2,1,1.00,CYCLE,W
IND,208,6415,59486,28/12/2023,18:39:41,15,1,4.8,1.0,212.5,212.3,2,1,0.57,CYCLE,W
IND,208,6415,59485,28/12/2023,18:39:51,15,0,18.6,1.1,565.5,565.4,2,1,1.00,CYCLE,E
IND,208,6415,59486,28/12/2023,18:43:34,15,1,24.0,1.0,232.7,231.8,2,1,1.00,CYCLE,W
IND,208,6415,59485,28/12/2023,18:45:25,15,0,15.1,1.1,334.4,334.2,2,1,1.00,CYCLE,E
IND,208,6415,59485,28/12/2023,18:45:27,15,0,17.9,1.0,2.0,1.7,2,1,1.00,CYCLE,E
IND,208,6415,59485,28/12/2023,18:47:31,15,0,17.4,1.2,124.2,124.0,2,1,1.00,CYCLE,E
IND,208,6415,59486,28/12/2023,18:48:46,15,1,23.0,1.0,311.9,311.8,2,1,1.00,CYCLE,W
IND,208,6415,59486,28/12/2023,18:48:46,15,1,23.4,1.0,0.9,0.7,2,1,1.00,CYCLE,W
IND,208,6415,59485,28/12/2023,18:54:37,15,0,27.7,1.2,425.5,425.2,2,1,1.00,CYCLE,E
IND,208,6415,59485,28/12/2023,18:54:37,15,0,26.8,1.1,0.5,0.4,2,1,1.00,CYCLE,E
IND,208,6415,59486,28/12/2023,18:55:32,15,1,28.7,1.1,405.9,405.7,2,1,1.00,CYCLE,W
IND,208,6415,59486,28/12/2023,18:56:12,15,1,22.2,1.1,39.3,39.2,2,1,1.00,CYCLE,W
IND,208,6415,59485,28/12/2023,18:59:00,15,0,23.8,1.1,250.7,250.2,2,1,1.00,CYCLE,E
IND,208,6415,59485,28/12/2023,19:01:47,15,0,11.2,1.0,167.5,167.3,2,1,1.00,CYCLE,E
IND,208,6415,59485,28/12/2023,19:02:59,15,0,24.9,1.2,71.4,71.1,2,1,1.00,CYCLE,E
IND,208,6415,59485,28/12/2023,19:06:27,15,0,22.1,1.2,208.7,208.5,2,1,1.00,CYCLE,E
IND,208,6415,59485,28/12/2023,19:09:18,15,0,29.6,1.1,170.4,170.2,2,1,1.00,CYCLE,E
IND,208,6415,59486,28/12/2023,19:16:33,15,1,31.9,1.1,33.3,33.2,2,1,1.00,CYCLE,W
IND,208,6415,59486,28/12/2023,19:20:38,15,1,27.0,1.2,245.5,245.4,2,1,1.00,CYCLE,W
IND,208,6415,59485,28/12/2023,19:26:49,15,0,14.9,1.1,1050.8,1050.7,2,1,1.00,CYCLE,E
IND,208,6415,59485,28/12/2023,19:26:51,15,0,27.4,1.1,2.5,2.3,2,1,1.00,CYCLE,E
IND,208,6415,59486,28/12/2023,19:27:21,15,1,26.1,1.1,402.5,402.3,2,1,1.00,CYCLE,W
IND,208,6415,59485,28/12/2023,19:28:26,15,0,12.5,1.1,95.0,94.8,2,1,1.00,CYCLE,E
IND,208,6415,59485,28/12/2023,19:28:32,15,0,19.4,1.0,6.1,5.8,2,1,1.00,CYCLE,E
IND,208,6415,59485,28/12/2023,19:29:20,15,0,25.2,1.1,47.7,47.5,2,1,1.00,CYCLE,E
IND,208,6415,59486,28/12/2023,19:30:06,15,1,25.9,1.1,165.7,165.5,2,1,1.00,CYCLE,W
IND,208,6415,59486,28/12/2023,19:31:01,15,1,30.0,1.1,55.0,54.9,2,1,1.00,CYCLE,W
IND,208,6415,59486,28/12/2023,19:31:35,15,1,27.8,1.1,33.8,33.6,2,1,1.00,CYCLE,W
IND,208,6415,59485,28/12/2023,19:32:29,15,0,18.5,1.0,1.1,0.8,2,1,1.00,CYCLE,E
IND,208,6415,59485,28/12/2023,19:32:48,15,0,28.8,1.1,19.5,19.3,2,1,1.00,CYCLE,E
IND,208,6415,59485,28/12/2023,19:32:49,15,0,26.9,1.1,0.3,0.2,2,1,1.00,CYCLE,E
IND,208,6415,59486,28/12/2023,19:33:24,15,1,2.9,1.0,108.9,108.7,2,1,0.18,CYCLE,W
IND,208,6415,59486,28/12/2023,19:33:24,15,1,2.9,1.0,0.0,0.0,2,1,0.18,CYCLE,W
IND,208,6415,59486,28/12/2023,19:33:24,15,1,2.9,1.0,0.0,0.0,2,1,0.18,CYCLE,W
IND,208,6415,59486,28/12/2023,19:37:02,15,1,27.1,0.9,217.6,215.8,2,1,1.00,CYCLE,W
IND,208,6415,59486,28/12/2023,19:37:20,15,1,29.2,1.1,18.3,18.1,2,1,1.00,CYCLE,W
IND,208,6415,59486,28/12/2023,19:37:56,15,1,26.9,1.0,35.9,35.8,2,1,1.00,CYCLE,W
IND,208,6415,59486,28/12/2023,19:38:02,15,1,20.3,1.1,6.0,5.9,2,1,1.00,CYCLE,W
IND,208,6415,59485,28/12/2023,19:39:17,15,0,21.4,1.0,388.0,387.8,2,1,1.00,CYCLE,E
IND,208,6415,59485,28/12/2023,19:40:30,15,0,22.4,1.1,73.4,73.2,2,1,1.00,CYCLE,E
IND,208,6415,59485,28/12/2023,19:43:40,15,0,19.4,1.0,190.5,190.3,2,1,1.00,CYCLE,E
IND,208,6415,59485,28/12/2023,19:46:40,15,0,22.4,1.0,179.2,179.0,2,1,1.00,CYCLE,E
IND,208,6415,59485,28/12/2023,19:46:40,15,0,21.8,1.0,0.4,0.3,2,1,1.00,CYCLE,E
IND,208,6415,59486,28/12/2023,19:46:45,15,1,26.0,1.1,242.2,241.9,2,1,1.00,CYCLE,W
IND,208,6415,59486,28/12/2023,19:47:36,15,1,29.4,1.0,51.4,51.2,2,1,1.00,CYCLE,W
IND,208,6415,59486,28/12/2023,19:48:19,15,1,22.9,1.2,42.5,42.3,2,1,1.00,CYCLE,W
IND,208,6415,59485,28/12/2023,19:48:29,15,0,20.5,1.0,108.6,108.5,2,1,1.00,CYCLE,E
IND,208,6415,59485,28/12/2023,19:49:53,15,0,26.3,1.0,84.2,84.0,2,1,1.00,CYCLE,E
IND,208,6415,59486,28/12/2023,19:50:23,15,1,18.8,1.2,124.0,123.8,2,1,1.00,CYCLE,W
IND,208,6415,59486,28/12/2023,19:51:52,15,1,19.9,1.1,88.9,88.7,2,1,1.00,CYCLE,W
IND,208,6415,59486,28/12/2023,19:53:30,15,1,32.3,1.1,97.7,97.5,2,1,1.00,CYCLE,W
IND,208,6415,59486,28/12/2023,19:53:50,15,1,27.4,1.1,20.8,20.6,2,1,1.00,CYCLE,W
IND,208,6415,59486,28/12/2023,19:53:56,15,1,26.9,1.1,5.7,5.5,2,1,1.00,CYCLE,W
IND,208,6415,59486,28/12/2023,19:55:41,15,1,24.2,1.1,104.8,104.7,2,1,1.00,CYCLE,W
IND,208,6415,59485,28/12/2023,19:55:58,15,0,19.8,0.9,365.2,365.1,2,1,1.00,CYCLE,E
IND,208,6415,59486,28/12/2023,19:59:06,15,1,33.0,1.1,205.3,205.2,2,1,1.00,CYCLE,W
IND,208,6415,59485,28/12/2023,19:59:58,15,0,23.1,1.0,240.3,240.1,2,1,1.00,CYCLE,E
IND,208,6415,59485,28/12/2023,20:00:40,15,0,21.7,0.9,41.3,41.1,2,1,1.00,CYCLE,E
IND,208,6415,59486,28/12/2023,20:00:46,15,1,30.9,0.9,99.8,99.7,2,1,1.00,CYCLE,W
IND,208,6415,59486,28/12/2023,20:05:17,15,1,20.3,1.1,270.9,270.8,2,1,1.00,CYCLE,W
IND,208,6415,59486,28/12/2023,20:14:08,15,1,22.0,0.9,531.6,531.4,2,1,1.00,CYCLE,W
IND,208,6415,59486,28/12/2023,20:14:47,15,1,35.8,1.2,38.2,38.0,2,1,1.00,CYCLE,W
IND,208,6415,59486,28/12/2023,20:19:27,15,1,34.2,1.1,280.4,280.3,2,1,1.00,CYCLE,W
IND,208,6415,59485,28/12/2023,20:20:19,15,0,36.5,1.2,1179.2,1179.1,2,1,1.00,CYCLE,E
IND,208,6415,59486,28/12/2023,20:20:46,15,1,24.3,1.0,78.6,78.5,2,1,1.00,CYCLE,W
IND,208,6415,59485,28/12/2023,20:29:06,15,0,20.8,1.0,527.5,527.3,2,1,1.00,CYCLE,E
IND,208,6415,59485,28/12/2023,20:29:07,15,0,21.0,1.0,0.8,0.7,2,1,1.00,CYCLE,E
IND,208,6415,59486,28/12/2023,20:42:13,15,1,18.7,1.1,484.3,483.5,2,1,1.00,CYCLE,W
IND,208,6415,59486,28/12/2023,20:44:28,15,1,28.2,1.1,135.5,135.3,2,1,1.00,CYCLE,W
IND,208,6415,59485,28/12/2023,20:54:55,15,0,19.0,1.0,1547.5,1547.3,2,1,1.00,CYCLE,E
IND,208,6415,59485,28/12/2023,21:02:13,15,0,17.6,1.1,438.5,438.3,2,1,1.00,CYCLE,E
IND,208,6415,59486,28/12/2023,21:04:24,15,1,29.6,1.2,1195.2,1195.1,2,1,1.00,CYCLE,W
IND,208,6415,59486,28/12/2023,21:16:25,15,1,25.4,1.1,721.8,721.7,2,1,1.00,CYCLE,W
IND,208,6415,59486,28/12/2023,21:23:49,15,1,22.3,1.0,443.3,443.2,2,1,1.00,CYCLE,W
IND,208,6415,59486,28/12/2023,21:23:49,15,1,22.3,1.0,0.0,0.0,2,1,1.00,CYCLE,W
IND,208,6415,59485,28/12/2023,21:34:28,15,0,21.1,0.9,1934.8,1934.6,2,1,1.00,CYCLE,E
IND,208,6415,59485,28/12/2023,21:34:39,15,0,20.7,0.9,11.4,11.3,2,1,1.00,CYCLE,E
IND,208,6415,59485,28/12/2023,21:44:16,15,0,27.7,1.2,577.1,576.9,2,1,1.00,CYCLE,E
IND,208,6415,59486,28/12/2023,21:44:19,15,1,20.6,0.9,238.3,238.2,2,1,1.00,CYCLE,W
IND,208,6415,59486,28/12/2023,21:44:22,15,1,20.7,0.9,3.7,3.5,2,1,1.00,CYCLE,W
IND,208,6415,59486,28/12/2023,21:49:31,15,1,23.9,1.1,308.7,308.5,2,1,1.00,CYCLE,W
IND,208,6415,59486,28/12/2023,22:02:57,15,1,26.0,0.9,806.4,806.3,2,1,1.00,CYCLE,W
IND,208,6415,59485,28/12/2023,22:12:04,15,0,24.4,1.0,1667.6,1667.4,2,1,1.00,CYCLE,E
IND,208,6415,59485,28/12/2023,22:17:34,15,0,10.3,1.0,329.9,329.8,2,1,0.33,CYCLE,E
IND,208,6415,59485,28/12/2023,22:21:46,15,0,37.9,1.0,252.4,251.8,2,1,1.00,CYCLE,E
IND,208,6415,59485,28/12/2023,23:06:33,15,0,21.1,1.1,2151.0,2150.5,2,1,1.00,CYCLE,E
IND,208,6415,59485,28/12/2023,23:11:33,15,0,5.7,1.0,300.6,300.4,2,1,0.80,CYCLE,E
IND,208,6415,59485,28/12/2023,23:23:12,15,0,21.0,1.0,698.7,698.0,2,1,1.00,CYCLE,E
IND,208,6415,59486,28/12/2023,23:40:31,15,1,23.5,0.8,5853.1,5853.0,2,1,1.00,CYCLE,W
IND,208,6415,59485,29/12/2023,00:25:55,15,0,13.7,1.0,3763.1,3762.9,2,1,1.00,CYCLE,E
IND,208,6415,59485,29/12/2023,00:26:18,15,0,21.0,0.9,22.8,22.6,2,1,1.00,CYCLE,E
IND,208,6415,59485,29/12/2023,00:26:20,15,0,20.2,0.9,2.6,2.5,2,1,1.00,CYCLE,E
IND,208,6415,59485,29/12/2023,02:44:35,15,0,32.5,1.2,8294.7,8294.5,2,1,1.00,CYCLE,E
IND,208,6415,59485,29/12/2023,02:52:20,15,0,26.9,1.1,465.3,465.2,2,1,1.00,CYCLE,E
IND,208,6415,59485,29/12/2023,04:13:17,15,0,38.4,1.2,4856.2,4856.0,2,1,1.00,CYCLE,E
IND,208,6415,59485,29/12/2023,04:25:04,15,0,31.8,1.1,707.5,707.4,2,1,1.00,CYCLE,E
IND,208,6415,59485,29/12/2023,05:10:17,15,0,34.3,1.2,604.3,604.2,2,1,1.00,CYCLE,E
IND,208,6415,59485,29/12/2023,05:18:06,15,0,25.8,1.2,469.6,469.4,2,1,1.00,CYCLE,E
IND,208,6415,59486,29/12/2023,05:22:06,15,1,28.7,1.0,20495.8,20495.7,2,1,1.00,CYCLE,W
IND,208,6415,59486,29/12/2023,05:24:43,15,1,34.2,1.0,157.1,157.0,2,1,1.00,CYCLE,W
IND,208,6415,59486,29/12/2023,05:28:47,15,1,24.5,1.1,243.1,243.0,2,1,1.00,CYCLE,W
IND,208,6415,59486,29/12/2023,05:35:27,15,1,28.0,1.0,15.5,15.1,2,1,1.00,CYCLE,W
IND,208,6415,59485,29/12/2023,05:37:38,15,0,23.2,1.0,1171.6,1171.4,2,1,1.00,CYCLE,E
IND,208,6415,59486,29/12/2023,05:42:07,15,1,30.1,1.0,399.6,399.5,2,1,1.00,CYCLE,W
IND,208,6415,59486,29/12/2023,05:46:17,15,1,30.1,0.9,250.3,250.2,2,1,1.00,CYCLE,W
IND,208,6415,59485,29/12/2023,05:46:37,15,0,27.0,1.0,472.3,472.2,2,1,1.00,CYCLE,E
IND,208,6415,59486,29/12/2023,05:50:52,15,1,31.8,1.0,274.9,274.8,2,1,1.00,CYCLE,W
IND,208,6415,59485,29/12/2023,05:54:20,15,0,20.6,1.0,463.2,463.0,2,1,1.00,CYCLE,E
IND,208,6415,59485,29/12/2023,05:54:53,15,0,2.9,1.0,33.1,33.4,2,1,0.29,CYCLE,E
IND,208,6415,59486,29/12/2023,06:01:50,15,1,27.4,1.0,364.5,364.2,2,1,1.00,CYCLE,W
IND,208,6415,59486,29/12/2023,06:04:46,15,1,26.2,1.0,176.0,175.9,2,1,1.00,CYCLE,W
IND,208,6415,59485,29/12/2023,06:05:08,15,0,21.1,1.0,615.1,613.4,2,1,1.00,CYCLE,E
IND,208,6415,59486,29/12/2023,06:05:59,15,1,28.0,1.0,73.2,73.1,2,1,1.00,CYCLE,W
IND,208,6415,59486,29/12/2023,06:07:27,15,1,21.5,1.0,87.9,87.8,2,1,1.00,CYCLE,W
IND,208,6415,59485,29/12/2023,06:08:34,15,0,23.1,1.0,205.3,205.1,2,1,1.00,CYCLE,E
IND,208,6415,59486,29/12/2023,06:10:49,15,1,28.6,1.0,202.1,201.9,2,1,1.00,CYCLE,W
IND,208,6415,59486,29/12/2023,06:11:19,15,1,27.7,1.0,29.7,29.5,2,1,1.00,CYCLE,W
IND,208,6415,59486,29/12/2023,06:11:28,15,1,29.9,0.9,8.6,8.5,2,1,1.00,CYCLE,W
IND,208,6415,59486,29/12/2023,06:15:34,15,1,28.8,1.1,246.5,246.4,2,1,1.00,CYCLE,W
IND,208,6415,59486,29/12/2023,06:19:36,15,1,25.0,1.0,241.4,241.3,2,1,1.00,CYCLE,W
IND,208,6415,59485,29/12/2023,06:20:00,15,0,22.1,1.0,603.6,603.5,2,1,1.00,CYCLE,E
IND,208,6415,59485,29/12/2023,06:20:01,15,0,22.3,1.0,0.8,0.6,2,1,1.00,CYCLE,E
IND,208,6415,59485,29/12/2023,06:20:01,15,0,22.3,1.0,0.0,0.0,2,1,1.00,CYCLE,E
IND,208,6415,59486,29/12/2023,06:21:15,15,1,30.1,1.0,98.9,98.7,2,1,1.00,CYCLE,W
IND,208,6415,59486,29/12/2023,06:21:33,15,1,24.7,1.1,18.5,18.3,2,1,1.00,CYCLE,W
IND,208,6415,59486,29/12/2023,06:22:02,15,1,22.0,1.1,7.3,7.2,2,1,1.00,CYCLE,W
IND,208,6415,59486,29/12/2023,06:22:04,15,1,22.1,1.2,1.5,1.3,2,1,1.00,CYCLE,W
IND,208,6415,59486,29/12/2023,06:22:08,15,1,22.1,1.0,4.8,4.6,2,1,1.00,CYCLE,W
IND,208,6415,59486,29/12/2023,06:22:11,15,1,24.3,1.0,3.0,2.8,2,1,1.00,CYCLE,W
IND,208,6415,59486,29/12/2023,06:24:05,15,1,30.6,0.9,113.9,113.7,2,1,1.00,CYCLE,W
IND,208,6415,59486,29/12/2023,06:24:55,15,1,28.0,1.0,49.7,49.6,2,1,1.00,CYCLE,W
IND,208,6415,59486,29/12/2023,06:28:50,15,1,28.3,1.0,234.6,234.5,2,1,1.00,CYCLE,W
IND,208,6415,59486,29/12/2023,06:29:14,15,1,25.7,1.0,24.0,23.8,2,1,1.00,CYCLE,W
IND,208,6415,59486,29/12/2023,06:30:22,15,1,35.0,1.0,68.2,68.1,2,1,1.00,CYCLE,W
IND,208,6415,59486,29/12/2023,06:30:33,15,1,24.0,1.0,10.6,10.6,2,1,1.00,CYCLE,W
IND,208,6415,59486,29/12/2023,06:34:37,15,1,30.5,1.0,244.2,244.0,2,1,1.00,CYCLE,W
IND,208,6415,59486,29/12/2023,06:40:23,15,1,22.8,1.0,345.8,345.7,2,1,1.00,CYCLE,W
IND,208,6415,59486,29/12/2023,06:40:47,15,1,32.7,1.0,24.3,24.1,2,1,1.00,CYCLE,W
IND,208,6415,59485,29/12/2023,06:43:00,15,0,20.6,0.8,190.9,190.6,2,1,1.00,CYCLE,E
IND,208,6415,59486,29/12/2023,06:43:12,15,1,13.9,1.0,144.8,144.8,2,1,1.00,CYCLE,W
IND,208,6415,59486,29/12/2023,06:43:13,15,1,15.2,1.0,0.9,0.6,2,1,1.00,CYCLE,W
IND,208,6415,59485,29/12/2023,06:46:53,15,0,23.8,1.2,232.5,232.3,2,1,1.00,CYCLE,E
IND,208,6415,59486,29/12/2023,06:47:55,15,1,27.5,1.0,282.6,282.3,2,1,1.00,CYCLE,W
IND,208,6415,59486,29/12/2023,06:48:23,15,1,26.3,1.0,27.7,27.5,2,1,1.00,CYCLE,W
IND,208,6415,59486,29/12/2023,06:50:50,15,1,30.0,1.1,146.9,146.7,2,1,1.00,CYCLE,W
IND,208,6415,59485,29/12/2023,06:52:26,15,0,20.4,0.9,333.4,333.3,2,1,1.00,CYCLE,E
IND,208,6415,59486,29/12/2023,06:55:11,15,1,22.7,1.1,261.1,260.9,2,1,1.00,CYCLE,W
IND,208,6415,59485,29/12/2023,06:55:36,15,0,27.8,1.0,189.8,189.6,2,1,1.00,CYCLE,E
IND,208,6415,59486,29/12/2023,06:56:45,15,1,31.7,1.1,94.7,94.5,2,1,1.00,CYCLE,W
IND,208,6415,59486,29/12/2023,06:58:07,15,1,2.6,1.0,82.1,82.0,2,1,0.50,CYCLE,W
IND,208,6415,59486,29/12/2023,06:58:18,15,1,27.0,1.1,10.2,8.8,2,1,1.00,CYCLE,W
IND,208,6415,59486,29/12/2023,06:59:02,15,1,26.7,1.0,44.6,44.5,2,1,1.00,CYCLE,W
IND,208,6415,59486,29/12/2023,07:06:37,15,1,31.1,1.1,454.8,454.6,2,1,1.00,CYCLE,W
IND,208,6415,59486,29/12/2023,07:08:15,15,1,27.4,1.1,97.4,97.3,2,1,1.00,CYCLE,W
IND,208,6415,59486,29/12/2023,07:09:14,15,1,24.5,1.1,59.1,59.0,2,1,1.00,CYCLE,W
IND,208,6415,59485,29/12/2023,07:14:16,15,0,16.2,1.2,109.6,109.6,2,1,1.00,CYCLE,E
IND,208,6415,59485,29/12/2023,07:14:17,15,0,18.8,1.1,1.6,1.3,2,1,1.00,CYCLE,E
IND,208,6415,59485,29/12/2023,07:14:20,15,0,15.7,1.0,2.8,2.6,2,1,1.00,CYCLE,E
IND,208,6415,59485,29/12/2023,07:15:17,15,0,28.4,1.0,57.3,57.1,2,1,1.00,CYCLE,E
IND,208,6415,59486,29/12/2023,07:15:18,15,1,21.6,1.0,364.1,364.0,2,1,1.00,CYCLE,W
IND,208,6415,59486,29/12/2023,07:16:16,15,1,25.1,1.1,58.1,57.9,2,1,1.00,CYCLE,W
IND,208,6415,59486,29/12/2023,07:17:33,15,1,23.7,1.0,76.9,76.8,2,1,1.00,CYCLE,W
IND,208,6415,59486,29/12/2023,07:18:12,15,1,24.8,1.1,39.3,39.2,2,1,1.00,CYCLE,W
IND,208,6415,59486,29/12/2023,07:20:09,15,1,27.6,1.1,117.0,116.8,2,1,1.00,CYCLE,W
IND,208,6415,59486,29/12/2023,07:21:39,15,1,28.2,1.0,90.3,90.1,2,1,1.00,CYCLE,W
IND,208,6415,59486,29/12/2023,07:22:18,15,1,27.0,0.9,38.2,38.1,2,1,1.00,CYCLE,W
IND,208,6415,59486,29/12/2023,07:22:30,15,1,25.0,1.0,12.3,12.2,2,1,1.00,CYCLE,W
IND,208,6415,59485,29/12/2023,07:23:15,15,0,22.2,1.2,478.1,477.9,2,1,1.00,CYCLE,E
IND,208,6415,59485,29/12/2023,07:23:39,15,0,27.8,1.0,23.3,23.2,2,1,1.00,CYCLE,E
IND,208,6415,59486,29/12/2023,07:24:54,15,1,28.0,1.0,143.9,143.7,2,1,1.00,CYCLE,W
IND,208,6415,59485,29/12/2023,07:26:01,15,0,23.5,1.0,142.1,141.9,2,1,1.00,CYCLE,E
IND,208,6415,59486,29/12/2023,07:28:08,15,1,28.9,1.0,194.5,194.4,2,1,1.00,CYCLE,W
IND,208,6415,59486,29/12/2023,07:29:28,15,1,20.0,0.9,80.2,80.1,2,1,1.00,CYCLE,W
IND,208,6415,59486,29/12/2023,07:30:27,15,1,30.4,1.0,58.1,57.9,2,1,1.00,CYCLE,W
IND,208,6415,59486,29/12/2023,07:31:01,15,1,28.9,1.0,34.9,34.7,2,1,1.00,CYCLE,W
IND,208,6415,59486,29/12/2023,07:31:03,15,1,28.1,1.0,2.1,1.9,2,1,1.00,CYCLE,W
IND,208,6415,59486,29/12/2023,07:33:24,15,1,22.7,1.1,140.1,140.0,2,1,1.00,CYCLE,W
IND,208,6415,59485,29/12/2023,07:35:20,15,0,23.5,1.0,206.1,206.1,2,1,1.00,CYCLE,E
IND,208,6415,59485,29/12/2023,07:35:32,15,0,23.9,1.1,12.2,12.1,2,1,1.00,CYCLE,E
IND,208,6415,59486,29/12/2023,07:35:35,15,1,26.9,1.1,131.0,130.8,2,1,1.00,CYCLE,W
IND,208,6415,59485,29/12/2023,07:37:50,15,0,20.4,1.0,137.8,137.7,2,1,1.00,CYCLE,E
IND,208,6415,59486,29/12/2023,07:38:55,15,1,20.5,0.9,200.6,200.5,2,1,1.00,CYCLE,W
IND,208,6415,59486,29/12/2023,07:40:01,15,1,28.6,1.1,65.6,65.4,2,1,1.00,CYCLE,W
IND,208,6415,59485,29/12/2023,07:40:30,15,0,6.0,1.0,160.0,159.8,2,1,0.75,CYCLE,E
IND,208,6415,59485,29/12/2023,07:44:02,15,0,19.2,1.1,211.8,211.2,2,1,1.00,CYCLE,E
IND,208,6415,59486,29/12/2023,07:44:16,15,1,23.9,1.0,255.1,255.0,2,1,1.00,CYCLE,W
IND,208,6415,59486,29/12/2023,07:44:16,15,1,23.9,1.0,0.0,0.0,2,1,1.00,CYCLE,W
IND,208,6415,59486,29/12/2023,07:44:18,15,1,29.2,1.0,2.7,2.3,2,1,1.00,CYCLE,W
IND,208,6415,59485,29/12/2023,07:45:32,15,0,25.2,1.0,55.2,55.0,2,1,1.00,CYCLE,E
IND,208,6415,59486,29/12/2023,07:46:01,15,1,28.1,1.0,103.0,102.9,2,1,1.00,CYCLE,W
IND,208,6415,59486,29/12/2023,07:46:24,15,1,34.8,1.0,22.4,22.3,2,1,1.00,CYCLE,W
IND,208,6415,59486,29/12/2023,07:51:10,15,1,26.3,1.0,286.1,286.0,2,1,1.00,CYCLE,W
IND,208,6415,59485,29/12/2023,07:52:32,15,0,20.0,1.0,183.0,182.6,2,1,1.00,CYCLE,E
IND,208,6415,59486,29/12/2023,07:52:51,15,1,25.4,1.1,100.6,100.5,2,1,1.00,CYCLE,W
IND,208,6415,59485,29/12/2023,07:53:17,15,0,20.9,1.1,45.2,45.0,2,1,1.00,CYCLE,E
IND,208,6415,59485,29/12/2023,07:55:04,15,0,31.3,1.1,106.5,106.3,2,1,1.00,CYCLE,E
IND,208,6415,59485,29/12/2023,07:55:23,15,0,23.8,1.2,18.9,18.7,2,1,1.00,CYCLE,E
IND,208,6415,59485,29/12/2023,07:57:17,15,0,15.5,1.1,115.0,114.8,2,1,1.00,CYCLE,E
IND,208,6415,59486,29/12/2023,07:59:25,15,1,28.2,1.0,260.5,260.5,2,1,1.00,CYCLE,W
IND,208,6415,59486,29/12/2023,08:00:12,15,1,22.5,0.9,47.3,47.1,2,1,1.00,CYCLE,W
IND,208,6415,59485,29/12/2023,08:00:24,15,0,19.0,1.0,83.7,83.7,2,1,1.00,CYCLE,E
IND,208,6415,59485,29/12/2023,08:00:41,15,0,23.7,1.0,17.4,17.2,2,1,1.00,CYCLE,E
IND,208,6415,59485,29/12/2023,08:00:41,15,0,23.7,1.0,0.0,0.0,2,1,1.00,CYCLE,E
IND,208,6415,59486,29/12/2023,08:02:00,15,1,30.7,1.1,108.3,108.1,2,1,1.00,CYCLE,W
IND,208,6415,59486,29/12/2023,08:02:01,15,1,41.1,1.1,0.8,0.7,2,1,1.00,CYCLE,W
IND,208,6415,59486,29/12/2023,08:03:13,15,1,33.1,1.0,71.8,71.7,2,1,1.00,CYCLE,W
IND,208,6415,59486,29/12/2023,08:04:17,15,1,36.4,1.0,64.5,64.4,2,1,1.00,CYCLE,W
IND,208,6415,59486,29/12/2023,08:05:32,15,1,31.8,1.0,74.4,74.3,2,1,1.00,CYCLE,W
IND,208,6415,59485,29/12/2023,08:06:07,15,0,26.6,1.1,325.4,325.0,2,1,1.00,CYCLE,E
IND,208,6415,59486,29/12/2023,08:06:54,15,1,32.6,1.0,82.1,82.0,2,1,1.00,CYCLE,W
IND,208,6415,59485,29/12/2023,08:07:21,15,0,23.8,1.1,74.4,74.3,2,1,1.00,CYCLE,E
IND,208,6415,59486,29/12/2023,08:09:15,15,1,22.7,1.1,141.1,141.1,2,1,1.00,CYCLE,W
IND,208,6415,59485,29/12/2023,08:12:08,15,0,26.8,1.0,286.3,286.2,2,1,1.00,CYCLE,E
IND,208,6415,59486,29/12/2023,08:13:37,15,1,29.3,1.0,262.0,261.8,2,1,1.00,CYCLE,W
IND,208,6415,59486,29/12/2023,08:13:56,15,1,25.8,0.8,19.2,19.1,2,1,1.00,CYCLE,W
IND,208,6415,59485,29/12/2023,08:19:24,15,0,27.3,1.0,437.0,436.8,2,1,1.00,CYCLE,E
IND,208,6415,59486,29/12/2023,08:20:26,15,1,28.6,1.1,390.2,390.1,2,1,1.00,CYCLE,W
IND,208,6415,59485,29/12/2023,08:24:20,15,0,26.2,1.0,295.2,295.1,2,1,1.00,CYCLE,E
IND,208,6415,59486,29/12/2023,08:25:05,15,1,35.2,1.0,162.6,161.8,2,1,1.00,CYCLE,W
IND,208,6415,59486,29/12/2023,08:26:22,15,1,25.0,1.0,77.7,77.6,2,1,1.00,CYCLE,W
IND,208,6415,59486,29/12/2023,08:27:03,15,1,25.6,1.1,40.7,40.5,2,1,1.00,CYCLE,W
IND,208,6415,59486,29/12/2023,08:27:04,15,1,23.9,1.1,0.6,0.4,2,1,1.00,CYCLE,W
IND,208,6415,59486,29/12/2023,08:29:12,15,1,24.5,1.0,69.1,69.2,2,1,1.00,CYCLE,W
IND,208,6415,59486,29/12/2023,08:29:42,15,1,28.0,1.0,29.6,29.5,2,1,1.00,CYCLE,W
IND,208,6415,59486,29/12/2023,08:29:45,15,1,25.7,1.1,3.1,3.0,2,1,1.00,CYCLE,W
IND,208,6415,59485,29/12/2023,08:30:32,15,0,14.4,1.1,372.3,372.2,2,1,1.00,CYCLE,E
IND,208,6415,59485,29/12/2023,08:30:34,15,0,17.2,1.1,1.8,1.5,2,1,1.00,CYCLE,E
IND,208,6415,59485,29/12/2023,08:31:50,15,0,27.8,1.0,76.5,76.3,2,1,1.00,CYCLE,E
IND,208,6415,59486,29/12/2023,08:32:04,15,1,34.9,1.0,139.0,138.9,2,1,1.00,CYCLE,W
IND,208,6415,59486,29/12/2023,08:33:14,15,1,21.7,1.2,70.4,70.3,2,1,1.00,CYCLE,W
IND,208,6415,59485,29/12/2023,08:35:08,15,0,21.9,1.0,28.4,28.0,2,1,1.00,CYCLE,E
IND,208,6415,59485,29/12/2023,08:35:10,15,0,18.8,1.0,2.6,2.5,2,1,1.00,CYCLE,E
IND,208,6415,59486,29/12/2023,08:37:11,15,1,28.5,1.0,202.6,201.8,2,1,1.00,CYCLE,W
IND,208,6415,59485,29/12/2023,08:37:23,15,0,14.6,1.1,111.7,111.7,2,1,1.00,CYCLE,E
IND,208,6415,59485,29/12/2023,08:37:29,15,0,18.2,1.0,0.9,0.9,2,1,1.00,CYCLE,E
IND,208,6415,59485,29/12/2023,08:37:29,15,0,18.2,1.0,0.0,0.0,2,1,1.00,CYCLE,E
IND,208,6415,59486,29/12/2023,08:39:24,15,1,23.4,1.0,132.7,132.6,2,1,1.00,CYCLE,W
IND,208,6415,59486,29/12/2023,08:39:25,15,1,21.7,1.1,1.0,0.8,2,1,1.00,CYCLE,W
IND,208,6415,59486,29/12/2023,08:39:45,15,1,31.5,0.9,20.1,19.9,2,1,1.00,CYCLE,W
IND,208,6415,59486,29/12/2023,08:41:03,15,1,22.5,1.0,78.0,77.9,2,1,1.00,CYCLE,W
IND,208,6415,59486,29/12/2023,08:41:55,15,1,36.1,1.0,52.0,51.8,2,1,1.00,CYCLE,W
IND,208,6415,59486,29/12/2023,08:42:25,15,1,31.4,1.0,29.6,29.5,2,1,1.00,CYCLE,W
IND,208,6415,59486,29/12/2023,08:43:28,15,1,28.5,0.9,63.7,63.6,2,1,1.00,CYCLE,W
IND,208,6415,59486,29/12/2023,08:46:43,15,1,27.4,1.0,187.6,187.0,2,1,1.00,CYCLE,W
IND,208,6415,59486,29/12/2023,08:48:29,15,1,20.2,1.0,106.1,106.0,2,1,1.00,CYCLE,W
IND,208,6415,59486,29/12/2023,08:48:30,15,1,20.3,1.0,1.0,0.9,2,1,1.00,CYCLE,W
IND,208,6415,59485,29/12/2023,08:49:18,15,0,30.6,1.0,319.5,318.9,2,1,1.00,CYCLE,E
IND,208,6415,59486,29/12/2023,08:49:25,15,1,23.6,1.1,55.5,55.3,2,1,1.00,CYCLE,W
IND,208,6415,59486,29/12/2023,08:52:04,15,1,19.5,1.0,158.5,158.3,2,1,1.00,CYCLE,W
IND,208,6415,59485,29/12/2023,08:53:20,15,0,19.0,1.1,242.4,242.3,2,1,1.00,CYCLE,E
IND,208,6415,59485,29/12/2023,08:54:18,15,0,22.1,1.0,57.6,57.4,2,1,0.67,CYCLE,E
IND,208,6415,59485,29/12/2023,08:55:00,15,0,23.5,1.1,41.8,41.2,2,1,1.00,CYCLE,E
IND,208,6415,59486,29/12/2023,08:55:31,15,1,21.5,1.1,207.7,207.5,2,1,1.00,CYCLE,W
IND,208,6415,59486,29/12/2023,08:55:42,15,1,22.5,1.0,11.1,10.9,2,1,1.00,CYCLE,W
IND,208,6415,59485,29/12/2023,08:57:10,15,0,28.6,1.0,5.6,4.2,2,1,1.00,CYCLE,E
IND,208,6415,59485,29/12/2023,08:58:29,15,0,10.9,1.1,79.0,78.9,2,1,1.00,CYCLE,E
IND,208,6415,59485,29/12/2023,08:58:31,15,0,9.2,1.0,1.9,1.5,2,1,0.50,CYCLE,E
IND,208,6415,59486,29/12/2023,08:58:31,15,1,9.2,1.0,0.0,0.0,2,1,0.50,CYCLE,W
IND,208,6415,59486,29/12/2023,08:59:22,15,1,33.6,1.1,219.6,219.4,2,1,1.00,CYCLE,W
IND,208,6415,59485,29/12/2023,09:00:55,15,0,22.0,1.0,144.1,143.7,2,1,1.00,CYCLE,E
IND,208,6415,59486,29/12/2023,09:02:33,15,1,18.9,1.0,191.2,191.1,2,1,1.00,CYCLE,W
IND,208,6415,59486,29/12/2023,09:03:01,15,1,24.1,1.1,27.4,27.2,2,1,1.00,CYCLE,W
IND,208,6415,59486,29/12/2023,09:03:03,15,1,22.7,1.1,2.3,2.2,2,1,1.00,CYCLE,W
IND,208,6415,59486,29/12/2023,09:03:05,15,1,22.5,1.1,2.3,2.1,2,1,1.00,CYCLE,W
IND,208,6415,59485,29/12/2023,09:03:39,15,0,3.6,1.0,164.6,164.5,2,1,0.40,CYCLE,E
IND,208,6415,59486,29/12/2023,09:03:53,15,1,18.1,1.0,47.8,47.7,2,1,0.86,CYCLE,W
IND,208,6415,59486,29/12/2023,09:03:54,15,1,19.0,1.0,1.2,0.8,2,1,1.00,CYCLE,W
IND,208,6415,59486,29/12/2023,09:03:56,15,1,18.7,1.0,1.3,1.2,2,1,1.00,CYCLE,W
IND,208,6415,59486,29/12/2023,09:04:59,15,1,23.6,1.1,63.2,63.0,2,1,1.00,CYCLE,W
IND,208,6415,59486,29/12/2023,09:05:15,15,1,3.1,1.0,16.4,16.6,2,1,0.40,CYCLE,W
IND,208,6415,59486,29/12/2023,09:05:48,15,1,22.3,1.0,33.0,31.4,2,1,1.00,CYCLE,W
IND,208,6415,59486,29/12/2023,09:06:40,15,1,21.5,1.0,52.1,51.9,2,1,1.00,CYCLE,W
IND,208,6415,59486,29/12/2023,09:06:42,15,1,22.8,1.0,1.8,1.7,2,1,1.00,CYCLE,W
IND,208,6415,59486,29/12/2023,09:06:43,15,1,21.4,1.0,0.7,0.5,2,1,1.00,CYCLE,W
IND,208,6415,59486,29/12/2023,09:06:45,15,1,22.4,1.0,2.2,2.0,2,1,1.00,CYCLE,W
IND,208,6415,59485,29/12/2023,09:07:32,15,0,13.8,1.2,232.3,231.5,2,1,1.00,CYCLE,E
IND,208,6415,59485,29/12/2023,09:07:36,15,0,13.4,1.1,4.7,4.4,2,1,1.00,CYCLE,E
IND,208,6415,59485,29/12/2023,09:07:38,15,0,14.0,1.1,1.6,1.3,2,1,1.00,CYCLE,E
IND,208,6415,59485,29/12/2023,09:07:40,15,0,13.6,1.1,1.9,1.6,2,1,1.00,CYCLE,E
IND,208,6415,59485,29/12/2023,09:08:18,15,0,14.9,1.0,38.4,38.1,2,1,1.00,CYCLE,E
IND,208,6415,59486,29/12/2023,09:10:18,15,1,19.6,1.1,212.5,212.3,2,1,1.00,CYCLE,W
IND,208,6415,59486,29/12/2023,09:10:20,15,1,19.9,1.1,2.7,2.5,2,1,1.00,CYCLE,W
IND,208,6415,59486,29/12/2023,09:10:26,15,1,22.2,0.9,5.8,5.6,2,1,1.00,CYCLE,W
IND,208,6415,59486,29/12/2023,09:11:26,15,1,2.3,1.0,60.0,59.8,2,1,0.67,CYCLE,W
IND,208,6415,59486,29/12/2023,09:13:20,15,1,26.4,1.0,10.3,10.2,2,1,1.00,CYCLE,W
IND,208,6415,59486,29/12/2023,09:13:28,15,1,29.0,1.0,2.6,2.5,2,1,1.00,CYCLE,W
IND,208,6415,59486,29/12/2023,09:13:36,15,1,25.3,1.0,4.7,4.7,2,1,1.00,CYCLE,W
IND,208,6415,59486,29/12/2023,09:13:37,15,1,25.6,0.9,0.4,0.2,2,1,1.00,CYCLE,W
IND,208,6415,59486,29/12/2023,09:13:50,15,1,21.7,1.0,12.9,12.8,2,1,1.00,CYCLE,W
IND,208,6415,59486,29/12/2023,09:13:52,15,1,22.4,1.0,2.5,2.3,2,1,1.00,CYCLE,W
IND,208,6415,59485,29/12/2023,09:14:25,15,0,28.5,1.0,366.5,366.3,2,1,1.00,CYCLE,E
IND,208,6415,59485,29/12/2023,09:14:39,15,0,22.6,1.0,14.0,13.9,2,1,1.00,CYCLE,E
IND,208,6415,59486,29/12/2023,09:15:01,15,1,23.0,1.0,33.2,32.8,2,1,1.00,CYCLE,W
IND,208,6415,59486,29/12/2023,09:15:03,15,1,22.1,1.0,2.1,1.9,2,1,1.00,CYCLE,W
IND,208,6415,59485,29/12/2023,09:15:19,15,0,16.7,1.1,39.9,39.7,2,1,1.00,CYCLE,E
IND,208,6415,59486,29/12/2023,09:17:30,15,1,24.3,1.1,146.8,146.6,2,1,1.00,CYCLE,W
IND,208,6415,59486,29/12/2023,09:17:30,15,1,23.4,1.1,0.4,0.3,2,1,1.00,CYCLE,W
IND,208,6415,59486,29/12/2023,09:17:31,15,1,24.1,1.0,1.0,0.9,2,1,1.00,CYCLE,W
IND,208,6415,59485,29/12/2023,09:17:38,15,0,6.7,1.0,139.2,139.2,2,1,0.40,CYCLE,E
IND,208,6415,59486,29/12/2023,09:17:54,15,1,27.8,1.1,22.6,22.5,2,1,1.00,CYCLE,W
IND,208,6415,59485,29/12/2023,09:17:56,15,0,13.9,1.1,17.8,17.1,2,1,1.00,CYCLE,E
IND,208,6415,59486,29/12/2023,09:20:27,15,1,17.5,1.0,153.4,153.3,2,1,1.00,CYCLE,W
IND,208,6415,59486,29/12/2023,09:20:29,15,1,19.1,1.0,2.0,1.8,2,1,1.00,CYCLE,W
IND,208,6415,59486,29/12/2023,09:23:26,15,1,27.5,1.0,177.0,176.8,2,1,1.00,CYCLE,W
IND,208,6415,59486,29/12/2023,09:23:52,15,1,2.3,0.4,26.1,26.5,2,1,0.80,CYCLE,W
IND,208,6415,59485,29/12/2023,09:27:34,15,0,19.7,1.1,151.4,151.0,2,1,1.00,CYCLE,E
IND,208,6415,59486,29/12/2023,09:28:01,15,1,27.2,1.1,248.5,247.9,2,1,1.00,CYCLE,W
IND,208,6415,59486,29/12/2023,09:30:02,15,1,3.4,0.8,121.7,121.9,2,1,0.80,CYCLE,W
IND,208,6415,59486,29/12/2023,09:30:59,15,1,27.2,1.0,56.5,56.1,2,1,1.00,CYCLE,W
IND,208,6415,59485,29/12/2023,09:32:52,15,0,24.7,1.0,67.9,67.9,2,1,1.00,CYCLE,E
IND,208,6415,59486,29/12/2023,09:34:55,15,1,26.7,0.9,236.5,236.4,2,1,1.00,CYCLE,W
IND,208,6415,59486,29/12/2023,09:34:57,15,1,25.9,1.0,1.4,1.3,2,1,1.00,CYCLE,W
IND,208,6415,59486,29/12/2023,09:36:36,15,1,18.9,0.9,59.4,59.4,2,1,1.00,CYCLE,W
IND,208,6415,59486,29/12/2023,09:37:00,15,1,5.8,1.0,24.0,23.8,2,1,0.57,CYCLE,W
IND,208,6415,59486,29/12/2023,09:37:00,15,1,5.8,1.0,0.0,0.0,2,1,0.57,CYCLE,W
IND,208,6415,59485,29/12/2023,09:37:21,15,0,5.3,1.0,269.6,269.5,2,1,0.50,CYCLE,E
IND,208,6415,59486,29/12/2023,09:37:21,15,1,5.3,1.0,0.0,0.0,2,1,0.50,CYCLE,W
IND,208,6415,59486,29/12/2023,09:37:39,15,1,22.8,1.0,38.8,37.8,2,1,1.00,CYCLE,W
IND,208,6415,59485,29/12/2023,09:37:42,15,0,21.4,1.2,20.6,19.8,2,1,1.00,CYCLE,E
IND,208,6415,59485,29/12/2023,09:37:44,15,0,23.1,1.1,2.1,1.9,2,1,1.00,CYCLE,E
IND,208,6415,59486,29/12/2023,09:38:00,15,1,26.9,1.0,21.8,21.7,2,1,1.00,CYCLE,W
IND,208,6415,59486,29/12/2023,09:38:02,15,1,29.9,1.1,1.4,1.2,2,1,1.00,CYCLE,W
IND,208,6415,59486,29/12/2023,09:38:28,15,1,20.8,1.0,26.2,26.1,2,1,1.00,CYCLE,W
IND,208,6415,59486,29/12/2023,09:38:35,15,1,23.7,1.0,7.1,6.9,2,1,1.00,CYCLE,W
IND,208,6415,59486,29/12/2023,09:38:43,15,1,17.2,1.0,7.9,7.7,2,1,1.00,CYCLE,W
IND,208,6415,59486,29/12/2023,09:38:45,15,1,18.0,0.9,1.6,1.3,2,1,1.00,CYCLE,W
IND,208,6415,59486,29/12/2023,09:39:14,15,1,26.7,1.0,29.2,28.9,2,1,1.00,CYCLE,W
IND,208,6415,59485,29/12/2023,09:42:55,15,0,26.2,1.0,310.9,310.7,2,1,1.00,CYCLE,E
IND,208,6415,59486,29/12/2023,09:42:56,15,1,26.0,1.1,222.3,222.1,2,1,1.00,CYCLE,W
IND,208,6415,59485,29/12/2023,09:43:14,15,0,22.8,1.0,18.7,18.5,2,1,1.00,CYCLE,E
IND,208,6415,59486,29/12/2023,09:43:44,15,1,20.5,1.0,48.2,48.1,2,1,1.00,CYCLE,W
IND,208,6415,59486,29/12/2023,09:44:19,15,1,29.4,1.0,34.7,34.5,2,1,1.00,CYCLE,W
IND,208,6415,59485,29/12/2023,09:45:20,15,0,17.6,1.1,126.6,126.5,2,1,1.00,CYCLE,E
IND,208,6415,59485,29/12/2023,09:45:21,15,0,16.6,1.1,1.0,0.7,2,1,1.00,CYCLE,E
IND,208,6415,59485,29/12/2023,09:46:07,15,0,21.6,1.0,45.3,45.1,2,1,1.00,CYCLE,E
IND,208,6415,59485,29/12/2023,09:46:23,15,0,18.9,1.0,16.6,16.4,2,1,1.00,CYCLE,E
IND,208,6415,59485,29/12/2023,09:46:24,15,0,19.7,1.1,0.5,0.3,2,1,1.00,CYCLE,E
IND,208,6415,59485,29/12/2023,09:46:24,15,0,21.2,1.0,0.6,0.4,2,1,1.00,CYCLE,E
IND,208,6415,59485,29/12/2023,09:46:24,15,0,21.2,1.0,0.0,0.0,2,1,1.00,CYCLE,E
IND,208,6415,59486,29/12/2023,09:49:01,15,1,23.6,1.0,282.0,281.9,2,1,1.00,CYCLE,W
IND,208,6415,59486,29/12/2023,09:49:26,15,1,25.1,1.0,24.6,24.5,2,1,1.00,CYCLE,W
IND,208,6415,59485,29/12/2023,09:52:12,15,0,20.7,1.1,286.1,286.1,2,1,1.00,CYCLE,E
IND,208,6415,59485,29/12/2023,09:53:05,15,0,24.5,0.9,52.9,52.7,2,1,1.00,CYCLE,E
IND,208,6415,59485,29/12/2023,09:55:26,15,0,4.6,0.4,136.4,136.3,2,1,1.00,CYCLE,E
IND,208,6415,59486,29/12/2023,09:56:15,15,1,29.5,1.0,409.0,408.8,2,1,1.00,CYCLE,W
IND,208,6415,59486,29/12/2023,09:57:08,15,1,23.6,1.1,53.8,53.7,2,1,1.00,CYCLE,W
IND,208,6415,59486,29/12/2023,09:57:10,15,1,27.3,1.0,1.8,1.6,2,1,1.00,CYCLE,W
IND,208,6415,59486,29/12/2023,09:57:11,15,1,25.6,1.1,0.8,0.7,2,1,1.00,CYCLE,W
IND,208,6415,59486,29/12/2023,09:57:11,15,1,24.5,1.0,0.4,0.3,2,1,1.00,CYCLE,W
IND,208,6415,59485,29/12/2023,09:57:16,15,0,23.7,1.0,110.4,110.1,2,1,1.00,CYCLE,E
IND,208,6415,59486,29/12/2023,09:57:32,15,1,18.8,0.9,21.1,21.0,2,1,1.00,CYCLE,W
IND,208,6415,59486,29/12/2023,09:57:34,15,1,19.2,1.0,1.0,0.9,2,1,1.00,CYCLE,W
IND,208,6415,59486,29/12/2023,09:57:38,15,1,36.8,1.0,4.4,4.2,2,1,1.00,CYCLE,W
IND,208,6415,59485,29/12/2023,09:57:40,15,0,24.2,1.0,23.9,23.7,2,1,1.00,CYCLE,E
IND,208,6415,59486,29/12/2023,09:58:08,15,1,19.2,1.0,29.9,29.9,2,1,1.00,CYCLE,W
IND,208,6415,59486,29/12/2023,09:58:10,15,1,21.2,1.1,1.8,1.6,2,1,1.00,CYCLE,W
IND,208,6415,59486,29/12/2023,09:58:33,15,1,23.1,1.0,23.2,23.0,2,1,1.00,CYCLE,W
IND,208,6415,59486,29/12/2023,09:58:33,15,1,23.1,1.0,0.0,0.0,2,1,1.00,CYCLE,W
IND,208,6415,59486,29/12/2023,09:59:19,15,1,15.5,1.0,46.2,46.0,2,1,1.00,CYCLE,W
IND,208,6415,59486,29/12/2023,09:59:52,15,1,28.4,0.9,32.6,32.3,2,1,1.00,CYCLE,W
IND,208,6415,59485,29/12/2023,10:02:32,15,0,14.8,1.0,291.4,291.2,2,1,0.86,CYCLE,E
IND,208,6415,59486,29/12/2023,10:04:03,15,1,28.3,1.1,251.8,251.7,2,1,1.00,CYCLE,W
IND,208,6415,59486,29/12/2023,10:05:31,15,1,25.2,1.0,87.3,87.1,2,1,1.00,CYCLE,W
IND,208,6415,59486,29/12/2023,10:05:50,15,1,26.8,1.1,19.5,19.3,2,1,1.00,CYCLE,W
IND,208,6415,59486,29/12/2023,10:06:22,15,1,24.9,1.0,31.3,31.2,2,1,1.00,CYCLE,W
IND,208,6415,59486,29/12/2023,10:06:24,15,1,24.1,0.9,2.0,1.9,2,1,1.00,CYCLE,W
IND,208,6415,59486,29/12/2023,10:06:38,15,1,20.7,1.1,14.7,14.6,2,1,1.00,CYCLE,W
IND,208,6415,59485,29/12/2023,10:07:54,15,0,16.0,1.0,322.6,322.3,2,1,1.00,CYCLE,E
IND,208,6415,59485,29/12/2023,10:07:55,15,0,15.2,1.0,0.6,0.4,2,1,1.00,CYCLE,E
IND,208,6415,59485,29/12/2023,10:07:55,15,0,14.8,1.0,0.6,0.3,2,1,0.86,CYCLE,E
IND,208,6415,59486,29/12/2023,10:08:04,15,1,26.8,1.0,85.7,85.5,2,1,1.00,CYCLE,W
IND,208,6415,59486,29/12/2023,10:08:06,15,1,29.9,1.0,1.8,1.7,2,1,1.00,CYCLE,W
IND,208,6415,59485,29/12/2023,10:09:18,15,0,22.2,1.0,82.7,82.5,2,1,1.00,CYCLE,E
IND,208,6415,59486,29/12/2023,10:10:08,15,1,20.7,1.0,121.8,121.7,2,1,1.00,CYCLE,W
IND,208,6415,59486,29/12/2023,10:10:12,15,1,21.0,0.9,4.0,3.8,2,1,1.00,CYCLE,W
IND,208,6415,59486,29/12/2023,10:10:13,15,1,22.0,1.0,2.0,1.8,2,1,1.00,CYCLE,W
IND,208,6415,59485,29/12/2023,10:12:16,15,0,3.8,1.0,177.9,178.1,2,1,0.29,CYCLE,E
IND,208,6415,59485,29/12/2023,10:13:15,15,0,5.6,0.6,58.6,57.4,2,1,0.80,CYCLE,E
IND,208,6415,59486,29/12/2023,10:13:39,15,1,24.6,1.0,205.2,205.0,2,1,1.00,CYCLE,W
IND,208,6415,59485,29/12/2023,10:15:02,15,0,5.1,1.0,107.6,107.3,2,1,0.57,CYCLE,E
IND,208,6415,59485,29/12/2023,10:15:18,15,0,21.3,1.1,15.9,15.3,2,1,1.00,CYCLE,E
IND,208,6415,59485,29/12/2023,10:17:03,15,0,19.2,1.0,86.3,86.2,2,1,1.00,CYCLE,E
IND,208,6415,59485,29/12/2023,10:18:31,15,0,28.0,1.0,87.7,87.5,2,1,1.00,CYCLE,E
IND,208,6415,59485,29/12/2023,10:18:50,15,0,16.9,1.1,19.2,19.1,2,1,1.00,CYCLE,E
IND,208,6415,59485,29/12/2023,10:19:00,15,0,16.4,1.0,10.6,10.4,2,1,1.00,CYCLE,E
IND,208,6415,59486,29/12/2023,10:19:24,15,1,19.8,1.1,345.3,345.1,2,1,1.00,CYCLE,W
IND,208,6415,59485,29/12/2023,10:19:47,15,0,17.1,1.2,46.4,46.2,2,1,1.00,CYCLE,E
IND,208,6415,59485,29/12/2023,10:19:48,15,0,17.0,1.1,1.3,1.0,2,1,1.00,CYCLE,E
IND,208,6415,59485,29/12/2023,10:19:49,15,0,17.0,1.1,1.0,0.7,2,1,1.00,CYCLE,E
IND,208,6415,59486,29/12/2023,10:20:45,15,1,28.3,1.0,81.4,81.2,2,1,1.00,CYCLE,W
IND,208,6415,59485,29/12/2023,10:22:14,15,0,16.0,1.1,43.0,42.1,2,1,1.00,CYCLE,E
IND,208,6415,59486,29/12/2023,10:23:16,15,1,31.0,1.0,50.4,50.1,2,1,1.00,CYCLE,W
IND,208,6415,59486,29/12/2023,10:23:56,15,1,17.9,1.0,40.0,39.9,2,1,1.00,CYCLE,W
IND,208,6415,59485,29/12/2023,10:24:29,15,0,19.6,1.2,135.0,134.7,2,1,1.00,CYCLE,E
IND,208,6415,59486,29/12/2023,10:25:07,15,1,28.5,1.0,71.0,70.7,2,1,1.00,CYCLE,W
IND,208,6415,59486,29/12/2023,10:25:12,15,1,21.6,1.1,4.5,4.4,2,1,1.00,CYCLE,W
IND,208,6415,59486,29/12/2023,10:26:19,15,1,7.5,0.8,67.5,67.4,2,1,0.80,CYCLE,W
IND,208,6415,59486,29/12/2023,10:27:37,15,1,17.4,1.0,78.3,78.0,2,1,1.00,CYCLE,W
IND,208,6415,59486,29/12/2023,10:27:38,15,1,15.5,1.0,0.5,0.3,2,1,1.00,CYCLE,W
IND,208,6415,59486,29/12/2023,10:28:19,15,1,22.8,1.0,41.4,41.2,2,1,1.00,CYCLE,W
IND,208,6415,59486,29/12/2023,10:28:21,15,1,22.5,1.0,2.0,1.9,2,1,1.00,CYCLE,W
IND,208,6415,59486,29/12/2023,10:28:23,15,1,23.4,1.1,1.7,1.6,2,1,1.00,CYCLE,W
IND,208,6415,59486,29/12/2023,10:28:42,15,1,20.5,1.0,1.4,1.1,2,1,1.00,CYCLE,W
IND,208,6415,59486,29/12/2023,10:29:54,15,1,34.6,1.0,71.3,71.1,2,1,1.00,CYCLE,W
IND,208,6415,59485,29/12/2023,10:32:26,15,0,19.3,1.0,138.7,0.0,2,1,1.00,CYCLE,E
IND,208,6415,59486,29/12/2023,10:33:30,15,1,24.4,1.1,7.7,7.6,2,1,1.00,CYCLE,W
IND,208,6415,59486,29/12/2023,10:33:33,15,1,24.9,1.1,3.5,3.4,2,1,1.00,CYCLE,W
IND,208,6415,59486,29/12/2023,10:33:42,15,1,24.7,1.0,8.7,8.6,2,1,1.00,CYCLE,W
IND,208,6415,59485,29/12/2023,10:34:47,15,0,25.2,1.0,103.4,102.5,2,1,1.00,CYCLE,E
IND,208,6415,59485,29/12/2023,10:35:26,15,0,20.0,1.0,39.2,39.1,2,1,1.00,CYCLE,E
IND,208,6415,59485,29/12/2023,10:36:38,15,0,28.2,1.1,71.2,71.0,2,1,1.00,CYCLE,E
IND,208,6415,59486,29/12/2023,10:38:09,15,1,17.6,1.0,6.7,6.8,2,1,0.67,CYCLE,W
IND,208,6415,59486,29/12/2023,10:38:13,15,1,19.6,1.0,3.4,3.2,2,1,1.00,CYCLE,W
IND,208,6415,59486,29/12/2023,10:38:16,15,1,20.9,1.1,3.4,3.3,2,1,1.00,CYCLE,W
IND,208,6415,59486,29/12/2023,10:39:22,15,1,22.2,1.0,66.2,66.0,2,1,1.00,CYCLE,W
IND,208,6415,59486,29/12/2023,10:41:05,15,1,23.0,1.1,102.7,102.6,2,1,1.00,CYCLE,W
IND,208,6415,59486,29/12/2023,10:41:06,15,1,13.1,0.7,1.2,1.1,2,1,1.00,CYCLE,W
IND,208,6415,59486,29/12/2023,10:41:17,15,1,18.6,0.7,11.0,10.8,2,1,1.00,CYCLE,W
IND,208,6415,59486,29/12/2023,10:41:19,15,1,17.6,0.6,1.7,1.6,2,1,1.00,CYCLE,W
IND,208,6415,59485,29/12/2023,10:41:31,15,0,20.4,1.1,293.2,293.1,2,1,1.00,CYCLE,E
IND,208,6415,59486,29/12/2023,10:42:18,15,1,19.9,1.0,59.0,58.9,2,1,1.00,CYCLE,W
IND,208,6415,59486,29/12/2023,10:42:18,15,1,19.9,1.0,0.0,0.0,2,1,1.00,CYCLE,W
IND,208,6415,59485,29/12/2023,10:43:58,15,0,9.8,1.0,147.2,147.3,2,1,0.44,CYCLE,E
IND,208,6415,59486,29/12/2023,10:46:14,15,1,25.5,1.0,235.9,235.5,2,1,1.00,CYCLE,W
IND,208,6415,59486,29/12/2023,10:46:15,15,1,26.6,1.2,0.5,0.3,2,1,1.00,CYCLE,W
IND,208,6415,59486,29/12/2023,10:46:40,15,1,27.9,1.0,25.3,25.1,2,1,1.00,CYCLE,W
IND,208,6415,59486,29/12/2023,10:46:40,15,1,29.7,1.0,0.6,0.4,2,1,1.00,CYCLE,W
IND,208,6415,59486,29/12/2023,10:46:41,15,1,31.1,1.1,1.0,0.8,2,1,1.00,CYCLE,W
IND,208,6415,59485,29/12/2023,10:47:19,15,0,14.7,1.0,200.8,200.1,2,1,1.00,CYCLE,E
IND,208,6415,59485,29/12/2023,10:47:22,15,0,15.4,1.0,3.2,3.0,2,1,1.00,CYCLE,E
IND,208,6415,59485,29/12/2023,10:49:15,15,0,16.7,1.1,113.1,112.8,2,1,1.00,CYCLE,E
IND,208,6415,59485,29/12/2023,10:49:32,15,0,24.3,1.0,16.8,16.5,2,1,0.50,CYCLE,E
IND,208,6415,59486,29/12/2023,10:49:32,15,1,24.3,1.0,0.0,0.0,2,1,0.50,CYCLE,W
IND,208,6415,59486,29/12/2023,10:52:50,15,1,20.2,1.1,368.9,368.8,2,1,1.00,CYCLE,W
IND,208,6415,59485,29/12/2023,10:52:52,15,0,28.8,1.0,141.3,141.1,2,1,1.00,CYCLE,E
IND,208,6415,59486,29/12/2023,10:53:00,15,1,25.1,1.0,9.5,9.3,2,1,1.00,CYCLE,W
IND,208,6415,59486,29/12/2023,10:57:24,15,1,27.8,1.1,264.1,264.0,2,1,1.00,CYCLE,W
IND,208,6415,59486,29/12/2023,10:57:42,15,1,28.2,1.0,18.2,18.0,2,1,1.00,CYCLE,W
IND,208,6415,59486,29/12/2023,10:57:47,15,1,25.1,1.0,5.0,4.9,2,1,1.00,CYCLE,W
IND,208,6415,59486,29/12/2023,10:58:08,15,1,26.0,1.1,20.7,20.6,2,1,1.00,CYCLE,W
IND,208,6415,59486,29/12/2023,10:58:08,15,1,25.8,1.1,0.5,0.3,2,1,1.00,CYCLE,W
IND,208,6415,59486,29/12/2023,10:58:09,15,1,27.4,1.1,0.8,0.6,2,1,1.00,CYCLE,W
IND,208,6415,59485,29/12/2023,11:00:28,15,0,29.9,1.0,456.5,456.4,2,1,1.00,CYCLE,E
IND,208,6415,59485,29/12/2023,11:00:28,15,0,29.9,1.0,0.0,0.0,2,1,1.00,CYCLE,E
IND,208,6415,59486,29/12/2023,11:01:22,15,1,26.5,1.0,23.7,23.5,2,1,1.00,CYCLE,W
IND,208,6415,59486,29/12/2023,11:03:15,15,1,19.5,1.0,113.0,112.9,2,1,1.00,CYCLE,W
IND,208,6415,59486,29/12/2023,11:03:21,15,1,18.9,1.0,5.4,5.2,2,1,1.00,CYCLE,W
IND,208,6415,59486,29/12/2023,11:03:22,15,1,19.7,1.0,0.9,0.7,2,1,1.00,CYCLE,W
IND,208,6415,59485,29/12/2023,11:04:37,15,0,20.7,1.0,248.4,248.2,2,1,1.00,CYCLE,E
IND,208,6415,59486,29/12/2023,11:06:52,15,1,26.3,1.0,210.1,209.9,2,1,1.00,CYCLE,W
IND,208,6415,59485,29/12/2023,11:06:58,15,0,19.5,0.9,141.1,140.9,2,1,1.00,CYCLE,E
IND,208,6415,59485,29/12/2023,11:06:59,15,0,20.2,1.1,1.2,1.0,2,1,1.00,CYCLE,E
IND,208,6415,59486,29/12/2023,11:08:24,15,1,25.2,1.1,92.5,92.3,2,1,1.00,CYCLE,W
IND,208,6415,59486,29/12/2023,11:08:27,15,1,21.3,1.1,2.6,2.4,2,1,1.00,CYCLE,W
IND,208,6415,59486,29/12/2023,11:08:30,15,1,19.2,1.1,2.7,2.5,2,1,1.00,CYCLE,W
IND,208,6415,59486,29/12/2023,11:08:31,15,1,18.7,1.1,1.1,0.9,2,1,1.00,CYCLE,W
IND,208,6415,59486,29/12/2023,11:08:32,15,1,20.5,1.1,1.5,1.3,2,1,1.00,CYCLE,W
IND,208,6415,59486,29/12/2023,11:08:36,15,1,20.4,1.1,3.5,3.3,2,1,1.00,CYCLE,W
IND,208,6415,59486,29/12/2023,11:08:47,15,1,16.1,0.4,11.0,10.8,2,1,1.00,CYCLE,W
IND,208,6415,59486,29/12/2023,11:08:58,15,1,28.6,1.1,11.0,11.0,2,1,1.00,CYCLE,W
IND,208,6415,59486,29/12/2023,11:10:06,15,1,29.1,1.0,67.7,67.5,2,1,1.00,CYCLE,W
IND,208,6415,59486,29/12/2023,11:10:13,15,1,27.3,1.0,3.3,2.9,2,1,1.00,CYCLE,W
IND,208,6415,59486,29/12/2023,11:10:13,15,1,25.8,1.0,0.4,0.3,2,1,1.00,CYCLE,W
IND,208,6415,59485,29/12/2023,11:11:13,15,0,16.2,1.1,64.6,64.4,2,1,1.00,CYCLE,E
IND,208,6415,59485,29/12/2023,11:11:14,15,0,17.1,1.1,1.0,0.8,2,1,1.00,CYCLE,E
IND,208,6415,59485,29/12/2023,11:11:16,15,0,18.9,1.1,2.6,2.4,2,1,1.00,CYCLE,E
IND,208,6415,59485,29/12/2023,11:11:18,15,0,19.0,1.1,2.2,2.0,2,1,1.00,CYCLE,E
IND,208,6415,59486,29/12/2023,11:11:19,15,1,4.6,1.0,66.1,65.9,2,1,0.33,CYCLE,W
IND,208,6415,59486,29/12/2023,11:11:26,15,1,9.5,1.0,6.9,6.4,2,1,0.44,CYCLE,W
IND,208,6415,59486,29/12/2023,11:11:26,15,1,9.5,1.0,0.0,0.0,2,1,0.44,CYCLE,W
IND,208,6415,59485,29/12/2023,11:12:27,15,0,16.2,1.0,68.8,68.6,2,1,1.00,CYCLE,E
IND,208,6415,59485,29/12/2023,11:13:08,15,0,28.0,1.0,40.6,40.4,2,1,1.00,CYCLE,E
IND,208,6415,59485,29/12/2023,11:14:53,15,0,3.4,1.0,73.2,72.9,2,1,0.29,CYCLE,E
IND,208,6415,59485,29/12/2023,11:14:53,15,0,3.4,1.0,0.0,0.0,2,1,0.29,CYCLE,E
IND,208,6415,59486,29/12/2023,11:15:15,15,1,27.4,1.0,204.8,204.6,2,1,1.00,CYCLE,W
IND,208,6415,59485,29/12/2023,11:15:34,15,0,23.9,1.0,41.5,40.3,2,1,1.00,CYCLE,E
IND,208,6415,59486,29/12/2023,11:16:52,15,1,21.6,1.1,97.0,96.9,2,1,1.00,CYCLE,W
IND,208,6415,59486,29/12/2023,11:16:54,15,1,22.4,1.1,2.0,1.8,2,1,1.00,CYCLE,W
IND,208,6415,59486,29/12/2023,11:16:56,15,1,22.9,1.1,1.5,1.3,2,1,1.00,CYCLE,W
IND,208,6415,59486,29/12/2023,11:16:58,15,1,23.4,1.0,1.9,1.7,2,1,1.00,CYCLE,W
IND,208,6415,59486,29/12/2023,11:17:02,15,1,24.8,1.1,4.7,4.5,2,1,1.00,CYCLE,W
IND,208,6415,59486,29/12/2023,11:17:19,15,1,23.3,1.1,17.1,16.9,2,1,1.00,CYCLE,W
IND,208,6415,59486,29/12/2023,11:17:22,15,1,25.1,1.1,2.4,2.2,2,1,1.00,CYCLE,W
IND,208,6415,59486,29/12/2023,11:17:24,15,1,23.4,1.1,1.8,1.6,2,1,1.00,CYCLE,W
IND,208,6415,59486,29/12/2023,11:17:25,15,1,24.2,1.1,1.8,1.7,2,1,1.00,CYCLE,W
IND,208,6415,59486,29/12/2023,11:17:37,15,1,15.0,1.1,11.5,11.4,2,1,1.00,CYCLE,W
IND,208,6415,59486,29/12/2023,11:17:39,15,1,14.2,1.2,1.8,1.5,2,1,1.00,CYCLE,W
IND,208,6415,59485,29/12/2023,11:17:45,15,0,25.7,1.1,130.4,130.2,2,1,1.00,CYCLE,E
IND,208,6415,59485,29/12/2023,11:17:49,15,0,14.6,1.1,3.9,3.8,2,1,1.00,CYCLE,E
IND,208,6415,59485,29/12/2023,11:17:51,15,0,15.2,1.1,2.0,1.7,2,1,1.00,CYCLE,E
IND,208,6415,59486,29/12/2023,11:19:07,15,1,25.6,1.0,88.2,87.9,2,1,1.00,CYCLE,W
IND,208,6415,59485,29/12/2023,11:19:47,15,0,26.5,1.0,116.3,116.0,2,1,1.00,CYCLE,E
IND,208,6415,59485,29/12/2023,11:19:52,15,0,2.8,0.3,5.6,5.4,2,1,1.00,CYCLE,E
IND,208,6415,59485,29/12/2023,11:20:52,15,0,20.1,1.0,59.6,59.2,2,1,1.00,CYCLE,E
IND,208,6415,59485,29/12/2023,11:21:17,15,0,25.3,1.1,24.5,24.3,2,1,1.00,CYCLE,E
IND,208,6415,59485,29/12/2023,11:21:35,15,0,19.3,1.0,18.3,18.1,2,1,1.00,CYCLE,E
IND,208,6415,59485,29/12/2023,11:23:55,15,0,21.5,1.0,123.3,123.3,2,1,1.00,CYCLE,E
IND,208,6415,59485,29/12/2023,11:24:42,15,0,2.9,1.0,46.5,46.3,2,1,0.25,CYCLE,E
IND,208,6415,59486,29/12/2023,11:24:44,15,1,22.2,1.1,337.2,337.1,2,1,1.00,CYCLE,W
IND,208,6415,59486,29/12/2023,11:27:08,15,1,23.0,1.1,143.8,143.7,2,1,1.00,CYCLE,W
IND,208,6415,59485,29/12/2023,11:27:10,15,0,20.6,0.9,148.9,147.6,2,1,1.00,CYCLE,E
IND,208,6415,59485,29/12/2023,11:27:11,15,0,19.9,1.0,0.8,0.6,2,1,1.00,CYCLE,E
IND,208,6415,59485,29/12/2023,11:27:19,15,0,18.7,0.9,7.9,7.7,2,1,1.00,CYCLE,E
IND,208,6415,59485,29/12/2023,11:27:20,15,0,18.2,1.0,1.1,0.9,2,1,1.00,CYCLE,E
IND,208,6415,59485,29/12/2023,11:27:28,15,0,17.0,1.0,8.2,8.0,2,1,1.00,CYCLE,E
IND,208,6415,59486,29/12/2023,11:28:02,15,1,32.0,1.0,53.9,53.7,2,1,1.00,CYCLE,W
IND,208,6415,59486,29/12/2023,11:28:12,15,1,19.8,1.0,9.7,9.6,2,1,1.00,CYCLE,W
IND,208,6415,59486,29/12/2023,11:28:12,15,1,19.8,1.0,0.0,0.0,2,1,1.00,CYCLE,W
IND,208,6415,59486,29/12/2023,11:29:09,15,1,24.3,1.1,57.1,56.7,2,1,1.00,CYCLE,W
IND,208,6415,59486,29/12/2023,11:29:33,15,1,29.1,1.0,24.5,24.3,2,1,1.00,CYCLE,W
IND,208,6415,59485,29/12/2023,11:31:06,15,0,20.3,1.1,217.6,217.3,2,1,1.00,CYCLE,E
IND,208,6415,59485,29/12/2023,11:31:14,15,0,28.1,1.1,8.1,7.9,2,1,1.00,CYCLE,E
IND,208,6415,59485,29/12/2023,11:31:59,15,0,21.0,1.1,44.7,44.5,2,1,1.00,CYCLE,E
IND,208,6415,59486,29/12/2023,11:36:29,15,1,20.5,1.0,415.8,415.7,2,1,1.00,CYCLE,W
IND,208,6415,59485,29/12/2023,11:37:57,15,0,19.4,1.1,188.4,188.1,2,1,1.00,CYCLE,E
IND,208,6415,59486,29/12/2023,11:39:13,15,1,22.9,0.9,163.7,163.5,2,1,1.00,CYCLE,W
IND,208,6415,59486,29/12/2023,11:39:54,15,1,27.1,1.1,41.8,41.7,2,1,1.00,CYCLE,W
IND,208,6415,59485,29/12/2023,11:39:58,15,0,20.7,0.9,120.9,120.7,2,1,1.00,CYCLE,E
IND,208,6415,59485,29/12/2023,11:39:59,15,0,20.6,0.9,1.9,1.7,2,1,1.00,CYCLE,E
IND,208,6415,59486,29/12/2023,11:40:16,15,1,22.9,1.1,21.6,21.5,2,1,1.00,CYCLE,W
IND,208,6415,59486,29/12/2023,11:40:17,15,1,23.1,1.0,1.0,0.9,2,1,1.00,CYCLE,W
IND,208,6415,59486,29/12/2023,11:40:30,15,1,26.0,1.0,13.1,12.9,2,1,1.00,CYCLE,W
IND,208,6415,59486,29/12/2023,11:41:44,15,1,24.4,1.0,73.7,73.6,2,1,1.00,CYCLE,W
IND,208,6415,59485,29/12/2023,11:41:45,15,0,27.4,1.0,105.4,105.2,2,1,1.00,CYCLE,E
IND,208,6415,59486,29/12/2023,11:42:05,15,1,22.9,1.1,21.5,21.3,2,1,1.00,CYCLE,W
IND,208,6415,59485,29/12/2023,11:43:15,15,0,39.3,1.0,90.1,90.0,2,1,1.00,CYCLE,E
IND,208,6415,59486,29/12/2023,11:44:21,15,1,28.7,1.1,135.5,135.3,2,1,1.00,CYCLE,W
IND,208,6415,59485,29/12/2023,11:44:34,15,0,16.3,1.0,79.5,79.4,2,1,1.00,CYCLE,E
IND,208,6415,59485,29/12/2023,11:44:35,15,0,15.3,1.1,0.6,0.4,2,1,1.00,CYCLE,E
IND,208,6415,59486,29/12/2023,11:44:37,15,1,22.4,1.0,15.7,15.6,2,1,1.00,CYCLE,W
IND,208,6415,59486,29/12/2023,11:45:06,15,1,22.2,1.1,28.9,28.8,2,1,1.00,CYCLE,W
IND,208,6415,59486,29/12/2023,11:45:24,15,1,21.2,1.0,18.3,18.1,2,1,1.00,CYCLE,W
IND,208,6415,59485,29/12/2023,11:45:30,15,0,16.0,0.9,54.9,54.6,2,1,1.00,CYCLE,E
IND,208,6415,59485,29/12/2023,11:45:36,15,0,13.5,0.9,6.1,5.9,2,1,1.00,CYCLE,E
IND,208,6415,59485,29/12/2023,11:47:21,15,0,15.7,1.1,104.6,104.3,2,1,1.00,CYCLE,E
IND,208,6415,59485,29/12/2023,11:47:28,15,0,25.0,1.0,7.6,7.4,2,1,1.00,CYCLE,E
IND,208,6415,59485,29/12/2023,11:47:34,15,0,14.3,1.1,5.4,5.3,2,1,1.00,CYCLE,E
IND,208,6415,59485,29/12/2023,11:47:37,15,0,14.3,1.1,3.4,3.1,2,1,1.00,CYCLE,E
IND,208,6415,59486,29/12/2023,11:47:49,15,1,27.1,1.1,72.9,72.0,2,1,1.00,CYCLE,W
IND,208,6415,59485,29/12/2023,11:49:15,15,0,16.2,1.0,98.4,98.2,2,1,1.00,CYCLE,E
IND,208,6415,59485,29/12/2023,11:49:17,15,0,17.1,1.1,1.7,1.4,2,1,1.00,CYCLE,E
IND,208,6415,59485,29/12/2023,11:49:21,15,0,16.1,1.0,4.2,3.9,2,1,1.00,CYCLE,E
IND,208,6415,59486,29/12/2023,11:49:33,15,1,21.4,1.0,104.1,104.0,2,1,1.00,CYCLE,W
IND,208,6415,59486,29/12/2023,11:49:34,15,1,22.6,1.1,0.5,0.3,2,1,1.00,CYCLE,W
IND,208,6415,59486,29/12/2023,11:49:51,15,1,17.6,1.1,16.9,16.8,2,1,1.00,CYCLE,W
IND,208,6415,59486,29/12/2023,11:49:56,15,1,17.9,1.0,5.5,5.3,2,1,1.00,CYCLE,W
IND,208,6415,59486,29/12/2023,11:49:58,15,1,19.8,1.0,1.6,1.4,2,1,1.00,CYCLE,W
IND,208,6415,59486,29/12/2023,11:49:59,15,1,22.0,1.0,1.5,1.3,2,1,1.00,CYCLE,W
IND,208,6415,59486,29/12/2023,11:50:17,15,1,25.4,1.0,17.2,17.0,2,1,1.00,CYCLE,W
IND,208,6415,59486,29/12/2023,11:50:18,15,1,26.3,1.0,1.2,1.0,2,1,1.00,CYCLE,W
IND,208,6415,59486,29/12/2023,11:50:23,15,1,34.7,1.2,5.0,4.9,2,1,1.00,CYCLE,W
IND,208,6415,59485,29/12/2023,11:51:08,15,0,22.7,1.0,107.3,107.1,2,1,1.00,CYCLE,E
IND,208,6415,59486,29/12/2023,11:51:45,15,1,32.4,1.0,81.8,81.6,2,1,0.57,CYCLE,W
IND,208,6415,59486,29/12/2023,11:51:45,15,1,32.4,1.0,0.0,0.0,2,1,0.57,CYCLE,W
IND,208,6415,59486,29/12/2023,11:52:08,15,1,22.9,1.0,23.1,22.2,2,1,1.00,CYCLE,W
IND,208,6415,59486,29/12/2023,11:52:08,15,1,22.4,1.0,0.6,0.5,2,1,1.00,CYCLE,W
IND,208,6415,59486,29/12/2023,11:52:43,15,1,3.0,0.5,35.0,35.3,2,1,1.00,CYCLE,W
IND,208,6415,59486,29/12/2023,11:53:00,15,1,21.2,1.0,17.1,16.1,2,1,1.00,CYCLE,W
IND,208,6415,59485,29/12/2023,11:53:08,15,0,21.5,1.0,119.9,119.7,2,1,1.00,CYCLE,E
IND,208,6415,59485,29/12/2023,11:53:09,15,0,20.6,1.0,0.4,0.2,2,1,1.00,CYCLE,E
IND,208,6415,59485,29/12/2023,11:53:09,15,0,20.9,1.1,0.7,0.5,2,1,1.00,CYCLE,E
IND,208,6415,59486,29/12/2023,11:53:12,15,1,30.1,1.2,11.6,11.4,2,1,1.00,CYCLE,W
IND,208,6415,59486,29/12/2023,11:53:22,15,1,26.1,1.1,10.3,10.1,2,1,1.00,CYCLE,W
IND,208,6415,59486,29/12/2023,11:53:52,15,1,28.2,1.0,29.5,29.3,2,1,1.00,CYCLE,W
IND,208,6415,59486,29/12/2023,11:54:25,15,1,28.1,1.2,33.7,33.6,2,1,1.00,CYCLE,W
IND,208,6415,59485,29/12/2023,11:54:54,15,0,26.8,1.0,104.9,104.7,2,1,1.00,CYCLE,E
IND,208,6415,59485,29/12/2023,11:56:34,15,0,18.1,1.1,99.8,99.6,2,1,1.00,CYCLE,E
IND,208,6415,59486,29/12/2023,11:59:12,15,1,22.9,1.0,286.2,286.1,2,1,1.00,CYCLE,W
IND,208,6415,59486,29/12/2023,12:00:25,15,1,19.3,1.0,73.7,73.5,2,1,1.00,CYCLE,W
IND,208,6415,59486,29/12/2023,12:03:54,15,1,27.0,1.0,191.6,191.3,2,1,1.00,CYCLE,W
IND,208,6415,59485,29/12/2023,12:05:05,15,0,28.0,1.1,305.7,305.5,2,1,1.00,CYCLE,E
IND,208,6415,59486,29/12/2023,12:06:09,15,1,31.7,1.1,134.9,134.7,2,1,1.00,CYCLE,W
IND,208,6415,59486,29/12/2023,12:06:21,15,1,19.1,0.9,11.5,11.4,2,1,1.00,CYCLE,W
IND,208,6415,59486,29/12/2023,12:06:21,15,1,19.9,1.0,0.5,0.3,2,1,1.00,CYCLE,W
IND,208,6415,59486,29/12/2023,12:06:21,15,1,19.9,1.0,0.0,0.0,2,1,1.00,CYCLE,W
IND,208,6415,59486,29/12/2023,12:06:56,15,1,25.9,1.1,35.4,35.0,2,1,1.00,CYCLE,W
IND,208,6415,59485,29/12/2023,12:07:03,15,0,4.4,0.4,118.1,118.0,2,1,0.80,CYCLE,E
IND,208,6415,59485,29/12/2023,12:07:15,15,0,21.2,1.1,12.6,12.3,2,1,1.00,CYCLE,E
IND,208,6415,59485,29/12/2023,12:07:16,15,0,21.4,1.1,0.7,0.5,2,1,1.00,CYCLE,E
IND,208,6415,59485,29/12/2023,12:08:43,15,0,40.9,1.2,87.4,87.2,2,1,1.00,CYCLE,E
IND,208,6415,59486,29/12/2023,12:10:09,15,1,44.2,1.1,192.1,191.9,2,1,1.00,CYCLE,W
IND,208,6415,59485,29/12/2023,12:10:21,15,0,16.1,1.0,97.7,97.6,2,1,1.00,CYCLE,E
IND,208,6415,59485,29/12/2023,12:10:23,15,0,16.2,1.1,1.3,1.1,2,1,1.00,CYCLE,E
IND,208,6415,59486,29/12/2023,12:10:47,15,1,16.5,1.0,38.0,37.9,2,1,1.00,CYCLE,W
IND,208,6415,59486,29/12/2023,12:10:51,15,1,14.9,1.0,4.2,4.0,2,1,1.00,CYCLE,W
IND,208,6415,59485,29/12/2023,12:11:44,15,0,13.9,1.1,81.8,81.6,2,1,1.00,CYCLE,E
IND,208,6415,59485,29/12/2023,12:11:46,15,0,12.3,1.0,1.3,1.0,2,1,1.00,CYCLE,E
IND,208,6415,59485,29/12/2023,12:13:16,15,0,23.7,1.0,90.3,90.0,2,1,1.00,CYCLE,E
IND,208,6415,59485,29/12/2023,12:13:16,15,0,24.7,1.0,0.3,0.2,2,1,1.00,CYCLE,E
IND,208,6415,59485,29/12/2023,12:13:55,15,0,16.2,1.0,38.3,38.2,2,1,1.00,CYCLE,E
IND,208,6415,59486,29/12/2023,12:14:23,15,1,28.7,1.1,211.8,211.5,2,1,1.00,CYCLE,W
IND,208,6415,59486,29/12/2023,12:14:40,15,1,26.3,1.0,17.7,17.5,2,1,1.00,CYCLE,W
IND,208,6415,59486,29/12/2023,12:14:41,15,1,25.6,0.9,0.8,0.7,2,1,1.00,CYCLE,W
IND,208,6415,59486,29/12/2023,12:15:42,15,1,23.7,1.0,60.8,60.6,2,1,1.00,CYCLE,W
IND,208,6415,59486,29/12/2023,12:17:08,15,1,19.4,1.0,84.9,84.7,2,1,1.00,CYCLE,W
IND,208,6415,59486,29/12/2023,12:17:49,15,1,24.9,1.1,40.7,40.5,2,1,1.00,CYCLE,W
IND,208,6415,59486,29/12/2023,12:20:06,15,1,25.7,1.1,136.6,136.4,2,1,1.00,CYCLE,W
IND,208,6415,59486,29/12/2023,12:20:23,15,1,20.0,1.1,17.2,17.0,2,1,1.00,CYCLE,W
IND,208,6415,59486,29/12/2023,12:20:24,15,1,20.3,0.9,1.2,1.0,2,1,1.00,CYCLE,W
IND,208,6415,59485,29/12/2023,12:20:26,15,0,7.8,1.0,391.2,391.0,2,1,0.27,CYCLE,E
IND,208,6415,59485,29/12/2023,12:20:26,15,0,7.8,1.0,0.0,0.0,2,1,0.27,CYCLE,E
IND,208,6415,59485,29/12/2023,12:20:34,15,0,12.1,0.9,8.4,7.0,2,1,1.00,CYCLE,E
IND,208,6415,59486,29/12/2023,12:20:43,15,1,20.0,0.9,19.6,19.4,2,1,1.00,CYCLE,W
IND,208,6415,59485,29/12/2023,12:21:07,15,0,12.9,1.1,33.2,32.9,2,1,1.00,CYCLE,E
IND,208,6415,59485,29/12/2023,12:21:09,15,0,11.1,1.0,1.5,1.2,2,1,1.00,CYCLE,E
IND,208,6415,59485,29/12/2023,12:21:57,15,0,20.9,1.1,48.1,47.8,2,1,1.00,CYCLE,E
IND,208,6415,59485,29/12/2023,12:22:20,15,0,22.7,1.1,22.6,22.4,2,1,1.00,CYCLE,E
IND,208,6415,59485,29/12/2023,12:23:36,15,0,13.2,1.0,8.9,8.3,2,1,1.00,CYCLE,E
IND,208,6415,59486,29/12/2023,12:23:37,15,1,18.4,0.9,173.8,173.6,2,1,1.00,CYCLE,W
IND,208,6415,59486,29/12/2023,12:23:46,15,1,19.5,1.1,8.7,8.5,2,1,1.00,CYCLE,W
IND,208,6415,59486,29/12/2023,12:23:47,15,1,20.4,1.0,0.8,0.6,2,1,1.00,CYCLE,W
IND,208,6415,59486,29/12/2023,12:23:56,15,1,25.1,1.0,9.7,9.5,2,1,1.00,CYCLE,W
IND,208,6415,59485,29/12/2023,12:24:45,15,0,18.0,1.1,68.8,68.6,2,1,1.00,CYCLE,E
IND,208,6415,59485,29/12/2023,12:24:56,15,0,4.5,1.0,11.3,11.1,2,1,0.50,CYCLE,E
IND,208,6415,59485,29/12/2023,12:25:24,15,0,21.4,1.0,28.4,26.5,2,1,1.00,CYCLE,E
IND,208,6415,59486,29/12/2023,12:27:00,15,1,27.3,1.0,20.3,20.4,2,1,1.00,CYCLE,W
IND,208,6415,59485,29/12/2023,12:28:22,15,0,20.6,1.0,178.1,177.9,2,1,1.00,CYCLE,E
IND,208,6415,59486,29/12/2023,12:29:17,15,1,25.8,0.9,86.5,86.3,2,1,1.00,CYCLE,W
IND,208,6415,59486,29/12/2023,12:29:28,15,1,27.4,1.1,11.6,11.4,2,1,1.00,CYCLE,W
IND,208,6415,59485,29/12/2023,12:29:34,15,0,20.6,1.0,72.0,71.8,2,1,1.00,CYCLE,E
IND,208,6415,59485,29/12/2023,12:29:43,15,0,15.9,1.0,8.7,8.5,2,1,1.00,CYCLE,E
IND,208,6415,59485,29/12/2023,12:29:44,15,0,16.9,1.0,1.3,1.0,2,1,1.00,CYCLE,E
IND,208,6415,59485,29/12/2023,12:29:47,15,0,17.5,1.1,2.4,2.2,2,1,1.00,CYCLE,E
IND,208,6415,59486,29/12/2023,12:31:20,15,1,10.3,1.0,111.6,111.4,2,1,0.40,CYCLE,W
IND,208,6415,59485,29/12/2023,12:32:03,15,0,25.6,1.0,78.6,78.2,2,1,1.00,CYCLE,E
IND,208,6415,59485,29/12/2023,12:32:54,15,0,22.2,1.1,51.7,51.6,2,1,1.00,CYCLE,E
IND,208,6415,59486,29/12/2023,12:32:55,15,1,23.8,1.0,35.5,34.5,2,1,1.00,CYCLE,W
IND,208,6415,59486,29/12/2023,12:33:15,15,1,28.7,1.1,19.5,19.4,2,1,1.00,CYCLE,W
IND,208,6415,59485,29/12/2023,12:33:41,15,0,16.7,1.0,46.3,46.1,2,1,1.00,CYCLE,E
IND,208,6415,59486,29/12/2023,12:35:00,15,1,22.4,1.0,105.9,105.8,2,1,1.00,CYCLE,W
IND,208,6415,59486,29/12/2023,12:35:01,15,1,24.0,1.0,0.5,0.3,2,1,1.00,CYCLE,W
IND,208,6415,59485,29/12/2023,12:35:28,15,0,20.7,1.0,107.2,106.9,2,1,1.00,CYCLE,E
IND,208,6415,59485,29/12/2023,12:35:30,15,0,26.1,1.0,2.5,2.4,2,1,1.00,CYCLE,E
IND,208,6415,59485,29/12/2023,12:36:21,15,0,26.8,1.2,16.4,15.6,2,1,1.00,CYCLE,E
IND,208,6415,59486,29/12/2023,12:38:09,15,1,5.6,1.0,188.0,187.8,2,1,0.36,CYCLE,W
IND,208,6415,59486,29/12/2023,12:38:09,15,1,5.6,1.0,0.0,0.0,2,1,0.36,CYCLE,W
IND,208,6415,59486,29/12/2023,12:38:53,15,1,26.9,1.0,16.6,16.4,2,1,1.00,CYCLE,W
IND,208,6415,59486,29/12/2023,12:38:54,15,1,26.9,1.0,1.2,1.1,2,1,1.00,CYCLE,W
IND,208,6415,59486,29/12/2023,12:39:01,15,1,24.9,1.0,7.1,7.0,2,1,1.00,CYCLE,W
IND,208,6415,59485,29/12/2023,12:39:06,15,0,9.4,1.0,165.5,165.3,2,1,0.60,CYCLE,E
IND,208,6415,59486,29/12/2023,12:39:10,15,1,2.3,0.3,8.6,9.0,2,1,0.80,CYCLE,W
IND,208,6415,59485,29/12/2023,12:39:15,15,0,19.6,1.1,9.0,8.2,2,1,1.00,CYCLE,E
IND,208,6415,59486,29/12/2023,12:39:59,15,1,18.2,1.0,49.6,49.0,2,1,1.00,CYCLE,W
IND,208,6415,59486,29/12/2023,12:40:00,15,1,20.2,1.0,1.2,1.0,2,1,1.00,CYCLE,W
IND,208,6415,59486,29/12/2023,12:41:13,15,1,21.5,1.0,72.9,72.7,2,1,1.00,CYCLE,W
IND,208,6415,59486,29/12/2023,12:41:13,15,1,21.5,1.0,0.0,0.0,2,1,1.00,CYCLE,W
IND,208,6415,59486,29/12/2023,12:42:15,15,1,20.2,1.1,61.8,61.5,2,1,1.00,CYCLE,W
IND,208,6415,59486,29/12/2023,12:42:22,15,1,19.9,1.1,7.2,7.0,2,1,1.00,CYCLE,W
IND,208,6415,59486,29/12/2023,12:42:24,15,1,19.3,1.1,2.0,1.8,2,1,1.00,CYCLE,W
IND,208,6415,59486,29/12/2023,12:42:27,15,1,22.1,1.1,3.2,2.9,2,1,1.00,CYCLE,W
IND,208,6415,59486,29/12/2023,12:43:17,15,1,30.8,1.0,49.8,49.6,2,1,1.00,CYCLE,W
IND,208,6415,59486,29/12/2023,12:43:54,15,1,17.5,1.0,10.7,10.1,2,1,1.00,CYCLE,W
IND,208,6415,59485,29/12/2023,12:43:56,15,0,2.9,1.0,281.1,280.9,2,1,0.50,CYCLE,E
IND,208,6415,59486,29/12/2023,12:43:56,15,1,2.9,1.0,0.0,0.0,2,1,0.50,CYCLE,W
IND,208,6415,59485,29/12/2023,12:45:00,15,0,4.2,1.0,63.4,62.4,2,1,0.71,CYCLE,E
IND,208,6415,59485,29/12/2023,12:46:53,15,0,28.0,1.0,113.1,111.5,2,1,1.00,CYCLE,E
IND,208,6415,59486,29/12/2023,12:47:27,15,1,27.7,1.0,212.7,212.5,2,1,1.00,CYCLE,W
IND,208,6415,59485,29/12/2023,12:47:33,15,0,24.7,1.0,40.3,40.1,2,1,1.00,CYCLE,E
IND,208,6415,59486,29/12/2023,12:48:12,15,1,4.6,0.5,44.9,45.1,2,1,0.80,CYCLE,W
IND,208,6415,59486,29/12/2023,12:48:59,15,1,20.8,1.1,47.0,46.7,2,1,1.00,CYCLE,W
IND,208,6415,59486,29/12/2023,12:49:02,15,1,20.5,1.0,3.0,2.8,2,1,1.00,CYCLE,W
IND,208,6415,59486,29/12/2023,12:49:03,15,1,20.7,1.1,1.1,0.9,2,1,1.00,CYCLE,W
IND,208,6415,59485,29/12/2023,12:50:26,15,0,16.5,1.0,172.6,172.4,2,1,1.00,CYCLE,E
IND,208,6415,59485,29/12/2023,12:50:56,15,0,11.7,1.0,30.3,30.1,2,1,1.00,CYCLE,E
IND,208,6415,59485,29/12/2023,12:50:56,15,0,11.7,1.0,0.0,0.0,2,1,1.00,CYCLE,E
IND,208,6415,59486,29/12/2023,12:50:58,15,1,26.6,1.0,85.8,84.9,2,1,1.00,CYCLE,W
IND,208,6415,59485,29/12/2023,12:51:10,15,0,13.0,1.0,14.2,13.8,2,1,1.00,CYCLE,E
IND,208,6415,59485,29/12/2023,12:51:10,15,0,13.0,1.0,0.0,0.0,2,1,1.00,CYCLE,E
IND,208,6415,59486,29/12/2023,12:53:46,15,1,24.9,1.2,63.7,63.7,2,1,1.00,CYCLE,W
IND,208,6415,59486,29/12/2023,12:53:51,15,1,24.5,1.1,5.3,5.1,2,1,1.00,CYCLE,W
IND,208,6415,59486,29/12/2023,12:54:06,15,1,21.2,0.8,15.7,15.5,2,1,0.80,CYCLE,W
IND,208,6415,59486,29/12/2023,12:56:03,15,1,34.2,1.1,116.3,116.3,2,1,1.00,CYCLE,W
IND,208,6415,59485,29/12/2023,13:04:14,15,0,20.8,1.0,64.2,64.2,2,1,1.00,CYCLE,E
IND,208,6415,59486,29/12/2023,13:04:53,15,1,26.2,1.1,470.6,470.5,2,1,1.00,CYCLE,W
IND,208,6415,59486,29/12/2023,13:05:26,15,1,3.8,1.0,32.9,33.1,2,1,0.86,CYCLE,W
IND,208,6415,59486,29/12/2023,13:06:01,15,1,24.9,1.0,35.0,33.6,2,1,1.00,CYCLE,W
IND,208,6415,59486,29/12/2023,13:07:13,15,1,27.1,1.0,72.1,71.9,2,1,1.00,CYCLE,W
IND,208,6415,59486,29/12/2023,13:07:36,15,1,25.5,0.9,23.3,23.2,2,1,1.00,CYCLE,W
IND,208,6415,59485,29/12/2023,13:07:45,15,0,26.2,1.1,204.0,203.8,2,1,1.00,CYCLE,E
IND,208,6415,59485,29/12/2023,13:08:09,15,0,2.8,0.4,24.0,23.9,2,1,1.00,CYCLE,E
IND,208,6415,59486,29/12/2023,13:09:03,15,1,21.1,1.0,86.3,86.2,2,1,1.00,CYCLE,W
IND,208,6415,59486,29/12/2023,13:09:03,15,1,23.1,1.1,0.6,0.4,2,1,1.00,CYCLE,W
IND,208,6415,59486,29/12/2023,13:09:07,15,1,19.4,0.9,4.1,3.9,2,1,1.00,CYCLE,W
IND,208,6415,59485,29/12/2023,13:09:16,15,0,19.0,1.1,67.1,66.6,2,1,1.00,CYCLE,E
IND,208,6415,59486,29/12/2023,13:09:28,15,1,26.2,1.0,20.5,20.3,2,1,1.00,CYCLE,W
IND,208,6415,59486,29/12/2023,13:09:29,15,1,25.5,1.0,1.5,1.3,2,1,1.00,CYCLE,W
IND,208,6415,59486,29/12/2023,13:09:40,15,1,21.3,1.1,11.1,11.0,2,1,1.00,CYCLE,W
IND,208,6415,59486,29/12/2023,13:09:42,15,1,22.1,1.1,1.5,1.3,2,1,1.00,CYCLE,W
IND,208,6415,59486,29/12/2023,13:09:43,15,1,20.8,1.0,0.9,0.7,2,1,1.00,CYCLE,W
IND,208,6415,59485,29/12/2023,13:10:05,15,0,23.2,1.0,48.8,48.6,2,1,1.00,CYCLE,E
IND,208,6415,59486,29/12/2023,13:10:13,15,1,24.0,1.1,30.5,30.3,2,1,1.00,CYCLE,W
IND,208,6415,59485,29/12/2023,13:11:43,15,0,29.6,1.0,97.6,97.5,2,1,1.00,CYCLE,E
IND,208,6415,59485,29/12/2023,13:12:32,15,0,21.5,1.1,48.9,48.7,2,1,1.00,CYCLE,E
IND,208,6415,59485,29/12/2023,13:12:32,15,0,24.7,1.1,0.7,0.5,2,1,1.00,CYCLE,E
IND,208,6415,59485,29/12/2023,13:13:14,15,0,26.1,1.0,42.1,42.0,2,1,1.00,CYCLE,E
IND,208,6415,59486,29/12/2023,13:14:19,15,1,22.1,1.0,246.1,245.9,2,1,1.00,CYCLE,W
IND,208,6415,59486,29/12/2023,13:15:48,15,1,24.0,1.0,88.6,88.4,2,1,1.00,CYCLE,W
IND,208,6415,59485,29/12/2023,13:16:20,15,0,17.1,1.0,185.5,185.4,2,1,1.00,CYCLE,E
IND,208,6415,59485,29/12/2023,13:17:29,15,0,22.5,1.0,32.5,0.0,2,1,1.00,CYCLE,E
IND,208,6415,59485,29/12/2023,13:17:30,15,0,22.4,1.1,0.5,0.3,2,1,1.00,CYCLE,E
IND,208,6415,59485,29/12/2023,13:17:33,15,0,20.1,0.9,3.5,3.4,2,1,1.00,CYCLE,E
IND,208,6415,59485,29/12/2023,13:17:35,15,0,20.7,0.9,1.4,1.3,2,1,1.00,CYCLE,E
IND,208,6415,59485,29/12/2023,13:18:15,15,0,33.3,1.1,40.5,40.4,2,1,1.00,CYCLE,E
IND,208,6415,59486,29/12/2023,13:18:31,15,1,4.2,1.0,105.1,104.5,2,1,0.40,CYCLE,W
IND,208,6415,59485,29/12/2023,13:20:08,15,0,19.8,1.1,112.7,112.6,2,1,1.00,CYCLE,E
IND,208,6415,59485,29/12/2023,13:20:48,15,0,23.7,1.0,39.9,39.7,2,1,1.00,CYCLE,E
IND,208,6415,59486,29/12/2023,13:25:07,15,1,2.7,0.4,28.7,29.0,2,1,0.80,CYCLE,W
IND,208,6415,59486,29/12/2023,13:26:15,15,1,28.2,1.1,67.8,67.3,2,1,1.00,CYCLE,W
IND,208,6415,59486,29/12/2023,13:27:14,15,1,25.2,1.1,58.3,58.2,2,1,1.00,CYCLE,W
IND,208,6415,59486,29/12/2023,13:27:59,15,1,22.2,1.1,45.7,45.6,2,1,1.00,CYCLE,W
IND,208,6415,59486,29/12/2023,13:28:18,15,1,2.6,0.2,18.7,19.0,2,1,1.00,CYCLE,W
IND,208,6415,59485,29/12/2023,13:32:06,15,0,16.4,1.1,677.8,677.7,2,1,1.00,CYCLE,E
IND,208,6415,59486,29/12/2023,13:32:30,15,1,18.1,1.1,252.1,251.3,2,1,1.00,CYCLE,W
IND,208,6415,59486,29/12/2023,13:32:31,15,1,17.8,1.1,0.9,0.7,2,1,1.00,CYCLE,W
IND,208,6415,59486,29/12/2023,13:34:04,15,1,18.3,1.0,93.3,93.1,2,1,1.00,CYCLE,W
IND,208,6415,59485,29/12/2023,13:34:09,15,0,18.4,1.1,122.9,122.6,2,1,1.00,CYCLE,E
IND,208,6415,59485,29/12/2023,13:34:10,15,0,7.7,1.0,1.0,1.6,2,1,0.40,CYCLE,E
IND,208,6415,59485,29/12/2023,13:34:10,15,0,7.7,1.0,0.0,0.0,2,1,0.40,CYCLE,E
IND,208,6415,59486,29/12/2023,13:34:34,15,1,28.2,0.9,30.1,29.9,2,1,1.00,CYCLE,W
IND,208,6415,59486,29/12/2023,13:35:49,15,1,16.1,1.0,75.0,74.9,2,1,1.00,CYCLE,W
IND,208,6415,59485,29/12/2023,13:36:36,15,0,16.6,1.1,146.8,144.4,2,1,1.00,CYCLE,E
IND,208,6415,59486,29/12/2023,13:38:30,15,1,23.6,1.0,160.7,160.5,2,1,1.00,CYCLE,W
IND,208,6415,59485,29/12/2023,13:40:39,15,0,20.0,1.1,242.3,242.0,2,1,1.00,CYCLE,E
IND,208,6415,59485,29/12/2023,13:40:41,15,0,18.7,1.1,1.8,1.6,2,1,1.00,CYCLE,E
IND,208,6415,59486,29/12/2023,13:41:24,15,1,15.6,1.1,174.1,174.0,2,1,1.00,CYCLE,W
IND,208,6415,59486,29/12/2023,13:41:26,15,1,16.0,1.0,2.0,1.8,2,1,1.00,CYCLE,W
IND,208,6415,59486,29/12/2023,13:41:26,15,1,16.0,1.0,0.0,0.0,2,1,1.00,CYCLE,W
IND,208,6415,59486,29/12/2023,13:41:30,15,1,21.1,1.0,3.5,3.3,2,1,1.00,CYCLE,W
IND,208,6415,59486,29/12/2023,13:41:33,15,1,23.8,1.2,3.4,3.3,2,1,1.00,CYCLE,W
IND,208,6415,59485,29/12/2023,13:42:08,15,0,17.9,1.1,83.1,82.7,2,1,1.00,CYCLE,E
IND,208,6415,59485,29/12/2023,13:43:35,15,0,28.4,1.0,86.9,86.6,2,1,1.00,CYCLE,E
IND,208,6415,59485,29/12/2023,13:45:19,15,0,28.3,1.0,104.4,104.3,2,1,1.00,CYCLE,E
IND,208,6415,59486,29/12/2023,13:45:47,15,1,21.2,1.0,253.4,253.3,2,1,1.00,CYCLE,W
IND,208,6415,59486,29/12/2023,13:45:55,15,1,20.7,1.1,8.8,8.7,2,1,1.00,CYCLE,W
IND,208,6415,59486,29/12/2023,13:45:56,15,1,20.2,1.0,0.4,0.2,2,1,1.00,CYCLE,W
IND,208,6415,59486,29/12/2023,13:45:56,15,1,21.0,1.0,0.6,0.5,2,1,1.00,CYCLE,W
IND,208,6415,59485,29/12/2023,13:46:39,15,0,17.1,1.0,79.9,79.7,2,1,1.00,CYCLE,E
IND,208,6415,59485,29/12/2023,13:46:40,15,0,17.2,1.0,1.2,1.0,2,1,1.00,CYCLE,E
IND,208,6415,59486,29/12/2023,13:47:13,15,1,29.7,1.1,76.6,76.4,2,1,1.00,CYCLE,W
IND,208,6415,59486,29/12/2023,13:47:15,15,1,23.9,1.1,2.1,1.9,2,1,1.00,CYCLE,W
IND,208,6415,59486,29/12/2023,13:49:02,15,1,19.2,1.0,107.0,106.8,2,1,1.00,CYCLE,W
IND,208,6415,59486,29/12/2023,13:50:09,15,1,22.3,1.0,67.0,66.8,2,1,1.00,CYCLE,W
IND,208,6415,59486,29/12/2023,13:50:10,15,1,22.4,1.0,0.8,0.6,2,1,1.00,CYCLE,W
IND,208,6415,59486,29/12/2023,13:51:36,15,1,27.3,1.0,85.9,85.7,2,1,1.00,CYCLE,W
IND,208,6415,59486,29/12/2023,13:52:54,15,1,24.9,1.0,77.0,76.8,2,1,1.00,CYCLE,W
IND,208,6415,59485,29/12/2023,13:53:22,15,0,24.5,1.0,401.8,401.6,2,1,1.00,CYCLE,E
IND,208,6415,59486,29/12/2023,13:54:30,15,1,21.7,1.0,95.3,95.2,2,1,1.00,CYCLE,W
IND,208,6415,59486,29/12/2023,13:54:47,15,1,57.3,1.0,16.9,16.7,2,1,0.40,CYCLE,W
IND,208,6415,59486,29/12/2023,13:54:48,15,1,19.9,0.8,1.6,1.4,2,1,1.00,CYCLE,W
IND,208,6415,59486,29/12/2023,13:58:09,15,1,28.4,1.0,37.0,35.9,2,1,1.00,CYCLE,W
IND,208,6415,59486,29/12/2023,13:58:10,15,1,28.5,1.0,0.9,0.7,2,1,1.00,CYCLE,W
IND,208,6415,59485,29/12/2023,13:58:30,15,0,28.8,1.2,308.3,308.1,2,1,1.00,CYCLE,E
IND,208,6415,59485,29/12/2023,13:59:01,15,0,23.2,1.1,31.0,30.8,2,1,1.00,CYCLE,E
IND,208,6415,59485,29/12/2023,13:59:42,15,0,23.1,1.0,40.5,40.3,2,1,1.00,CYCLE,E
IND,208,6415,59486,29/12/2023,14:00:38,15,1,18.3,1.0,148.3,148.2,2,1,1.00,CYCLE,W
IND,208,6415,59486,29/12/2023,14:00:41,15,1,18.7,1.1,3.2,2.9,2,1,1.00,CYCLE,W
IND,208,6415,59486,29/12/2023,14:00:42,15,1,19.2,1.1,0.5,0.3,2,1,1.00,CYCLE,W
IND,208,6415,59485,29/12/2023,14:01:48,15,0,22.7,1.0,125.8,125.7,2,1,1.00,CYCLE,E
IND,208,6415,59485,29/12/2023,14:03:18,15,0,18.1,1.1,90.0,89.8,2,1,1.00,CYCLE,E
IND,208,6415,59486,29/12/2023,14:03:44,15,1,19.8,1.0,182.4,182.2,2,1,1.00,CYCLE,W
IND,208,6415,59485,29/12/2023,14:03:48,15,0,18.5,1.0,30.6,30.3,2,1,1.00,CYCLE,E
IND,208,6415,59485,29/12/2023,14:03:52,15,0,18.8,0.9,3.8,3.6,2,1,1.00,CYCLE,E
IND,208,6415,59485,29/12/2023,14:04:01,15,0,16.7,1.0,0.5,0.8,2,1,0.80,CYCLE,E
IND,208,6415,59486,29/12/2023,14:05:05,15,1,27.8,1.0,80.8,80.6,2,1,1.00,CYCLE,W
IND,208,6415,59485,29/12/2023,14:05:06,15,0,20.5,1.0,65.4,64.8,2,1,1.00,CYCLE,E
IND,208,6415,59485,29/12/2023,14:05:07,15,0,19.9,1.0,0.5,0.3,2,1,1.00,CYCLE,E
IND,208,6415,59485,29/12/2023,14:05:26,15,0,23.8,1.0,19.2,19.1,2,1,0.67,CYCLE,E
IND,208,6415,59485,29/12/2023,14:05:29,15,0,19.9,1.1,3.1,2.6,2,1,1.00,CYCLE,E
IND,208,6415,59486,29/12/2023,14:07:08,15,1,18.7,1.0,122.6,122.5,2,1,1.00,CYCLE,W
IND,208,6415,59486,29/12/2023,14:07:10,15,1,40.4,1.2,2.8,2.6,2,1,1.00,CYCLE,W
IND,208,6415,59486,29/12/2023,14:07:21,15,1,22.1,1.1,10.2,10.1,2,1,1.00,CYCLE,W
IND,208,6415,59486,29/12/2023,14:07:26,15,1,25.1,1.1,5.3,5.1,2,1,1.00,CYCLE,W
IND,208,6415,59485,29/12/2023,14:07:50,15,0,39.9,1.0,140.6,140.4,2,1,1.00,CYCLE,E
IND,208,6415,59485,29/12/2023,14:08:37,15,0,24.4,1.1,47.3,47.2,2,1,1.00,CYCLE,E
IND,208,6415,59485,29/12/2023,14:08:37,15,0,24.7,1.1,0.5,0.3,2,1,1.00,CYCLE,E
IND,208,6415,59485,29/12/2023,14:08:38,15,0,25.6,1.1,0.6,0.4,2,1,1.00,CYCLE,E
IND,208,6415,59486,29/12/2023,14:10:53,15,1,21.7,1.0,194.2,194.0,2,1,1.00,CYCLE,W
IND,208,6415,59485,29/12/2023,14:11:15,15,0,26.5,1.1,49.0,49.0,2,1,1.00,CYCLE,E
IND,208,6415,59486,29/12/2023,14:11:31,15,1,24.0,1.1,38.0,37.8,2,1,1.00,CYCLE,W
IND,208,6415,59486,29/12/2023,14:12:53,15,1,31.5,1.0,60.4,60.3,2,1,1.00,CYCLE,W
IND,208,6415,59486,29/12/2023,14:13:18,15,1,21.0,1.2,24.4,24.3,2,1,1.00,CYCLE,W
IND,208,6415,59486,29/12/2023,14:14:02,15,1,20.6,1.1,43.9,43.7,2,1,1.00,CYCLE,W
IND,208,6415,59486,29/12/2023,14:14:03,15,1,21.7,1.1,1.0,0.8,2,1,1.00,CYCLE,W
IND,208,6415,59486,29/12/2023,14:14:45,15,1,19.1,1.1,29.0,27.9,2,1,1.00,CYCLE,W
IND,208,6415,59486,29/12/2023,14:14:47,15,1,18.1,1.0,1.3,1.1,2,1,1.00,CYCLE,W
IND,208,6415,59486,29/12/2023,14:14:48,15,1,19.4,1.0,1.4,1.2,2,1,1.00,CYCLE,W
IND,208,6415,59486,29/12/2023,14:19:18,15,1,23.2,1.1,89.4,89.4,2,1,1.00,CYCLE,W
IND,208,6415,59485,29/12/2023,14:20:15,15,0,31.7,0.9,539.5,539.4,2,1,1.00,CYCLE,E
IND,208,6415,59486,29/12/2023,14:21:16,15,1,23.8,1.1,118.4,118.3,2,1,1.00,CYCLE,W
IND,208,6415,59486,29/12/2023,14:21:19,15,1,24.4,1.1,3.0,2.8,2,1,1.00,CYCLE,W
IND,208,6415,59486,29/12/2023,14:21:42,15,1,29.9,1.1,22.4,22.3,2,1,1.00,CYCLE,W
IND,208,6415,59486,29/12/2023,14:22:44,15,1,33.1,1.0,62.7,62.6,2,1,1.00,CYCLE,W
IND,208,6415,59486,29/12/2023,14:22:52,15,1,23.6,1.0,7.4,7.3,2,1,1.00,CYCLE,W
IND,208,6415,59486,29/12/2023,14:23:51,15,1,32.4,1.0,59.5,59.3,2,1,0.50,CYCLE,W
IND,208,6415,59485,29/12/2023,14:23:51,15,0,32.4,1.0,0.0,0.0,2,1,0.50,CYCLE,E
IND,208,6415,59485,29/12/2023,14:24:36,15,0,16.6,1.0,260.9,260.8,2,1,1.00,CYCLE,E
IND,208,6415,59485,29/12/2023,14:24:36,15,0,15.0,1.1,0.4,0.2,2,1,1.00,CYCLE,E
IND,208,6415,59485,29/12/2023,14:24:40,15,0,20.1,1.1,4.2,4.0,2,1,1.00,CYCLE,E
IND,208,6415,59485,29/12/2023,14:24:55,15,0,19.1,1.0,6.8,6.8,2,1,1.00,CYCLE,E
IND,208,6415,59485,29/12/2023,14:25:11,15,0,24.7,1.1,8.8,8.8,2,1,1.00,CYCLE,E
IND,208,6415,59486,29/12/2023,14:26:48,15,1,5.9,1.0,176.7,176.7,2,1,0.67,CYCLE,W
IND,208,6415,59486,29/12/2023,14:26:55,15,1,25.2,1.0,7.3,6.4,2,1,1.00,CYCLE,W
IND,208,6415,59486,29/12/2023,14:26:57,15,1,25.3,1.1,1.5,1.3,2,1,1.00,CYCLE,W
IND,208,6415,59486,29/12/2023,14:27:19,15,1,3.9,1.0,22.1,22.3,2,1,0.40,CYCLE,W
IND,208,6415,59486,29/12/2023,14:27:56,15,1,21.0,1.1,37.6,36.6,2,1,1.00,CYCLE,W
IND,208,6415,59485,29/12/2023,14:28:33,15,0,23.4,1.0,201.7,201.5,2,1,1.00,CYCLE,E
IND,208,6415,59485,29/12/2023,14:28:47,15,0,26.1,1.0,14.7,14.6,2,1,1.00,CYCLE,E
IND,208,6415,59485,29/12/2023,14:30:56,15,0,13.0,1.0,128.3,128.1,2,1,1.00,CYCLE,E
IND,208,6415,59486,29/12/2023,14:31:19,15,1,9.8,0.5,18.1,18.0,2,1,0.80,CYCLE,W
IND,208,6415,59486,29/12/2023,14:31:43,15,1,16.8,1.1,23.5,23.4,2,1,1.00,CYCLE,W
IND,208,6415,59485,29/12/2023,14:32:22,15,0,22.8,1.1,86.8,86.5,2,1,1.00,CYCLE,E
IND,208,6415,59485,29/12/2023,14:32:23,15,0,20.9,1.0,0.6,0.4,2,1,1.00,CYCLE,E
IND,208,6415,59485,29/12/2023,14:32:50,15,0,17.7,1.0,26.7,26.5,2,1,1.00,CYCLE,E
IND,208,6415,59485,29/12/2023,14:32:59,15,0,19.6,1.1,9.9,9.7,2,1,1.00,CYCLE,E
IND,208,6415,59485,29/12/2023,14:35:36,15,0,21.1,0.9,156.4,156.2,2,1,1.00,CYCLE,E
IND,208,6415,59485,29/12/2023,14:35:38,15,0,20.7,0.9,2.3,2.2,2,1,1.00,CYCLE,E
IND,208,6415,59485,29/12/2023,14:35:42,15,0,20.7,0.9,3.7,3.6,2,1,1.00,CYCLE,E
IND,208,6415,59485,29/12/2023,14:36:41,15,0,21.0,1.1,58.7,58.6,2,1,1.00,CYCLE,E
IND,208,6415,59485,29/12/2023,14:36:44,15,0,21.4,1.1,3.0,2.8,2,1,1.00,CYCLE,E
IND,208,6415,59486,29/12/2023,14:37:04,15,1,29.3,1.0,320.6,320.3,2,1,1.00,CYCLE,W
IND,208,6415,59485,29/12/2023,14:38:07,15,0,19.2,1.0,83.6,83.4,2,1,1.00,CYCLE,E
IND,208,6415,59486,29/12/2023,14:38:26,15,1,27.1,0.9,82.0,81.9,2,1,1.00,CYCLE,W
IND,208,6415,59486,29/12/2023,14:38:26,15,1,26.9,1.0,0.4,0.3,2,1,1.00,CYCLE,W
IND,208,6415,59486,29/12/2023,14:38:28,15,1,24.1,1.1,2.1,2.0,2,1,1.00,CYCLE,W
IND,208,6415,59486,29/12/2023,14:38:52,15,1,22.0,1.1,23.4,23.3,2,1,1.00,CYCLE,W
IND,208,6415,59486,29/12/2023,14:39:49,15,1,23.4,1.0,57.4,57.2,2,1,1.00,CYCLE,W
IND,208,6415,59486,29/12/2023,14:39:51,15,1,26.1,1.2,2.1,2.0,2,1,1.00,CYCLE,W
IND,208,6415,59486,29/12/2023,14:40:25,15,1,2.4,0.4,33.9,34.3,2,1,0.80,CYCLE,W
IND,208,6415,59486,29/12/2023,14:41:47,15,1,25.8,0.9,81.6,81.0,2,1,1.00,CYCLE,W
IND,208,6415,59486,29/12/2023,14:41:58,15,1,20.5,1.0,11.1,11.0,2,1,1.00,CYCLE,W
IND,208,6415,59486,29/12/2023,14:42:03,15,1,26.0,1.1,5.4,5.2,2,1,1.00,CYCLE,W
IND,208,6415,59485,29/12/2023,14:42:07,15,0,19.3,1.0,239.6,239.4,2,1,1.00,CYCLE,E
IND,208,6415,59485,29/12/2023,14:43:12,15,0,21.6,1.1,64.9,64.7,2,1,1.00,CYCLE,E
IND,208,6415,59485,29/12/2023,14:44:52,15,0,20.6,1.0,100.2,100.0,2,1,1.00,CYCLE,E
IND,208,6415,59485,29/12/2023,14:45:34,15,0,22.8,1.1,42.0,41.8,2,1,1.00,CYCLE,E
IND,208,6415,59486,29/12/2023,14:46:26,15,1,25.4,1.0,263.1,262.9,2,1,1.00,CYCLE,W
IND,208,6415,59485,29/12/2023,14:47:25,15,0,24.0,1.0,75.1,74.9,2,1,1.00,CYCLE,E
IND,208,6415,59485,29/12/2023,14:48:19,15,0,27.2,1.1,54.1,53.9,2,1,1.00,CYCLE,E
IND,208,6415,59485,29/12/2023,14:49:22,15,0,12.4,1.1,52.4,52.0,2,1,1.00,CYCLE,E
IND,208,6415,59485,29/12/2023,14:49:24,15,0,12.6,1.0,1.9,1.5,2,1,1.00,CYCLE,E
IND,208,6415,59485,29/12/2023,14:50:42,15,0,31.4,1.0,78.0,76.6,2,1,1.00,CYCLE,E
IND,208,6415,59485,29/12/2023,14:50:42,15,0,24.2,1.1,0.2,0.1,2,1,1.00,CYCLE,E
IND,208,6415,59486,29/12/2023,14:53:00,15,1,30.5,1.0,394.1,394.0,2,1,1.00,CYCLE,W
IND,208,6415,59485,29/12/2023,14:53:12,15,0,26.5,1.1,149.6,149.4,2,1,1.00,CYCLE,E
IND,208,6415,59485,29/12/2023,14:53:44,15,0,16.8,1.1,32.0,31.9,2,1,1.00,CYCLE,E
IND,208,6415,59485,29/12/2023,14:54:43,15,0,21.9,1.1,59.1,58.9,2,1,1.00,CYCLE,E
IND,208,6415,59485,29/12/2023,14:54:55,15,0,13.7,1.0,11.9,11.7,2,1,1.00,CYCLE,E
IND,208,6415,59485,29/12/2023,14:55:01,15,0,11.1,1.1,6.6,6.4,2,1,1.00,CYCLE,E
IND,208,6415,59485,29/12/2023,14:55:02,15,0,19.8,1.1,1.2,0.9,2,1,1.00,CYCLE,E
IND,208,6415,59486,29/12/2023,14:55:19,15,1,29.2,1.0,138.8,138.7,2,1,1.00,CYCLE,W
IND,208,6415,59486,29/12/2023,14:56:07,15,1,25.0,1.1,47.7,47.6,2,1,1.00,CYCLE,W
IND,208,6415,59486,29/12/2023,14:56:38,15,1,21.8,1.0,31.3,31.2,2,1,1.00,CYCLE,W
IND,208,6415,59486,29/12/2023,14:56:39,15,1,22.0,1.0,0.9,0.7,2,1,1.00,CYCLE,W
IND,208,6415,59485,29/12/2023,14:57:17,15,0,12.4,1.1,134.1,133.9,2,1,1.00,CYCLE,E
IND,208,6415,59486,29/12/2023,14:58:38,15,1,22.6,1.0,118.5,118.3,2,1,1.00,CYCLE,W
IND,208,6415,59485,29/12/2023,14:59:54,15,0,28.5,0.8,157.9,157.6,2,1,1.00,CYCLE,E
IND,208,6415,59485,29/12/2023,15:00:19,15,0,20.3,1.0,25.0,24.9,2,1,1.00,CYCLE,E
IND,208,6415,59486,29/12/2023,15:00:37,15,1,26.9,1.0,119.0,118.8,2,1,1.00,CYCLE,W
IND,208,6415,59486,29/12/2023,15:00:40,15,1,15.1,1.0,3.1,3.0,2,1,1.00,CYCLE,W
IND,208,6415,59485,29/12/2023,15:00:56,15,0,18.5,1.0,36.4,36.2,2,1,1.00,CYCLE,E
IND,208,6415,59485,29/12/2023,15:03:10,15,0,21.1,1.1,134.2,134.0,2,1,1.00,CYCLE,E
IND,208,6415,59485,29/12/2023,15:03:18,15,0,19.5,1.1,7.8,7.6,2,1,1.00,CYCLE,E
IND,208,6415,59486,29/12/2023,15:03:31,15,1,22.3,1.1,171.2,171.0,2,1,1.00,CYCLE,W
IND,208,6415,59486,29/12/2023,15:05:57,15,1,17.3,1.0,146.0,145.8,2,1,1.00,CYCLE,W
IND,208,6415,59486,29/12/2023,15:05:57,15,1,20.1,1.1,0.5,0.3,2,1,1.00,CYCLE,W
IND,208,6415,59486,29/12/2023,15:06:31,15,1,19.1,1.0,33.1,32.9,2,1,1.00,CYCLE,W
IND,208,6415,59485,29/12/2023,15:07:28,15,0,22.3,0.8,250.3,250.1,2,1,1.00,CYCLE,E
IND,208,6415,59486,29/12/2023,15:07:50,15,1,12.0,0.9,79.9,79.8,2,1,1.00,CYCLE,W
IND,208,6415,59486,29/12/2023,15:07:52,15,1,12.7,0.9,1.2,0.9,2,1,1.00,CYCLE,W
IND,208,6415,59485,29/12/2023,15:08:21,15,0,24.1,1.0,52.8,52.6,2,1,1.00,CYCLE,E
IND,208,6415,59485,29/12/2023,15:08:49,15,0,16.1,1.0,28.4,28.2,2,1,1.00,CYCLE,E
IND,208,6415,59486,29/12/2023,15:10:25,15,1,27.7,1.0,153.8,153.5,2,1,1.00,CYCLE,W
IND,208,6415,59486,29/12/2023,15:10:27,15,1,27.0,1.0,1.3,1.2,2,1,1.00,CYCLE,W
IND,208,6415,59485,29/12/2023,15:10:42,15,0,24.3,1.1,112.8,112.6,2,1,1.00,CYCLE,E
IND,208,6415,59485,29/12/2023,15:11:26,15,0,24.5,1.0,43.8,43.6,2,1,1.00,CYCLE,E
IND,208,6415,59485,29/12/2023,15:11:28,15,0,22.9,1.2,2.5,2.4,2,1,1.00,CYCLE,E
IND,208,6415,59485,29/12/2023,15:13:40,15,0,25.0,1.1,131.4,131.3,2,1,1.00,CYCLE,E
IND,208,6415,59485,29/12/2023,15:13:45,15,0,18.5,1.0,5.4,5.3,2,1,1.00,CYCLE,E
IND,208,6415,59485,29/12/2023,15:15:14,15,0,15.7,1.1,88.9,88.7,2,1,1.00,CYCLE,E
IND,208,6415,59486,29/12/2023,15:17:05,15,1,20.7,1.0,398.7,398.5,2,1,1.00,CYCLE,W
IND,208,6415,59486,29/12/2023,15:17:50,15,1,21.4,1.0,39.5,39.5,2,1,1.00,CYCLE,W
IND,208,6415,59486,29/12/2023,15:17:55,15,1,27.5,1.0,4.7,4.5,2,1,1.00,CYCLE,W
IND,208,6415,59486,29/12/2023,15:18:16,15,1,22.9,1.1,22.0,21.8,2,1,1.00,CYCLE,W
IND,208,6415,59486,29/12/2023,15:19:13,15,1,2.7,0.3,56.7,57.0,2,1,0.80,CYCLE,W
IND,208,6415,59485,29/12/2023,15:19:49,15,0,34.2,1.1,131.7,130.1,2,1,1.00,CYCLE,E
IND,208,6415,59486,29/12/2023,15:20:56,15,1,25.7,0.9,103.0,102.1,2,1,1.00,CYCLE,W
IND,208,6415,59485,29/12/2023,15:23:15,15,0,24.6,1.0,206.3,206.1,2,1,1.20,CYCLE,E
IND,208,6415,59486,29/12/2023,15:23:20,15,1,25.6,1.1,143.5,143.4,2,1,1.00,CYCLE,W
IND,208,6415,59486,29/12/2023,15:23:28,15,1,18.1,1.0,8.6,8.5,2,1,1.00,CYCLE,W
IND,208,6415,59486,29/12/2023,15:25:50,15,1,31.1,0.9,142.1,141.9,2,1,1.00,CYCLE,W
IND,208,6415,59486,29/12/2023,15:30:18,15,1,19.2,1.0,267.5,267.4,2,1,1.00,CYCLE,W
IND,208,6415,59486,29/12/2023,15:30:19,15,1,19.4,1.0,0.9,0.7,2,1,1.00,CYCLE,W
IND,208,6415,59486,29/12/2023,15:31:59,15,1,25.2,1.0,99.9,99.7,2,1,1.00,CYCLE,W
IND,208,6415,59486,29/12/2023,15:32:23,15,1,36.1,1.0,24.3,24.1,2,1,1.00,CYCLE,W
IND,208,6415,59486,29/12/2023,15:34:00,15,1,29.7,1.0,97.2,97.1,2,1,1.00,CYCLE,W
IND,208,6415,59485,29/12/2023,15:35:12,15,0,13.0,1.1,426.3,426.3,2,1,1.00,CYCLE,E
IND,208,6415,59485,29/12/2023,15:36:06,15,0,23.5,1.0,53.9,53.6,2,1,1.00,CYCLE,E
IND,208,6415,59486,29/12/2023,15:36:12,15,1,20.3,0.9,131.7,131.6,2,1,1.00,CYCLE,W
IND,208,6415,59486,29/12/2023,15:36:19,15,1,23.3,0.9,6.7,6.5,2,1,1.00,CYCLE,W
IND,208,6415,59485,29/12/2023,15:37:38,15,0,27.0,1.0,92.5,92.3,2,1,1.00,CYCLE,E
IND,208,6415,59485,29/12/2023,15:38:14,15,0,22.3,1.0,35.8,35.7,2,1,1.00,CYCLE,E
IND,208,6415,59486,29/12/2023,15:38:27,15,1,2.4,0.4,127.9,128.3,2,1,1.00,CYCLE,W
IND,208,6415,59485,29/12/2023,15:40:40,15,0,16.3,1.0,146.6,146.5,2,1,0.80,CYCLE,E
IND,208,6415,59485,29/12/2023,15:41:08,15,0,37.0,1.0,27.1,26.9,2,1,0.40,CYCLE,E
IND,208,6415,59485,29/12/2023,15:41:13,15,0,22.1,1.1,5.4,5.1,2,1,1.00,CYCLE,E
IND,208,6415,59485,29/12/2023,15:41:26,15,0,18.4,1.1,13.1,12.9,2,1,1.00,CYCLE,E
IND,208,6415,59486,29/12/2023,15:42:09,15,1,31.3,1.1,222.7,221.7,2,1,1.00,CYCLE,W
IND,208,6415,59486,29/12/2023,15:42:55,15,1,49.2,1.2,46.0,45.9,2,1,1.00,CYCLE,W
IND,208,6415,59486,29/12/2023,15:43:24,15,1,30.3,1.0,28.4,28.4,2,1,1.00,CYCLE,W
IND,208,6415,59485,29/12/2023,15:44:37,15,0,17.8,1.0,160.4,159.7,2,1,1.00,CYCLE,E
IND,208,6415,59485,29/12/2023,15:44:41,15,0,17.5,1.0,4.1,3.9,2,1,1.00,CYCLE,E
IND,208,6415,59485,29/12/2023,15:44:50,15,0,33.9,1.2,8.7,8.5,2,1,1.00,CYCLE,E
IND,208,6415,59486,29/12/2023,15:44:51,15,1,23.0,1.0,87.6,87.5,2,1,1.00,CYCLE,W
IND,208,6415,59486,29/12/2023,15:44:53,15,1,23.9,1.0,1.9,1.7,2,1,1.00,CYCLE,W
IND,208,6415,59486,29/12/2023,15:44:58,15,1,29.6,1.0,4.5,4.3,2,1,1.00,CYCLE,W
IND,208,6415,59486,29/12/2023,15:44:58,15,1,29.6,1.0,0.0,0.0,2,1,1.00,CYCLE,W
IND,208,6415,59485,29/12/2023,15:47:25,15,0,27.8,1.0,155.6,155.5,2,1,1.00,CYCLE,E
IND,208,6415,59486,29/12/2023,15:50:01,15,1,21.7,1.0,80.9,80.8,2,1,1.00,CYCLE,W
IND,208,6415,59486,29/12/2023,15:50:18,15,1,19.8,1.0,18.0,17.8,2,1,1.00,CYCLE,W
IND,208,6415,59485,29/12/2023,15:51:13,15,0,18.7,1.0,227.9,227.8,2,1,1.00,CYCLE,E
IND,208,6415,59485,29/12/2023,15:51:13,15,0,18.7,1.0,0.0,0.0,2,1,1.00,CYCLE,E
IND,208,6415,59485,29/12/2023,15:51:20,15,0,27.3,1.1,6.8,6.5,2,1,1.00,CYCLE,E
IND,208,6415,59485,29/12/2023,15:52:01,15,0,22.7,1.1,40.5,40.4,2,1,1.00,CYCLE,E
IND,208,6415,59485,29/12/2023,15:53:16,15,0,22.9,1.1,75.7,75.5,2,1,1.00,CYCLE,E
IND,208,6415,59486,29/12/2023,15:55:01,15,1,26.8,1.1,282.5,282.3,2,1,1.00,CYCLE,W
IND,208,6415,59485,29/12/2023,15:56:18,15,0,22.9,1.0,181.8,181.6,2,1,1.00,CYCLE,E
IND,208,6415,59485,29/12/2023,15:56:20,15,0,22.2,1.0,2.0,1.8,2,1,1.00,CYCLE,E
IND,208,6415,59486,29/12/2023,15:57:04,15,1,30.6,1.0,37.0,36.5,2,1,1.00,CYCLE,W
IND,208,6415,59485,29/12/2023,16:01:04,15,0,14.7,1.0,134.8,133.9,2,1,1.00,CYCLE,E
IND,208,6415,59485,29/12/2023,16:01:13,15,0,19.1,1.1,8.9,8.6,2,1,1.00,CYCLE,E
IND,208,6415,59486,29/12/2023,16:02:51,15,1,30.7,1.1,146.7,146.4,2,1,1.00,CYCLE,W
IND,208,6415,59485,29/12/2023,16:03:21,15,0,19.9,0.9,127.5,127.3,2,1,1.00,CYCLE,E
IND,208,6415,59485,29/12/2023,16:03:48,15,0,15.9,1.1,27.4,27.3,2,1,1.00,CYCLE,E
IND,208,6415,59486,29/12/2023,16:07:46,15,1,29.0,1.0,42.1,41.9,2,1,1.00,CYCLE,W
IND,208,6415,59486,29/12/2023,16:08:08,15,1,20.7,1.0,21.9,21.8,2,1,1.00,CYCLE,W
IND,208,6415,59486,29/12/2023,16:08:27,15,1,24.2,1.0,19.0,18.9,2,1,1.00,CYCLE,W
IND,208,6415,59486,29/12/2023,16:08:46,15,1,20.8,1.0,19.0,18.9,2,1,1.00,CYCLE,W
IND,208,6415,59486,29/12/2023,16:08:51,15,1,20.1,1.1,5.0,4.8,2,1,1.00,CYCLE,W
IND,208,6415,59485,29/12/2023,16:09:10,15,0,23.5,1.2,264.2,263.8,2,1,1.00,CYCLE,E
IND,208,6415,59486,29/12/2023,16:09:28,15,1,21.1,1.0,36.7,36.5,2,1,1.00,CYCLE,W
IND,208,6415,59486,29/12/2023,16:10:04,15,1,22.8,1.0,35.5,35.3,2,1,1.00,CYCLE,W
IND,208,6415,59485,29/12/2023,16:10:18,15,0,22.4,1.1,67.8,67.6,2,1,1.00,CYCLE,E
IND,208,6415,59485,29/12/2023,16:11:02,15,0,23.0,1.0,44.7,44.5,2,1,1.00,CYCLE,E
IND,208,6415,59486,29/12/2023,16:13:41,15,1,28.7,1.1,3.0,2.8,2,1,1.00,CYCLE,W
IND,208,6415,59486,29/12/2023,16:14:23,15,1,7.7,1.0,41.7,41.5,2,1,0.29,CYCLE,W
IND,208,6415,59485,29/12/2023,16:15:39,15,0,23.6,1.1,276.3,276.2,2,1,1.00,CYCLE,E
IND,208,6415,59485,29/12/2023,16:15:47,15,0,24.9,1.1,8.4,8.2,2,1,1.00,CYCLE,E
IND,208,6415,59485,29/12/2023,16:15:50,15,0,20.4,1.0,3.2,3.0,2,1,1.00,CYCLE,E
IND,208,6415,59485,29/12/2023,16:17:48,15,0,18.0,1.0,117.6,117.4,2,1,1.00,CYCLE,E
IND,208,6415,59485,29/12/2023,16:17:50,15,0,16.9,1.0,1.6,1.4,2,1,1.00,CYCLE,E
IND,208,6415,59485,29/12/2023,16:17:50,15,0,16.9,1.0,0.0,0.0,2,1,1.00,CYCLE,E
IND,208,6415,59486,29/12/2023,16:18:07,15,1,32.5,0.9,223.6,222.9,2,1,1.00,CYCLE,W
IND,208,6415,59486,29/12/2023,16:18:57,15,1,24.9,1.0,50.2,50.1,2,1,1.00,CYCLE,W
IND,208,6415,59485,29/12/2023,16:19:01,15,0,25.2,1.0,71.1,70.7,2,1,1.00,CYCLE,E
IND,208,6415,59486,29/12/2023,16:19:10,15,1,23.4,1.0,13.1,13.0,2,1,1.00,CYCLE,W
IND,208,6415,59486,29/12/2023,16:19:12,15,1,25.0,1.0,2.5,2.3,2,1,1.00,CYCLE,W
IND,208,6415,59486,29/12/2023,16:21:14,15,1,3.6,1.0,121.5,121.3,2,1,0.40,CYCLE,W
IND,208,6415,59486,29/12/2023,16:22:30,15,1,27.0,1.1,76.6,75.8,2,1,1.00,CYCLE,W
IND,208,6415,59486,29/12/2023,16:23:16,15,1,26.0,1.0,45.2,45.1,2,1,1.00,CYCLE,W
IND,208,6415,59485,29/12/2023,16:23:59,15,0,22.2,0.9,292.1,291.9,2,1,1.00,CYCLE,E
IND,208,6415,59486,29/12/2023,16:24:18,15,1,18.0,1.0,62.5,62.4,2,1,1.00,CYCLE,W
IND,208,6415,59486,29/12/2023,16:24:38,15,1,23.5,1.0,20.1,19.9,2,1,1.00,CYCLE,W
IND,208,6415,59485,29/12/2023,16:25:07,15,0,26.7,1.0,68.4,68.2,2,1,1.00,CYCLE,E
IND,208,6415,59485,29/12/2023,16:25:56,15,0,26.2,1.0,49.0,48.9,2,1,1.00,CYCLE,E
IND,208,6415,59485,29/12/2023,16:25:57,15,0,25.3,1.0,0.6,0.4,2,1,1.00,CYCLE,E
IND,208,6415,59486,29/12/2023,16:26:08,15,1,21.4,1.0,89.5,89.4,2,1,1.00,CYCLE,W
IND,208,6415,59486,29/12/2023,16:26:18,15,1,36.9,1.2,10.3,10.1,2,1,1.00,CYCLE,W
IND,208,6415,59485,29/12/2023,16:26:55,15,0,17.9,1.1,58.6,58.5,2,1,1.00,CYCLE,E
IND,208,6415,59486,29/12/2023,16:27:17,15,1,25.4,1.0,40.9,40.9,2,1,1.00,CYCLE,W
IND,208,6415,59486,29/12/2023,16:27:21,15,1,25.9,1.0,3.0,2.9,2,1,1.00,CYCLE,W
IND,208,6415,59486,29/12/2023,16:27:24,15,1,29.5,0.9,3.1,3.0,2,1,1.00,CYCLE,W
IND,208,6415,59486,29/12/2023,16:28:35,15,1,22.9,1.0,71.4,71.3,2,1,1.00,CYCLE,W
IND,208,6415,59486,29/12/2023,16:28:41,15,1,21.5,1.0,6.4,6.3,2,1,1.00,CYCLE,W
IND,208,6415,59486,29/12/2023,16:28:47,15,1,18.1,1.0,5.6,5.4,2,1,1.00,CYCLE,W
IND,208,6415,59486,29/12/2023,16:30:19,15,1,27.7,1.0,92.4,92.2,2,1,1.00,CYCLE,W
IND,208,6415,59486,29/12/2023,16:31:38,15,1,14.0,1.1,78.9,78.8,2,1,1.00,CYCLE,W
IND,208,6415,59486,29/12/2023,16:31:40,15,1,15.1,1.1,1.2,0.9,2,1,1.00,CYCLE,W
IND,208,6415,59486,29/12/2023,16:31:42,15,1,2.7,1.0,2.5,2.7,2,1,0.67,CYCLE,W
IND,208,6415,59486,29/12/2023,16:33:34,15,1,14.9,1.0,111.8,110.2,2,1,1.00,CYCLE,W
IND,208,6415,59486,29/12/2023,16:33:49,15,1,26.3,1.1,15.1,14.8,2,1,1.00,CYCLE,W
IND,208,6415,59486,29/12/2023,16:34:39,15,1,2.0,0.6,50.4,50.9,2,1,0.80,CYCLE,W
IND,208,6415,59485,29/12/2023,16:37:05,15,0,28.2,1.0,156.3,156.3,2,1,1.00,CYCLE,E
IND,208,6415,59486,29/12/2023,16:38:03,15,1,24.4,1.1,203.3,202.3,2,1,1.00,CYCLE,W
IND,208,6415,59485,29/12/2023,16:41:56,15,0,8.5,1.0,291.8,291.9,2,1,0.29,CYCLE,E
IND,208,6415,59485,29/12/2023,16:42:03,15,0,23.9,1.0,6.3,5.4,2,1,1.00,CYCLE,E
IND,208,6415,59485,29/12/2023,16:42:05,15,0,22.5,1.2,1.8,1.6,2,1,1.00,CYCLE,E
IND,208,6415,59486,29/12/2023,16:42:45,15,1,24.1,1.1,282.2,282.0,2,1,1.00,CYCLE,W
IND,208,6415,59486,29/12/2023,16:42:47,15,1,16.2,1.1,2.5,2.4,2,1,1.00,CYCLE,W
IND,208,6415,59486,29/12/2023,16:42:50,15,1,11.9,1.0,2.5,2.3,2,1,1.00,CYCLE,W
IND,208,6415,59486,29/12/2023,16:42:50,15,1,11.9,1.0,0.0,0.0,2,1,1.00,CYCLE,W
IND,208,6415,59486,29/12/2023,16:42:52,15,1,9.8,0.8,2.5,1.1,2,1,1.00,CYCLE,W
IND,208,6415,59486,29/12/2023,16:43:23,15,1,21.6,1.0,30.3,29.9,2,1,1.00,CYCLE,W
IND,208,6415,59486,29/12/2023,16:43:23,15,1,20.7,1.0,0.5,0.4,2,1,1.00,CYCLE,W
IND,208,6415,59485,29/12/2023,16:44:12,15,0,23.0,1.1,127.1,126.9,2,1,1.00,CYCLE,E
IND,208,6415,59485,29/12/2023,16:44:21,15,0,29.1,1.1,9.0,8.8,2,1,1.00,CYCLE,E
IND,208,6415,59486,29/12/2023,16:45:46,15,1,13.3,1.0,142.4,142.3,2,1,1.00,CYCLE,W
IND,208,6415,59485,29/12/2023,16:46:25,15,0,4.3,0.4,124.6,124.4,2,1,1.00,CYCLE,E
IND,208,6415,59485,29/12/2023,16:47:05,15,0,30.3,1.1,40.1,39.8,2,1,1.00,CYCLE,E
IND,208,6415,59485,29/12/2023,16:47:11,15,0,28.0,1.2,5.4,5.2,2,1,1.00,CYCLE,E
IND,208,6415,59485,29/12/2023,16:47:33,15,0,19.4,1.2,22.4,22.3,2,1,1.00,CYCLE,E
IND,208,6415,59485,29/12/2023,16:48:43,15,0,24.6,1.1,69.8,69.6,2,1,1.00,CYCLE,E
IND,208,6415,59485,29/12/2023,16:49:08,15,0,21.0,1.0,25.0,24.8,2,1,1.00,CYCLE,E
IND,208,6415,59485,29/12/2023,16:49:15,15,0,19.9,1.1,7.4,7.3,2,1,1.00,CYCLE,E
IND,208,6415,59485,29/12/2023,16:49:18,15,0,31.7,1.1,2.4,2.2,2,1,1.00,CYCLE,E
IND,208,6415,59485,29/12/2023,16:50:00,15,0,33.4,1.1,20.9,20.7,2,1,1.00,CYCLE,E
IND,208,6415,59486,29/12/2023,16:51:03,15,1,28.0,1.1,203.6,203.5,2,1,1.00,CYCLE,W
IND,208,6415,59486,29/12/2023,16:51:44,15,1,30.4,1.1,40.8,40.6,2,1,1.00,CYCLE,W
IND,208,6415,59485,29/12/2023,16:53:06,15,0,20.4,1.0,186.0,185.8,2,1,1.00,CYCLE,E
IND,208,6415,59485,29/12/2023,16:54:03,15,0,19.2,0.9,57.3,57.1,2,1,1.00,CYCLE,E
IND,208,6415,59485,29/12/2023,16:54:04,15,0,19.0,1.1,0.5,0.3,2,1,1.00,CYCLE,E
IND,208,6415,59486,29/12/2023,16:54:25,15,1,26.0,1.0,161.1,160.9,2,1,1.00,CYCLE,W
IND,208,6415,59485,29/12/2023,16:55:03,15,0,19.2,1.1,59.7,59.5,2,1,1.00,CYCLE,E
IND,208,6415,59485,29/12/2023,16:55:09,15,0,21.3,1.0,5.5,5.2,2,1,1.00,CYCLE,E
IND,208,6415,59485,29/12/2023,16:55:46,15,0,18.5,1.2,37.6,37.4,2,1,1.00,CYCLE,E
IND,208,6415,59486,29/12/2023,16:55:58,15,1,27.6,1.0,14.6,13.5,2,1,1.00,CYCLE,W
IND,208,6415,59485,29/12/2023,16:56:26,15,0,16.6,1.1,40.0,39.7,2,1,1.00,CYCLE,E
IND,208,6415,59485,29/12/2023,16:56:27,15,0,17.2,1.0,1.0,0.8,2,1,1.00,CYCLE,E
IND,208,6415,59485,29/12/2023,16:56:41,15,0,24.4,1.1,13.6,13.4,2,1,1.00,CYCLE,E
IND,208,6415,59485,29/12/2023,16:58:40,15,0,20.6,1.1,117.0,116.5,2,1,1.00,CYCLE,E
IND,208,6415,59486,29/12/2023,16:58:46,15,1,22.5,1.0,168.1,168.0,2,1,1.00,CYCLE,W
IND,208,6415,59486,29/12/2023,16:59:09,15,1,22.8,1.1,22.6,22.4,2,1,1.00,CYCLE,W
IND,208,6415,59485,29/12/2023,16:59:10,15,0,25.8,0.9,29.8,29.6,2,1,1.00,CYCLE,E
IND,208,6415,59485,29/12/2023,16:59:36,15,0,20.2,1.1,25.2,25.1,2,1,1.00,CYCLE,E
IND,208,6415,59485,29/12/2023,17:01:37,15,0,28.7,1.1,23.8,0.0,2,1,1.00,CYCLE,E
IND,208,6415,59486,29/12/2023,17:03:04,15,1,30.3,1.0,235.7,235.5,2,1,1.00,CYCLE,W
IND,208,6415,59485,29/12/2023,17:03:11,15,0,11.4,1.0,94.4,94.3,2,1,1.00,CYCLE,E
IND,208,6415,59485,29/12/2023,17:04:44,15,0,13.7,0.4,93.3,93.0,2,1,1.00,CYCLE,E
IND,208,6415,59486,29/12/2023,17:06:16,15,1,22.0,1.1,65.5,65.4,2,1,1.00,CYCLE,W
IND,208,6415,59486,29/12/2023,17:06:23,15,1,23.5,1.1,6.6,6.5,2,1,1.00,CYCLE,W
IND,208,6415,59485,29/12/2023,17:06:45,15,0,16.7,1.1,91.0,90.8,2,1,1.00,CYCLE,E
IND,208,6415,59486,29/12/2023,17:07:37,15,1,26.5,1.0,74.7,74.5,2,1,1.00,CYCLE,W
IND,208,6415,59485,29/12/2023,17:08:54,15,0,20.4,1.1,129.1,128.8,2,1,1.00,CYCLE,E
IND,208,6415,59486,29/12/2023,17:10:11,15,1,3.2,1.0,153.8,153.6,2,1,0.53,CYCLE,W
IND,208,6415,59486,29/12/2023,17:10:11,15,1,3.2,1.0,0.0,0.0,2,1,0.53,CYCLE,W
IND,208,6415,59486,29/12/2023,17:10:11,15,1,3.2,1.0,0.0,0.0,2,1,0.53,CYCLE,W
IND,208,6415,59485,29/12/2023,17:10:44,15,0,21.0,0.9,35.3,34.8,2,1,1.00,CYCLE,E
IND,208,6415,59486,29/12/2023,17:11:08,15,1,27.4,1.2,56.8,53.1,2,1,1.00,CYCLE,W
IND,208,6415,59486,29/12/2023,17:11:09,15,1,24.3,1.0,1.3,1.1,2,1,1.00,CYCLE,W
IND,208,6415,59486,29/12/2023,17:13:17,15,1,27.9,1.1,127.3,127.2,2,1,1.00,CYCLE,W
IND,208,6415,59485,29/12/2023,17:13:18,15,0,13.8,1.0,123.9,123.5,2,1,1.00,CYCLE,E
IND,208,6415,59486,29/12/2023,17:15:28,15,1,21.4,1.1,131.0,130.9,2,1,1.00,CYCLE,W
IND,208,6415,59485,29/12/2023,17:15:32,15,0,36.9,1.2,133.4,133.1,2,1,1.00,CYCLE,E
IND,208,6415,59486,29/12/2023,17:16:40,15,1,32.2,1.1,72.0,71.8,2,1,1.00,CYCLE,W
IND,208,6415,59485,29/12/2023,17:19:37,15,0,23.5,1.0,244.9,244.8,2,1,1.00,CYCLE,E
IND,208,6415,59485,29/12/2023,17:21:43,15,0,21.3,1.0,126.2,126.1,2,1,1.00,CYCLE,E
IND,208,6415,59485,29/12/2023,17:23:03,15,0,20.5,1.0,79.8,79.7,2,1,1.00,CYCLE,E
IND,208,6415,59485,29/12/2023,17:23:30,15,0,12.2,1.1,27.2,27.1,2,1,1.00,CYCLE,E
IND,208,6415,59485,29/12/2023,17:23:33,15,0,27.5,1.0,3.1,2.8,2,1,1.00,CYCLE,E
IND,208,6415,59485,29/12/2023,17:23:36,15,0,11.0,1.1,3.3,3.2,2,1,1.00,CYCLE,E
IND,208,6415,59485,29/12/2023,17:26:21,15,0,18.2,1.1,12.7,12.7,2,1,1.00,CYCLE,E
IND,208,6415,59486,29/12/2023,17:26:37,15,1,25.6,1.0,597.0,596.8,2,1,1.00,CYCLE,W
IND,208,6415,59486,29/12/2023,17:26:39,15,1,22.5,1.0,2.0,1.9,2,1,1.00,CYCLE,W
IND,208,6415,59486,29/12/2023,17:27:01,15,1,23.3,0.9,22.6,22.4,2,1,1.00,CYCLE,W
IND,208,6415,59486,29/12/2023,17:27:28,15,1,32.2,1.0,26.7,26.6,2,1,1.00,CYCLE,W
IND,208,6415,59486,29/12/2023,17:27:29,15,1,24.5,1.0,0.9,0.8,2,1,1.00,CYCLE,W
IND,208,6415,59485,29/12/2023,17:27:37,15,0,21.8,1.1,17.2,17.1,2,1,1.00,CYCLE,E
IND,208,6415,59486,29/12/2023,17:31:20,15,1,19.4,1.1,231.0,230.8,2,1,1.00,CYCLE,W
IND,208,6415,59486,29/12/2023,17:33:10,15,1,14.5,0.5,109.9,109.7,2,1,1.00,CYCLE,W
IND,208,6415,59485,29/12/2023,17:33:25,15,0,20.6,1.2,348.0,347.9,2,1,1.00,CYCLE,E
IND,208,6415,59485,29/12/2023,17:35:56,15,0,26.9,1.2,150.3,150.1,2,1,1.00,CYCLE,E
IND,208,6415,59485,29/12/2023,17:37:15,15,0,20.8,1.1,79.1,78.9,2,1,1.00,CYCLE,E
IND,208,6415,59485,29/12/2023,17:37:20,15,0,22.6,1.1,5.0,4.8,2,1,1.00,CYCLE,E
IND,208,6415,59486,29/12/2023,17:37:52,15,1,21.5,0.8,282.0,281.8,2,1,1.00,CYCLE,W
IND,208,6415,59486,29/12/2023,17:38:52,15,1,19.3,1.1,60.4,60.3,2,1,1.00,CYCLE,W
IND,208,6415,59486,29/12/2023,17:38:56,15,1,19.2,1.1,3.9,3.7,2,1,1.00,CYCLE,W
IND,208,6415,59485,29/12/2023,17:41:56,15,0,26.7,1.2,276.2,276.1,2,1,1.00,CYCLE,E
IND,208,6415,59486,29/12/2023,17:43:21,15,1,35.6,1.1,264.7,264.5,2,1,1.00,CYCLE,W
IND,208,6415,59486,29/12/2023,17:43:40,15,1,28.8,1.1,19.5,19.4,2,1,1.00,CYCLE,W
IND,208,6415,59486,29/12/2023,17:45:48,15,1,38.6,1.2,127.6,127.5,2,1,1.00,CYCLE,W
IND,208,6415,59486,29/12/2023,17:46:58,15,1,9.8,1.0,70.1,70.0,2,1,0.29,CYCLE,W
IND,208,6415,59486,29/12/2023,17:47:53,15,1,20.5,1.1,55.1,53.6,2,1,1.00,CYCLE,W
IND,208,6415,59486,29/12/2023,17:48:21,15,1,21.7,1.0,28.0,27.8,2,1,1.00,CYCLE,W
IND,208,6415,59485,29/12/2023,17:50:59,15,0,14.1,1.0,543.4,543.2,2,1,1.00,CYCLE,E
IND,208,6415,59485,29/12/2023,17:51:18,15,0,12.3,1.0,18.8,18.6,2,1,1.00,CYCLE,E
IND,208,6415,59486,29/12/2023,17:55:07,15,1,23.4,1.0,405.9,405.8,2,1,1.00,CYCLE,W
IND,208,6415,59486,29/12/2023,17:56:48,15,1,24.3,1.1,100.6,100.5,2,1,1.00,CYCLE,W
IND,208,6415,59485,29/12/2023,17:57:35,15,0,19.7,1.1,93.0,93.0,2,1,1.00,CYCLE,E
IND,208,6415,59486,29/12/2023,17:58:54,15,1,23.6,0.8,126.4,126.2,2,1,1.00,CYCLE,W
IND,208,6415,59486,29/12/2023,17:59:08,15,1,19.4,1.1,13.7,13.6,2,1,1.00,CYCLE,W
IND,208,6415,59485,29/12/2023,17:59:49,15,0,5.4,1.0,92.3,92.6,2,1,0.33,CYCLE,E
IND,208,6415,59486,29/12/2023,18:00:14,15,1,6.5,1.0,66.7,66.4,2,1,0.40,CYCLE,W
IND,208,6415,59485,29/12/2023,18:00:20,15,0,3.0,0.3,30.2,28.8,2,1,1.00,CYCLE,E
IND,208,6415,59486,29/12/2023,18:00:40,15,1,10.1,1.0,25.7,25.3,2,1,0.33,CYCLE,W
IND,208,6415,59485,29/12/2023,18:02:39,15,0,39.2,0.9,85.7,85.7,2,1,1.00,CYCLE,E
IND,208,6415,59485,29/12/2023,18:05:44,15,0,18.5,1.0,185.5,185.4,2,1,1.00,CYCLE,E
IND,208,6415,59486,29/12/2023,18:06:06,15,1,34.2,1.2,326.1,325.1,2,1,1.00,CYCLE,W
IND,208,6415,59485,29/12/2023,18:07:31,15,0,16.1,1.1,106.8,106.6,2,1,1.00,CYCLE,E
IND,208,6415,59485,29/12/2023,18:08:39,15,0,22.5,1.1,67.6,67.4,2,1,1.00,CYCLE,E
IND,208,6415,59486,29/12/2023,18:09:02,15,1,24.4,1.0,175.8,175.7,2,1,1.00,CYCLE,W
IND,208,6415,59485,29/12/2023,18:09:21,15,0,15.4,1.0,42.7,42.5,2,1,1.00,CYCLE,E
IND,208,6415,59485,29/12/2023,18:11:52,15,0,19.4,1.0,150.9,150.6,2,1,1.00,CYCLE,E
IND,208,6415,59486,29/12/2023,18:13:58,15,1,7.9,1.0,296.2,296.1,2,1,0.40,CYCLE,W
IND,208,6415,59486,29/12/2023,18:25:55,15,1,33.1,1.2,717.1,716.6,2,1,1.00,CYCLE,W
IND,208,6415,59486,29/12/2023,18:26:50,15,1,23.0,0.9,54.8,54.7,2,1,1.00,CYCLE,W
IND,208,6415,59485,29/12/2023,18:27:41,15,0,14.1,1.1,29.6,29.4,2,1,1.00,CYCLE,E
IND,208,6415,59485,29/12/2023,18:27:41,15,0,13.9,1.1,0.5,0.2,2,1,1.00,CYCLE,E
IND,208,6415,59486,29/12/2023,18:29:21,15,1,22.3,1.1,150.7,150.6,2,1,1.00,CYCLE,W
IND,208,6415,59486,29/12/2023,18:29:22,15,1,22.6,1.0,0.8,0.6,2,1,1.00,CYCLE,W
IND,208,6415,59486,29/12/2023,18:30:11,15,1,28.9,1.2,49.6,49.4,2,1,1.00,CYCLE,W
IND,208,6415,59485,29/12/2023,18:31:26,15,0,26.4,1.1,224.5,224.2,2,1,1.00,CYCLE,E
IND,208,6415,59486,29/12/2023,18:32:22,15,1,7.5,0.7,130.7,130.7,2,1,0.80,CYCLE,W
IND,208,6415,59485,29/12/2023,18:36:16,15,0,18.3,1.0,290.2,290.1,2,1,1.00,CYCLE,E
IND,208,6415,59486,29/12/2023,18:39:06,15,1,20.2,1.0,404.2,404.0,2,1,1.00,CYCLE,W
IND,208,6415,59486,29/12/2023,18:39:35,15,1,17.5,1.0,28.8,28.6,2,1,1.00,CYCLE,W
IND,208,6415,59486,29/12/2023,18:39:36,15,1,15.4,1.1,1.6,1.4,2,1,1.00,CYCLE,W
IND,208,6415,59486,29/12/2023,18:43:29,15,1,22.5,1.1,232.9,232.6,2,1,1.00,CYCLE,W
IND,208,6415,59485,29/12/2023,18:45:45,15,0,21.9,0.9,568.8,568.6,2,1,1.00,CYCLE,E
IND,208,6415,59486,29/12/2023,18:46:29,15,1,26.3,1.1,179.9,179.7,2,1,1.00,CYCLE,W
IND,208,6415,59485,29/12/2023,18:46:49,15,0,19.5,1.0,64.9,64.7,2,1,1.00,CYCLE,E
IND,208,6415,59485,29/12/2023,18:46:51,15,0,19.0,1.1,1.9,1.7,2,1,1.00,CYCLE,E
IND,208,6415,59486,29/12/2023,18:48:25,15,1,29.0,1.2,116.3,116.2,2,1,1.00,CYCLE,W
IND,208,6415,59485,29/12/2023,18:49:56,15,0,36.5,1.1,184.2,184.0,2,1,1.00,CYCLE,E
IND,208,6415,59486,29/12/2023,18:50:18,15,1,22.6,1.0,112.3,112.1,2,1,1.00,CYCLE,W
IND,208,6415,59486,29/12/2023,18:53:04,15,1,22.1,1.0,166.0,165.8,2,1,1.00,CYCLE,W
IND,208,6415,59486,29/12/2023,18:53:04,15,1,22.3,1.0,0.6,0.5,2,1,1.00,CYCLE,W
IND,208,6415,59486,29/12/2023,18:53:31,15,1,13.8,1.0,6.5,6.4,2,1,1.00,CYCLE,W
IND,208,6415,59486,29/12/2023,18:53:31,15,1,13.8,1.0,0.0,0.0,2,1,1.00,CYCLE,W
IND,208,6415,59485,29/12/2023,18:54:46,15,0,32.1,1.0,290.7,290.6,2,1,0.40,CYCLE,E
IND,208,6415,59485,29/12/2023,18:57:30,15,0,14.7,1.1,163.4,163.2,2,1,1.00,CYCLE,E
IND,208,6415,59485,29/12/2023,18:58:14,15,0,10.5,1.0,44.1,43.9,2,1,1.00,CYCLE,E
IND,208,6415,59485,29/12/2023,18:58:15,15,0,10.4,1.1,1.5,1.2,2,1,1.00,CYCLE,E
IND,208,6415,59485,29/12/2023,18:58:36,15,0,16.5,1.0,21.1,20.8,2,1,1.00,CYCLE,E
IND,208,6415,59485,29/12/2023,18:58:40,15,0,4.5,0.0,3.6,3.3,2,1,1.00,CYCLE,E
IND,208,6415,59486,29/12/2023,18:59:50,15,1,19.2,1.2,379.2,378.8,2,1,1.00,CYCLE,W
IND,208,6415,59486,29/12/2023,19:01:45,15,1,21.6,1.0,114.2,113.9,2,1,1.00,CYCLE,W
IND,208,6415,59485,29/12/2023,19:02:30,15,0,22.7,1.0,229.9,229.8,2,1,1.00,CYCLE,E
IND,208,6415,59485,29/12/2023,19:04:22,15,0,17.1,1.0,111.9,111.7,2,1,1.00,CYCLE,E
IND,208,6415,59485,29/12/2023,19:04:25,15,0,16.6,1.1,3.1,2.9,2,1,1.00,CYCLE,E
IND,208,6415,59485,29/12/2023,19:04:37,15,0,17.5,1.1,11.6,11.4,2,1,1.00,CYCLE,E
IND,208,6415,59485,29/12/2023,19:04:37,15,0,17.8,1.0,0.8,0.6,2,1,1.00,CYCLE,E
IND,208,6415,59485,29/12/2023,19:08:22,15,0,22.6,1.0,224.3,224.1,2,1,1.00,CYCLE,E
IND,208,6415,59485,29/12/2023,19:10:18,15,0,17.6,1.0,115.9,115.7,2,1,1.00,CYCLE,E
IND,208,6415,59485,29/12/2023,19:13:31,15,0,28.4,1.1,193.7,193.5,2,1,1.00,CYCLE,E
IND,208,6415,59485,29/12/2023,19:14:00,15,0,12.1,1.1,14.5,14.3,2,1,1.00,CYCLE,E
IND,208,6415,59486,29/12/2023,19:16:30,15,1,24.0,1.2,885.6,885.4,2,1,1.00,CYCLE,W
IND,208,6415,59486,29/12/2023,19:16:32,15,1,21.0,1.1,2.2,2.0,2,1,1.00,CYCLE,W
IND,208,6415,59486,29/12/2023,19:17:05,15,1,32.1,1.1,32.8,32.6,2,1,1.00,CYCLE,W
IND,208,6415,59486,29/12/2023,19:18:27,15,1,34.2,1.0,81.4,81.3,2,1,0.40,CYCLE,W
IND,208,6415,59485,29/12/2023,19:24:53,15,0,21.2,1.1,653.1,652.8,2,1,1.00,CYCLE,E
IND,208,6415,59485,29/12/2023,19:26:38,15,0,38.4,1.1,105.1,104.9,2,1,1.00,CYCLE,E
IND,208,6415,59486,29/12/2023,19:27:53,15,1,19.7,1.0,330.3,330.3,2,1,1.00,CYCLE,W
IND,208,6415,59485,29/12/2023,19:28:09,15,0,13.4,1.1,91.6,91.5,2,1,1.00,CYCLE,E
IND,208,6415,59485,29/12/2023,19:28:11,15,0,13.5,1.1,1.2,0.9,2,1,1.00,CYCLE,E
IND,208,6415,59486,29/12/2023,19:28:17,15,1,20.5,1.0,23.8,23.6,2,1,1.00,CYCLE,W
IND,208,6415,59486,29/12/2023,19:28:17,15,1,22.1,1.0,0.7,0.5,2,1,1.00,CYCLE,W
IND,208,6415,59486,29/12/2023,19:29:53,15,1,32.4,1.2,95.2,95.0,2,1,1.00,CYCLE,W
IND,208,6415,59486,29/12/2023,19:32:22,15,1,26.7,1.1,149.0,148.9,2,1,1.00,CYCLE,W
IND,208,6415,59486,29/12/2023,19:36:13,15,1,26.8,1.0,231.7,231.6,2,1,1.00,CYCLE,W
IND,208,6415,59486,29/12/2023,19:37:25,15,1,31.9,1.1,71.5,71.4,2,1,1.00,CYCLE,W
IND,208,6415,59486,29/12/2023,19:43:15,15,1,22.0,1.1,350.5,350.4,2,1,1.00,CYCLE,W
IND,208,6415,59486,29/12/2023,19:45:31,15,1,18.7,1.1,135.3,135.2,2,1,1.00,CYCLE,W
IND,208,6415,59485,29/12/2023,19:46:24,15,0,20.5,1.1,1082.8,1082.8,2,1,1.00,CYCLE,E
IND,208,6415,59486,29/12/2023,19:46:31,15,1,14.5,1.0,60.0,59.8,2,1,1.00,CYCLE,W
IND,208,6415,59486,29/12/2023,19:46:32,15,1,15.3,0.9,1.0,0.7,2,1,1.00,CYCLE,W
IND,208,6415,59486,29/12/2023,19:49:05,15,1,27.1,1.2,153.8,153.5,2,1,1.00,CYCLE,W
IND,208,6415,59485,29/12/2023,19:52:17,15,0,18.2,1.1,352.9,352.8,2,1,1.00,CYCLE,E
IND,208,6415,59486,29/12/2023,19:53:40,15,1,28.6,1.0,274.9,274.7,2,1,1.00,CYCLE,W
IND,208,6415,59486,29/12/2023,19:53:46,15,1,16.6,1.1,5.3,5.2,2,1,1.00,CYCLE,W
IND,208,6415,59485,29/12/2023,19:54:08,15,0,23.8,1.0,110.7,110.5,2,1,1.00,CYCLE,E
IND,208,6415,59486,29/12/2023,19:57:36,15,1,39.9,1.0,230.9,230.6,2,1,1.00,CYCLE,W
IND,208,6415,59485,29/12/2023,19:57:39,15,0,20.5,1.1,211.0,210.9,2,1,1.00,CYCLE,E
IND,208,6415,59486,29/12/2023,20:00:04,15,1,26.6,1.1,147.3,147.2,2,1,1.00,CYCLE,W
IND,208,6415,59485,29/12/2023,20:02:15,15,0,27.0,1.0,275.8,275.6,2,1,1.00,CYCLE,E
IND,208,6415,59486,29/12/2023,20:02:48,15,1,22.8,1.1,23.9,23.8,2,1,1.00,CYCLE,W
IND,208,6415,59486,29/12/2023,20:04:13,15,1,23.4,1.1,85.5,85.3,2,1,1.00,CYCLE,W
IND,208,6415,59486,29/12/2023,20:20:53,15,1,26.8,1.1,999.8,999.7,2,1,1.00,CYCLE,W
IND,208,6415,59485,29/12/2023,20:27:52,15,0,21.1,0.9,1537.7,1537.5,2,1,1.00,CYCLE,E
IND,208,6415,59485,29/12/2023,20:28:00,15,0,19.9,1.1,7.9,7.7,2,1,1.00,CYCLE,E
IND,208,6415,59486,29/12/2023,20:31:12,15,1,26.5,1.1,618.6,618.4,2,1,1.00,CYCLE,W
IND,208,6415,59486,29/12/2023,20:32:08,15,1,26.4,1.0,56.1,55.9,2,1,1.00,CYCLE,W
IND,208,6415,59485,29/12/2023,20:41:14,15,0,23.7,1.0,793.8,793.6,2,1,1.00,CYCLE,E
IND,208,6415,59486,29/12/2023,20:41:41,15,1,28.0,1.1,573.1,573.0,2,1,1.00,CYCLE,W
IND,208,6415,59485,29/12/2023,20:43:14,15,0,20.5,1.0,120.2,120.1,2,1,1.00,CYCLE,E
IND,208,6415,59485,29/12/2023,20:52:51,15,0,15.8,1.0,577.0,576.9,2,1,1.00,CYCLE,E
IND,208,6415,59486,29/12/2023,20:55:44,15,1,19.6,1.1,843.6,843.4,2,1,1.00,CYCLE,W
IND,208,6415,59486,29/12/2023,20:57:46,15,1,30.4,1.2,121.5,121.2,2,1,1.00,CYCLE,W
IND,208,6415,59486,29/12/2023,21:03:27,15,1,2.7,0.4,340.8,341.1,2,1,0.80,CYCLE,W
IND,208,6415,59486,29/12/2023,21:05:31,15,1,35.6,1.2,124.6,124.0,2,1,1.00,CYCLE,W
IND,208,6415,59485,29/12/2023,21:05:32,15,0,14.6,0.9,761.2,761.0,2,1,1.00,CYCLE,E
IND,208,6415,59486,29/12/2023,21:08:14,15,1,28.6,1.1,163.0,162.9,2,1,1.00,CYCLE,W
IND,208,6415,59485,29/12/2023,21:12:45,15,0,17.7,1.1,432.3,432.1,2,1,1.00,CYCLE,E
IND,208,6415,59486,29/12/2023,21:13:03,15,1,23.5,1.0,288.5,288.4,2,1,1.00,CYCLE,W
IND,208,6415,59486,29/12/2023,21:16:25,15,1,22.9,0.9,201.9,201.7,2,1,1.00,CYCLE,W
IND,208,6415,59486,29/12/2023,21:18:26,15,1,27.5,1.1,121.7,121.6,2,1,1.00,CYCLE,W
IND,208,6415,59486,29/12/2023,21:20:51,15,1,31.5,1.1,144.9,144.8,2,1,1.00,CYCLE,W
IND,208,6415,59485,29/12/2023,21:43:41,15,0,26.2,1.1,1279.6,1279.6,2,1,1.00,CYCLE,E
IND,208,6415,59486,29/12/2023,21:48:02,15,1,27.9,1.0,666.7,666.6,2,1,1.00,CYCLE,W
IND,208,6415,59486,29/12/2023,21:52:10,15,1,23.3,1.0,247.9,247.8,2,1,1.00,CYCLE,W
IND,208,6415,59486,29/12/2023,21:52:10,15,1,21.5,0.9,0.7,0.5,2,1,1.00,CYCLE,W
IND,208,6415,59485,29/12/2023,21:58:25,15,0,22.5,1.0,883.6,883.4,2,1,1.00,CYCLE,E
IND,208,6415,59486,29/12/2023,21:58:56,15,1,27.4,1.1,405.4,405.3,2,1,1.00,CYCLE,W
IND,208,6415,59486,29/12/2023,21:58:56,15,1,25.1,1.1,0.6,0.5,2,1,1.00,CYCLE,W
IND,208,6415,59485,29/12/2023,22:04:09,15,0,63.0,1.1,343.5,343.4,2,1,1.00,CYCLE,E
IND,208,6415,59486,29/12/2023,22:09:01,15,1,21.6,1.0,604.3,604.2,2,1,1.00,CYCLE,W
IND,208,6415,59485,29/12/2023,22:27:19,15,0,4.1,0.0,1390.8,1390.8,2,1,1.00,CYCLE,E
IND,208,6415,59486,29/12/2023,22:31:12,15,1,25.9,1.1,1330.7,1330.6,2,1,1.00,CYCLE,W
IND,208,6415,59486,29/12/2023,22:39:51,15,1,24.2,1.0,519.7,519.6,2,1,1.00,CYCLE,W
IND,208,6415,59485,29/12/2023,22:41:32,15,0,24.5,1.0,852.4,852.3,2,1,1.00,CYCLE,E
IND,208,6415,59486,29/12/2023,22:46:12,15,1,26.9,1.0,381.1,381.0,2,1,1.00,CYCLE,W
IND,208,6415,59485,29/12/2023,22:47:28,15,0,18.7,1.0,355.9,355.7,2,1,1.00,CYCLE,E
IND,208,6415,59486,29/12/2023,22:47:30,15,1,26.7,1.1,77.1,77.0,2,1,1.00,CYCLE,W
IND,208,6415,59485,29/12/2023,23:08:17,15,0,21.2,0.9,1249.7,1249.5,2,1,1.00,CYCLE,E
IND,208,6415,59485,29/12/2023,23:08:19,15,0,20.7,0.9,2.1,1.9,2,1,1.00,CYCLE,E
IND,208,6415,59485,30/12/2023,00:11:01,15,0,21.2,1.1,3762.1,3761.9,2,1,1.00,CYCLE,E
IND,208,6415,59485,30/12/2023,00:14:37,15,0,26.7,1.1,215.8,215.6,2,1,1.00,CYCLE,E
IND,208,6415,59485,30/12/2023,00:33:25,15,0,30.6,1.1,1127.5,1127.3,2,1,1.00,CYCLE,E
IND,208,6415,59486,30/12/2023,00:40:14,15,1,32.4,1.1,6764.2,6764.1,2,1,1.00,CYCLE,W
IND,208,6415,59485,30/12/2023,01:11:49,15,0,21.4,1.0,2304.1,2304.0,2,1,1.00,CYCLE,E
IND,208,6415,59485,30/12/2023,01:11:53,15,0,20.6,1.0,4.0,3.9,2,1,1.00,CYCLE,E
IND,208,6415,59485,30/12/2023,01:19:54,15,0,20.8,0.9,481.5,481.4,2,1,1.00,CYCLE,E
IND,208,6415,59485,30/12/2023,01:19:56,15,0,20.8,0.9,1.3,1.1,2,1,1.00,CYCLE,E
IND,208,6415,59485,30/12/2023,01:19:58,15,0,20.7,0.9,1.9,1.8,2,1,1.00,CYCLE,E
IND,208,6415,59485,30/12/2023,01:20:03,15,0,20.3,0.9,5.0,4.8,2,1,1.00,CYCLE,E
IND,208,6415,59486,30/12/2023,01:56:01,15,1,17.7,0.9,4547.2,4547.1,2,1,1.00,CYCLE,W
IND,208,6415,59486,30/12/2023,01:56:02,15,1,21.4,0.9,0.7,0.5,2,1,1.00,CYCLE,W
IND,208,6415,59486,30/12/2023,01:56:04,15,1,20.9,1.0,2.3,2.1,2,1,1.00,CYCLE,W
IND,208,6415,59486,30/12/2023,01:56:04,15,1,20.9,1.0,0.0,0.0,2,1,1.00,CYCLE,W
IND,208,6415,59485,30/12/2023,02:30:34,15,0,20.2,1.0,4231.3,4231.2,2,1,1.00,CYCLE,E
IND,208,6415,59486,30/12/2023,02:32:08,15,1,31.5,1.1,2164.1,2163.9,2,1,1.00,CYCLE,W
IND,208,6415,59486,30/12/2023,03:45:35,15,1,28.1,1.1,4407.3,4407.2,2,1,1.00,CYCLE,W
IND,208,6415,59486,30/12/2023,04:43:45,15,1,21.6,1.0,3489.8,3489.7,2,1,1.00,CYCLE,W
IND,208,6415,59485,30/12/2023,05:04:29,15,0,24.8,1.1,9235.3,9235.1,2,1,1.00,CYCLE,E
IND,208,6415,59486,30/12/2023,05:14:39,15,1,22.3,1.0,1853.7,1853.6,2,1,1.00,CYCLE,W
IND,208,6415,59486,30/12/2023,05:21:38,15,1,26.7,1.0,418.9,418.7,2,1,1.00,CYCLE,W
IND,208,6415,59486,30/12/2023,05:41:13,15,1,32.0,1.0,1175.3,1175.1,2,1,1.00,CYCLE,W
IND,208,6415,59485,30/12/2023,05:45:08,15,0,16.3,1.0,743.8,743.8,2,1,1.00,CYCLE,E
IND,208,6415,59485,30/12/2023,05:54:05,15,0,23.6,1.0,536.8,536.6,2,1,1.00,CYCLE,E
IND,208,6415,59486,30/12/2023,05:57:02,15,1,20.5,1.0,144.1,144.2,2,1,1.00,CYCLE,W
IND,208,6415,59485,30/12/2023,05:58:46,15,0,16.6,0.5,280.5,280.4,2,1,1.00,CYCLE,E
IND,208,6415,59486,30/12/2023,06:01:15,15,1,29.4,1.0,253.1,253.0,2,1,1.00,CYCLE,W
IND,208,6415,59486,30/12/2023,06:03:09,15,1,29.0,1.0,113.8,113.7,2,1,1.00,CYCLE,W
IND,208,6415,59486,30/12/2023,06:04:25,15,1,37.5,0.9,76.3,76.2,2,1,1.00,CYCLE,W
IND,208,6415,59486,30/12/2023,06:04:26,15,1,24.2,1.0,0.9,0.8,2,1,1.00,CYCLE,W
IND,208,6415,59486,30/12/2023,06:04:46,15,1,25.4,1.0,20.0,19.8,2,1,1.00,CYCLE,W
IND,208,6415,59485,30/12/2023,06:05:25,15,0,17.5,1.0,38.1,38.1,2,1,1.00,CYCLE,E
IND,208,6415,59485,30/12/2023,06:14:16,15,0,25.4,1.0,531.1,530.9,2,1,1.00,CYCLE,E
IND,208,6415,59485,30/12/2023,06:15:27,15,0,28.7,1.0,71.4,71.2,2,1,1.00,CYCLE,E
IND,208,6415,59486,30/12/2023,06:18:13,15,1,28.0,1.0,807.1,807.0,2,1,1.00,CYCLE,W
IND,208,6415,59485,30/12/2023,06:20:57,15,0,13.1,1.0,329.7,329.5,2,1,1.00,CYCLE,E
IND,208,6415,59485,30/12/2023,06:21:01,15,0,29.3,1.1,4.0,3.7,2,1,1.00,CYCLE,E
IND,208,6415,59486,30/12/2023,06:21:23,15,1,27.4,1.0,189.4,189.3,2,1,1.00,CYCLE,W
IND,208,6415,59485,30/12/2023,06:22:08,15,0,4.3,0.4,67.6,67.5,2,1,0.80,CYCLE,E
IND,208,6415,59485,30/12/2023,06:23:25,15,0,35.3,1.0,77.0,77.0,2,1,1.00,CYCLE,E
IND,208,6415,59486,30/12/2023,06:25:10,15,1,27.0,1.0,227.5,227.3,2,1,1.00,CYCLE,W
IND,208,6415,59485,30/12/2023,06:25:57,15,0,24.4,1.1,151.4,151.3,2,1,1.00,CYCLE,E
IND,208,6415,59485,30/12/2023,06:25:57,15,0,24.1,1.0,0.6,0.4,2,1,1.00,CYCLE,E
IND,208,6415,59485,30/12/2023,06:25:58,15,0,24.4,1.1,0.5,0.4,2,1,1.00,CYCLE,E
IND,208,6415,59485,30/12/2023,06:26:43,15,0,26.9,1.0,45.6,45.4,2,1,1.00,CYCLE,E
IND,208,6415,59486,30/12/2023,06:27:34,15,1,21.1,0.9,143.8,143.6,2,1,1.00,CYCLE,W
IND,208,6415,59485,30/12/2023,06:28:06,15,0,6.0,1.0,82.2,82.0,2,1,0.80,CYCLE,E
IND,208,6415,59485,30/12/2023,06:29:53,15,0,19.9,1.1,106.9,106.2,2,1,1.00,CYCLE,E
IND,208,6415,59485,30/12/2023,06:29:53,15,0,19.0,1.0,0.5,0.3,2,1,1.00,CYCLE,E
IND,208,6415,59485,30/12/2023,06:29:53,15,0,19.0,1.0,0.0,0.0,2,1,1.00,CYCLE,E
IND,208,6415,59485,30/12/2023,06:29:55,15,0,26.2,1.1,1.7,1.5,2,1,1.00,CYCLE,E
IND,208,6415,59486,30/12/2023,06:32:19,15,1,24.7,1.0,96.3,96.4,2,1,1.00,CYCLE,W
IND,208,6415,59485,30/12/2023,06:32:43,15,0,24.4,1.1,168.6,168.4,2,1,1.00,CYCLE,E
IND,208,6415,59486,30/12/2023,06:34:57,15,1,18.0,1.1,157.7,157.6,2,1,1.00,CYCLE,W
IND,208,6415,59485,30/12/2023,06:35:28,15,0,24.2,1.0,164.5,164.4,2,1,1.00,CYCLE,E
IND,208,6415,59485,30/12/2023,06:35:32,15,0,28.6,1.1,3.9,3.7,2,1,1.00,CYCLE,E
IND,208,6415,59485,30/12/2023,06:36:07,15,0,23.9,1.1,31.7,31.6,2,1,1.00,CYCLE,E
IND,208,6415,59485,30/12/2023,06:36:09,15,0,23.4,1.0,1.7,1.5,2,1,1.00,CYCLE,E
IND,208,6415,59485,30/12/2023,06:41:21,15,0,23.6,1.1,312.2,312.0,2,1,1.00,CYCLE,E
IND,208,6415,59486,30/12/2023,06:45:56,15,1,21.6,1.1,659.4,659.2,2,1,1.00,CYCLE,W
IND,208,6415,59485,30/12/2023,06:46:30,15,0,22.7,1.0,308.8,308.7,2,1,1.00,CYCLE,E
IND,208,6415,59485,30/12/2023,06:47:04,15,0,16.3,1.1,34.5,34.3,2,1,1.00,CYCLE,E
IND,208,6415,59486,30/12/2023,06:47:13,15,1,30.0,1.0,76.9,76.7,2,1,1.00,CYCLE,W
IND,208,6415,59485,30/12/2023,06:49:27,15,0,26.3,1.0,142.5,142.2,2,1,1.00,CYCLE,E
IND,208,6415,59486,30/12/2023,06:51:32,15,1,30.9,1.0,259.4,259.2,2,1,1.00,CYCLE,W
IND,208,6415,59486,30/12/2023,07:01:23,15,1,28.5,1.0,176.5,176.5,2,1,1.00,CYCLE,W
IND,208,6415,59485,30/12/2023,07:03:20,15,0,21.8,1.0,390.6,390.6,2,1,1.00,CYCLE,E
IND,208,6415,59485,30/12/2023,07:04:13,15,0,31.1,1.0,53.3,53.1,2,1,1.00,CYCLE,E
IND,208,6415,59485,30/12/2023,07:07:51,15,0,24.6,1.0,218.3,218.2,2,1,1.00,CYCLE,E
IND,208,6415,59485,30/12/2023,07:08:13,15,0,19.7,1.0,21.5,21.3,2,1,1.00,CYCLE,E
IND,208,6415,59485,30/12/2023,07:11:20,15,0,20.3,0.9,187.4,187.2,2,1,1.00,CYCLE,E
IND,208,6415,59486,30/12/2023,07:12:26,15,1,27.3,1.0,663.2,663.0,2,1,1.00,CYCLE,W
IND,208,6415,59486,30/12/2023,07:12:26,15,1,28.0,1.0,0.6,0.5,2,1,1.00,CYCLE,W
IND,208,6415,59486,30/12/2023,07:12:27,15,1,28.4,1.0,0.3,0.1,2,1,1.00,CYCLE,W
IND,208,6415,59486,30/12/2023,07:14:37,15,1,30.2,1.0,130.7,130.6,2,1,1.00,CYCLE,W
IND,208,6415,59485,30/12/2023,07:14:42,15,0,21.3,1.1,202.1,202.0,2,1,1.00,CYCLE,E
IND,208,6415,59485,30/12/2023,07:15:21,15,0,30.3,1.2,38.5,38.3,2,1,1.00,CYCLE,E
IND,208,6415,59486,30/12/2023,07:18:06,15,1,24.2,1.1,208.3,208.2,2,1,1.00,CYCLE,W
IND,208,6415,59485,30/12/2023,07:18:27,15,0,23.5,1.0,185.9,185.7,2,1,1.00,CYCLE,E
IND,208,6415,59486,30/12/2023,07:19:34,15,1,29.5,1.1,88.7,88.5,2,1,1.00,CYCLE,W
IND,208,6415,59486,30/12/2023,07:19:46,15,1,18.8,1.0,11.9,11.8,2,1,1.00,CYCLE,W
IND,208,6415,59486,30/12/2023,07:21:01,15,1,22.8,1.1,74.6,74.4,2,1,1.00,CYCLE,W
IND,208,6415,59486,30/12/2023,07:21:01,15,1,21.3,1.0,0.3,0.1,2,1,1.00,CYCLE,W
IND,208,6415,59486,30/12/2023,07:26:03,15,1,21.9,1.0,117.2,116.5,2,1,1.00,CYCLE,W
IND,208,6415,59485,30/12/2023,07:27:59,15,0,22.1,1.0,273.4,273.4,2,1,1.00,CYCLE,E
IND,208,6415,59485,30/12/2023,07:29:43,15,0,30.1,1.0,103.6,103.4,2,1,1.00,CYCLE,E
IND,208,6415,59485,30/12/2023,07:31:05,15,0,30.0,1.0,81.7,81.6,2,1,1.00,CYCLE,E
IND,208,6415,59486,30/12/2023,07:31:18,15,1,23.3,1.0,163.5,163.2,2,1,1.00,CYCLE,W
IND,208,6415,59486,30/12/2023,07:31:18,15,1,23.3,1.0,0.0,0.0,2,1,1.00,CYCLE,W
IND,208,6415,59486,30/12/2023,07:31:19,15,1,24.7,1.0,1.0,0.7,2,1,1.00,CYCLE,W
IND,208,6415,59486,30/12/2023,07:31:22,15,1,25.2,1.0,3.7,3.5,2,1,1.00,CYCLE,W
IND,208,6415,59486,30/12/2023,07:31:26,15,1,24.2,1.0,3.6,3.4,2,1,1.00,CYCLE,W
IND,208,6415,59485,30/12/2023,07:32:39,15,0,16.8,1.0,25.2,25.2,2,1,1.00,CYCLE,E
IND,208,6415,59486,30/12/2023,07:37:11,15,1,7.0,0.7,187.2,187.1,2,1,0.80,CYCLE,W
IND,208,6415,59485,30/12/2023,07:38:06,15,0,21.0,1.0,327.6,327.4,2,1,1.00,CYCLE,E
IND,208,6415,59485,30/12/2023,07:38:06,15,0,21.0,1.0,0.0,0.0,2,1,1.00,CYCLE,E
IND,208,6415,59485,30/12/2023,07:38:07,15,0,21.1,1.0,0.8,0.6,2,1,1.00,CYCLE,E
IND,208,6415,59486,30/12/2023,07:38:47,15,1,30.3,1.0,96.0,95.5,2,1,1.00,CYCLE,W
IND,208,6415,59486,30/12/2023,07:39:43,15,1,22.7,1.0,55.5,55.4,2,1,1.00,CYCLE,W
IND,208,6415,59485,30/12/2023,07:40:01,15,0,21.9,0.9,114.0,113.8,2,1,1.00,CYCLE,E
IND,208,6415,59485,30/12/2023,07:40:20,15,0,24.9,0.9,18.8,18.7,2,1,1.00,CYCLE,E
IND,208,6415,59486,30/12/2023,07:47:46,15,1,27.0,1.0,482.9,482.7,2,1,1.00,CYCLE,W
IND,208,6415,59486,30/12/2023,07:48:56,15,1,19.1,1.0,70.5,70.4,2,1,1.00,CYCLE,W
IND,208,6415,59486,30/12/2023,07:48:56,15,1,19.1,1.0,0.0,0.0,2,1,1.00,CYCLE,W
IND,208,6415,59486,30/12/2023,07:50:19,15,1,23.6,1.0,82.9,82.5,2,1,1.00,CYCLE,W
IND,208,6415,59486,30/12/2023,07:50:23,15,1,26.7,1.0,3.7,3.5,2,1,1.00,CYCLE,W
IND,208,6415,59486,30/12/2023,07:51:15,15,1,18.7,1.1,51.8,51.7,2,1,1.00,CYCLE,W
IND,208,6415,59486,30/12/2023,07:54:21,15,1,26.2,0.9,154.2,153.9,2,1,1.00,CYCLE,W
IND,208,6415,59485,30/12/2023,07:56:07,15,0,26.7,1.0,361.1,361.1,2,1,1.00,CYCLE,E
IND,208,6415,59485,30/12/2023,08:02:00,15,0,28.7,1.1,352.7,352.5,2,1,1.00,CYCLE,E
IND,208,6415,59485,30/12/2023,08:03:01,15,0,16.5,1.1,61.3,61.2,2,1,1.00,CYCLE,E
IND,208,6415,59485,30/12/2023,08:05:06,15,0,23.3,1.0,124.6,124.4,2,1,1.00,CYCLE,E
IND,208,6415,59486,30/12/2023,08:06:24,15,1,24.9,1.0,723.0,722.8,2,1,1.00,CYCLE,W
IND,208,6415,59486,30/12/2023,08:07:41,15,1,26.8,1.1,76.8,76.6,2,1,1.00,CYCLE,W
IND,208,6415,59486,30/12/2023,08:08:14,15,1,24.8,1.0,33.3,33.2,2,1,1.00,CYCLE,W
IND,208,6415,59486,30/12/2023,08:08:15,15,1,25.9,1.0,0.8,0.6,2,1,1.00,CYCLE,W
IND,208,6415,59485,30/12/2023,08:08:23,15,0,22.8,1.0,196.7,196.5,2,1,1.00,CYCLE,E
IND,208,6415,59486,30/12/2023,08:08:53,15,1,12.2,1.0,38.3,38.3,2,1,1.00,CYCLE,W
IND,208,6415,59486,30/12/2023,08:08:57,15,1,24.3,1.0,4.2,3.8,2,1,1.00,CYCLE,W
IND,208,6415,59486,30/12/2023,08:09:01,15,1,27.4,1.0,4.0,3.8,2,1,1.00,CYCLE,W
IND,208,6415,59486,30/12/2023,08:09:52,15,1,33.2,0.9,51.1,51.0,2,1,1.00,CYCLE,W
IND,208,6415,59486,30/12/2023,08:09:53,15,1,33.4,1.0,0.8,0.7,2,1,1.00,CYCLE,W
IND,208,6415,59486,30/12/2023,08:10:02,15,1,26.5,1.0,9.0,8.9,2,1,1.00,CYCLE,W
IND,208,6415,59486,30/12/2023,08:10:03,15,1,27.0,1.0,0.6,0.5,2,1,1.00,CYCLE,W
IND,208,6415,59486,30/12/2023,08:13:29,15,1,23.8,1.0,206.7,206.6,2,1,1.00,CYCLE,W
IND,208,6415,59486,30/12/2023,08:13:38,15,1,25.9,0.9,8.3,8.2,2,1,1.00,CYCLE,W
IND,208,6415,59485,30/12/2023,08:14:24,15,0,25.9,1.0,99.3,99.3,2,1,1.00,CYCLE,E
IND,208,6415,59485,30/12/2023,08:14:25,15,0,24.1,0.9,0.7,0.5,2,1,1.00,CYCLE,E
IND,208,6415,59485,30/12/2023,08:15:27,15,0,16.7,1.0,62.2,62.0,2,1,1.00,CYCLE,E
IND,208,6415,59486,30/12/2023,08:15:47,15,1,24.5,1.1,17.0,17.0,2,1,1.00,CYCLE,W
IND,208,6415,59486,30/12/2023,08:15:49,15,1,24.1,1.0,2.0,1.8,2,1,0.67,CYCLE,W
IND,208,6415,59486,30/12/2023,08:16:12,15,1,20.9,1.0,23.2,22.7,2,1,1.00,CYCLE,W
IND,208,6415,59486,30/12/2023,08:17:25,15,1,22.9,1.0,72.9,72.7,2,1,1.00,CYCLE,W
IND,208,6415,59485,30/12/2023,08:18:11,15,0,21.3,1.0,164.7,164.5,2,1,1.00,CYCLE,E
IND,208,6415,59485,30/12/2023,08:18:48,15,0,35.0,1.0,36.5,36.3,2,1,1.00,CYCLE,E
IND,208,6415,59486,30/12/2023,08:19:51,15,1,27.0,1.1,145.7,145.5,2,1,1.00,CYCLE,W
IND,208,6415,59485,30/12/2023,08:20:28,15,0,20.6,1.1,100.0,99.9,2,1,1.00,CYCLE,E
IND,208,6415,59486,30/12/2023,08:24:03,15,1,20.5,0.9,252.7,252.6,2,1,1.00,CYCLE,W
IND,208,6415,59486,30/12/2023,08:26:31,15,1,29.5,0.9,147.1,147.0,2,1,1.00,CYCLE,W
IND,208,6415,59486,30/12/2023,08:27:19,15,1,22.8,1.0,48.2,48.1,2,1,1.00,CYCLE,W
IND,208,6415,59485,30/12/2023,08:30:14,15,0,15.8,1.1,585.9,585.7,2,1,1.00,CYCLE,E
IND,208,6415,59485,30/12/2023,08:32:20,15,0,21.0,1.1,126.4,126.2,2,1,1.00,CYCLE,E
IND,208,6415,59485,30/12/2023,08:32:32,15,0,23.8,1.0,11.8,11.6,2,1,1.00,CYCLE,E
IND,208,6415,59485,30/12/2023,08:32:48,15,0,26.1,1.0,16.1,15.9,2,1,1.00,CYCLE,E
IND,208,6415,59486,30/12/2023,08:33:37,15,1,30.9,1.0,378.5,378.4,2,1,1.00,CYCLE,W
IND,208,6415,59486,30/12/2023,08:34:36,15,1,27.0,1.0,59.0,58.9,2,1,1.00,CYCLE,W
IND,208,6415,59486,30/12/2023,08:34:40,15,1,24.7,1.0,4.1,4.0,2,1,1.00,CYCLE,W
IND,208,6415,59486,30/12/2023,08:36:33,15,1,24.8,1.0,112.5,112.3,2,1,1.00,CYCLE,W
IND,208,6415,59486,30/12/2023,08:36:50,15,1,19.4,1.1,17.4,17.3,2,1,1.00,CYCLE,W
IND,208,6415,59485,30/12/2023,08:41:00,15,0,15.9,1.1,491.6,491.5,2,1,1.00,CYCLE,E
IND,208,6415,59485,30/12/2023,08:41:07,15,0,24.7,1.1,7.3,7.1,2,1,1.00,CYCLE,E
IND,208,6415,59486,30/12/2023,08:42:11,15,1,23.4,1.0,321.2,321.0,2,1,1.00,CYCLE,W
IND,208,6415,59485,30/12/2023,08:42:17,15,0,22.7,1.0,69.9,69.7,2,1,1.00,CYCLE,E
IND,208,6415,59486,30/12/2023,08:43:45,15,1,29.0,1.0,93.7,93.6,2,1,1.00,CYCLE,W
IND,208,6415,59485,30/12/2023,08:44:30,15,0,22.4,1.0,132.8,132.7,2,1,1.00,CYCLE,E
IND,208,6415,59485,30/12/2023,08:44:56,15,0,18.4,1.1,26.5,26.3,2,1,1.00,CYCLE,E
IND,208,6415,59486,30/12/2023,08:48:08,15,1,27.8,1.0,25.9,25.6,2,1,1.00,CYCLE,W
IND,208,6415,59486,30/12/2023,08:51:10,15,1,27.3,1.0,182.1,182.0,2,1,1.00,CYCLE,W
IND,208,6415,59485,30/12/2023,08:51:59,15,0,25.2,1.0,422.7,422.5,2,1,1.00,CYCLE,E
IND,208,6415,59486,30/12/2023,08:53:07,15,1,22.0,1.0,116.9,116.8,2,1,1.00,CYCLE,W
IND,208,6415,59486,30/12/2023,08:54:37,15,1,25.0,1.1,89.7,89.6,2,1,1.00,CYCLE,W
IND,208,6415,59486,30/12/2023,08:55:13,15,1,25.3,1.1,35.5,35.4,2,1,1.00,CYCLE,W
IND,208,6415,59485,30/12/2023,08:55:27,15,0,23.6,1.1,208.0,207.8,2,1,1.00,CYCLE,E
IND,208,6415,59486,30/12/2023,08:57:36,15,1,35.8,1.1,143.3,143.2,2,1,1.00,CYCLE,W
IND,208,6415,59486,30/12/2023,08:58:53,15,1,25.8,0.9,77.4,77.3,2,1,1.00,CYCLE,W
IND,208,6415,59485,30/12/2023,09:05:02,15,0,20.1,1.0,574.7,574.6,2,1,1.00,CYCLE,E
IND,208,6415,59486,30/12/2023,09:06:56,15,1,25.6,1.0,482.8,482.6,2,1,1.00,CYCLE,W
IND,208,6415,59486,30/12/2023,09:07:07,15,1,14.2,1.0,11.3,11.1,2,1,0.40,CYCLE,W
IND,208,6415,59486,30/12/2023,09:12:40,15,1,24.5,1.0,332.6,332.3,2,1,1.00,CYCLE,W
IND,208,6415,59486,30/12/2023,09:17:43,15,1,21.3,1.1,303.3,303.2,2,1,1.00,CYCLE,W
IND,208,6415,59486,30/12/2023,09:18:12,15,1,30.0,0.9,28.5,28.3,2,1,1.00,CYCLE,W
IND,208,6415,59486,30/12/2023,09:18:42,15,1,21.6,1.1,30.1,30.0,2,1,1.00,CYCLE,W
IND,208,6415,59486,30/12/2023,09:18:44,15,1,21.8,1.1,2.1,1.9,2,1,1.00,CYCLE,W
IND,208,6415,59485,30/12/2023,09:19:42,15,0,25.5,1.0,34.6,34.4,2,1,1.00,CYCLE,E
IND,208,6415,59486,30/12/2023,09:21:08,15,1,22.4,1.1,144.4,144.2,2,1,1.00,CYCLE,W
IND,208,6415,59486,30/12/2023,09:21:11,15,1,17.5,1.0,3.0,2.8,2,1,1.00,CYCLE,W
IND,208,6415,59486,30/12/2023,09:21:12,15,1,18.1,1.1,0.7,0.5,2,1,1.00,CYCLE,W
IND,208,6415,59486,30/12/2023,09:25:09,15,1,27.1,1.0,236.9,236.6,2,1,1.00,CYCLE,W
IND,208,6415,59486,30/12/2023,09:25:11,15,1,24.6,1.1,2.2,2.1,2,1,1.00,CYCLE,W
IND,208,6415,59485,30/12/2023,09:25:39,15,0,26.3,1.0,357.8,357.6,2,1,1.00,CYCLE,E
IND,208,6415,59486,30/12/2023,09:27:02,15,1,5.7,1.0,110.6,110.7,2,1,0.67,CYCLE,W
IND,208,6415,59486,30/12/2023,09:27:02,15,1,5.7,1.0,0.0,0.0,2,1,0.67,CYCLE,W
IND,208,6415,59486,30/12/2023,09:29:07,15,1,28.4,0.9,32.8,32.8,2,1,1.00,CYCLE,W
IND,208,6415,59485,30/12/2023,09:33:26,15,0,26.6,1.0,292.0,292.0,2,1,1.00,CYCLE,E
IND,208,6415,59485,30/12/2023,09:34:01,15,0,16.1,1.0,34.6,34.5,2,1,1.00,CYCLE,E
IND,208,6415,59485,30/12/2023,09:39:53,15,0,20.0,1.1,26.2,26.2,2,1,1.00,CYCLE,E
IND,208,6415,59485,30/12/2023,09:39:54,15,0,16.6,1.1,0.4,0.2,2,1,1.00,CYCLE,E
IND,208,6415,59485,30/12/2023,09:41:08,15,0,19.9,1.1,74.5,74.3,2,1,1.00,CYCLE,E
IND,208,6415,59485,30/12/2023,09:41:09,15,0,21.0,1.2,1.3,1.1,2,1,1.00,CYCLE,E
IND,208,6415,59485,30/12/2023,09:41:17,15,0,24.2,1.0,7.2,7.0,2,1,1.00,CYCLE,E
IND,208,6415,59485,30/12/2023,09:41:22,15,0,19.7,1.1,5.6,5.5,2,1,1.00,CYCLE,E
IND,208,6415,59486,30/12/2023,09:41:26,15,1,22.8,1.0,119.1,119.0,2,1,1.00,CYCLE,W
IND,208,6415,59485,30/12/2023,09:41:39,15,0,20.0,1.0,16.9,16.7,2,1,1.00,CYCLE,E
IND,208,6415,59486,30/12/2023,09:42:24,15,1,21.6,1.0,57.6,57.5,2,1,1.00,CYCLE,W
IND,208,6415,59485,30/12/2023,09:42:28,15,0,16.5,1.0,48.9,48.8,2,1,1.00,CYCLE,E
IND,208,6415,59485,30/12/2023,09:42:28,15,0,16.8,1.0,0.3,0.1,2,1,1.00,CYCLE,E
IND,208,6415,59485,30/12/2023,09:42:30,15,0,18.2,1.0,1.3,1.0,2,1,1.00,CYCLE,E
IND,208,6415,59485,30/12/2023,09:42:30,15,0,18.1,1.0,0.4,0.2,2,1,1.00,CYCLE,E
IND,208,6415,59486,30/12/2023,09:44:49,15,1,29.7,1.2,145.2,145.0,2,1,1.00,CYCLE,W
IND,208,6415,59486,30/12/2023,09:46:30,15,1,21.9,1.0,100.5,100.3,2,1,1.00,CYCLE,W
IND,208,6415,59486,30/12/2023,09:46:31,15,1,17.3,1.0,1.7,1.5,2,1,1.00,CYCLE,W
IND,208,6415,59485,30/12/2023,09:46:44,15,0,18.7,1.0,224.4,223.9,2,1,1.00,CYCLE,E
IND,208,6415,59486,30/12/2023,09:47:00,15,1,20.2,1.1,28.7,28.5,2,1,1.00,CYCLE,W
IND,208,6415,59486,30/12/2023,09:47:10,15,1,19.8,1.1,9.6,9.4,2,1,1.00,CYCLE,W
IND,208,6415,59485,30/12/2023,09:47:54,15,0,19.9,1.2,70.6,70.4,2,1,1.00,CYCLE,E
IND,208,6415,59486,30/12/2023,09:48:36,15,1,24.9,0.9,86.9,86.7,2,1,1.00,CYCLE,W
IND,208,6415,59486,30/12/2023,09:51:22,15,1,25.5,1.0,165.2,165.1,2,1,1.00,CYCLE,W
IND,208,6415,59485,30/12/2023,09:51:29,15,0,20.1,1.0,214.4,214.1,2,1,1.00,CYCLE,E
IND,208,6415,59485,30/12/2023,09:54:29,15,0,18.4,1.0,180.4,180.2,2,1,1.00,CYCLE,E
IND,208,6415,59485,30/12/2023,09:55:30,15,0,26.0,1.1,61.1,60.9,2,1,1.00,CYCLE,E
IND,208,6415,59485,30/12/2023,09:55:31,15,0,24.3,1.1,0.7,0.6,2,1,1.00,CYCLE,E
IND,208,6415,59486,30/12/2023,09:57:48,15,1,28.3,1.1,386.4,386.3,2,1,1.00,CYCLE,W
IND,208,6415,59486,30/12/2023,09:59:33,15,1,24.2,1.1,104.9,104.8,2,1,1.00,CYCLE,W
IND,208,6415,59486,30/12/2023,10:00:02,15,1,28.2,1.0,28.8,28.6,2,1,1.00,CYCLE,W
IND,208,6415,59485,30/12/2023,10:02:51,15,0,16.4,1.1,236.4,235.9,2,1,1.00,CYCLE,E
IND,208,6415,59485,30/12/2023,10:02:51,15,0,16.1,1.0,0.7,0.5,2,1,1.00,CYCLE,E
IND,208,6415,59485,30/12/2023,10:03:48,15,0,2.4,0.0,56.5,56.3,2,1,1.00,CYCLE,E
IND,208,6415,59486,30/12/2023,10:03:54,15,1,2.5,0.4,231.8,232.2,2,1,1.00,CYCLE,W
IND,208,6415,59486,30/12/2023,10:08:30,15,1,21.4,1.1,276.2,275.1,2,1,1.00,CYCLE,W
IND,208,6415,59486,30/12/2023,10:09:57,15,1,30.0,1.1,87.2,87.0,2,1,1.00,CYCLE,W
IND,208,6415,59485,30/12/2023,10:11:37,15,0,24.6,1.0,469.2,469.2,2,1,1.00,CYCLE,E
IND,208,6415,59485,30/12/2023,10:11:38,15,0,23.5,1.1,1.1,0.9,2,1,1.00,CYCLE,E
IND,208,6415,59486,30/12/2023,10:14:19,15,1,24.5,1.0,262.1,262.0,2,1,1.00,CYCLE,W
IND,208,6415,59486,30/12/2023,10:14:37,15,1,26.4,1.0,17.8,17.7,2,1,1.00,CYCLE,W
IND,208,6415,59485,30/12/2023,10:14:44,15,0,24.5,1.0,185.5,185.3,2,1,1.00,CYCLE,E
IND,208,6415,59485,30/12/2023,10:16:28,15,0,18.3,1.1,104.2,104.1,2,1,1.00,CYCLE,E
IND,208,6415,59485,30/12/2023,10:19:16,15,0,24.0,1.1,99.2,98.8,2,1,1.00,CYCLE,E
IND,208,6415,59486,30/12/2023,10:20:56,15,1,25.4,1.1,9.2,9.2,2,1,1.00,CYCLE,W
IND,208,6415,59485,30/12/2023,10:23:15,15,0,16.3,0.8,239.4,239.2,2,1,1.00,CYCLE,E
IND,208,6415,59485,30/12/2023,10:23:21,15,0,12.5,1.1,5.9,5.7,2,1,1.00,CYCLE,E
IND,208,6415,59485,30/12/2023,10:23:22,15,0,12.7,1.1,0.6,0.3,2,1,1.00,CYCLE,E
IND,208,6415,59485,30/12/2023,10:23:23,15,0,16.9,1.1,1.0,0.7,2,1,1.00,CYCLE,E
IND,208,6415,59486,30/12/2023,10:24:52,15,1,26.4,1.0,235.7,235.5,2,1,1.00,CYCLE,W
IND,208,6415,59486,30/12/2023,10:27:11,15,1,19.6,1.1,46.2,46.2,2,1,1.00,CYCLE,W
IND,208,6415,59485,30/12/2023,10:27:57,15,0,27.0,1.0,8.9,8.5,2,1,1.00,CYCLE,E
IND,208,6415,59485,30/12/2023,10:34:21,15,0,21.1,0.9,384.7,384.5,2,1,1.00,CYCLE,E
IND,208,6415,59485,30/12/2023,10:34:25,15,0,20.7,0.9,3.8,3.6,2,1,1.00,CYCLE,E
IND,208,6415,59486,30/12/2023,10:36:29,15,1,23.5,1.0,558.4,558.2,2,1,1.00,CYCLE,W
IND,208,6415,59486,30/12/2023,10:36:30,15,1,26.0,1.0,0.5,0.4,2,1,1.00,CYCLE,W
IND,208,6415,59486,30/12/2023,10:41:52,15,1,20.2,1.1,321.8,321.7,2,1,1.00,CYCLE,W
IND,208,6415,59486,30/12/2023,10:49:42,15,1,25.8,1.0,470.8,470.6,2,1,1.00,CYCLE,W
IND,208,6415,59485,30/12/2023,10:53:28,15,0,30.5,1.1,1143.1,1142.9,2,1,1.00,CYCLE,E
IND,208,6415,59485,30/12/2023,10:57:18,15,0,20.1,0.9,229.8,229.7,2,1,1.00,CYCLE,E
IND,208,6415,59485,30/12/2023,11:00:39,15,0,23.8,1.0,201.4,201.2,2,1,1.00,CYCLE,E
IND,208,6415,59485,30/12/2023,11:00:39,15,0,23.8,1.0,0.0,0.0,2,1,1.00,CYCLE,E
IND,208,6415,59486,30/12/2023,11:00:47,15,1,19.3,0.9,664.4,664.3,2,1,1.00,CYCLE,W
IND,208,6415,59486,30/12/2023,11:00:48,15,1,18.5,1.2,1.0,0.8,2,1,1.00,CYCLE,W
IND,208,6415,59486,30/12/2023,11:00:49,15,1,18.6,1.0,1.0,0.8,2,1,1.00,CYCLE,W
IND,208,6415,59485,30/12/2023,11:02:31,15,0,23.6,1.0,111.9,111.7,2,1,1.00,CYCLE,E
IND,208,6415,59486,30/12/2023,11:03:00,15,1,23.8,1.0,130.8,130.6,2,1,1.00,CYCLE,W
IND,208,6415,59486,30/12/2023,11:08:13,15,1,27.5,1.0,313.4,313.3,2,1,1.00,CYCLE,W
IND,208,6415,59486,30/12/2023,11:10:44,15,1,29.9,1.1,150.4,150.2,2,1,1.00,CYCLE,W
IND,208,6415,59486,30/12/2023,11:10:59,15,1,17.1,0.9,15.4,15.3,2,1,1.00,CYCLE,W
IND,208,6415,59485,30/12/2023,11:11:26,15,0,19.3,1.1,354.5,353.9,2,1,1.00,CYCLE,E
IND,208,6415,59485,30/12/2023,11:11:30,15,0,19.5,1.0,3.3,3.1,2,1,1.00,CYCLE,E
IND,208,6415,59486,30/12/2023,11:14:28,15,1,24.6,1.0,209.3,209.1,2,1,1.00,CYCLE,W
IND,208,6415,59486,30/12/2023,11:14:28,15,1,25.7,1.0,0.2,0.1,2,1,1.00,CYCLE,W
IND,208,6415,59485,30/12/2023,11:15:37,15,0,25.2,1.1,113.2,113.2,2,1,1.00,CYCLE,E
IND,208,6415,59486,30/12/2023,11:18:07,15,1,20.4,1.0,218.4,218.3,2,1,1.00,CYCLE,W
IND,208,6415,59486,30/12/2023,11:18:07,15,1,20.4,1.0,0.0,0.0,2,1,1.00,CYCLE,W
IND,208,6415,59486,30/12/2023,11:18:45,15,1,32.8,1.0,38.5,38.2,2,1,1.00,CYCLE,W
IND,208,6415,59485,30/12/2023,11:21:11,15,0,19.8,1.0,333.9,333.8,2,1,1.00,CYCLE,E
IND,208,6415,59486,30/12/2023,11:26:01,15,1,21.3,1.0,435.5,435.5,2,1,1.00,CYCLE,W
IND,208,6415,59486,30/12/2023,11:26:04,15,1,22.8,1.1,2.9,2.8,2,1,1.00,CYCLE,W
IND,208,6415,59486,30/12/2023,11:26:56,15,1,18.0,1.1,52.7,52.5,2,1,1.00,CYCLE,W
IND,208,6415,59486,30/12/2023,11:26:57,15,1,18.1,1.1,0.8,0.6,2,1,1.00,CYCLE,W
IND,208,6415,59486,30/12/2023,11:26:58,15,1,17.8,1.2,0.8,0.6,2,1,1.00,CYCLE,W
IND,208,6415,59486,30/12/2023,11:27:00,15,1,20.0,1.0,1.5,1.3,2,1,1.00,CYCLE,W
IND,208,6415,59486,30/12/2023,11:27:01,15,1,21.8,1.1,1.6,1.4,2,1,1.00,CYCLE,W
IND,208,6415,59486,30/12/2023,11:27:03,15,1,21.7,1.0,2.1,2.0,2,1,1.00,CYCLE,W
IND,208,6415,59486,30/12/2023,11:27:04,15,1,18.2,1.0,0.9,0.7,2,1,1.00,CYCLE,W
IND,208,6415,59485,30/12/2023,11:35:58,15,0,16.7,1.1,887.2,887.0,2,1,1.00,CYCLE,E
IND,208,6415,59485,30/12/2023,11:35:59,15,0,16.2,1.0,0.5,0.3,2,1,1.00,CYCLE,E
IND,208,6415,59485,30/12/2023,11:38:40,15,0,17.2,1.0,161.6,161.3,2,1,1.00,CYCLE,E
IND,208,6415,59485,30/12/2023,11:38:46,15,0,18.0,1.0,5.9,5.6,2,1,1.00,CYCLE,E
IND,208,6415,59485,30/12/2023,11:44:54,15,0,25.9,1.0,367.7,367.5,2,1,1.00,CYCLE,E
IND,208,6415,59486,30/12/2023,11:45:58,15,1,28.5,1.1,1134.1,1133.8,2,1,1.00,CYCLE,W
IND,208,6415,59485,30/12/2023,11:46:50,15,0,20.9,1.0,71.9,71.5,2,1,1.00,CYCLE,E
IND,208,6415,59485,30/12/2023,11:49:28,15,0,20.0,1.1,157.7,157.5,2,1,1.00,CYCLE,E
IND,208,6415,59486,30/12/2023,11:49:45,15,1,25.6,0.9,227.0,226.8,2,1,1.00,CYCLE,W
IND,208,6415,59486,30/12/2023,11:49:46,15,1,25.7,0.9,1.2,1.1,2,1,1.00,CYCLE,W
IND,208,6415,59486,30/12/2023,11:49:48,15,1,24.3,1.0,1.1,1.0,2,1,1.00,CYCLE,W
IND,208,6415,59485,30/12/2023,11:50:49,15,0,15.4,1.1,81.0,80.8,2,1,1.00,CYCLE,E
IND,208,6415,59486,30/12/2023,11:52:12,15,1,27.0,1.0,144.4,144.3,2,1,1.00,CYCLE,W
IND,208,6415,59486,30/12/2023,11:53:55,15,1,22.3,1.2,103.4,103.3,2,1,1.00,CYCLE,W
IND,208,6415,59486,30/12/2023,11:53:57,15,1,21.2,1.0,1.7,1.6,2,1,1.00,CYCLE,W
IND,208,6415,59486,30/12/2023,11:57:59,15,1,26.9,1.0,242.4,242.2,2,1,1.00,CYCLE,W
IND,208,6415,59485,30/12/2023,12:00:35,15,0,4.0,0.4,586.6,586.4,2,1,0.80,CYCLE,E
IND,208,6415,59485,30/12/2023,12:03:43,15,0,20.4,1.0,188.0,187.6,2,1,1.00,CYCLE,E
IND,208,6415,59486,30/12/2023,12:03:44,15,1,19.5,1.0,344.7,344.6,2,1,1.00,CYCLE,W
IND,208,6415,59486,30/12/2023,12:03:46,15,1,23.8,1.1,2.1,1.9,2,1,1.00,CYCLE,W
IND,208,6415,59485,30/12/2023,12:03:47,15,0,29.7,1.0,4.0,3.9,2,1,1.00,CYCLE,E
IND,208,6415,59485,30/12/2023,12:04:34,15,0,21.3,1.0,47.1,46.9,2,1,1.00,CYCLE,E
IND,208,6415,59485,30/12/2023,12:05:56,15,0,24.8,1.1,81.2,81.0,2,1,1.00,CYCLE,E
IND,208,6415,59486,30/12/2023,12:06:04,15,1,24.8,1.0,137.4,137.2,2,1,1.00,CYCLE,W
IND,208,6415,59486,30/12/2023,12:08:36,15,1,22.0,1.1,152.2,152.0,2,1,1.00,CYCLE,W
IND,208,6415,59486,30/12/2023,12:08:39,15,1,23.5,1.1,2.7,2.5,2,1,1.00,CYCLE,W
IND,208,6415,59485,30/12/2023,12:09:12,15,0,18.6,1.1,197.0,196.8,2,1,1.00,CYCLE,E
IND,208,6415,59485,30/12/2023,12:09:23,15,0,16.4,1.0,10.9,10.6,2,1,1.00,CYCLE,E
IND,208,6415,59485,30/12/2023,12:10:24,15,0,15.3,1.0,60.6,60.4,2,1,1.00,CYCLE,E
IND,208,6415,59486,30/12/2023,12:12:47,15,1,23.9,1.0,248.5,248.3,2,1,1.00,CYCLE,W
IND,208,6415,59486,30/12/2023,12:12:48,15,1,25.2,1.0,0.7,0.5,2,1,1.00,CYCLE,W
IND,208,6415,59485,30/12/2023,12:14:30,15,0,14.6,1.1,246.1,245.9,2,1,1.00,CYCLE,E
IND,208,6415,59485,30/12/2023,12:14:31,15,0,14.7,0.9,0.7,0.5,2,1,1.00,CYCLE,E
IND,208,6415,59486,30/12/2023,12:14:42,15,1,28.0,1.1,114.4,114.2,2,1,1.00,CYCLE,W
IND,208,6415,59485,30/12/2023,12:14:51,15,0,22.4,1.1,20.1,19.9,2,1,1.00,CYCLE,E
IND,208,6415,59485,30/12/2023,12:14:52,15,0,23.1,1.1,0.9,0.8,2,1,1.00,CYCLE,E
IND,208,6415,59485,30/12/2023,12:15:19,15,0,19.3,1.1,27.3,27.2,2,1,1.00,CYCLE,E
IND,208,6415,59486,30/12/2023,12:16:50,15,1,17.5,0.5,128.3,128.2,2,1,1.00,CYCLE,W
IND,208,6415,59485,30/12/2023,12:17:23,15,0,7.6,0.5,124.4,124.2,2,1,1.00,CYCLE,E
IND,208,6415,59486,30/12/2023,12:17:51,15,1,21.1,1.1,14.4,14.1,2,1,1.00,CYCLE,W
IND,208,6415,59486,30/12/2023,12:19:36,15,1,19.6,0.9,104.9,104.7,2,1,1.00,CYCLE,W
IND,208,6415,59486,30/12/2023,12:19:51,15,1,19.7,1.0,15.3,15.2,2,1,1.00,CYCLE,W
IND,208,6415,59486,30/12/2023,12:19:55,15,1,18.1,0.8,4.0,3.8,2,1,1.00,CYCLE,W
IND,208,6415,59486,30/12/2023,12:20:10,15,1,19.1,1.1,14.5,14.3,2,1,1.00,CYCLE,W
IND,208,6415,59486,30/12/2023,12:24:02,15,1,22.4,1.1,232.6,232.3,2,1,1.00,CYCLE,W
IND,208,6415,59485,30/12/2023,12:24:29,15,0,24.7,1.2,409.9,409.9,2,1,1.00,CYCLE,E
IND,208,6415,59486,30/12/2023,12:25:17,15,1,24.4,1.0,74.6,74.4,2,1,1.00,CYCLE,W
IND,208,6415,59486,30/12/2023,12:25:42,15,1,20.6,0.9,25.2,25.0,2,1,1.00,CYCLE,W
IND,208,6415,59486,30/12/2023,12:25:43,15,1,20.5,0.9,0.9,0.7,2,1,1.00,CYCLE,W
IND,208,6415,59486,30/12/2023,12:28:30,15,1,31.0,1.0,166.8,166.6,2,1,1.00,CYCLE,W
IND,208,6415,59486,30/12/2023,12:28:55,15,1,22.7,1.1,25.3,25.2,2,1,1.00,CYCLE,W
IND,208,6415,59486,30/12/2023,12:28:56,15,1,23.0,1.1,0.6,0.5,2,1,1.00,CYCLE,W
IND,208,6415,59485,30/12/2023,12:31:28,15,0,2.9,1.0,418.2,418.5,2,1,0.67,CYCLE,E
IND,208,6415,59485,30/12/2023,12:31:28,15,0,2.9,1.0,0.0,0.0,2,1,0.67,CYCLE,E
IND,208,6415,59485,30/12/2023,12:33:04,15,0,28.0,1.2,96.8,94.4,2,1,1.00,CYCLE,E
IND,208,6415,59485,30/12/2023,12:35:12,15,0,18.1,1.1,127.5,127.4,2,1,1.00,CYCLE,E
IND,208,6415,59485,30/12/2023,12:39:58,15,0,20.9,1.0,286.6,286.3,2,1,1.00,CYCLE,E
IND,208,6415,59485,30/12/2023,12:40:01,15,0,19.9,1.0,2.4,2.2,2,1,1.00,CYCLE,E
IND,208,6415,59485,30/12/2023,12:40:01,15,0,19.4,1.0,0.5,0.3,2,1,1.00,CYCLE,E
IND,208,6415,59485,30/12/2023,12:40:02,15,0,19.6,1.0,1.1,0.9,2,1,1.00,CYCLE,E
IND,208,6415,59485,30/12/2023,12:40:03,15,0,19.5,1.0,0.8,0.6,2,1,1.00,CYCLE,E
IND,208,6415,59485,30/12/2023,12:40:04,15,0,21.3,1.0,1.0,0.8,2,1,1.00,CYCLE,E
IND,208,6415,59485,30/12/2023,12:40:05,15,0,20.2,1.1,0.5,0.4,2,1,1.00,CYCLE,E
IND,208,6415,59485,30/12/2023,12:41:28,15,0,23.0,1.1,83.8,83.6,2,1,1.00,CYCLE,E
IND,208,6415,59486,30/12/2023,12:44:08,15,1,25.0,1.0,739.3,738.5,2,1,1.00,CYCLE,W
IND,208,6415,59486,30/12/2023,12:44:15,15,1,19.9,1.0,6.9,6.8,2,1,1.00,CYCLE,W
IND,208,6415,59485,30/12/2023,12:45:12,15,0,26.2,1.2,223.3,223.2,2,1,1.00,CYCLE,E
IND,208,6415,59485,30/12/2023,12:45:20,15,0,18.1,1.0,7.9,7.8,2,1,1.11,CYCLE,E
IND,208,6415,59486,30/12/2023,12:45:55,15,1,23.2,1.1,99.8,99.6,2,1,1.00,CYCLE,W
IND,208,6415,59486,30/12/2023,12:46:05,15,1,23.9,1.1,10.1,9.9,2,1,1.00,CYCLE,W
IND,208,6415,59486,30/12/2023,12:50:04,15,1,23.2,1.0,239.8,239.6,2,1,1.00,CYCLE,W
IND,208,6415,59486,30/12/2023,12:51:17,15,1,19.0,1.2,72.4,72.3,2,1,1.00,CYCLE,W
IND,208,6415,59485,30/12/2023,12:52:45,15,0,29.2,1.2,4.3,4.0,2,1,1.00,CYCLE,E
IND,208,6415,59486,30/12/2023,12:53:30,15,1,26.2,1.0,133.3,133.1,2,1,1.00,CYCLE,W
IND,208,6415,59486,30/12/2023,12:53:31,15,1,22.8,1.1,0.8,0.7,2,1,1.00,CYCLE,W
IND,208,6415,59486,30/12/2023,12:54:57,15,1,22.7,1.0,85.0,85.0,2,1,1.00,CYCLE,W
IND,208,6415,59486,30/12/2023,12:54:57,15,1,22.7,1.0,0.0,0.0,2,1,1.00,CYCLE,W
IND,208,6415,59485,30/12/2023,12:59:23,15,0,18.6,1.1,397.5,397.4,2,1,1.00,CYCLE,E
IND,208,6415,59486,30/12/2023,12:59:24,15,1,22.5,1.0,267.0,266.7,2,1,1.00,CYCLE,W
IND,208,6415,59486,30/12/2023,12:59:27,15,1,18.9,1.0,3.3,3.1,2,1,1.00,CYCLE,W
IND,208,6415,59485,30/12/2023,12:59:29,15,0,22.5,1.0,6.3,6.1,2,1,1.00,CYCLE,E
IND,208,6415,59486,30/12/2023,13:02:03,15,1,17.3,1.1,156.1,155.9,2,1,1.00,CYCLE,W
IND,208,6415,59485,30/12/2023,13:03:16,15,0,24.2,1.1,97.3,97.3,2,1,1.00,CYCLE,E
IND,208,6415,59486,30/12/2023,13:04:20,15,1,27.9,1.0,137.4,137.1,2,1,1.00,CYCLE,W
IND,208,6415,59486,30/12/2023,13:05:53,15,1,21.0,1.0,92.6,92.5,2,1,1.00,CYCLE,W
IND,208,6415,59486,30/12/2023,13:07:56,15,1,27.4,1.1,18.2,17.9,2,1,1.00,CYCLE,W
IND,208,6415,59486,30/12/2023,13:08:15,15,1,24.1,1.0,19.7,19.6,2,1,1.00,CYCLE,W
IND,208,6415,59486,30/12/2023,13:08:21,15,1,1.8,0.4,5.6,6.2,2,1,0.80,CYCLE,W
IND,208,6415,59485,30/12/2023,13:08:35,15,0,3.2,0.3,275.3,275.3,2,1,0.80,CYCLE,E
IND,208,6415,59485,30/12/2023,13:09:17,15,0,29.7,1.1,41.6,41.5,2,1,1.00,CYCLE,E
IND,208,6415,59485,30/12/2023,13:10:04,15,0,24.0,1.0,47.3,47.2,2,1,1.00,CYCLE,E
IND,208,6415,59485,30/12/2023,13:15:43,15,0,13.2,1.1,338.6,338.4,2,1,1.00,CYCLE,E
IND,208,6415,59485,30/12/2023,13:15:44,15,0,28.8,1.1,1.1,0.8,2,1,1.00,CYCLE,E
IND,208,6415,59486,30/12/2023,13:15:55,15,1,29.6,1.0,232.3,229.4,2,1,1.00,CYCLE,W
IND,208,6415,59486,30/12/2023,13:16:49,15,1,18.4,1.1,54.4,54.3,2,1,1.00,CYCLE,W
IND,208,6415,59486,30/12/2023,13:16:56,15,1,17.0,1.0,6.6,6.4,2,1,1.00,CYCLE,W
IND,208,6415,59486,30/12/2023,13:16:58,15,1,18.2,1.1,1.9,1.7,2,1,1.00,CYCLE,W
IND,208,6415,59486,30/12/2023,13:17:02,15,1,22.0,0.8,4.5,4.2,2,1,1.00,CYCLE,W
IND,208,6415,59486,30/12/2023,13:17:10,15,1,18.8,0.8,7.5,7.4,2,1,1.00,CYCLE,W
IND,208,6415,59486,30/12/2023,13:17:11,15,1,20.4,1.0,0.9,0.7,2,1,1.00,CYCLE,W
IND,208,6415,59486,30/12/2023,13:18:23,15,1,22.0,1.1,72.1,72.0,2,1,1.00,CYCLE,W
IND,208,6415,59486,30/12/2023,13:18:25,15,1,22.8,1.0,2.4,2.2,2,1,1.00,CYCLE,W
IND,208,6415,59486,30/12/2023,13:21:20,15,1,27.9,1.0,130.9,130.6,2,1,1.00,CYCLE,W
IND,208,6415,59486,30/12/2023,13:22:53,15,1,24.8,1.1,92.9,92.8,2,1,1.00,CYCLE,W
IND,208,6415,59485,30/12/2023,13:25:17,15,0,18.8,0.9,573.2,573.1,2,1,1.00,CYCLE,E
IND,208,6415,59485,30/12/2023,13:25:30,15,0,15.6,0.9,13.1,12.9,2,1,1.00,CYCLE,E
IND,208,6415,59485,30/12/2023,13:26:23,15,0,18.2,1.1,52.8,52.6,2,1,1.00,CYCLE,E
IND,208,6415,59486,30/12/2023,13:29:10,15,1,26.3,1.1,376.4,376.2,2,1,1.00,CYCLE,W
IND,208,6415,59486,30/12/2023,13:30:21,15,1,25.1,1.1,71.0,70.9,2,1,1.00,CYCLE,W
IND,208,6415,59486,30/12/2023,13:30:21,15,1,20.6,1.1,0.5,0.4,2,1,1.00,CYCLE,W
IND,208,6415,59486,30/12/2023,13:30:24,15,1,19.9,1.0,2.6,2.5,2,1,1.00,CYCLE,W
IND,208,6415,59486,30/12/2023,13:30:25,15,1,21.4,1.1,0.8,0.6,2,1,1.00,CYCLE,W
IND,208,6415,59485,30/12/2023,13:30:25,15,0,20.1,1.0,242.1,241.8,2,1,1.00,CYCLE,E
IND,208,6415,59485,30/12/2023,13:30:28,15,0,20.4,1.0,3.3,3.1,2,1,1.00,CYCLE,E
IND,208,6415,59485,30/12/2023,13:30:36,15,0,19.9,1.0,7.9,7.7,2,1,1.00,CYCLE,E
IND,208,6415,59485,30/12/2023,13:30:37,15,0,21.0,1.0,0.6,0.5,2,1,1.00,CYCLE,E
IND,208,6415,59485,30/12/2023,13:33:41,15,0,18.3,1.0,183.7,183.5,2,1,1.00,CYCLE,E
IND,208,6415,59486,30/12/2023,13:33:55,15,1,30.4,1.1,210.5,210.3,2,1,1.00,CYCLE,W
IND,208,6415,59485,30/12/2023,13:34:28,15,0,20.2,1.1,47.2,47.0,2,1,1.00,CYCLE,E
IND,208,6415,59485,30/12/2023,13:34:29,15,0,19.6,1.1,0.9,0.7,2,1,1.00,CYCLE,E
IND,208,6415,59485,30/12/2023,13:35:50,15,0,15.3,1.1,80.9,80.7,2,1,1.00,CYCLE,E
IND,208,6415,59486,30/12/2023,13:36:05,15,1,27.8,1.1,130.3,130.1,2,1,1.00,CYCLE,W
IND,208,6415,59485,30/12/2023,13:38:37,15,0,13.2,1.0,167.1,166.8,2,1,1.00,CYCLE,E
IND,208,6415,59486,30/12/2023,13:39:41,15,1,25.9,1.0,216.2,216.1,2,1,1.00,CYCLE,W
IND,208,6415,59485,30/12/2023,13:40:07,15,0,24.1,1.0,89.9,89.6,2,1,1.00,CYCLE,E
IND,208,6415,59485,30/12/2023,13:45:01,15,0,24.7,1.0,294.6,294.5,2,1,1.00,CYCLE,E
IND,208,6415,59485,30/12/2023,13:47:13,15,0,16.1,1.1,131.6,131.5,2,1,1.00,CYCLE,E
IND,208,6415,59485,30/12/2023,13:47:14,15,0,16.4,1.1,0.6,0.3,2,1,1.00,CYCLE,E
IND,208,6415,59485,30/12/2023,13:48:26,15,0,20.9,1.2,43.0,42.0,2,1,1.00,CYCLE,E
IND,208,6415,59486,30/12/2023,13:49:32,15,1,23.3,1.1,590.6,590.4,2,1,1.00,CYCLE,W
IND,208,6415,59485,30/12/2023,13:49:45,15,0,27.3,1.0,53.9,53.9,2,1,1.00,CYCLE,E
IND,208,6415,59485,30/12/2023,13:49:51,15,0,20.2,1.0,6.3,6.1,2,1,1.00,CYCLE,E
IND,208,6415,59485,30/12/2023,13:49:51,15,0,20.2,1.0,0.0,0.0,2,1,1.00,CYCLE,E
IND,208,6415,59486,30/12/2023,13:51:18,15,1,2.1,0.2,106.1,106.9,2,1,1.00,CYCLE,W
IND,208,6415,59485,30/12/2023,13:52:29,15,0,17.6,1.1,157.3,157.1,2,1,1.00,CYCLE,E
IND,208,6415,59486,30/12/2023,13:54:18,15,1,4.5,1.0,179.6,178.5,2,1,0.57,CYCLE,W
IND,208,6415,59486,30/12/2023,13:54:18,15,1,4.5,1.0,0.0,0.0,2,1,0.57,CYCLE,W
IND,208,6415,59486,30/12/2023,13:55:05,15,1,30.8,1.0,47.7,46.5,2,1,1.00,CYCLE,W
IND,208,6415,59486,30/12/2023,13:55:06,15,1,36.7,1.1,0.3,0.1,2,1,1.00,CYCLE,W
IND,208,6415,59485,30/12/2023,13:56:21,15,0,29.8,1.1,231.9,231.6,2,1,1.00,CYCLE,E
IND,208,6415,59486,30/12/2023,13:58:29,15,1,28.4,1.1,203.4,203.3,2,1,1.00,CYCLE,W
IND,208,6415,59486,30/12/2023,13:59:08,15,1,24.5,1.1,38.9,38.8,2,1,1.00,CYCLE,W
IND,208,6415,59485,30/12/2023,13:59:17,15,0,20.5,0.9,176.3,176.1,2,1,1.00,CYCLE,E
IND,208,6415,59485,30/12/2023,13:59:33,15,0,20.0,0.9,16.2,16.1,2,1,1.00,CYCLE,E
IND,208,6415,59486,30/12/2023,14:03:21,15,1,24.2,1.1,252.9,252.7,2,1,1.00,CYCLE,W
IND,208,6415,59486,30/12/2023,14:03:27,15,1,22.3,1.0,5.6,5.4,2,1,1.00,CYCLE,W
IND,208,6415,59486,30/12/2023,14:11:12,15,1,20.0,1.0,149.4,149.2,2,1,1.00,CYCLE,W
IND,208,6415,59485,30/12/2023,14:11:42,15,0,17.0,1.0,728.7,728.5,2,1,1.00,CYCLE,E
IND,208,6415,59485,30/12/2023,14:11:42,15,0,17.0,1.0,0.0,0.0,2,1,1.00,CYCLE,E
IND,208,6415,59485,30/12/2023,14:14:33,15,0,18.4,1.0,171.1,170.8,2,1,1.00,CYCLE,E
IND,208,6415,59486,30/12/2023,14:15:05,15,1,25.7,1.0,233.2,233.0,2,1,1.00,CYCLE,W
IND,208,6415,59486,30/12/2023,14:15:05,15,1,25.7,1.0,0.0,0.0,2,1,1.00,CYCLE,W
IND,208,6415,59485,30/12/2023,14:15:08,15,0,15.7,1.0,35.5,35.3,2,1,1.00,CYCLE,E
IND,208,6415,59485,30/12/2023,14:15:08,15,0,15.7,1.0,0.0,0.0,2,1,1.00,CYCLE,E
IND,208,6415,59485,30/12/2023,14:15:55,15,0,20.8,0.9,31.2,30.6,2,1,1.00,CYCLE,E
IND,208,6415,59485,30/12/2023,14:15:57,15,0,20.1,0.9,1.5,1.4,2,1,1.00,CYCLE,E
IND,208,6415,59486,30/12/2023,14:20:30,15,1,17.2,1.0,324.6,324.3,2,1,1.00,CYCLE,W
IND,208,6415,59486,30/12/2023,14:20:30,15,1,17.2,1.0,0.0,0.0,2,1,1.00,CYCLE,W
IND,208,6415,59485,30/12/2023,14:20:42,15,0,21.8,1.1,285.5,285.3,2,1,1.00,CYCLE,E
IND,208,6415,59486,30/12/2023,14:21:13,15,1,23.1,1.1,42.8,42.4,2,1,1.00,CYCLE,W
IND,208,6415,59485,30/12/2023,14:22:48,15,0,15.9,1.1,125.6,125.4,2,1,1.00,CYCLE,E
IND,208,6415,59486,30/12/2023,14:23:20,15,1,23.5,1.0,21.9,21.7,2,1,1.00,CYCLE,W
IND,208,6415,59486,30/12/2023,14:23:22,15,1,24.4,1.1,2.1,2.0,2,1,1.00,CYCLE,W
IND,208,6415,59486,30/12/2023,14:23:24,15,1,22.4,1.1,1.1,1.0,2,1,1.00,CYCLE,W
IND,208,6415,59486,30/12/2023,14:23:25,15,1,22.2,1.0,1.2,1.0,2,1,1.00,CYCLE,W
IND,208,6415,59486,30/12/2023,14:23:26,15,1,22.6,1.0,0.9,0.7,2,1,1.00,CYCLE,W
IND,208,6415,59485,30/12/2023,14:23:26,15,0,22.2,1.0,38.3,38.1,2,1,1.00,CYCLE,E
IND,208,6415,59485,30/12/2023,14:23:27,15,0,21.3,1.0,1.2,1.1,2,1,1.00,CYCLE,E
IND,208,6415,59486,30/12/2023,14:23:44,15,1,26.6,1.1,18.7,18.5,2,1,1.00,CYCLE,W
IND,208,6415,59485,30/12/2023,14:24:07,15,0,22.7,1.0,39.2,39.0,2,1,1.00,CYCLE,E
IND,208,6415,59485,30/12/2023,14:24:07,15,0,21.3,1.0,0.5,0.3,2,1,1.00,CYCLE,E
IND,208,6415,59486,30/12/2023,14:24:27,15,1,23.7,1.0,42.4,42.3,2,1,1.00,CYCLE,W
IND,208,6415,59486,30/12/2023,14:25:02,15,1,22.1,1.1,35.5,35.4,2,1,1.00,CYCLE,W
IND,208,6415,59486,30/12/2023,14:26:24,15,1,25.6,1.0,81.8,81.6,2,1,1.00,CYCLE,W
IND,208,6415,59486,30/12/2023,14:28:28,15,1,23.2,1.0,123.6,123.5,2,1,1.00,CYCLE,W
IND,208,6415,59486,30/12/2023,14:29:10,15,1,23.0,1.1,42.6,42.5,2,1,1.00,CYCLE,W
IND,208,6415,59486,30/12/2023,14:29:15,15,1,4.4,0.4,4.7,4.8,2,1,0.80,CYCLE,W
IND,208,6415,59485,30/12/2023,14:29:17,15,0,24.2,1.1,310.0,309.8,2,1,1.00,CYCLE,E
IND,208,6415,59485,30/12/2023,14:29:18,15,0,20.6,1.0,1.3,1.1,2,1,1.00,CYCLE,E
IND,208,6415,59485,30/12/2023,14:30:15,15,0,19.3,1.0,56.6,56.4,2,1,1.00,CYCLE,E
IND,208,6415,59486,30/12/2023,14:30:27,15,1,19.4,1.0,71.7,71.4,2,1,1.00,CYCLE,W
IND,208,6415,59486,30/12/2023,14:30:37,15,1,18.0,0.6,9.9,9.7,2,1,1.00,CYCLE,W
IND,208,6415,59486,30/12/2023,14:30:41,15,1,16.9,1.0,4.6,4.4,2,1,1.00,CYCLE,W
IND,208,6415,59486,30/12/2023,14:30:45,15,1,15.8,0.6,4.3,4.1,2,1,1.00,CYCLE,W
IND,208,6415,59486,30/12/2023,14:30:47,15,1,24.3,0.9,1.3,1.1,2,1,1.00,CYCLE,W
IND,208,6415,59485,30/12/2023,14:31:09,15,0,20.5,1.0,53.7,53.5,2,1,1.00,CYCLE,E
IND,208,6415,59485,30/12/2023,14:31:45,15,0,24.9,1.0,36.8,36.6,2,1,1.00,CYCLE,E
IND,208,6415,59485,30/12/2023,14:32:54,15,0,20.0,1.0,68.8,68.7,2,1,1.00,CYCLE,E
IND,208,6415,59485,30/12/2023,14:32:57,15,0,38.5,0.9,2.4,2.2,2,1,1.00,CYCLE,E
IND,208,6415,59485,30/12/2023,14:34:58,15,0,20.0,1.0,121.2,121.1,2,1,1.00,CYCLE,E
IND,208,6415,59485,30/12/2023,14:35:03,15,0,15.2,1.1,5.2,5.1,2,1,1.00,CYCLE,E
IND,208,6415,59485,30/12/2023,14:35:05,15,0,11.9,1.0,1.9,1.6,2,1,1.00,CYCLE,E
IND,208,6415,59485,30/12/2023,14:35:26,15,0,13.0,1.0,21.1,20.8,2,1,1.00,CYCLE,E
IND,208,6415,59485,30/12/2023,14:35:34,15,0,23.7,1.0,7.5,7.2,2,1,1.00,CYCLE,E
IND,208,6415,59485,30/12/2023,14:37:07,15,0,4.2,1.0,93.5,93.4,2,1,0.40,CYCLE,E
IND,208,6415,59486,30/12/2023,14:37:57,15,1,28.8,1.0,430.4,430.3,2,1,1.00,CYCLE,W
IND,208,6415,59486,30/12/2023,14:39:52,15,1,21.1,1.1,115.5,115.4,2,1,1.00,CYCLE,W
IND,208,6415,59485,30/12/2023,14:41:03,15,0,20.1,1.0,235.8,234.9,2,1,1.00,CYCLE,E
IND,208,6415,59485,30/12/2023,14:41:06,15,0,22.9,1.1,2.6,2.4,2,1,1.00,CYCLE,E
IND,208,6415,59485,30/12/2023,14:41:27,15,0,21.1,1.1,21.5,21.3,2,1,1.00,CYCLE,E
IND,208,6415,59485,30/12/2023,14:41:29,15,0,22.6,1.1,2.1,1.9,2,1,1.00,CYCLE,E
IND,208,6415,59486,30/12/2023,14:42:26,15,1,23.9,1.1,154.0,153.8,2,1,1.00,CYCLE,W
IND,208,6415,59485,30/12/2023,14:43:07,15,0,19.9,1.0,98.0,97.8,2,1,1.00,CYCLE,E
IND,208,6415,59485,30/12/2023,14:43:08,15,0,19.2,1.0,0.8,0.6,2,1,1.00,CYCLE,E
IND,208,6415,59486,30/12/2023,14:44:16,15,1,25.9,1.0,81.5,80.9,2,1,1.00,CYCLE,W
IND,208,6415,59485,30/12/2023,14:45:32,15,0,16.5,1.1,144.1,144.0,2,1,1.00,CYCLE,E
IND,208,6415,59486,30/12/2023,14:46:41,15,1,19.2,0.9,145.3,145.2,2,1,1.00,CYCLE,W
IND,208,6415,59486,30/12/2023,14:46:43,15,1,22.1,1.0,1.5,1.3,2,1,1.00,CYCLE,W
IND,208,6415,59486,30/12/2023,14:46:44,15,1,22.0,1.0,0.9,0.7,2,1,1.00,CYCLE,W
IND,208,6415,59485,30/12/2023,14:48:51,15,0,27.9,1.2,199.2,199.0,2,1,1.00,CYCLE,E
IND,208,6415,59485,30/12/2023,14:50:32,15,0,13.0,1.1,100.8,100.7,2,1,1.00,CYCLE,E
IND,208,6415,59485,30/12/2023,14:50:36,15,0,26.3,1.0,3.5,3.2,2,1,1.00,CYCLE,E
IND,208,6415,59485,30/12/2023,14:51:10,15,0,19.0,1.0,34.5,34.4,2,1,1.00,CYCLE,E
IND,208,6415,59486,30/12/2023,14:52:56,15,1,19.8,1.0,372.0,371.9,2,1,1.00,CYCLE,W
IND,208,6415,59486,30/12/2023,14:52:57,15,1,20.8,1.0,1.8,1.6,2,1,1.00,CYCLE,W
IND,208,6415,59486,30/12/2023,14:52:58,15,1,25.5,0.9,0.9,0.8,2,1,1.00,CYCLE,W
IND,208,6415,59486,30/12/2023,14:53:06,15,1,19.0,1.0,8.1,7.9,2,1,1.00,CYCLE,W
IND,208,6415,59486,30/12/2023,14:53:07,15,1,19.8,1.1,0.6,0.4,2,1,1.00,CYCLE,W
IND,208,6415,59485,30/12/2023,14:54:04,15,0,24.2,1.0,173.6,173.4,2,1,1.00,CYCLE,E
IND,208,6415,59485,30/12/2023,14:54:04,15,0,24.2,1.0,0.0,0.0,2,1,1.00,CYCLE,E
IND,208,6415,59485,30/12/2023,14:54:08,15,0,21.0,1.0,3.9,3.7,2,1,1.00,CYCLE,E
IND,208,6415,59486,30/12/2023,14:54:39,15,1,23.3,1.0,91.5,91.2,2,1,1.00,CYCLE,W
IND,208,6415,59486,30/12/2023,14:54:41,15,1,23.9,1.0,2.6,2.4,2,1,1.00,CYCLE,W
IND,208,6415,59486,30/12/2023,14:54:41,15,1,23.8,1.1,0.2,0.1,2,1,1.00,CYCLE,W
IND,208,6415,59486,30/12/2023,14:56:53,15,1,22.0,1.1,131.3,131.1,2,1,1.00,CYCLE,W
IND,208,6415,59486,30/12/2023,14:57:51,15,1,24.8,1.0,58.8,58.6,2,1,1.00,CYCLE,W
IND,208,6415,59486,30/12/2023,14:59:23,15,1,18.4,1.0,91.1,91.0,2,1,1.00,CYCLE,W
IND,208,6415,59486,30/12/2023,14:59:25,15,1,19.1,0.9,2.4,2.2,2,1,1.00,CYCLE,W
IND,208,6415,59485,30/12/2023,15:00:01,15,0,26.2,1.0,353.0,352.8,2,1,1.00,CYCLE,E
IND,208,6415,59485,30/12/2023,15:00:01,15,0,26.2,1.0,0.3,0.2,2,1,1.00,CYCLE,E
IND,208,6415,59485,30/12/2023,15:00:07,15,0,17.3,1.0,5.7,5.6,2,1,1.00,CYCLE,E
IND,208,6415,59486,30/12/2023,15:01:34,15,1,22.0,1.1,129.0,128.8,2,1,1.00,CYCLE,W
IND,208,6415,59486,30/12/2023,15:01:44,15,1,22.8,1.0,9.7,9.5,2,1,1.00,CYCLE,W
IND,208,6415,59486,30/12/2023,15:01:46,15,1,22.9,1.0,2.8,2.7,2,1,1.00,CYCLE,W
IND,208,6415,59486,30/12/2023,15:02:09,15,1,28.2,1.0,22.5,22.3,2,1,1.00,CYCLE,W
IND,208,6415,59486,30/12/2023,15:03:26,15,1,19.4,1.1,77.3,77.2,2,1,1.00,CYCLE,W
IND,208,6415,59485,30/12/2023,15:03:45,15,0,28.1,1.0,218.5,218.3,2,1,1.00,CYCLE,E
IND,208,6415,59485,30/12/2023,15:05:39,15,0,11.6,1.1,114.2,114.0,2,1,1.00,CYCLE,E
IND,208,6415,59485,30/12/2023,15:08:35,15,0,18.0,1.0,175.4,175.0,2,1,1.00,CYCLE,E
IND,208,6415,59486,30/12/2023,15:10:30,15,1,28.8,1.1,423.9,423.7,2,1,1.00,CYCLE,W
IND,208,6415,59486,30/12/2023,15:10:50,15,1,24.5,1.0,20.0,19.8,2,1,1.00,CYCLE,W
IND,208,6415,59485,30/12/2023,15:11:40,15,0,26.8,1.0,185.6,185.4,2,1,1.00,CYCLE,E
IND,208,6415,59485,30/12/2023,15:13:53,15,0,24.0,0.9,132.8,132.7,2,1,1.00,CYCLE,E
IND,208,6415,59486,30/12/2023,15:13:54,15,1,13.6,1.0,183.5,183.3,2,1,0.40,CYCLE,W
IND,208,6415,59485,30/12/2023,15:17:55,15,0,17.3,1.1,241.8,241.7,2,1,1.00,CYCLE,E
IND,208,6415,59486,30/12/2023,15:18:51,15,1,14.6,1.0,297.3,297.1,2,1,1.00,CYCLE,W
IND,208,6415,59486,30/12/2023,15:18:55,15,1,19.3,1.0,3.9,3.6,2,1,1.00,CYCLE,W
IND,208,6415,59486,30/12/2023,15:19:13,15,1,23.1,1.0,18.6,18.4,2,1,1.00,CYCLE,W
IND,208,6415,59486,30/12/2023,15:20:05,15,1,22.5,0.9,39.2,39.0,2,1,1.00,CYCLE,W
IND,208,6415,59486,30/12/2023,15:20:11,15,1,30.8,1.0,6.1,5.9,2,1,1.00,CYCLE,W
IND,208,6415,59486,30/12/2023,15:20:11,15,1,30.8,1.0,0.0,0.0,2,1,1.00,CYCLE,W
IND,208,6415,59486,30/12/2023,15:21:09,15,1,23.0,1.1,57.4,57.2,2,1,1.00,CYCLE,W
IND,208,6415,59486,30/12/2023,15:21:09,15,1,23.2,1.1,0.7,0.5,2,1,1.00,CYCLE,W
IND,208,6415,59486,30/12/2023,15:21:58,15,1,4.0,1.0,48.4,48.5,2,1,0.53,CYCLE,W
IND,208,6415,59486,30/12/2023,15:21:58,15,1,4.0,1.0,0.0,0.0,2,1,0.53,CYCLE,W
IND,208,6415,59485,30/12/2023,15:22:38,15,0,15.1,0.8,282.8,282.6,2,1,1.00,CYCLE,E
IND,208,6415,59485,30/12/2023,15:22:42,15,0,19.6,1.0,4.8,4.6,2,1,1.00,CYCLE,E
IND,208,6415,59485,30/12/2023,15:22:45,15,0,8.5,1.0,2.6,2.4,2,1,0.71,CYCLE,E
IND,208,6415,59486,30/12/2023,15:23:21,15,1,12.5,0.9,83.7,81.3,2,1,1.00,CYCLE,W
IND,208,6415,59486,30/12/2023,15:23:24,15,1,12.9,0.9,2.6,2.4,2,1,1.00,CYCLE,W
IND,208,6415,59485,30/12/2023,15:23:26,15,0,42.4,0.2,25.8,24.1,2,1,0.80,CYCLE,E
IND,208,6415,59485,30/12/2023,15:23:35,15,0,34.2,0.9,9.4,9.4,2,1,1.00,CYCLE,E
IND,208,6415,59485,30/12/2023,15:24:04,15,0,16.6,0.8,29.0,28.9,2,1,1.00,CYCLE,E
IND,208,6415,59485,30/12/2023,15:24:05,15,0,17.2,1.1,0.8,0.6,2,1,1.00,CYCLE,E
IND,208,6415,59485,30/12/2023,15:24:07,15,0,16.1,1.0,1.5,1.3,2,1,1.00,CYCLE,E
IND,208,6415,59486,30/12/2023,15:25:39,15,1,4.8,0.5,134.6,134.6,2,1,0.80,CYCLE,W
IND,208,6415,59486,30/12/2023,15:28:48,15,1,29.6,1.0,189.0,188.7,2,1,1.00,CYCLE,W
IND,208,6415,59485,30/12/2023,15:28:48,15,0,8.8,1.0,189.9,189.9,2,1,0.29,CYCLE,E
IND,208,6415,59486,30/12/2023,15:32:05,15,1,5.3,0.3,197.2,197.5,2,1,1.00,CYCLE,W
IND,208,6415,59485,30/12/2023,15:32:15,15,0,19.2,1.1,206.2,205.6,2,1,1.00,CYCLE,E
IND,208,6415,59486,30/12/2023,15:33:50,15,1,33.3,1.0,104.7,104.2,2,1,1.00,CYCLE,W
IND,208,6415,59486,30/12/2023,15:34:01,15,1,23.1,1.1,11.7,11.6,2,1,1.00,CYCLE,W
IND,208,6415,59485,30/12/2023,15:35:13,15,0,29.3,1.1,178.3,178.1,2,1,1.00,CYCLE,E
IND,208,6415,59486,30/12/2023,15:35:24,15,1,20.5,1.0,77.3,76.3,2,1,1.00,CYCLE,W
IND,208,6415,59485,30/12/2023,15:36:11,15,0,24.2,1.1,58.4,58.2,2,1,1.00,CYCLE,E
IND,208,6415,59486,30/12/2023,15:37:41,15,1,23.2,1.0,137.1,136.9,2,1,1.00,CYCLE,W
IND,208,6415,59485,30/12/2023,15:40:07,15,0,15.4,1.1,235.3,235.1,2,1,1.00,CYCLE,E
IND,208,6415,59485,30/12/2023,15:40:08,15,0,17.9,1.1,1.6,1.3,2,1,1.00,CYCLE,E
IND,208,6415,59486,30/12/2023,15:40:31,15,1,22.2,1.1,170.0,169.8,2,1,1.00,CYCLE,W
IND,208,6415,59486,30/12/2023,15:40:32,15,1,23.0,1.0,0.8,0.6,2,1,1.00,CYCLE,W
IND,208,6415,59486,30/12/2023,15:42:26,15,1,23.2,1.1,114.3,114.1,2,1,1.00,CYCLE,W
IND,208,6415,59486,30/12/2023,15:42:27,15,1,24.2,1.1,1.2,1.0,2,1,1.00,CYCLE,W
IND,208,6415,59486,30/12/2023,15:44:23,15,1,23.8,1.0,115.2,115.0,2,1,1.00,CYCLE,W
IND,208,6415,59486,30/12/2023,15:44:25,15,1,23.5,1.0,1.8,1.7,2,1,1.00,CYCLE,W
IND,208,6415,59486,30/12/2023,15:44:28,15,1,23.3,1.0,3.6,3.4,2,1,1.00,CYCLE,W
IND,208,6415,59486,30/12/2023,15:44:37,15,1,37.2,1.0,9.2,9.1,2,1,1.00,CYCLE,W
IND,208,6415,59485,30/12/2023,15:46:49,15,0,25.3,1.0,187.8,187.0,2,1,1.00,CYCLE,E
IND,208,6415,59485,30/12/2023,15:46:49,15,0,25.3,1.0,0.0,0.0,2,1,1.00,CYCLE,E
IND,208,6415,59486,30/12/2023,15:47:23,15,1,23.0,1.0,165.4,165.4,2,1,1.00,CYCLE,W
IND,208,6415,59486,30/12/2023,15:47:25,15,1,28.4,1.1,1.8,1.7,2,1,1.00,CYCLE,W
IND,208,6415,59485,30/12/2023,15:48:25,15,0,30.5,1.1,96.5,96.3,2,1,1.00,CYCLE,E
IND,208,6415,59485,30/12/2023,15:49:18,15,0,19.8,1.0,52.3,52.2,2,1,1.00,CYCLE,E
IND,208,6415,59486,30/12/2023,15:50:11,15,1,26.2,1.0,166.7,166.6,2,1,1.00,CYCLE,W
IND,208,6415,59486,30/12/2023,15:52:44,15,1,30.3,1.1,152.8,152.7,2,1,1.00,CYCLE,W
IND,208,6415,59485,30/12/2023,15:53:15,15,0,23.4,1.0,237.4,237.2,2,1,1.00,CYCLE,E
IND,208,6415,59485,30/12/2023,15:54:44,15,0,25.5,1.0,88.7,88.6,2,1,1.00,CYCLE,E
IND,208,6415,59486,30/12/2023,15:54:47,15,1,21.6,1.0,123.2,123.1,2,1,1.00,CYCLE,W
IND,208,6415,59486,30/12/2023,15:54:48,15,1,21.8,1.0,1.0,0.8,2,1,1.00,CYCLE,W
IND,208,6415,59485,30/12/2023,15:56:13,15,0,25.2,1.0,89.3,89.2,2,1,1.00,CYCLE,E
IND,208,6415,59485,30/12/2023,15:57:43,15,0,21.2,1.2,90.3,90.2,2,1,1.00,CYCLE,E
IND,208,6415,59486,30/12/2023,16:01:15,15,1,24.1,1.0,386.7,386.6,2,1,1.00,CYCLE,W
IND,208,6415,59486,30/12/2023,16:02:52,15,1,23.7,0.9,97.2,97.0,2,1,1.00,CYCLE,W
IND,208,6415,59486,30/12/2023,16:07:55,15,1,24.6,0.9,35.2,34.4,2,1,1.00,CYCLE,W
IND,208,6415,59486,30/12/2023,16:07:56,15,1,23.2,0.9,0.2,0.1,2,1,1.00,CYCLE,W
IND,208,6415,59485,30/12/2023,16:09:31,15,0,19.5,1.0,707.1,706.9,2,1,1.00,CYCLE,E
IND,208,6415,59485,30/12/2023,16:10:00,15,0,14.0,1.0,21.8,21.4,2,1,1.00,CYCLE,E
IND,208,6415,59485,30/12/2023,16:10:01,15,0,17.7,1.1,0.8,0.5,2,1,1.00,CYCLE,E
IND,208,6415,59485,30/12/2023,16:10:02,15,0,19.0,1.0,1.4,1.2,2,1,1.00,CYCLE,E
IND,208,6415,59486,30/12/2023,16:12:50,15,1,25.4,1.1,26.5,26.5,2,1,1.00,CYCLE,W
IND,208,6415,59486,30/12/2023,16:15:11,15,1,25.5,1.0,140.9,140.8,2,1,1.00,CYCLE,W
IND,208,6415,59485,30/12/2023,16:16:25,15,0,17.7,0.9,383.3,383.1,2,1,1.00,CYCLE,E
IND,208,6415,59485,30/12/2023,16:16:28,15,0,20.7,0.9,2.8,2.6,2,1,1.00,CYCLE,E
IND,208,6415,59486,30/12/2023,16:17:12,15,1,22.7,1.1,121.4,121.2,2,1,1.00,CYCLE,W
IND,208,6415,59485,30/12/2023,16:19:35,15,0,22.9,1.0,186.6,186.4,2,1,1.00,CYCLE,E
IND,208,6415,59485,30/12/2023,16:19:35,15,0,22.9,1.0,0.0,0.0,2,1,1.00,CYCLE,E
IND,208,6415,59486,30/12/2023,16:20:24,15,1,2.7,0.9,191.8,192.1,2,1,0.80,CYCLE,W
IND,208,6415,59485,30/12/2023,16:21:26,15,0,21.7,1.1,111.8,111.6,2,1,1.00,CYCLE,E
IND,208,6415,59486,30/12/2023,16:21:39,15,1,22.1,1.1,74.4,73.6,2,1,1.00,CYCLE,W
IND,208,6415,59486,30/12/2023,16:24:26,15,1,22.9,1.0,167.3,167.1,2,1,1.00,CYCLE,W
IND,208,6415,59485,30/12/2023,16:24:42,15,0,28.0,1.2,195.8,195.6,2,1,1.00,CYCLE,E
IND,208,6415,59486,30/12/2023,16:26:52,15,1,24.9,1.1,145.7,145.5,2,1,1.00,CYCLE,W
IND,208,6415,59485,30/12/2023,16:28:15,15,0,16.9,1.0,71.4,71.4,2,1,1.00,CYCLE,E
IND,208,6415,59486,30/12/2023,16:29:22,15,1,27.5,0.9,150.2,150.1,2,1,1.00,CYCLE,W
IND,208,6415,59485,30/12/2023,16:30:48,15,0,27.4,1.2,138.1,137.7,2,1,1.00,CYCLE,E
IND,208,6415,59485,30/12/2023,16:32:56,15,0,10.2,1.0,128.3,128.3,2,1,0.29,CYCLE,E
IND,208,6415,59485,30/12/2023,16:33:44,15,0,9.5,0.4,47.5,47.0,2,1,1.00,CYCLE,E
IND,208,6415,59485,30/12/2023,16:35:15,15,0,11.6,1.0,91.6,91.5,2,1,1.00,CYCLE,E
IND,208,6415,59485,30/12/2023,16:35:18,15,0,12.9,1.0,2.6,2.2,2,1,1.00,CYCLE,E
IND,208,6415,59486,30/12/2023,16:35:33,15,1,27.1,1.1,157.5,157.3,2,1,1.00,CYCLE,W
IND,208,6415,59485,30/12/2023,16:36:26,15,0,29.3,1.1,68.1,67.8,2,1,1.00,CYCLE,E
IND,208,6415,59485,30/12/2023,16:36:28,15,0,15.0,1.1,2.3,2.2,2,1,1.00,CYCLE,E
IND,208,6415,59485,30/12/2023,16:41:59,15,0,22.0,1.0,330.4,330.2,2,1,0.25,CYCLE,E
IND,208,6415,59485,30/12/2023,16:41:59,15,0,22.0,1.0,0.0,0.0,2,1,0.25,CYCLE,E
IND,208,6415,59485,30/12/2023,16:42:46,15,0,21.0,1.1,47.3,46.9,2,1,1.00,CYCLE,E
IND,208,6415,59485,30/12/2023,16:43:23,15,0,1.7,1.0,36.9,36.7,2,1,0.50,CYCLE,E
IND,208,6415,59486,30/12/2023,16:43:23,15,1,1.7,1.0,0.0,0.0,2,1,0.50,CYCLE,W
IND,208,6415,59485,30/12/2023,16:46:40,15,0,29.8,1.1,73.3,73.0,2,1,1.00,CYCLE,E
IND,208,6415,59486,30/12/2023,16:47:22,15,1,31.2,1.1,708.7,708.6,2,1,1.00,CYCLE,W
IND,208,6415,59486,30/12/2023,16:48:10,15,1,17.2,1.1,48.5,48.4,2,1,1.00,CYCLE,W
IND,208,6415,59485,30/12/2023,16:50:24,15,0,16.0,1.0,130.1,129.3,2,1,1.00,CYCLE,E
IND,208,6415,59485,30/12/2023,16:50:24,15,0,16.0,1.0,0.6,0.4,2,1,1.00,CYCLE,E
IND,208,6415,59486,30/12/2023,16:51:27,15,1,27.4,1.0,197.2,197.0,2,1,1.00,CYCLE,W
IND,208,6415,59485,30/12/2023,16:51:58,15,0,12.4,1.2,1.6,1.3,2,1,1.00,CYCLE,E
IND,208,6415,59485,30/12/2023,16:52:00,15,0,14.8,1.1,2.1,1.8,2,1,1.00,CYCLE,E
IND,208,6415,59486,30/12/2023,16:53:59,15,1,26.1,1.1,151.4,151.3,2,1,1.00,CYCLE,W
IND,208,6415,59485,30/12/2023,16:54:27,15,0,23.0,1.0,147.7,147.5,2,1,1.00,CYCLE,E
IND,208,6415,59486,30/12/2023,16:55:11,15,1,28.5,1.1,71.9,71.7,2,1,1.00,CYCLE,W
IND,208,6415,59486,30/12/2023,16:57:11,15,1,26.4,1.0,120.1,119.9,2,1,1.00,CYCLE,W
IND,208,6415,59485,30/12/2023,16:57:34,15,0,15.9,1.1,177.3,176.3,2,1,1.00,CYCLE,E
IND,208,6415,59485,30/12/2023,16:59:22,15,0,17.6,1.1,108.6,108.3,2,1,1.00,CYCLE,E
IND,208,6415,59486,30/12/2023,17:02:48,15,1,33.4,1.1,336.9,336.8,2,1,1.00,CYCLE,W
IND,208,6415,59485,30/12/2023,17:03:38,15,0,23.1,1.0,85.5,85.1,2,1,1.00,CYCLE,E
IND,208,6415,59485,30/12/2023,17:05:01,15,0,27.5,1.1,83.0,82.9,2,1,1.00,CYCLE,E
IND,208,6415,59485,30/12/2023,17:11:13,15,0,11.1,1.0,371.5,371.4,2,1,0.44,CYCLE,E
IND,208,6415,59485,30/12/2023,17:11:13,15,0,11.1,1.0,0.0,0.0,2,1,0.44,CYCLE,E
IND,208,6415,59485,30/12/2023,17:11:13,15,0,11.1,1.0,0.0,0.0,2,1,0.44,CYCLE,E
IND,208,6415,59486,30/12/2023,17:11:52,15,1,27.2,1.2,544.2,544.1,2,1,1.00,CYCLE,W
IND,208,6415,59485,30/12/2023,17:11:55,15,0,21.9,1.1,42.2,41.4,2,1,1.00,CYCLE,E
IND,208,6415,59486,30/12/2023,17:14:15,15,1,26.9,1.0,143.3,143.1,2,1,1.00,CYCLE,W
IND,208,6415,59486,30/12/2023,17:14:44,15,1,21.3,1.1,29.1,28.9,2,1,1.00,CYCLE,W
IND,208,6415,59485,30/12/2023,17:16:19,15,0,25.0,1.0,264.1,263.9,2,1,1.00,CYCLE,E
IND,208,6415,59485,30/12/2023,17:19:14,15,0,17.7,1.0,174.7,174.5,2,1,1.00,CYCLE,E
IND,208,6415,59485,30/12/2023,17:19:14,15,0,20.0,1.1,0.7,0.5,2,1,1.00,CYCLE,E
IND,208,6415,59486,30/12/2023,17:25:09,15,1,30.1,1.0,624.9,624.7,2,1,1.00,CYCLE,W
IND,208,6415,59485,30/12/2023,17:25:18,15,0,29.9,1.2,363.9,363.7,2,1,1.00,CYCLE,E
IND,208,6415,59486,30/12/2023,17:28:52,15,1,24.5,1.0,15.3,15.2,2,1,1.00,CYCLE,W
IND,208,6415,59486,30/12/2023,17:31:02,15,1,17.2,1.0,129.4,129.2,2,1,0.20,CYCLE,W
IND,208,6415,59485,30/12/2023,17:32:29,15,0,23.9,1.2,430.3,430.2,2,1,1.00,CYCLE,E
IND,208,6415,59486,30/12/2023,17:35:39,15,1,25.6,1.0,277.7,276.2,2,1,1.00,CYCLE,W
IND,208,6415,59486,30/12/2023,17:39:53,15,1,21.7,1.1,253.5,253.3,2,1,1.00,CYCLE,W
IND,208,6415,59486,30/12/2023,17:40:06,15,1,29.8,0.9,12.9,12.7,2,1,1.00,CYCLE,W
IND,208,6415,59485,30/12/2023,17:40:40,15,0,26.8,1.0,491.4,491.3,2,1,1.00,CYCLE,E
IND,208,6415,59485,30/12/2023,17:40:43,15,0,28.1,1.0,2.6,2.5,2,1,1.00,CYCLE,E
IND,208,6415,59485,30/12/2023,17:40:43,15,0,28.1,1.0,0.0,0.0,2,1,1.00,CYCLE,E
IND,208,6415,59486,30/12/2023,17:41:48,15,1,27.4,1.1,102.6,102.5,2,1,1.00,CYCLE,W
IND,208,6415,59486,30/12/2023,17:43:51,15,1,19.6,1.1,122.5,122.4,2,1,1.00,CYCLE,W
IND,208,6415,59486,30/12/2023,17:55:22,15,1,3.4,0.3,691.4,691.6,2,1,0.80,CYCLE,W
IND,208,6415,59486,30/12/2023,17:55:46,15,1,19.0,1.0,23.9,23.5,2,1,1.00,CYCLE,W
IND,208,6415,59485,30/12/2023,17:56:48,15,0,5.7,1.0,964.9,964.6,2,1,1.00,CYCLE,E
IND,208,6415,59486,30/12/2023,17:58:26,15,1,15.0,0.9,159.9,159.7,2,1,1.00,CYCLE,W
IND,208,6415,59486,30/12/2023,17:58:27,15,1,20.3,0.9,0.9,0.6,2,1,1.00,CYCLE,W
IND,208,6415,59486,30/12/2023,17:59:33,15,1,31.0,1.1,65.5,65.4,2,1,1.00,CYCLE,W
IND,208,6415,59486,30/12/2023,17:59:34,15,1,32.0,1.1,1.6,1.5,2,1,1.00,CYCLE,W
IND,208,6415,59486,30/12/2023,18:01:27,15,1,20.8,1.1,112.4,112.3,2,1,1.00,CYCLE,W
IND,208,6415,59485,30/12/2023,18:05:53,15,0,16.1,1.1,217.4,217.2,2,1,1.00,CYCLE,E
IND,208,6415,59486,30/12/2023,18:08:06,15,1,26.9,1.1,399.3,399.1,2,1,1.00,CYCLE,W
IND,208,6415,59486,30/12/2023,18:16:00,15,1,2.6,0.3,474.1,474.4,2,1,1.00,CYCLE,W
IND,208,6415,59486,30/12/2023,18:16:05,15,1,24.7,1.1,4.7,4.2,2,1,1.00,CYCLE,W
IND,208,6415,59486,30/12/2023,18:17:06,15,1,21.2,1.0,60.9,60.8,2,1,1.00,CYCLE,W
IND,208,6415,59485,30/12/2023,18:17:42,15,0,7.4,1.1,69.4,68.6,2,1,1.00,CYCLE,E
IND,208,6415,59485,30/12/2023,18:17:50,15,0,13.6,1.1,8.6,8.1,2,1,1.00,CYCLE,E
IND,208,6415,59485,30/12/2023,18:18:03,15,0,13.6,1.0,13.0,12.7,2,1,1.00,CYCLE,E
IND,208,6415,59485,30/12/2023,18:22:49,15,0,18.5,1.0,285.4,285.2,2,1,1.00,CYCLE,E
IND,208,6415,59486,30/12/2023,18:23:34,15,1,27.5,1.2,388.3,388.1,2,1,1.00,CYCLE,W
IND,208,6415,59485,30/12/2023,18:26:01,15,0,20.9,1.0,192.7,192.5,2,1,1.00,CYCLE,E
IND,208,6415,59485,30/12/2023,18:28:59,15,0,18.4,1.0,177.7,177.5,2,1,1.00,CYCLE,E
IND,208,6415,59485,30/12/2023,18:33:42,15,0,21.6,1.0,282.9,282.8,2,1,1.00,CYCLE,E
IND,208,6415,59486,30/12/2023,18:34:26,15,1,26.9,1.0,291.6,289.9,2,1,1.00,CYCLE,W
IND,208,6415,59486,30/12/2023,18:34:28,15,1,25.8,1.1,1.1,1.0,2,1,1.00,CYCLE,W
IND,208,6415,59486,30/12/2023,18:35:00,15,1,20.5,1.0,32.4,32.2,2,1,1.00,CYCLE,W
IND,208,6415,59486,30/12/2023,18:43:43,15,1,3.5,0.3,428.2,428.4,2,1,0.80,CYCLE,W
IND,208,6415,59486,30/12/2023,18:47:47,15,1,23.9,1.0,238.9,239.0,2,1,1.00,CYCLE,W
IND,208,6415,59486,30/12/2023,18:51:13,15,1,32.0,1.2,206.4,206.2,2,1,1.00,CYCLE,W
IND,208,6415,59485,30/12/2023,19:15:22,15,0,23.0,1.0,2500.1,2499.9,2,1,1.00,CYCLE,E
IND,208,6415,59485,30/12/2023,19:18:13,15,0,21.5,1.0,170.6,170.5,2,1,1.00,CYCLE,E
IND,208,6415,59486,30/12/2023,19:21:07,15,1,5.5,1.0,1794.4,1794.2,2,1,0.40,CYCLE,W
IND,208,6415,59486,30/12/2023,19:21:17,15,1,28.8,1.2,10.1,9.4,2,1,1.00,CYCLE,W
IND,208,6415,59485,30/12/2023,19:27:27,15,0,21.2,1.1,553.8,553.6,2,1,1.00,CYCLE,E
IND,208,6415,59486,30/12/2023,19:29:15,15,1,28.7,1.1,477.8,477.7,2,1,1.00,CYCLE,W
IND,208,6415,59486,30/12/2023,19:33:13,15,1,20.9,1.0,229.4,228.0,2,1,1.00,CYCLE,W
IND,208,6415,59486,30/12/2023,19:34:44,15,1,21.4,1.1,91.6,91.5,2,1,1.00,CYCLE,W
IND,208,6415,59486,30/12/2023,19:35:52,15,1,31.1,1.1,68.0,67.8,2,1,1.00,CYCLE,W
IND,208,6415,59485,30/12/2023,19:49:11,15,0,19.9,1.1,1304.3,1304.2,2,1,1.00,CYCLE,E
IND,208,6415,59485,30/12/2023,19:49:12,15,0,19.1,1.0,0.7,0.5,2,1,1.00,CYCLE,E
IND,208,6415,59485,30/12/2023,19:50:07,15,0,23.6,1.0,55.5,55.3,2,1,1.00,CYCLE,E
IND,208,6415,59486,30/12/2023,19:52:37,15,1,29.4,1.1,1004.9,1004.7,2,1,1.00,CYCLE,W
IND,208,6415,59486,30/12/2023,20:07:46,15,1,20.9,1.1,504.3,504.2,2,1,1.00,CYCLE,W
IND,208,6415,59486,30/12/2023,20:12:41,15,1,25.6,1.1,295.0,294.7,2,1,1.00,CYCLE,W
IND,208,6415,59485,30/12/2023,20:17:49,15,0,23.8,1.0,1661.6,1661.5,2,1,1.00,CYCLE,E
IND,208,6415,59485,30/12/2023,20:17:49,15,0,23.9,1.1,0.8,0.6,2,1,1.00,CYCLE,E
IND,208,6415,59485,30/12/2023,20:25:19,15,0,28.2,1.1,449.2,449.0,2,1,1.00,CYCLE,E
IND,208,6415,59486,30/12/2023,20:41:02,15,1,21.0,0.9,1700.9,1700.8,2,1,1.00,CYCLE,W
IND,208,6415,59486,30/12/2023,20:46:10,15,1,5.3,1.0,308.9,308.6,2,1,0.50,CYCLE,W
IND,208,6415,59486,30/12/2023,20:46:10,15,1,5.3,1.0,0.0,0.0,2,1,0.50,CYCLE,W
IND,208,6415,59485,30/12/2023,20:49:49,15,0,7.9,1.0,1470.6,1470.4,2,1,0.31,CYCLE,E
IND,208,6415,59485,30/12/2023,20:49:49,15,0,7.9,1.0,0.0,0.0,2,1,0.31,CYCLE,E
IND,208,6415,59486,30/12/2023,20:55:58,15,1,28.6,1.0,240.0,238.4,2,1,1.00,CYCLE,W
IND,208,6415,59486,30/12/2023,21:01:23,15,1,27.4,1.1,325.3,325.1,2,1,1.00,CYCLE,W
IND,208,6415,59485,30/12/2023,21:03:13,15,0,32.0,1.2,804.2,802.8,2,1,1.00,CYCLE,E
IND,208,6415,59485,30/12/2023,21:06:03,15,0,21.5,0.9,169.7,169.6,2,1,1.00,CYCLE,E
IND,208,6415,59485,30/12/2023,21:06:05,15,0,19.8,0.9,1.9,1.8,2,1,1.00,CYCLE,E
IND,208,6415,59485,30/12/2023,21:06:26,15,0,16.6,1.1,20.7,20.5,2,1,1.00,CYCLE,E
IND,208,6415,59485,30/12/2023,21:13:09,15,0,21.7,1.0,403.5,403.2,2,1,1.00,CYCLE,E
IND,208,6415,59485,30/12/2023,21:13:20,15,0,20.0,0.9,11.2,11.0,2,1,1.00,CYCLE,E
IND,208,6415,59486,30/12/2023,21:18:39,15,1,23.4,0.9,1035.7,1035.5,2,1,1.00,CYCLE,W
IND,208,6415,59485,30/12/2023,21:29:18,15,0,20.7,1.0,957.9,957.7,2,1,1.00,CYCLE,E
IND,208,6415,59485,30/12/2023,21:29:20,15,0,19.3,1.0,1.3,1.1,2,1,1.00,CYCLE,E
IND,208,6415,59486,30/12/2023,21:33:04,15,1,24.9,1.0,865.8,865.7,2,1,1.00,CYCLE,W
IND,208,6415,59485,30/12/2023,21:38:11,15,0,15.7,1.0,531.6,531.4,2,1,1.00,CYCLE,E
IND,208,6415,59485,30/12/2023,21:44:26,15,0,18.5,1.0,374.9,374.6,2,1,1.00,CYCLE,E
IND,208,6415,59485,30/12/2023,21:52:53,15,0,23.0,1.0,507.1,506.9,2,1,1.00,CYCLE,E
IND,208,6415,59485,30/12/2023,21:56:54,15,0,27.3,1.1,241.2,241.0,2,1,1.00,CYCLE,E
IND,208,6415,59486,30/12/2023,22:04:55,15,1,28.3,1.1,1910.0,1909.9,2,1,1.00,CYCLE,W
IND,208,6415,59485,30/12/2023,22:05:02,15,0,21.4,1.1,487.5,487.3,2,1,1.00,CYCLE,E
IND,208,6415,59485,30/12/2023,22:06:56,15,0,27.0,1.2,114.2,114.0,2,1,1.00,CYCLE,E
IND,208,6415,59485,30/12/2023,22:15:45,15,0,20.5,1.0,529.3,529.1,2,1,1.00,CYCLE,E
IND,208,6415,59485,30/12/2023,22:15:45,15,0,20.5,1.0,0.0,0.0,2,1,1.00,CYCLE,E
IND,208,6415,59486,30/12/2023,22:24:32,15,1,26.0,1.0,1177.0,1176.9,2,1,1.00,CYCLE,W
IND,208,6415,59485,30/12/2023,22:35:30,15,0,18.7,1.0,1184.8,1184.6,2,1,1.00,CYCLE,E
IND,208,6415,59485,30/12/2023,22:44:42,15,0,15.7,1.1,551.6,551.4,2,1,1.00,CYCLE,E
IND,208,6415,59485,30/12/2023,22:58:12,15,0,25.0,1.1,810.8,810.5,2,1,1.00,CYCLE,E
IND,208,6415,59486,30/12/2023,23:23:11,15,1,27.8,1.1,3519.1,3519.0,2,1,1.00,CYCLE,W
IND,208,6415,59486,30/12/2023,23:50:02,15,1,22.4,1.0,1611.0,1610.8,2,1,1.00,CYCLE,W
IND,208,6415,59486,30/12/2023,23:50:03,15,1,22.9,1.0,1.6,1.4,2,1,1.00,CYCLE,W
IND,208,6415,59485,30/12/2023,23:53:37,15,0,20.1,1.0,3324.9,3324.7,2,1,1.00,CYCLE,E
IND,208,6415,59485,30/12/2023,23:53:38,15,0,20.0,1.0,0.6,0.4,2,1,1.00,CYCLE,E
IND,208,6415,59485,31/12/2023,00:09:24,15,0,26.1,1.1,945.6,945.4,2,1,1.00,CYCLE,E
IND,208,6415,59485,31/12/2023,01:21:00,15,0,26.5,1.2,4296.0,4295.8,2,1,1.00,CYCLE,E
IND,208,6415,59486,31/12/2023,01:38:01,15,1,23.3,1.0,6478.1,6478.0,2,1,1.00,CYCLE,W
IND,208,6415,59486,31/12/2023,02:18:06,15,1,25.7,1.2,2404.2,2404.1,2,1,1.00,CYCLE,W
IND,208,6415,59485,31/12/2023,02:26:12,15,0,26.7,1.1,3912.1,3911.9,2,1,1.00,CYCLE,E
IND,208,6415,59485,31/12/2023,02:44:56,15,0,20.3,1.0,1124.9,1124.7,2,1,1.00,CYCLE,E
IND,208,6415,59486,31/12/2023,03:04:50,15,1,30.5,1.2,2804.6,2804.4,2,1,1.00,CYCLE,W
IND,208,6415,59486,31/12/2023,03:12:38,15,1,21.0,1.0,468.1,468.0,2,1,1.00,CYCLE,W
IND,208,6415,59486,31/12/2023,04:40:05,15,1,23.1,1.0,5246.5,5246.4,2,1,1.00,CYCLE,W
IND,208,6415,59486,31/12/2023,05:07:17,15,1,29.8,1.0,1632.7,1632.6,2,1,1.00,CYCLE,W
IND,208,6415,59485,31/12/2023,05:15:04,15,0,22.7,1.0,9007.1,9006.9,2,1,1.00,CYCLE,E
IND,208,6415,59485,31/12/2023,05:26:32,15,0,27.7,1.0,688.1,688.0,2,1,1.00,CYCLE,E
IND,208,6415,59485,31/12/2023,05:26:32,15,0,27.3,1.0,0.2,0.1,2,1,1.00,CYCLE,E
IND,208,6415,59485,31/12/2023,05:26:32,15,0,26.5,1.1,0.3,0.2,2,1,1.00,CYCLE,E
IND,208,6415,59486,31/12/2023,05:33:57,15,1,25.3,1.0,1599.8,1599.7,2,1,1.00,CYCLE,W
IND,208,6415,59486,31/12/2023,05:38:27,15,1,26.8,1.0,269.3,269.2,2,1,1.00,CYCLE,W
IND,208,6415,59486,31/12/2023,05:39:20,15,1,29.0,1.0,53.8,53.7,2,1,1.00,CYCLE,W
IND,208,6415,59485,31/12/2023,05:45:35,15,0,21.3,1.0,1142.9,1142.8,2,1,1.00,CYCLE,E
IND,208,6415,59486,31/12/2023,05:47:05,15,1,29.7,1.0,464.8,464.6,2,1,1.00,CYCLE,W
IND,208,6415,59485,31/12/2023,05:50:45,15,0,23.2,1.0,310.1,310.0,2,1,1.00,CYCLE,E
IND,208,6415,59485,31/12/2023,05:50:47,15,0,22.3,0.9,1.5,1.4,2,1,1.00,CYCLE,E
IND,208,6415,59485,31/12/2023,05:50:47,15,0,21.9,1.0,0.5,0.3,2,1,1.00,CYCLE,E
IND,208,6415,59486,31/12/2023,05:52:15,15,1,26.5,1.1,309.6,309.5,2,1,1.00,CYCLE,W
IND,208,6415,59486,31/12/2023,05:55:36,15,1,26.9,1.0,201.1,201.0,2,1,1.00,CYCLE,W
IND,208,6415,59486,31/12/2023,05:56:13,15,1,4.8,0.1,37.4,37.6,2,1,0.80,CYCLE,W
IND,208,6415,59486,31/12/2023,05:56:19,15,1,28.8,1.0,6.0,5.7,2,1,1.00,CYCLE,W
IND,208,6415,59486,31/12/2023,05:57:30,15,1,29.0,1.0,70.3,70.2,2,1,1.00,CYCLE,W
IND,208,6415,59485,31/12/2023,05:59:27,15,0,24.5,1.0,519.3,519.1,2,1,1.00,CYCLE,E
IND,208,6415,59485,31/12/2023,06:06:08,15,0,25.2,1.0,362.9,362.9,2,1,1.00,CYCLE,E
IND,208,6415,59485,31/12/2023,06:07:20,15,0,18.9,1.0,71.6,71.4,2,1,1.00,CYCLE,E
IND,208,6415,59486,31/12/2023,06:08:35,15,1,27.9,1.1,665.2,665.1,2,1,1.00,CYCLE,W
IND,208,6415,59486,31/12/2023,06:13:18,15,1,26.8,1.0,283.3,283.2,2,1,1.00,CYCLE,W
IND,208,6415,59486,31/12/2023,06:13:19,15,1,27.9,1.0,0.8,0.6,2,1,1.00,CYCLE,W
IND,208,6415,59485,31/12/2023,06:17:37,15,0,26.0,1.1,489.8,489.8,2,1,1.00,CYCLE,E
IND,208,6415,59485,31/12/2023,06:18:40,15,0,21.4,1.0,62.4,62.3,2,1,1.00,CYCLE,E
IND,208,6415,59485,31/12/2023,06:18:41,15,0,20.9,1.0,1.1,1.0,2,1,1.00,CYCLE,E
IND,208,6415,59486,31/12/2023,06:24:23,15,1,31.4,1.1,664.4,664.3,2,1,1.00,CYCLE,W
IND,208,6415,59486,31/12/2023,06:28:47,15,1,22.1,1.1,264.1,264.0,2,1,1.00,CYCLE,W
IND,208,6415,59486,31/12/2023,06:28:55,15,1,27.7,1.0,7.3,7.1,2,1,1.00,CYCLE,W
IND,208,6415,59486,31/12/2023,06:33:42,15,1,30.1,1.0,287.7,287.6,2,1,1.00,CYCLE,W
IND,208,6415,59486,31/12/2023,06:33:42,15,1,30.1,1.0,0.0,0.0,2,1,1.00,CYCLE,W
IND,208,6415,59486,31/12/2023,06:33:44,15,1,31.6,0.9,1.8,1.6,2,1,1.00,CYCLE,W
IND,208,6415,59486,31/12/2023,06:33:51,15,1,31.3,1.0,6.8,6.7,2,1,1.00,CYCLE,W
IND,208,6415,59486,31/12/2023,06:34:00,15,1,32.6,1.0,9.4,9.3,2,1,1.00,CYCLE,W
IND,208,6415,59486,31/12/2023,06:34:08,15,1,29.3,1.0,7.7,7.6,2,1,1.00,CYCLE,W
IND,208,6415,59485,31/12/2023,06:34:17,15,0,20.6,0.9,475.1,474.7,2,1,1.00,CYCLE,E
IND,208,6415,59486,31/12/2023,06:34:51,15,1,24.6,1.0,43.1,43.0,2,1,1.00,CYCLE,W
IND,208,6415,59485,31/12/2023,06:36:14,15,0,17.4,1.1,117.0,116.9,2,1,1.00,CYCLE,E
IND,208,6415,59486,31/12/2023,06:47:33,15,1,27.4,1.0,136.1,135.8,2,1,1.00,CYCLE,W
IND,208,6415,59486,31/12/2023,06:48:56,15,1,28.3,1.0,83.5,83.3,2,1,1.00,CYCLE,W
IND,208,6415,59486,31/12/2023,06:49:03,15,1,32.7,1.0,6.6,6.5,2,1,1.00,CYCLE,W
IND,208,6415,59486,31/12/2023,06:50:06,15,1,30.3,1.0,62.8,62.7,2,1,1.00,CYCLE,W
IND,208,6415,59486,31/12/2023,06:50:15,15,1,30.0,1.0,9.4,9.3,2,1,1.00,CYCLE,W
IND,208,6415,59486,31/12/2023,06:51:23,15,1,29.8,1.0,67.9,67.7,2,1,1.00,CYCLE,W
IND,208,6415,59485,31/12/2023,06:53:23,15,0,19.3,1.0,1029.2,1028.9,2,1,1.00,CYCLE,E
IND,208,6415,59486,31/12/2023,06:53:49,15,1,24.6,1.1,146.1,146.0,2,1,1.00,CYCLE,W
IND,208,6415,59486,31/12/2023,06:53:50,15,1,25.8,1.1,1.1,1.0,2,1,1.00,CYCLE,W
IND,208,6415,59486,31/12/2023,06:55:12,15,1,22.7,0.9,81.7,81.5,2,1,1.00,CYCLE,W
IND,208,6415,59485,31/12/2023,06:57:25,15,0,20.4,1.0,242.2,242.0,2,1,1.00,CYCLE,E
IND,208,6415,59485,31/12/2023,06:57:25,15,0,20.4,1.0,0.0,0.0,2,1,1.00,CYCLE,E
IND,208,6415,59486,31/12/2023,06:59:17,15,1,29.4,1.0,244.9,244.8,2,1,1.00,CYCLE,W
IND,208,6415,59486,31/12/2023,07:00:24,15,1,27.2,1.1,67.6,67.5,2,1,1.00,CYCLE,W
IND,208,6415,59485,31/12/2023,07:00:25,15,0,17.9,1.0,65.4,65.4,2,1,1.00,CYCLE,E
IND,208,6415,59485,31/12/2023,07:00:26,15,0,17.9,1.1,0.6,0.4,2,1,1.00,CYCLE,E
IND,208,6415,59486,31/12/2023,07:01:09,15,1,4.4,1.0,44.4,44.5,2,1,0.86,CYCLE,W
IND,208,6415,59485,31/12/2023,07:01:36,15,0,21.4,1.0,19.5,18.5,2,1,1.00,CYCLE,E
IND,208,6415,59485,31/12/2023,07:01:37,15,0,22.3,1.0,0.6,0.4,2,1,1.00,CYCLE,E
IND,208,6415,59486,31/12/2023,07:02:23,15,1,3.3,1.0,74.7,73.5,2,1,0.33,CYCLE,W
IND,208,6415,59486,31/12/2023,07:02:23,15,1,3.3,1.0,0.0,0.0,2,1,0.33,CYCLE,W
IND,208,6415,59485,31/12/2023,07:04:02,15,0,26.2,1.0,145.0,144.8,2,1,1.00,CYCLE,E
IND,208,6415,59486,31/12/2023,07:06:24,15,1,22.8,1.1,240.2,239.0,2,1,1.00,CYCLE,W
IND,208,6415,59486,31/12/2023,07:06:24,15,1,22.7,1.0,0.3,0.2,2,1,1.00,CYCLE,W
IND,208,6415,59486,31/12/2023,07:07:40,15,1,29.8,1.0,76.1,75.7,2,1,1.00,CYCLE,W
IND,208,6415,59485,31/12/2023,07:10:02,15,0,29.6,1.2,359.9,359.8,2,1,1.00,CYCLE,E
IND,208,6415,59486,31/12/2023,07:10:43,15,1,25.1,1.0,182.9,182.8,2,1,1.00,CYCLE,W
IND,208,6415,59486,31/12/2023,07:10:47,15,1,32.4,1.0,4.2,4.0,2,1,1.00,CYCLE,W
IND,208,6415,59486,31/12/2023,07:12:05,15,1,65.7,0.8,77.4,77.3,2,1,0.80,CYCLE,W
IND,208,6415,59486,31/12/2023,07:15:12,15,1,20.7,1.0,187.7,187.8,2,1,1.00,CYCLE,W
IND,208,6415,59485,31/12/2023,07:17:58,15,0,17.4,1.0,155.2,155.2,2,1,1.00,CYCLE,E
IND,208,6415,59485,31/12/2023,07:17:59,15,0,17.7,1.1,1.1,0.9,2,1,1.00,CYCLE,E
IND,208,6415,59485,31/12/2023,07:18:09,15,0,15.6,1.1,3.0,2.8,2,1,1.00,CYCLE,E
IND,208,6415,59486,31/12/2023,07:19:44,15,1,29.5,1.0,272.2,272.0,2,1,1.00,CYCLE,W
IND,208,6415,59486,31/12/2023,07:19:45,15,1,31.1,1.0,0.7,0.6,2,1,1.00,CYCLE,W
IND,208,6415,59486,31/12/2023,07:19:46,15,1,30.1,1.0,1.0,0.9,2,1,0.80,CYCLE,W
IND,208,6415,59486,31/12/2023,07:20:38,15,1,33.3,1.0,51.9,51.8,2,1,1.00,CYCLE,W
IND,208,6415,59485,31/12/2023,07:21:09,15,0,3.7,0.4,95.9,95.9,2,1,0.80,CYCLE,E
IND,208,6415,59485,31/12/2023,07:21:40,15,0,27.2,1.0,31.0,31.0,2,1,1.00,CYCLE,E
IND,208,6415,59485,31/12/2023,07:24:16,15,0,22.1,1.1,139.7,139.0,2,1,1.00,CYCLE,E
IND,208,6415,59486,31/12/2023,07:25:39,15,1,29.4,1.1,300.6,300.5,2,1,1.00,CYCLE,W
IND,208,6415,59485,31/12/2023,07:25:57,15,0,16.8,1.0,76.2,76.0,2,1,1.00,CYCLE,E
IND,208,6415,59485,31/12/2023,07:25:58,15,0,15.1,1.1,1.1,0.9,2,1,1.00,CYCLE,E
IND,208,6415,59486,31/12/2023,07:26:16,15,1,22.9,1.0,37.1,36.9,2,1,1.00,CYCLE,W
IND,208,6415,59486,31/12/2023,07:26:17,15,1,23.4,1.1,1.0,0.9,2,1,1.00,CYCLE,W
IND,208,6415,59485,31/12/2023,07:28:37,15,0,29.2,1.1,158.8,158.6,2,1,1.00,CYCLE,E
IND,208,6415,59485,31/12/2023,07:29:43,15,0,23.4,1.0,65.8,65.7,2,1,1.00,CYCLE,E
IND,208,6415,59485,31/12/2023,07:29:43,15,0,23.4,1.0,0.0,0.0,2,1,1.00,CYCLE,E
IND,208,6415,59485,31/12/2023,07:29:43,15,0,23.4,1.0,0.0,0.0,2,1,1.00,CYCLE,E
IND,208,6415,59485,31/12/2023,07:29:43,15,0,23.4,1.0,0.0,0.0,2,1,1.00,CYCLE,E
IND,208,6415,59485,31/12/2023,07:29:45,15,0,22.8,0.9,2.5,1.3,2,1,1.00,CYCLE,E
IND,208,6415,59485,31/12/2023,07:29:49,15,0,23.6,1.0,3.7,3.5,2,1,1.00,CYCLE,E
IND,208,6415,59485,31/12/2023,07:29:49,15,0,23.6,1.0,0.0,0.0,2,1,1.00,CYCLE,E
IND,208,6415,59486,31/12/2023,07:30:37,15,1,3.6,1.0,2.7,2.7,2,1,0.44,CYCLE,W
IND,208,6415,59486,31/12/2023,07:30:37,15,1,3.6,1.0,0.0,0.0,2,1,0.44,CYCLE,W
IND,208,6415,59486,31/12/2023,07:30:43,15,1,10.5,1.0,6.1,2.9,2,1,0.25,CYCLE,W
IND,208,6415,59486,31/12/2023,07:30:43,15,1,10.5,1.0,0.0,0.0,2,1,0.25,CYCLE,W
IND,208,6415,59485,31/12/2023,07:31:25,15,0,17.4,1.0,95.6,95.4,2,1,1.00,CYCLE,E
IND,208,6415,59486,31/12/2023,07:31:42,15,1,30.2,1.0,59.2,58.3,2,1,1.00,CYCLE,W
IND,208,6415,59485,31/12/2023,07:32:34,15,0,24.8,1.0,69.3,69.1,2,1,1.00,CYCLE,E
IND,208,6415,59486,31/12/2023,07:34:45,15,1,28.7,1.0,183.4,183.3,2,1,1.00,CYCLE,W
IND,208,6415,59486,31/12/2023,07:36:58,15,1,24.5,1.1,132.7,132.6,2,1,1.00,CYCLE,W
IND,208,6415,59486,31/12/2023,07:37:06,15,1,23.8,1.1,8.1,7.9,2,1,1.00,CYCLE,W
IND,208,6415,59486,31/12/2023,07:39:52,15,1,29.6,1.0,166.0,165.8,2,1,1.00,CYCLE,W
IND,208,6415,59486,31/12/2023,07:39:52,15,1,29.6,1.0,0.0,0.0,2,1,1.00,CYCLE,W
IND,208,6415,59485,31/12/2023,07:40:33,15,0,12.9,1.1,479.4,479.3,2,1,1.00,CYCLE,E
IND,208,6415,59486,31/12/2023,07:40:48,15,1,27.4,1.0,55.8,55.6,2,1,1.00,CYCLE,W
IND,208,6415,59486,31/12/2023,07:40:51,15,1,27.5,1.0,2.8,2.7,2,1,1.00,CYCLE,W
IND,208,6415,59485,31/12/2023,07:41:20,15,0,19.0,1.0,46.2,45.9,2,1,1.00,CYCLE,E
IND,208,6415,59485,31/12/2023,07:42:57,15,0,10.4,1.1,97.6,97.5,2,1,1.00,CYCLE,E
IND,208,6415,59485,31/12/2023,07:44:33,15,0,24.4,0.9,96.3,95.9,2,1,1.00,CYCLE,E
IND,208,6415,59486,31/12/2023,07:46:01,15,1,30.8,1.0,239.3,239.3,2,1,1.00,CYCLE,W
IND,208,6415,59486,31/12/2023,07:47:39,15,1,29.9,1.0,97.4,97.2,2,1,1.00,CYCLE,W
IND,208,6415,59486,31/12/2023,07:48:51,15,1,25.1,1.1,72.7,72.6,2,1,1.00,CYCLE,W
IND,208,6415,59485,31/12/2023,07:50:21,15,0,16.6,1.0,321.0,320.6,2,1,1.00,CYCLE,E
IND,208,6415,59486,31/12/2023,07:50:44,15,1,24.7,1.0,101.3,100.8,2,1,1.00,CYCLE,W
IND,208,6415,59486,31/12/2023,07:54:14,15,1,26.5,1.0,95.4,95.3,2,1,1.00,CYCLE,W
IND,208,6415,59486,31/12/2023,07:54:33,15,1,23.1,1.0,18.7,18.6,2,1,1.00,CYCLE,W
IND,208,6415,59486,31/12/2023,07:54:35,15,1,23.1,1.0,2.5,2.4,2,1,1.00,CYCLE,W
IND,208,6415,59485,31/12/2023,07:56:26,15,0,21.1,1.1,10.3,10.1,2,1,1.00,CYCLE,E
IND,208,6415,59485,31/12/2023,07:56:57,15,0,20.9,1.0,31.5,31.3,2,1,1.00,CYCLE,E
IND,208,6415,59485,31/12/2023,07:56:57,15,0,20.9,1.0,0.0,0.0,2,1,1.00,CYCLE,E
IND,208,6415,59486,31/12/2023,08:00:41,15,1,34.3,1.0,365.6,365.4,2,1,1.00,CYCLE,W
IND,208,6415,59486,31/12/2023,08:00:43,15,1,25.7,1.1,2.0,1.9,2,1,1.00,CYCLE,W
IND,208,6415,59486,31/12/2023,08:00:47,15,1,24.7,1.0,4.0,3.9,2,1,1.00,CYCLE,W
IND,208,6415,59486,31/12/2023,08:00:48,15,1,24.6,1.0,1.1,1.0,2,1,1.00,CYCLE,W
IND,208,6415,59486,31/12/2023,08:00:53,15,1,27.7,1.1,4.8,4.7,2,1,1.00,CYCLE,W
IND,208,6415,59486,31/12/2023,08:00:55,15,1,25.4,1.0,2.6,2.5,2,1,1.00,CYCLE,W
IND,208,6415,59486,31/12/2023,08:00:56,15,1,24.6,1.0,0.7,0.6,2,1,1.00,CYCLE,W
IND,208,6415,59485,31/12/2023,08:01:05,15,0,19.1,1.0,247.8,247.4,2,1,1.00,CYCLE,E
IND,208,6415,59486,31/12/2023,08:01:52,15,1,25.0,1.0,55.9,55.8,2,1,1.00,CYCLE,W
IND,208,6415,59485,31/12/2023,08:03:24,15,0,21.9,1.0,139.1,138.9,2,1,1.00,CYCLE,E
IND,208,6415,59486,31/12/2023,08:04:15,15,1,22.8,1.0,143.0,142.9,2,1,1.00,CYCLE,W
IND,208,6415,59486,31/12/2023,08:04:15,15,1,22.9,1.1,0.4,0.2,2,1,1.00,CYCLE,W
IND,208,6415,59486,31/12/2023,08:06:06,15,1,24.2,1.0,111.0,110.8,2,1,1.00,CYCLE,W
IND,208,6415,59486,31/12/2023,08:06:09,15,1,23.6,1.0,2.6,2.5,2,1,1.00,CYCLE,W
IND,208,6415,59485,31/12/2023,08:08:44,15,0,12.1,0.9,319.8,319.6,2,1,1.00,CYCLE,E
IND,208,6415,59485,31/12/2023,08:08:46,15,0,14.7,1.1,1.8,1.5,2,1,1.00,CYCLE,E
IND,208,6415,59486,31/12/2023,08:08:53,15,1,27.8,1.0,164.4,164.2,2,1,1.00,CYCLE,W
IND,208,6415,59486,31/12/2023,08:11:02,15,1,10.2,1.3,66.2,65.3,2,1,0.80,CYCLE,W
IND,208,6415,59486,31/12/2023,08:11:27,15,1,32.9,1.0,25.1,24.9,2,1,1.00,CYCLE,W
IND,208,6415,59485,31/12/2023,08:11:35,15,0,21.8,1.1,168.9,168.6,2,1,1.00,CYCLE,E
IND,208,6415,59485,31/12/2023,08:12:13,15,0,14.4,1.1,38.3,38.1,2,1,1.00,CYCLE,E
IND,208,6415,59485,31/12/2023,08:12:24,15,0,10.1,1.1,11.4,11.2,2,1,1.00,CYCLE,E
IND,208,6415,59486,31/12/2023,08:13:01,15,1,19.6,1.0,94.6,94.5,2,1,1.00,CYCLE,W
IND,208,6415,59485,31/12/2023,08:13:34,15,0,18.9,1.0,70.0,69.6,2,1,1.00,CYCLE,E
IND,208,6415,59485,31/12/2023,08:15:16,15,0,21.2,1.1,101.3,101.1,2,1,1.00,CYCLE,E
IND,208,6415,59485,31/12/2023,08:15:16,15,0,22.3,1.1,0.3,0.1,2,1,1.00,CYCLE,E
IND,208,6415,59485,31/12/2023,08:18:20,15,0,18.8,1.0,184.2,184.0,2,1,1.00,CYCLE,E
IND,208,6415,59486,31/12/2023,08:18:21,15,1,28.1,1.1,319.3,319.1,2,1,1.00,CYCLE,W
IND,208,6415,59485,31/12/2023,08:18:41,15,0,20.4,1.0,20.9,20.7,2,1,1.00,CYCLE,E
IND,208,6415,59486,31/12/2023,08:18:42,15,1,29.4,0.9,21.3,21.2,2,1,1.00,CYCLE,W
IND,208,6415,59485,31/12/2023,08:21:20,15,0,22.8,1.0,159.1,159.0,2,1,1.00,CYCLE,E
IND,208,6415,59485,31/12/2023,08:21:31,15,0,11.5,1.1,11.1,11.0,2,1,1.00,CYCLE,E
IND,208,6415,59486,31/12/2023,08:23:32,15,1,26.4,1.0,218.5,217.6,2,1,1.00,CYCLE,W
IND,208,6415,59485,31/12/2023,08:24:54,15,0,22.8,1.1,59.7,59.3,2,1,1.00,CYCLE,E
IND,208,6415,59486,31/12/2023,08:25:09,15,1,27.2,1.0,97.3,97.1,2,1,1.00,CYCLE,W
IND,208,6415,59486,31/12/2023,08:26:29,15,1,28.2,1.0,79.9,79.7,2,1,1.00,CYCLE,W
IND,208,6415,59485,31/12/2023,08:27:51,15,0,17.7,1.0,89.9,89.9,2,1,1.00,CYCLE,E
IND,208,6415,59485,31/12/2023,08:27:51,15,0,17.7,1.0,0.0,0.0,2,1,1.00,CYCLE,E
IND,208,6415,59485,31/12/2023,08:28:35,15,0,21.7,0.9,43.7,43.4,2,1,1.00,CYCLE,E
IND,208,6415,59486,31/12/2023,08:32:52,15,1,24.6,1.0,240.3,240.2,2,1,1.00,CYCLE,W
IND,208,6415,59486,31/12/2023,08:33:43,15,1,23.0,1.0,50.5,50.4,2,1,1.00,CYCLE,W
IND,208,6415,59486,31/12/2023,08:35:22,15,1,20.5,1.1,98.8,98.7,2,1,1.00,CYCLE,W
IND,208,6415,59486,31/12/2023,08:35:22,15,1,19.5,1.0,0.5,0.3,2,1,1.00,CYCLE,W
IND,208,6415,59486,31/12/2023,08:36:04,15,1,24.1,1.1,42.1,41.9,2,1,1.00,CYCLE,W
IND,208,6415,59485,31/12/2023,08:36:09,15,0,14.1,1.1,453.8,453.7,2,1,1.00,CYCLE,E
IND,208,6415,59485,31/12/2023,08:36:10,15,0,14.0,1.0,1.2,0.9,2,1,1.00,CYCLE,E
IND,208,6415,59486,31/12/2023,08:36:17,15,1,26.5,1.0,12.8,12.6,2,1,1.00,CYCLE,W
IND,208,6415,59486,31/12/2023,08:36:33,15,1,35.9,1.2,16.0,15.8,2,1,1.00,CYCLE,W
IND,208,6415,59486,31/12/2023,08:36:49,15,1,30.8,1.0,16.1,16.0,2,1,1.00,CYCLE,W
IND,208,6415,59486,31/12/2023,08:36:49,15,1,30.8,1.0,0.0,0.0,2,1,1.00,CYCLE,W
IND,208,6415,59486,31/12/2023,08:37:06,15,1,26.4,1.0,16.5,16.4,2,1,1.00,CYCLE,W
IND,208,6415,59486,31/12/2023,08:37:06,15,1,26.8,1.1,0.3,0.1,2,1,1.00,CYCLE,W
IND,208,6415,59485,31/12/2023,08:37:57,15,0,23.4,1.0,106.8,106.6,2,1,1.00,CYCLE,E
IND,208,6415,59485,31/12/2023,08:37:57,15,0,22.5,1.0,0.8,0.7,2,1,1.00,CYCLE,E
IND,208,6415,59486,31/12/2023,08:39:10,15,1,24.1,1.0,124.0,123.8,2,1,1.00,CYCLE,W
IND,208,6415,59486,31/12/2023,08:40:14,15,1,34.0,1.0,64.5,64.4,2,1,0.40,CYCLE,W
IND,208,6415,59486,31/12/2023,08:41:11,15,1,25.7,1.0,56.9,56.6,2,1,1.00,CYCLE,W
IND,208,6415,59485,31/12/2023,08:41:35,15,0,21.4,1.0,217.2,217.1,2,1,1.00,CYCLE,E
IND,208,6415,59486,31/12/2023,08:43:46,15,1,24.9,1.0,121.2,121.1,2,1,1.00,CYCLE,W
IND,208,6415,59486,31/12/2023,08:43:51,15,1,24.8,1.0,5.1,5.0,2,1,1.00,CYCLE,W
IND,208,6415,59486,31/12/2023,08:44:42,15,1,26.4,1.1,51.2,51.0,2,1,1.00,CYCLE,W
IND,208,6415,59486,31/12/2023,08:45:38,15,1,6.0,1.0,55.9,55.9,2,1,0.57,CYCLE,W
IND,208,6415,59486,31/12/2023,08:45:38,15,1,6.0,1.0,0.0,0.0,2,1,0.57,CYCLE,W
IND,208,6415,59486,31/12/2023,08:47:23,15,1,6.4,1.1,104.6,103.4,2,1,1.00,CYCLE,W
IND,208,6415,59486,31/12/2023,08:47:47,15,1,7.9,1.0,24.3,23.6,2,1,1.00,CYCLE,W
IND,208,6415,59486,31/12/2023,08:47:49,15,1,7.2,1.0,2.3,1.8,2,1,1.00,CYCLE,W
IND,208,6415,59486,31/12/2023,08:47:53,15,1,7.0,1.0,3.2,2.7,2,1,1.00,CYCLE,W
IND,208,6415,59486,31/12/2023,08:47:55,15,1,11.1,0.9,2.7,2.2,2,1,1.00,CYCLE,W
IND,208,6415,59486,31/12/2023,08:47:58,15,1,10.2,1.1,2.8,2.5,2,1,1.00,CYCLE,W
IND,208,6415,59486,31/12/2023,08:47:59,15,1,8.8,1.0,1.0,0.6,2,1,1.00,CYCLE,W
IND,208,6415,59486,31/12/2023,08:48:01,15,1,9.5,1.0,2.1,1.7,2,1,1.00,CYCLE,W
IND,208,6415,59486,31/12/2023,08:48:03,15,1,11.6,1.0,1.9,1.5,2,1,1.00,CYCLE,W
IND,208,6415,59486,31/12/2023,08:48:05,15,1,12.2,1.1,1.7,1.3,2,1,1.00,CYCLE,W
IND,208,6415,59486,31/12/2023,08:48:06,15,1,11.0,1.0,1.2,0.9,2,1,1.00,CYCLE,W
IND,208,6415,59486,31/12/2023,08:48:08,15,1,12.1,1.1,2.5,2.2,2,1,1.00,CYCLE,W
IND,208,6415,59486,31/12/2023,08:48:09,15,1,15.3,1.1,0.7,0.4,2,1,1.00,CYCLE,W
IND,208,6415,59486,31/12/2023,08:48:11,15,1,15.1,1.0,2.1,2.3,2,1,0.89,CYCLE,W
IND,208,6415,59486,31/12/2023,08:48:11,15,1,15.1,1.0,0.0,0.0,2,1,0.89,CYCLE,W
IND,208,6415,59486,31/12/2023,08:48:17,15,1,13.9,1.1,5.6,3.8,2,1,1.00,CYCLE,W
IND,208,6415,59486,31/12/2023,08:48:19,15,1,14.7,1.1,2.2,1.9,2,1,1.00,CYCLE,W
IND,208,6415,59485,31/12/2023,08:48:23,15,0,7.5,1.3,341.4,341.2,2,1,0.80,CYCLE,E
IND,208,6415,59486,31/12/2023,08:48:24,15,1,14.2,1.0,5.2,5.0,2,1,1.00,CYCLE,W
IND,208,6415,59485,31/12/2023,08:48:25,15,0,11.7,1.0,2.2,1.9,2,1,1.00,CYCLE,E
IND,208,6415,59485,31/12/2023,08:48:26,15,0,11.7,1.0,1.1,0.7,2,1,1.00,CYCLE,E
IND,208,6415,59486,31/12/2023,08:48:28,15,1,13.4,1.1,4.1,3.9,2,1,1.00,CYCLE,W
IND,208,6415,59486,31/12/2023,08:48:38,15,1,20.5,1.1,9.1,8.8,2,1,1.00,CYCLE,W
IND,208,6415,59485,31/12/2023,08:49:18,15,0,23.8,1.0,52.1,51.8,2,1,1.00,CYCLE,E
IND,208,6415,59485,31/12/2023,08:51:43,15,0,21.4,1.1,145.4,145.2,2,1,1.00,CYCLE,E
IND,208,6415,59485,31/12/2023,08:52:02,15,0,25.1,1.0,18.3,18.1,2,1,1.00,CYCLE,E
IND,208,6415,59486,31/12/2023,08:52:15,15,1,22.2,1.0,217.1,216.9,2,1,1.00,CYCLE,W
IND,208,6415,59485,31/12/2023,08:53:06,15,0,27.6,1.2,64.7,64.5,2,1,1.00,CYCLE,E
IND,208,6415,59485,31/12/2023,08:53:24,15,0,13.1,1.0,17.2,17.1,2,1,1.00,CYCLE,E
IND,208,6415,59485,31/12/2023,08:54:12,15,0,21.7,1.1,48.4,48.1,2,1,1.00,CYCLE,E
IND,208,6415,59485,31/12/2023,08:54:24,15,0,20.8,1.1,11.7,11.5,2,1,1.00,CYCLE,E
IND,208,6415,59486,31/12/2023,08:56:43,15,1,29.7,1.0,268.5,268.4,2,1,1.00,CYCLE,W
IND,208,6415,59486,31/12/2023,08:56:45,15,1,28.0,1.0,1.9,1.8,2,1,1.00,CYCLE,W
IND,208,6415,59486,31/12/2023,08:56:57,15,1,28.0,1.0,11.7,11.6,2,1,1.00,CYCLE,W
IND,208,6415,59485,31/12/2023,08:57:19,15,0,23.2,1.0,175.3,175.2,2,1,1.00,CYCLE,E
IND,208,6415,59486,31/12/2023,08:57:34,15,1,32.8,1.1,37.4,37.2,2,1,1.00,CYCLE,W
IND,208,6415,59486,31/12/2023,08:59:50,15,1,4.2,0.4,57.4,57.4,2,1,1.00,CYCLE,W
IND,208,6415,59486,31/12/2023,09:00:39,15,1,31.2,1.0,49.5,49.2,2,1,1.00,CYCLE,W
IND,208,6415,59486,31/12/2023,09:02:29,15,1,29.6,1.0,45.6,45.6,2,1,1.00,CYCLE,W
IND,208,6415,59485,31/12/2023,09:03:57,15,0,27.7,1.0,397.8,397.6,2,1,1.00,CYCLE,E
IND,208,6415,59485,31/12/2023,09:04:13,15,0,19.6,1.0,16.5,16.4,2,1,1.00,CYCLE,E
IND,208,6415,59485,31/12/2023,09:04:15,15,0,19.9,1.1,1.6,1.4,2,1,1.00,CYCLE,E
IND,208,6415,59486,31/12/2023,09:04:33,15,1,28.0,1.1,123.9,123.8,2,1,1.00,CYCLE,W
IND,208,6415,59486,31/12/2023,09:04:55,15,1,29.0,1.1,22.7,22.6,2,1,1.00,CYCLE,W
IND,208,6415,59486,31/12/2023,09:05:08,15,1,24.6,1.1,13.0,12.9,2,1,1.00,CYCLE,W
IND,208,6415,59485,31/12/2023,09:08:44,15,0,21.8,1.0,50.7,50.3,2,1,1.00,CYCLE,E
IND,208,6415,59486,31/12/2023,09:09:33,15,1,30.2,1.1,228.9,228.8,2,1,1.00,CYCLE,W
IND,208,6415,59485,31/12/2023,09:10:24,15,0,22.6,1.0,100.2,100.0,2,1,1.00,CYCLE,E
IND,208,6415,59485,31/12/2023,09:10:25,15,0,21.9,1.1,0.9,0.7,2,1,1.00,CYCLE,E
IND,208,6415,59485,31/12/2023,09:10:26,15,0,23.4,1.0,1.2,1.0,2,1,1.00,CYCLE,E
IND,208,6415,59485,31/12/2023,09:10:27,15,0,23.8,1.0,0.5,0.4,2,1,1.00,CYCLE,E
IND,208,6415,59485,31/12/2023,09:11:51,15,0,20.1,1.0,54.8,54.8,2,1,1.00,CYCLE,E
IND,208,6415,59486,31/12/2023,09:11:53,15,1,15.1,1.0,139.3,139.2,2,1,0.74,CYCLE,W
IND,208,6415,59486,31/12/2023,09:11:53,15,1,15.1,1.0,0.0,0.0,2,1,0.74,CYCLE,W
IND,208,6415,59486,31/12/2023,09:11:53,15,1,15.1,1.0,0.0,0.0,2,1,0.74,CYCLE,W
IND,208,6415,59486,31/12/2023,09:11:56,15,1,16.9,1.0,3.0,0.8,2,1,1.00,CYCLE,W
IND,208,6415,59486,31/12/2023,09:12:03,15,1,28.1,1.1,7.2,7.0,2,1,1.00,CYCLE,W
IND,208,6415,59486,31/12/2023,09:12:41,15,1,28.0,1.0,38.3,38.2,2,1,1.00,CYCLE,W
IND,208,6415,59486,31/12/2023,09:12:41,15,1,28.0,1.0,0.0,0.0,2,1,1.00,CYCLE,W
IND,208,6415,59486,31/12/2023,09:13:10,15,1,23.9,1.1,28.7,28.6,2,1,1.00,CYCLE,W
IND,208,6415,59486,31/12/2023,09:13:11,15,1,21.9,1.1,1.1,0.9,2,1,1.00,CYCLE,W
IND,208,6415,59486,31/12/2023,09:13:21,15,1,25.6,1.0,9.6,9.4,2,1,1.00,CYCLE,W
IND,208,6415,59486,31/12/2023,09:13:25,15,1,28.3,1.0,4.4,4.3,2,1,1.00,CYCLE,W
IND,208,6415,59486,31/12/2023,09:16:25,15,1,26.0,1.0,180.3,180.2,2,1,1.00,CYCLE,W
IND,208,6415,59486,31/12/2023,09:17:36,15,1,33.0,1.0,70.2,70.0,2,1,1.00,CYCLE,W
IND,208,6415,59485,31/12/2023,09:17:57,15,0,24.6,1.0,82.2,81.8,2,1,1.00,CYCLE,E
IND,208,6415,59486,31/12/2023,09:18:16,15,1,23.6,1.0,40.8,40.7,2,1,1.00,CYCLE,W
IND,208,6415,59486,31/12/2023,09:18:19,15,1,23.7,1.0,2.2,2.1,2,1,1.00,CYCLE,W
IND,208,6415,59486,31/12/2023,09:18:49,15,1,33.9,1.1,30.0,29.8,2,1,1.00,CYCLE,W
IND,208,6415,59486,31/12/2023,09:19:05,15,1,29.5,1.1,16.6,16.5,2,1,1.00,CYCLE,W
IND,208,6415,59486,31/12/2023,09:19:38,15,1,28.6,1.0,32.6,32.5,2,1,1.00,CYCLE,W
IND,208,6415,59486,31/12/2023,09:20:17,15,1,5.9,1.0,0.2,0.4,2,1,0.25,CYCLE,W
IND,208,6415,59486,31/12/2023,09:20:17,15,1,5.9,1.0,0.0,0.0,2,1,0.25,CYCLE,W
IND,208,6415,59485,31/12/2023,09:21:27,15,0,21.0,1.0,209.4,209.3,2,1,1.00,CYCLE,E
IND,208,6415,59485,31/12/2023,09:22:30,15,0,19.6,1.1,63.2,63.0,2,1,1.00,CYCLE,E
IND,208,6415,59486,31/12/2023,09:23:42,15,1,27.9,1.0,184.3,184.3,2,1,1.00,CYCLE,W
IND,208,6415,59486,31/12/2023,09:23:43,15,1,27.9,1.0,0.8,0.7,2,1,1.00,CYCLE,W
IND,208,6415,59486,31/12/2023,09:23:43,15,1,28.0,1.0,0.6,0.5,2,1,1.00,CYCLE,W
IND,208,6415,59486,31/12/2023,09:25:13,15,1,23.9,0.9,90.2,90.1,2,1,1.00,CYCLE,W
IND,208,6415,59485,31/12/2023,09:25:33,15,0,2.9,0.4,183.5,183.3,2,1,0.80,CYCLE,E
IND,208,6415,59485,31/12/2023,09:25:37,15,0,23.2,1.0,3.8,3.8,2,1,1.00,CYCLE,E
IND,208,6415,59485,31/12/2023,09:26:01,15,0,27.0,1.1,8.3,8.3,2,1,1.00,CYCLE,E
IND,208,6415,59486,31/12/2023,09:26:37,15,1,28.4,1.0,83.6,83.4,2,1,1.00,CYCLE,W
IND,208,6415,59486,31/12/2023,09:27:13,15,1,23.9,1.0,35.8,35.7,2,1,1.00,CYCLE,W
IND,208,6415,59486,31/12/2023,09:27:14,15,1,23.4,1.0,0.9,0.7,2,1,1.00,CYCLE,W
IND,208,6415,59486,31/12/2023,09:27:14,15,1,26.3,1.1,0.6,0.4,2,1,1.00,CYCLE,W
IND,208,6415,59486,31/12/2023,09:27:27,15,1,22.3,1.0,13.0,12.8,2,1,1.00,CYCLE,W
IND,208,6415,59485,31/12/2023,09:27:47,15,0,21.1,1.1,105.5,105.4,2,1,1.00,CYCLE,E
IND,208,6415,59485,31/12/2023,09:28:20,15,0,25.7,1.0,33.7,33.5,2,1,1.00,CYCLE,E
IND,208,6415,59486,31/12/2023,09:29:01,15,1,22.3,1.1,94.2,94.0,2,1,1.00,CYCLE,W
IND,208,6415,59486,31/12/2023,09:29:17,15,1,24.2,1.0,15.8,15.6,2,1,1.00,CYCLE,W
IND,208,6415,59485,31/12/2023,09:30:33,15,0,19.1,1.1,132.3,132.2,2,1,1.00,CYCLE,E
IND,208,6415,59485,31/12/2023,09:30:46,15,0,21.9,1.0,13.6,13.4,2,1,1.00,CYCLE,E
IND,208,6415,59486,31/12/2023,09:30:47,15,1,27.1,1.0,90.0,89.9,2,1,1.00,CYCLE,W
IND,208,6415,59486,31/12/2023,09:30:48,15,1,26.3,1.0,0.4,0.2,2,1,1.00,CYCLE,W
IND,208,6415,59486,31/12/2023,09:31:01,15,1,32.4,1.0,14.0,13.8,2,1,1.00,CYCLE,W
IND,208,6415,59486,31/12/2023,09:31:02,15,1,23.8,1.1,0.9,0.8,2,1,1.00,CYCLE,W
IND,208,6415,59486,31/12/2023,09:33:40,15,1,23.6,1.0,60.9,60.7,2,1,1.00,CYCLE,W
IND,208,6415,59486,31/12/2023,09:33:40,15,1,23.6,1.0,0.5,0.4,2,1,1.00,CYCLE,W
IND,208,6415,59486,31/12/2023,09:35:06,15,1,20.7,0.9,86.1,86.0,2,1,1.00,CYCLE,W
IND,208,6415,59485,31/12/2023,09:35:14,15,0,18.9,1.0,194.4,193.9,2,1,1.00,CYCLE,E
IND,208,6415,59485,31/12/2023,09:35:26,15,0,16.0,1.1,11.9,11.7,2,1,1.00,CYCLE,E
IND,208,6415,59485,31/12/2023,09:35:42,15,0,20.6,1.0,16.3,16.0,2,1,1.00,CYCLE,E
IND,208,6415,59485,31/12/2023,09:35:42,15,0,20.6,1.0,0.0,0.0,2,1,1.00,CYCLE,E
IND,208,6415,59485,31/12/2023,09:36:01,15,0,28.9,1.2,18.5,18.2,2,1,1.00,CYCLE,E
IND,208,6415,59485,31/12/2023,09:36:38,15,0,14.0,1.0,37.2,37.1,2,1,0.33,CYCLE,E
IND,208,6415,59486,31/12/2023,09:37:58,15,1,28.5,1.0,171.9,171.7,2,1,1.00,CYCLE,W
IND,208,6415,59486,31/12/2023,09:38:08,15,1,22.7,1.0,10.0,9.9,2,1,1.00,CYCLE,W
IND,208,6415,59486,31/12/2023,09:39:07,15,1,7.6,1.0,58.4,58.3,2,1,0.33,CYCLE,W
IND,208,6415,59485,31/12/2023,09:39:19,15,0,19.9,1.2,161.3,161.0,2,1,1.00,CYCLE,E
IND,208,6415,59485,31/12/2023,09:39:20,15,0,20.5,1.0,0.8,0.5,2,1,1.00,CYCLE,E
IND,208,6415,59485,31/12/2023,09:40:37,15,0,32.2,1.1,76.7,76.5,2,1,1.00,CYCLE,E
IND,208,6415,59486,31/12/2023,09:41:27,15,1,20.9,1.0,3.7,2.0,2,1,1.00,CYCLE,W
IND,208,6415,59486,31/12/2023,09:41:32,15,1,20.0,0.9,5.0,4.9,2,1,1.00,CYCLE,W
IND,208,6415,59486,31/12/2023,09:42:27,15,1,20.0,1.1,54.8,54.6,2,1,1.00,CYCLE,W
IND,208,6415,59486,31/12/2023,09:43:58,15,1,26.5,1.1,91.4,91.2,2,1,1.00,CYCLE,W
IND,208,6415,59485,31/12/2023,09:44:05,15,0,26.7,1.0,174.7,174.7,2,1,1.00,CYCLE,E
IND,208,6415,59486,31/12/2023,09:45:50,15,1,29.2,1.1,112.3,112.2,2,1,1.00,CYCLE,W
IND,208,6415,59486,31/12/2023,09:45:51,15,1,14.8,1.1,0.4,0.3,2,1,1.00,CYCLE,W
IND,208,6415,59486,31/12/2023,09:46:07,15,1,16.5,1.0,16.3,16.0,2,1,1.00,CYCLE,W
IND,208,6415,59486,31/12/2023,09:46:08,15,1,16.8,1.1,0.6,0.4,2,1,1.00,CYCLE,W
IND,208,6415,59486,31/12/2023,09:46:09,15,1,15.9,1.1,1.0,0.8,2,1,1.00,CYCLE,W
IND,208,6415,59486,31/12/2023,09:46:09,15,1,15.7,0.9,0.6,0.4,2,1,1.00,CYCLE,W
IND,208,6415,59486,31/12/2023,09:46:10,15,1,17.0,1.1,0.6,0.4,2,1,1.00,CYCLE,W
IND,208,6415,59485,31/12/2023,09:46:43,15,0,15.6,1.0,158.8,158.7,2,1,1.00,CYCLE,E
IND,208,6415,59486,31/12/2023,09:47:58,15,1,32.5,1.0,107.7,107.4,2,1,1.00,CYCLE,W
IND,208,6415,59485,31/12/2023,09:48:51,15,0,11.2,0.9,127.5,127.2,2,1,1.00,CYCLE,E
IND,208,6415,59485,31/12/2023,09:48:53,15,0,10.1,1.2,2.3,2.0,2,1,1.00,CYCLE,E
IND,208,6415,59485,31/12/2023,09:48:55,15,0,9.4,1.1,1.5,1.1,2,1,1.00,CYCLE,E
IND,208,6415,59485,31/12/2023,09:48:57,15,0,9.7,1.1,1.5,1.0,2,1,1.00,CYCLE,E
IND,208,6415,59486,31/12/2023,09:50:22,15,1,2.7,0.4,144.6,145.0,2,1,1.00,CYCLE,W
IND,208,6415,59485,31/12/2023,09:51:18,15,0,18.4,1.1,140.8,140.4,2,1,1.00,CYCLE,E
IND,208,6415,59485,31/12/2023,09:51:34,15,0,17.4,1.0,15.6,15.4,2,1,1.00,CYCLE,E
IND,208,6415,59485,31/12/2023,09:51:37,15,0,17.5,1.1,3.3,3.0,2,1,1.00,CYCLE,E
IND,208,6415,59485,31/12/2023,09:51:39,15,0,18.0,1.0,2.2,2.0,2,1,1.00,CYCLE,E
IND,208,6415,59486,31/12/2023,09:51:57,15,1,17.8,1.0,84.8,83.9,2,1,0.25,CYCLE,W
IND,208,6415,59486,31/12/2023,09:52:30,15,1,22.0,1.1,33.8,32.9,2,1,1.00,CYCLE,W
IND,208,6415,59486,31/12/2023,09:52:31,15,1,21.9,1.1,0.8,0.6,2,1,1.00,CYCLE,W
IND,208,6415,59485,31/12/2023,09:52:33,15,0,20.3,1.0,54.0,53.8,2,1,1.00,CYCLE,E
IND,208,6415,59485,31/12/2023,09:52:34,15,0,21.7,1.0,1.1,0.9,2,1,1.00,CYCLE,E
IND,208,6415,59485,31/12/2023,09:52:36,15,0,20.9,1.0,1.6,1.4,2,1,1.00,CYCLE,E
IND,208,6415,59486,31/12/2023,09:53:43,15,1,21.2,1.0,71.3,71.1,2,1,1.00,CYCLE,W
IND,208,6415,59485,31/12/2023,09:54:20,15,0,29.1,1.0,104.3,104.1,2,1,1.00,CYCLE,E
IND,208,6415,59486,31/12/2023,09:54:25,15,1,22.6,1.1,42.9,42.7,2,1,1.00,CYCLE,W
IND,208,6415,59485,31/12/2023,09:54:54,15,0,20.3,1.1,33.4,33.3,2,1,1.00,CYCLE,E
IND,208,6415,59486,31/12/2023,09:55:27,15,1,29.1,1.0,61.4,61.2,2,1,1.00,CYCLE,W
IND,208,6415,59486,31/12/2023,09:55:40,15,1,20.4,1.1,13.2,13.1,2,1,1.00,CYCLE,W
IND,208,6415,59486,31/12/2023,09:56:09,15,1,28.7,1.1,29.3,29.1,2,1,1.00,CYCLE,W
IND,208,6415,59486,31/12/2023,09:57:31,15,1,27.1,1.0,82.2,82.0,2,1,1.00,CYCLE,W
IND,208,6415,59485,31/12/2023,09:58:42,15,0,19.4,1.0,228.1,227.9,2,1,1.00,CYCLE,E
IND,208,6415,59485,31/12/2023,09:58:42,15,0,19.4,1.0,0.0,0.0,2,1,1.00,CYCLE,E
IND,208,6415,59486,31/12/2023,09:59:50,15,1,23.8,0.9,138.4,138.3,2,1,1.00,CYCLE,W
IND,208,6415,59485,31/12/2023,10:01:12,15,0,21.2,1.0,149.8,149.5,2,1,1.00,CYCLE,E
IND,208,6415,59486,31/12/2023,10:02:03,15,1,30.4,1.1,112.4,112.0,2,1,1.00,CYCLE,W
IND,208,6415,59486,31/12/2023,10:02:04,15,1,30.1,1.1,0.6,0.5,2,1,1.00,CYCLE,W
IND,208,6415,59486,31/12/2023,10:02:31,15,1,23.7,1.0,18.3,18.3,2,1,1.00,CYCLE,W
IND,208,6415,59486,31/12/2023,10:02:32,15,1,24.0,1.0,0.3,0.2,2,1,1.00,CYCLE,W
IND,208,6415,59486,31/12/2023,10:02:32,15,1,23.9,1.0,0.5,0.4,2,1,1.00,CYCLE,W
IND,208,6415,59486,31/12/2023,10:02:42,15,1,22.3,1.0,9.8,9.6,2,1,1.00,CYCLE,W
IND,208,6415,59486,31/12/2023,10:03:45,15,1,26.7,1.0,62.9,62.7,2,1,1.00,CYCLE,W
IND,208,6415,59486,31/12/2023,10:05:06,15,1,21.7,1.1,81.2,81.1,2,1,1.00,CYCLE,W
IND,208,6415,59486,31/12/2023,10:05:06,15,1,21.7,1.0,0.5,0.3,2,1,1.00,CYCLE,W
IND,208,6415,59486,31/12/2023,10:05:08,15,1,23.4,1.0,1.2,1.1,2,1,1.00,CYCLE,W
IND,208,6415,59486,31/12/2023,10:06:09,15,1,27.4,1.1,61.6,61.4,2,1,1.00,CYCLE,W
IND,208,6415,59486,31/12/2023,10:06:10,15,1,26.9,0.9,0.6,0.4,2,1,1.00,CYCLE,W
IND,208,6415,59486,31/12/2023,10:07:00,15,1,18.3,1.0,50.4,50.3,2,1,1.00,CYCLE,W
IND,208,6415,59486,31/12/2023,10:07:01,15,1,20.7,1.1,1.0,0.8,2,1,1.00,CYCLE,W
IND,208,6415,59486,31/12/2023,10:07:02,15,1,20.1,1.1,1.2,1.0,2,1,1.00,CYCLE,W
IND,208,6415,59485,31/12/2023,10:07:29,15,0,2.8,1.0,149.8,149.4,2,1,0.20,CYCLE,E
IND,208,6415,59485,31/12/2023,10:07:40,15,0,6.2,1.0,10.8,9.3,2,1,0.29,CYCLE,E
IND,208,6415,59485,31/12/2023,10:09:09,15,0,25.0,1.1,88.8,87.6,2,1,1.00,CYCLE,E
IND,208,6415,59485,31/12/2023,10:10:09,15,0,20.2,1.0,59.9,59.7,2,1,1.00,CYCLE,E
IND,208,6415,59486,31/12/2023,10:10:12,15,1,21.6,1.1,86.8,84.8,2,1,1.00,CYCLE,W
IND,208,6415,59485,31/12/2023,10:10:13,15,0,26.9,1.1,3.7,3.5,2,1,1.00,CYCLE,E
IND,208,6415,59486,31/12/2023,10:10:15,15,1,21.2,1.1,2.2,2.1,2,1,1.00,CYCLE,W
IND,208,6415,59486,31/12/2023,10:10:57,15,1,25.4,1.0,42.4,42.2,2,1,1.00,CYCLE,W
IND,208,6415,59486,31/12/2023,10:11:04,15,1,27.4,1.1,7.2,7.1,2,1,1.00,CYCLE,W
IND,208,6415,59486,31/12/2023,10:11:28,15,1,9.3,1.0,23.6,23.5,2,1,1.00,CYCLE,W
IND,208,6415,59486,31/12/2023,10:11:31,15,1,13.7,1.0,3.0,2.5,2,1,1.00,CYCLE,W
IND,208,6415,59486,31/12/2023,10:11:35,15,1,16.4,1.0,4.0,3.7,2,1,1.00,CYCLE,W
IND,208,6415,59486,31/12/2023,10:11:36,15,1,16.4,1.1,1.0,0.8,2,1,1.00,CYCLE,W
IND,208,6415,59485,31/12/2023,10:13:12,15,0,24.6,1.0,41.8,41.8,2,1,1.00,CYCLE,E
IND,208,6415,59485,31/12/2023,10:13:12,15,0,24.6,1.0,0.0,0.0,2,1,1.00,CYCLE,E
IND,208,6415,59485,31/12/2023,10:14:18,15,0,24.9,1.0,65.9,65.7,2,1,1.00,CYCLE,E
IND,208,6415,59485,31/12/2023,10:14:48,15,0,28.6,1.1,29.8,29.7,2,1,1.00,CYCLE,E
IND,208,6415,59485,31/12/2023,10:15:48,15,0,20.1,1.0,59.6,59.7,2,1,0.89,CYCLE,E
IND,208,6415,59485,31/12/2023,10:15:48,15,0,20.1,1.0,0.0,0.0,2,1,0.89,CYCLE,E
IND,208,6415,59486,31/12/2023,10:16:40,15,1,28.9,1.0,233.8,233.3,2,1,1.00,CYCLE,W
IND,208,6415,59486,31/12/2023,10:16:44,15,1,26.1,1.1,4.0,3.9,2,1,1.00,CYCLE,W
IND,208,6415,59485,31/12/2023,10:17:24,15,0,27.1,1.1,95.9,94.9,2,1,1.00,CYCLE,E
IND,208,6415,59485,31/12/2023,10:17:24,15,0,28.0,1.1,0.3,0.1,2,1,1.00,CYCLE,E
IND,208,6415,59486,31/12/2023,10:18:57,15,1,26.1,1.0,41.4,40.6,2,1,1.00,CYCLE,W
IND,208,6415,59485,31/12/2023,10:19:33,15,0,24.6,1.0,129.5,129.3,2,1,1.00,CYCLE,E
IND,208,6415,59485,31/12/2023,10:19:34,15,0,25.4,1.0,0.7,0.6,2,1,1.00,CYCLE,E
IND,208,6415,59485,31/12/2023,10:19:54,15,0,20.3,1.0,19.9,19.8,2,1,1.00,CYCLE,E
IND,208,6415,59486,31/12/2023,10:20:02,15,1,7.4,1.0,64.3,64.1,2,1,0.25,CYCLE,W
IND,208,6415,59485,31/12/2023,10:20:30,15,0,23.1,1.1,35.9,35.7,2,1,1.00,CYCLE,E
IND,208,6415,59485,31/12/2023,10:21:10,15,0,29.1,1.0,40.3,40.2,2,1,1.00,CYCLE,E
IND,208,6415,59485,31/12/2023,10:21:10,15,0,29.1,1.0,0.0,0.0,2,1,1.00,CYCLE,E
IND,208,6415,59486,31/12/2023,10:21:21,15,1,26.2,1.1,78.9,77.6,2,1,1.00,CYCLE,W
IND,208,6415,59486,31/12/2023,10:22:15,15,1,20.1,1.1,54.5,54.3,2,1,1.00,CYCLE,W
IND,208,6415,59486,31/12/2023,10:22:16,15,1,20.9,1.0,1.3,1.1,2,1,1.00,CYCLE,W
IND,208,6415,59486,31/12/2023,10:22:24,15,1,19.8,1.1,7.8,7.6,2,1,1.00,CYCLE,W
IND,208,6415,59486,31/12/2023,10:24:08,15,1,19.7,1.1,104.0,103.8,2,1,1.00,CYCLE,W
IND,208,6415,59486,31/12/2023,10:24:11,15,1,19.2,1.1,3.1,2.9,2,1,1.00,CYCLE,W
IND,208,6415,59486,31/12/2023,10:24:14,15,1,18.2,1.1,2.4,2.2,2,1,1.00,CYCLE,W
IND,208,6415,59486,31/12/2023,10:24:15,15,1,18.8,1.0,1.0,0.8,2,1,1.00,CYCLE,W
IND,208,6415,59486,31/12/2023,10:24:30,15,1,23.7,1.0,15.2,14.9,2,1,1.00,CYCLE,W
IND,208,6415,59485,31/12/2023,10:24:31,15,0,4.6,1.0,200.8,200.6,2,1,0.57,CYCLE,E
IND,208,6415,59486,31/12/2023,10:24:52,15,1,22.6,1.0,21.9,21.7,2,1,1.00,CYCLE,W
IND,208,6415,59486,31/12/2023,10:24:59,15,1,22.2,1.0,7.0,6.8,2,1,1.00,CYCLE,W
IND,208,6415,59486,31/12/2023,10:25:48,15,1,10.8,1.0,49.8,49.7,2,1,1.00,CYCLE,W
IND,208,6415,59486,31/12/2023,10:27:13,15,1,18.9,1.2,84.1,83.7,2,1,1.00,CYCLE,W
IND,208,6415,59486,31/12/2023,10:27:40,15,1,32.0,1.0,27.7,27.4,2,1,1.00,CYCLE,W
IND,208,6415,59486,31/12/2023,10:27:41,15,1,26.7,1.0,0.5,0.4,2,1,1.00,CYCLE,W
IND,208,6415,59486,31/12/2023,10:27:41,15,1,26.8,1.0,0.5,0.4,2,1,1.00,CYCLE,W
IND,208,6415,59485,31/12/2023,10:28:54,15,0,11.4,1.0,263.1,261.3,2,1,1.00,CYCLE,E
IND,208,6415,59485,31/12/2023,10:28:55,15,0,10.8,1.0,0.8,0.5,2,1,1.00,CYCLE,E
IND,208,6415,59485,31/12/2023,10:28:56,15,0,9.6,1.2,1.4,1.1,2,1,1.00,CYCLE,E
IND,208,6415,59486,31/12/2023,10:29:48,15,1,2.9,0.5,127.2,127.5,2,1,0.80,CYCLE,W
IND,208,6415,59486,31/12/2023,10:30:22,15,1,23.2,1.1,33.5,33.0,2,1,1.00,CYCLE,W
IND,208,6415,59486,31/12/2023,10:31:23,15,1,25.5,0.8,61.2,61.0,2,1,1.00,CYCLE,W
IND,208,6415,59486,31/12/2023,10:31:48,15,1,26.0,1.0,3.4,2.9,2,1,1.00,CYCLE,W
IND,208,6415,59485,31/12/2023,10:33:19,15,0,28.3,1.0,67.9,67.7,2,1,1.00,CYCLE,E
IND,208,6415,59486,31/12/2023,10:33:23,15,1,19.9,1.0,94.4,94.3,2,1,1.00,CYCLE,W
IND,208,6415,59486,31/12/2023,10:34:22,15,1,2.1,0.2,28.8,29.2,2,1,0.80,CYCLE,W
IND,208,6415,59485,31/12/2023,10:35:10,15,0,26.6,1.0,61.3,61.3,2,1,1.00,CYCLE,E
IND,208,6415,59485,31/12/2023,10:35:21,15,0,23.2,1.1,11.6,11.5,2,1,1.00,CYCLE,E
IND,208,6415,59486,31/12/2023,10:35:33,15,1,23.6,1.0,70.7,69.7,2,1,1.00,CYCLE,W
IND,208,6415,59486,31/12/2023,10:35:54,15,1,21.7,1.0,21.8,21.7,2,1,1.00,CYCLE,W
IND,208,6415,59486,31/12/2023,10:36:10,15,1,25.8,0.9,16.1,15.9,2,1,1.00,CYCLE,W
IND,208,6415,59486,31/12/2023,10:36:24,15,1,19.5,1.0,14.0,13.9,2,1,1.00,CYCLE,W
IND,208,6415,59485,31/12/2023,10:37:26,15,0,21.5,1.0,124.3,124.1,2,1,1.00,CYCLE,E
IND,208,6415,59485,31/12/2023,10:37:30,15,0,18.6,1.1,3.8,3.6,2,1,1.00,CYCLE,E
IND,208,6415,59486,31/12/2023,10:38:12,15,1,26.7,1.0,107.3,107.1,2,1,1.00,CYCLE,W
IND,208,6415,59486,31/12/2023,10:38:49,15,1,26.8,1.1,37.4,37.3,2,1,1.00,CYCLE,W
IND,208,6415,59485,31/12/2023,10:38:56,15,0,18.2,1.0,86.4,86.2,2,1,1.00,CYCLE,E
IND,208,6415,59486,31/12/2023,10:38:59,15,1,29.6,1.1,10.1,9.9,2,1,1.00,CYCLE,W
IND,208,6415,59486,31/12/2023,10:39:02,15,1,27.0,1.1,3.1,3.0,2,1,1.00,CYCLE,W
IND,208,6415,59486,31/12/2023,10:39:08,15,1,32.1,1.1,5.3,5.1,2,1,1.00,CYCLE,W
IND,208,6415,59485,31/12/2023,10:39:56,15,0,20.6,0.9,59.8,59.5,2,1,1.00,CYCLE,E
IND,208,6415,59485,31/12/2023,10:39:57,15,0,20.4,0.9,1.3,1.1,2,1,1.00,CYCLE,E
IND,208,6415,59486,31/12/2023,10:40:17,15,1,21.5,1.0,69.7,69.6,2,1,1.00,CYCLE,W
IND,208,6415,59486,31/12/2023,10:41:06,15,1,10.5,1.0,48.4,48.3,2,1,0.20,CYCLE,W
IND,208,6415,59486,31/12/2023,10:41:06,15,1,10.5,1.0,0.0,0.0,2,1,0.20,CYCLE,W
IND,208,6415,59485,31/12/2023,10:41:11,15,0,22.3,1.0,73.7,73.5,2,1,1.00,CYCLE,E
IND,208,6415,59485,31/12/2023,10:42:03,15,0,4.4,1.0,52.4,52.2,2,1,0.40,CYCLE,E
IND,208,6415,59486,31/12/2023,10:42:38,15,1,25.7,1.0,92.3,90.8,2,1,1.00,CYCLE,W
IND,208,6415,59485,31/12/2023,10:46:58,15,0,24.3,1.0,295.2,294.3,2,1,1.00,CYCLE,E
IND,208,6415,59486,31/12/2023,10:47:56,15,1,30.6,1.0,318.3,318.2,2,1,1.00,CYCLE,W
IND,208,6415,59485,31/12/2023,10:48:06,15,0,18.8,1.0,68.0,67.8,2,1,1.00,CYCLE,E
IND,208,6415,59485,31/12/2023,10:48:07,15,0,18.8,1.0,0.7,0.5,2,1,1.00,CYCLE,E
IND,208,6415,59485,31/12/2023,10:48:09,15,0,25.7,1.0,2.3,2.1,2,1,1.00,CYCLE,E
IND,208,6415,59485,31/12/2023,10:48:10,15,0,17.4,1.0,0.3,0.3,2,1,0.57,CYCLE,E
IND,208,6415,59485,31/12/2023,10:49:45,15,0,13.5,1.1,95.8,95.4,2,1,1.00,CYCLE,E
IND,208,6415,59485,31/12/2023,10:49:49,15,0,13.8,1.1,3.7,3.4,2,1,1.00,CYCLE,E
IND,208,6415,59485,31/12/2023,10:49:53,15,0,19.1,1.0,4.2,3.9,2,1,1.00,CYCLE,E
IND,208,6415,59485,31/12/2023,10:49:58,15,0,17.9,1.2,4.7,4.5,2,1,1.00,CYCLE,E
IND,208,6415,59485,31/12/2023,10:51:12,15,0,13.7,1.1,74.5,74.3,2,1,1.00,CYCLE,E
IND,208,6415,59485,31/12/2023,10:51:14,15,0,13.7,1.0,1.1,0.8,2,1,1.00,CYCLE,E
IND,208,6415,59485,31/12/2023,10:51:18,15,0,13.4,1.1,4.7,4.4,2,1,1.00,CYCLE,E
IND,208,6415,59485,31/12/2023,10:51:20,15,0,14.0,1.1,1.7,1.4,2,1,1.00,CYCLE,E
IND,208,6415,59486,31/12/2023,10:51:55,15,1,22.3,1.1,238.3,238.2,2,1,1.00,CYCLE,W
IND,208,6415,59486,31/12/2023,10:51:56,15,1,20.3,1.1,1.4,1.2,2,1,1.00,CYCLE,W
IND,208,6415,59486,31/12/2023,10:51:58,15,1,21.3,1.0,2.1,1.9,2,1,1.00,CYCLE,W
IND,208,6415,59486,31/12/2023,10:51:59,15,1,32.1,1.0,0.8,0.6,2,1,1.00,CYCLE,W
IND,208,6415,59486,31/12/2023,10:52:11,15,1,27.1,1.1,12.1,12.0,2,1,1.00,CYCLE,W
IND,208,6415,59486,31/12/2023,10:52:22,15,1,25.7,1.0,10.6,10.4,2,1,1.00,CYCLE,W
IND,208,6415,59486,31/12/2023,10:55:21,15,1,19.2,1.1,179.7,179.6,2,1,1.00,CYCLE,W
IND,208,6415,59486,31/12/2023,10:55:22,15,1,21.1,1.0,0.9,0.7,2,1,1.00,CYCLE,W
IND,208,6415,59486,31/12/2023,10:55:40,15,1,29.1,1.0,17.7,17.5,2,1,1.00,CYCLE,W
IND,208,6415,59485,31/12/2023,10:57:24,15,0,23.7,1.1,363.7,363.5,2,1,1.00,CYCLE,E
IND,208,6415,59486,31/12/2023,10:57:28,15,1,23.7,1.0,57.4,57.4,2,1,1.00,CYCLE,W
IND,208,6415,59486,31/12/2023,10:57:39,15,1,23.9,1.0,11.3,11.1,2,1,1.00,CYCLE,W
IND,208,6415,59486,31/12/2023,10:57:55,15,1,27.5,1.0,15.6,15.4,2,1,1.00,CYCLE,W
IND,208,6415,59486,31/12/2023,10:58:28,15,1,27.4,1.0,33.5,33.4,2,1,1.00,CYCLE,W
IND,208,6415,59486,31/12/2023,10:58:29,15,1,26.6,1.1,0.6,0.4,2,1,1.00,CYCLE,W
IND,208,6415,59485,31/12/2023,10:58:51,15,0,25.9,1.0,87.5,87.3,2,1,1.00,CYCLE,E
IND,208,6415,59485,31/12/2023,10:59:07,15,0,23.0,1.1,16.1,16.0,2,1,1.00,CYCLE,E
IND,208,6415,59485,31/12/2023,10:59:17,15,0,30.1,1.1,9.6,9.5,2,1,1.00,CYCLE,E
IND,208,6415,59486,31/12/2023,10:59:18,15,1,21.8,1.1,49.1,49.0,2,1,1.00,CYCLE,W
IND,208,6415,59485,31/12/2023,11:00:32,15,0,16.2,1.2,75.2,75.1,2,1,1.00,CYCLE,E
IND,208,6415,59485,31/12/2023,11:00:36,15,0,14.8,1.1,3.9,3.6,2,1,1.00,CYCLE,E
IND,208,6415,59486,31/12/2023,11:00:52,15,1,22.0,1.0,82.5,82.1,2,1,1.00,CYCLE,W
IND,208,6415,59486,31/12/2023,11:00:52,15,1,21.2,0.9,0.4,0.2,2,1,1.00,CYCLE,W
IND,208,6415,59485,31/12/2023,11:02:03,15,0,26.4,1.0,46.2,44.9,2,1,1.00,CYCLE,E
IND,208,6415,59486,31/12/2023,11:02:15,15,1,20.0,1.1,82.7,82.6,2,1,1.00,CYCLE,W
IND,208,6415,59486,31/12/2023,11:02:17,15,1,20.8,1.0,2.4,2.2,2,1,1.00,CYCLE,W
IND,208,6415,59485,31/12/2023,11:02:33,15,0,13.9,1.0,17.9,17.9,2,1,1.00,CYCLE,E
IND,208,6415,59485,31/12/2023,11:02:34,15,0,15.7,1.1,1.0,0.7,2,1,1.00,CYCLE,E
IND,208,6415,59485,31/12/2023,11:03:18,15,0,24.5,1.1,44.6,44.3,2,1,1.00,CYCLE,E
IND,208,6415,59486,31/12/2023,11:03:24,15,1,25.4,1.0,67.2,67.0,2,1,1.00,CYCLE,W
IND,208,6415,59485,31/12/2023,11:03:41,15,0,22.4,1.0,9.0,8.1,2,1,1.00,CYCLE,E
IND,208,6415,59485,31/12/2023,11:03:41,15,0,22.5,1.0,0.8,0.6,2,1,1.00,CYCLE,E
IND,208,6415,59485,31/12/2023,11:03:58,15,0,12.2,1.1,17.1,16.9,2,1,1.00,CYCLE,E
IND,208,6415,59485,31/12/2023,11:04:01,15,0,12.7,1.1,2.5,2.2,2,1,1.00,CYCLE,E
IND,208,6415,59486,31/12/2023,11:04:52,15,1,18.7,1.0,77.4,76.9,2,1,1.00,CYCLE,W
IND,208,6415,59486,31/12/2023,11:04:56,15,1,24.2,1.2,3.5,3.3,2,1,1.00,CYCLE,W
IND,208,6415,59486,31/12/2023,11:04:57,15,1,24.0,1.1,1.7,1.5,2,1,1.00,CYCLE,W
IND,208,6415,59485,31/12/2023,11:06:47,15,0,13.6,0.9,78.9,78.7,2,1,1.00,CYCLE,E
IND,208,6415,59486,31/12/2023,11:07:15,15,1,27.5,1.0,58.2,58.2,2,1,1.00,CYCLE,W
IND,208,6415,59486,31/12/2023,11:07:38,15,1,2.6,0.4,23.0,23.4,2,1,0.80,CYCLE,W
IND,208,6415,59486,31/12/2023,11:07:53,15,1,17.0,1.1,15.3,14.8,2,1,1.00,CYCLE,W
IND,208,6415,59486,31/12/2023,11:08:09,15,1,28.1,1.0,15.9,15.6,2,1,1.00,CYCLE,W
IND,208,6415,59486,31/12/2023,11:08:15,15,1,17.7,1.0,5.6,5.5,2,1,0.38,CYCLE,W
IND,208,6415,59486,31/12/2023,11:08:15,15,1,17.7,1.0,0.0,0.0,2,1,0.38,CYCLE,W
IND,208,6415,59486,31/12/2023,11:08:31,15,1,18.9,1.0,11.6,11.5,2,1,1.00,CYCLE,W
IND,208,6415,59486,31/12/2023,11:08:32,15,1,19.4,1.0,1.4,1.2,2,1,1.00,CYCLE,W
IND,208,6415,59486,31/12/2023,11:08:46,15,1,7.4,1.0,14.4,14.3,2,1,0.33,CYCLE,W
IND,208,6415,59486,31/12/2023,11:08:56,15,1,19.8,1.1,9.1,8.4,2,1,1.00,CYCLE,W
IND,208,6415,59485,31/12/2023,11:10:34,15,0,20.3,1.0,88.8,88.8,2,1,1.00,CYCLE,E
IND,208,6415,59485,31/12/2023,11:12:00,15,0,14.0,1.0,86.3,86.1,2,1,0.93,CYCLE,E
IND,208,6415,59485,31/12/2023,11:12:00,15,0,14.0,1.0,0.0,0.0,2,1,0.93,CYCLE,E
IND,208,6415,59485,31/12/2023,11:12:00,15,0,14.0,1.0,0.0,0.0,2,1,0.93,CYCLE,E
IND,208,6415,59485,31/12/2023,11:17:28,15,0,18.9,1.0,201.3,201.3,2,1,1.00,CYCLE,E
IND,208,6415,59485,31/12/2023,11:18:01,15,0,26.4,1.2,32.9,32.6,2,1,1.00,CYCLE,E
IND,208,6415,59485,31/12/2023,11:18:16,15,0,16.9,1.1,15.4,15.3,2,1,1.00,CYCLE,E
IND,208,6415,59485,31/12/2023,11:18:17,15,0,16.8,1.0,0.6,0.4,2,1,1.00,CYCLE,E
IND,208,6415,59486,31/12/2023,11:19:13,15,1,22.2,1.0,0.8,0.6,2,1,1.00,CYCLE,W
IND,208,6415,59486,31/12/2023,11:20:12,15,1,26.0,1.0,58.8,58.7,2,1,1.00,CYCLE,W
IND,208,6415,59486,31/12/2023,11:20:35,15,1,27.4,1.0,23.1,23.0,2,1,1.00,CYCLE,W
IND,208,6415,59486,31/12/2023,11:21:32,15,1,18.8,1.1,31.9,31.0,2,1,1.00,CYCLE,W
IND,208,6415,59486,31/12/2023,11:21:47,15,1,29.6,1.0,15.0,14.8,2,1,1.00,CYCLE,W
IND,208,6415,59486,31/12/2023,11:22:22,15,1,19.3,1.1,34.6,34.5,2,1,1.00,CYCLE,W
IND,208,6415,59486,31/12/2023,11:22:27,15,1,22.4,1.0,5.4,5.2,2,1,1.00,CYCLE,W
IND,208,6415,59486,31/12/2023,11:22:29,15,1,21.0,1.1,2.2,2.0,2,1,1.00,CYCLE,W
IND,208,6415,59486,31/12/2023,11:22:33,15,1,19.9,1.1,4.1,4.0,2,1,1.00,CYCLE,W
IND,208,6415,59486,31/12/2023,11:22:36,15,1,20.1,1.1,2.2,2.0,2,1,1.00,CYCLE,W
IND,208,6415,59485,31/12/2023,11:24:21,15,0,19.3,0.9,364.5,364.3,2,1,1.00,CYCLE,E
IND,208,6415,59485,31/12/2023,11:24:23,15,0,20.3,0.9,1.8,1.6,2,1,1.00,CYCLE,E
IND,208,6415,59485,31/12/2023,11:24:25,15,0,21.7,0.9,1.5,1.4,2,1,1.00,CYCLE,E
IND,208,6415,59486,31/12/2023,11:24:39,15,1,26.7,1.0,123.6,123.4,2,1,1.00,CYCLE,W
IND,208,6415,59485,31/12/2023,11:25:17,15,0,13.4,1.0,52.9,52.7,2,1,1.00,CYCLE,E
IND,208,6415,59485,31/12/2023,11:25:23,15,0,9.8,0.9,5.0,4.8,2,1,1.00,CYCLE,E
IND,208,6415,59485,31/12/2023,11:25:29,15,0,17.8,1.0,6.2,5.9,2,1,1.00,CYCLE,E
IND,208,6415,59486,31/12/2023,11:25:32,15,1,8.8,1.0,1.7,1.3,2,1,1.00,CYCLE,W
IND,208,6415,59485,31/12/2023,11:25:39,15,0,11.0,1.1,10.1,9.9,2,1,1.00,CYCLE,E
IND,208,6415,59486,31/12/2023,11:26:30,15,1,25.5,1.1,57.8,57.3,2,1,1.00,CYCLE,W
IND,208,6415,59486,31/12/2023,11:26:32,15,1,22.4,1.0,2.9,2.7,2,1,1.00,CYCLE,W
IND,208,6415,59485,31/12/2023,11:26:37,15,0,16.3,1.0,58.3,58.0,2,1,0.29,CYCLE,E
IND,208,6415,59486,31/12/2023,11:26:56,15,1,20.8,1.0,23.6,23.4,2,1,1.00,CYCLE,W
IND,208,6415,59486,31/12/2023,11:27:12,15,1,25.8,1.0,15.8,15.6,2,1,1.00,CYCLE,W
IND,208,6415,59486,31/12/2023,11:27:14,15,1,23.7,1.1,2.3,2.2,2,1,1.00,CYCLE,W
IND,208,6415,59485,31/12/2023,11:28:39,15,0,24.5,1.0,1.4,1.4,2,1,1.00,CYCLE,E
IND,208,6415,59486,31/12/2023,11:28:57,15,1,28.9,1.0,102.8,102.7,2,1,1.00,CYCLE,W
IND,208,6415,59485,31/12/2023,11:30:50,15,0,7.7,1.0,130.7,130.6,2,1,1.00,CYCLE,E
IND,208,6415,59485,31/12/2023,11:30:55,15,0,2.5,1.0,5.0,4.5,2,1,0.18,CYCLE,E
IND,208,6415,59486,31/12/2023,11:32:37,15,1,18.0,1.1,219.9,219.8,2,1,1.00,CYCLE,W
IND,208,6415,59485,31/12/2023,11:32:46,15,0,16.3,1.0,107.0,105.4,2,1,1.00,CYCLE,E
IND,208,6415,59485,31/12/2023,11:32:47,15,0,16.6,1.0,0.9,0.6,2,1,1.00,CYCLE,E
IND,208,6415,59485,31/12/2023,11:32:48,15,0,17.1,1.0,1.3,1.1,2,1,1.00,CYCLE,E
IND,208,6415,59485,31/12/2023,11:32:51,15,0,16.1,1.0,2.6,2.4,2,1,1.00,CYCLE,E
IND,208,6415,59486,31/12/2023,11:33:24,15,1,24.7,1.1,1.3,1.2,2,1,1.00,CYCLE,W
IND,208,6415,59485,31/12/2023,11:33:57,15,0,27.1,1.2,66.4,66.2,2,1,1.00,CYCLE,E
IND,208,6415,59485,31/12/2023,11:33:58,15,0,27.9,1.2,0.7,0.5,2,1,1.00,CYCLE,E
IND,208,6415,59485,31/12/2023,11:33:59,15,0,28.3,1.0,0.6,0.4,2,1,1.00,CYCLE,E
IND,208,6415,59485,31/12/2023,11:34:13,15,0,2.8,0.3,14.8,14.7,2,1,1.00,CYCLE,E
IND,208,6415,59486,31/12/2023,11:34:57,15,1,23.2,1.0,93.1,92.9,2,1,1.00,CYCLE,W
IND,208,6415,59485,31/12/2023,11:35:42,15,0,20.5,1.1,88.7,88.3,2,1,1.00,CYCLE,E
IND,208,6415,59486,31/12/2023,11:36:19,15,1,22.3,1.0,82.0,81.8,2,1,1.00,CYCLE,W
IND,208,6415,59485,31/12/2023,11:36:44,15,0,15.2,1.1,60.8,59.9,2,1,1.00,CYCLE,E
IND,208,6415,59485,31/12/2023,11:37:37,15,0,22.0,1.0,52.5,52.2,2,1,1.00,CYCLE,E
IND,208,6415,59486,31/12/2023,11:38:52,15,1,24.6,1.0,7.5,7.5,2,1,1.00,CYCLE,W
IND,208,6415,59486,31/12/2023,11:40:32,15,1,18.5,1.1,100.5,100.3,2,1,1.00,CYCLE,W
IND,208,6415,59486,31/12/2023,11:40:42,15,1,23.2,1.0,9.9,9.9,2,1,0.77,CYCLE,W
IND,208,6415,59486,31/12/2023,11:41:50,15,1,22.5,1.1,67.9,65.8,2,1,1.00,CYCLE,W
IND,208,6415,59486,31/12/2023,11:42:12,15,1,26.3,1.0,21.3,21.1,2,1,1.00,CYCLE,W
IND,208,6415,59486,31/12/2023,11:43:07,15,1,23.7,1.1,55.6,55.5,2,1,1.00,CYCLE,W
IND,208,6415,59486,31/12/2023,11:43:13,15,1,2.5,0.4,5.6,6.0,2,1,1.00,CYCLE,W
IND,208,6415,59485,31/12/2023,11:43:31,15,0,17.5,1.1,77.3,76.3,2,1,1.00,CYCLE,E
IND,208,6415,59486,31/12/2023,11:44:04,15,1,19.0,1.1,51.1,50.1,2,1,1.00,CYCLE,W
IND,208,6415,59485,31/12/2023,11:44:45,15,0,20.2,0.9,22.8,22.8,2,1,1.00,CYCLE,E
IND,208,6415,59485,31/12/2023,11:44:45,15,0,19.9,0.9,0.6,0.4,2,1,1.00,CYCLE,E
IND,208,6415,59485,31/12/2023,11:45:58,15,0,20.4,1.0,9.1,8.7,2,1,0.50,CYCLE,E
IND,208,6415,59486,31/12/2023,11:45:58,15,1,20.4,1.0,0.0,0.0,2,1,0.50,CYCLE,W
IND,208,6415,59485,31/12/2023,11:46:05,15,0,21.4,1.0,6.4,6.0,2,1,0.67,CYCLE,E
IND,208,6415,59485,31/12/2023,11:46:05,15,0,21.4,1.0,0.0,0.0,2,1,0.67,CYCLE,E
IND,208,6415,59485,31/12/2023,11:46:07,15,0,20.6,1.0,2.9,2.6,2,1,1.00,CYCLE,E
IND,208,6415,59485,31/12/2023,11:46:14,15,0,11.2,1.0,6.6,6.5,2,1,0.50,CYCLE,E
IND,208,6415,59485,31/12/2023,11:46:14,15,0,11.2,1.0,0.0,0.0,2,1,0.50,CYCLE,E
IND,208,6415,59485,31/12/2023,11:46:22,15,0,13.0,0.9,7.5,7.0,2,1,1.00,CYCLE,E
IND,208,6415,59485,31/12/2023,11:46:27,15,0,12.1,1.1,5.1,4.8,2,1,1.00,CYCLE,E
IND,208,6415,59485,31/12/2023,11:47:48,15,0,2.8,1.0,81.5,81.1,2,1,0.67,CYCLE,E
IND,208,6415,59485,31/12/2023,11:48:27,15,0,17.9,1.1,38.6,37.4,2,1,1.00,CYCLE,E
IND,208,6415,59485,31/12/2023,11:49:08,15,0,13.9,1.1,41.5,41.2,2,1,1.00,CYCLE,E
IND,208,6415,59485,31/12/2023,11:49:09,15,0,14.2,1.0,1.0,0.8,2,1,1.00,CYCLE,E
IND,208,6415,59486,31/12/2023,11:49:17,15,1,24.5,1.0,313.4,313.2,2,1,1.00,CYCLE,W
IND,208,6415,59486,31/12/2023,11:51:12,15,1,8.7,1.0,106.6,106.2,2,1,0.29,CYCLE,W
IND,208,6415,59486,31/12/2023,11:51:12,15,1,8.7,1.0,0.0,0.0,2,1,0.29,CYCLE,W
IND,208,6415,59486,31/12/2023,11:52:10,15,1,20.7,1.0,57.9,57.4,2,1,1.00,CYCLE,W
IND,208,6415,59485,31/12/2023,11:53:27,15,0,12.4,1.1,141.4,140.5,2,1,1.00,CYCLE,E
IND,208,6415,59486,31/12/2023,11:53:32,15,1,29.5,1.0,82.5,82.3,2,1,1.00,CYCLE,W
IND,208,6415,59486,31/12/2023,11:55:13,15,1,22.6,1.1,100.5,100.4,2,1,1.00,CYCLE,W
IND,208,6415,59486,31/12/2023,11:55:15,15,1,26.0,1.0,2.1,1.9,2,1,1.00,CYCLE,W
IND,208,6415,59485,31/12/2023,11:55:45,15,0,21.1,1.0,137.4,137.1,2,1,1.00,CYCLE,E
IND,208,6415,59485,31/12/2023,11:57:26,15,0,25.0,1.0,23.0,22.9,2,1,1.00,CYCLE,E
IND,208,6415,59486,31/12/2023,11:59:24,15,1,18.8,1.0,224.9,224.6,2,1,1.00,CYCLE,W
IND,208,6415,59486,31/12/2023,12:02:20,15,1,23.7,1.1,176.1,175.9,2,1,1.00,CYCLE,W
IND,208,6415,59486,31/12/2023,12:03:53,15,1,23.4,1.0,93.2,93.1,2,1,1.00,CYCLE,W
IND,208,6415,59486,31/12/2023,12:03:54,15,1,23.5,1.0,0.4,0.3,2,1,1.00,CYCLE,W
IND,208,6415,59485,31/12/2023,12:04:11,15,0,16.3,1.1,405.8,405.7,2,1,1.00,CYCLE,E
IND,208,6415,59486,31/12/2023,12:05:32,15,1,24.7,1.1,98.6,98.5,2,1,1.00,CYCLE,W
IND,208,6415,59486,31/12/2023,12:06:26,15,1,28.8,1.0,53.2,53.0,2,1,1.00,CYCLE,W
IND,208,6415,59485,31/12/2023,12:07:06,15,0,17.3,1.0,173.8,173.8,2,1,1.00,CYCLE,E
IND,208,6415,59485,31/12/2023,12:07:07,15,0,17.1,1.1,0.6,0.4,2,1,1.00,CYCLE,E
IND,208,6415,59485,31/12/2023,12:09:29,15,0,24.1,1.1,142.6,142.4,2,1,1.00,CYCLE,E
IND,208,6415,59485,31/12/2023,12:09:45,15,0,9.5,1.0,15.4,15.3,2,1,0.40,CYCLE,E
IND,208,6415,59485,31/12/2023,12:10:14,15,0,20.7,1.0,28.7,28.2,2,1,1.00,CYCLE,E
IND,208,6415,59485,31/12/2023,12:11:02,15,0,30.2,1.1,48.6,48.5,2,1,1.00,CYCLE,E
IND,208,6415,59486,31/12/2023,12:11:23,15,1,23.0,1.0,111.8,111.6,2,1,1.00,CYCLE,W
IND,208,6415,59486,31/12/2023,12:11:28,15,1,26.6,1.1,5.4,5.2,2,1,1.00,CYCLE,W
IND,208,6415,59486,31/12/2023,12:11:34,15,1,7.0,1.0,5.6,5.6,2,1,0.50,CYCLE,W
IND,208,6415,59485,31/12/2023,12:11:34,15,0,7.0,1.0,0.0,0.0,2,1,0.50,CYCLE,E
IND,208,6415,59486,31/12/2023,12:12:16,15,1,22.8,1.0,41.5,40.5,2,1,1.00,CYCLE,W
IND,208,6415,59485,31/12/2023,12:12:38,15,0,14.0,1.1,95.5,95.3,2,1,1.00,CYCLE,E
IND,208,6415,59486,31/12/2023,12:14:00,15,1,20.0,0.9,104.7,104.5,2,1,1.00,CYCLE,W
IND,208,6415,59486,31/12/2023,12:14:09,15,1,21.2,0.9,8.7,8.5,2,1,1.00,CYCLE,W
IND,208,6415,59486,31/12/2023,12:14:11,15,1,20.8,0.9,1.7,1.5,2,1,1.00,CYCLE,W
IND,208,6415,59486,31/12/2023,12:14:57,15,1,4.7,1.0,46.1,46.2,2,1,1.00,CYCLE,W
IND,208,6415,59485,31/12/2023,12:15:10,15,0,19.8,1.1,152.1,151.8,2,1,1.00,CYCLE,E
IND,208,6415,59485,31/12/2023,12:15:10,15,0,18.9,1.0,0.4,0.2,2,1,1.00,CYCLE,E
IND,208,6415,59485,31/12/2023,12:15:13,15,0,18.5,1.1,3.4,3.2,2,1,1.00,CYCLE,E
IND,208,6415,59486,31/12/2023,12:15:39,15,1,16.3,0.8,42.7,41.7,2,1,1.00,CYCLE,W
IND,208,6415,59485,31/12/2023,12:15:44,15,0,26.5,1.2,31.0,30.7,2,1,1.00,CYCLE,E
IND,208,6415,59486,31/12/2023,12:16:49,15,1,4.4,1.0,69.5,68.3,2,1,0.50,CYCLE,W
IND,208,6415,59485,31/12/2023,12:16:49,15,0,4.4,1.0,0.0,0.0,2,1,0.50,CYCLE,E
IND,208,6415,59485,31/12/2023,12:17:19,15,0,18.8,1.0,94.6,94.4,2,1,1.00,CYCLE,E
IND,208,6415,59485,31/12/2023,12:17:21,15,0,17.1,1.1,2.1,1.9,2,1,1.00,CYCLE,E
IND,208,6415,59485,31/12/2023,12:17:23,15,0,17.3,1.0,2.3,2.0,2,1,1.00,CYCLE,E
IND,208,6415,59486,31/12/2023,12:17:59,15,1,18.7,1.1,69.4,67.4,2,1,1.00,CYCLE,W
IND,208,6415,59486,31/12/2023,12:18:00,15,1,19.3,1.0,1.3,1.1,2,1,1.00,CYCLE,W
IND,208,6415,59486,31/12/2023,12:18:46,15,1,4.6,0.2,45.7,45.9,2,1,1.00,CYCLE,W
IND,208,6415,59485,31/12/2023,12:21:57,15,0,25.8,1.0,241.1,241.1,2,1,1.00,CYCLE,E
IND,208,6415,59486,31/12/2023,12:23:38,15,1,25.4,1.1,21.3,20.9,2,1,1.00,CYCLE,W
IND,208,6415,59486,31/12/2023,12:23:45,15,1,23.5,1.1,6.2,6.0,2,1,1.00,CYCLE,W
IND,208,6415,59486,31/12/2023,12:24:01,15,1,21.2,1.0,16.6,16.5,2,1,1.00,CYCLE,W
IND,208,6415,59486,31/12/2023,12:26:37,15,1,27.1,1.0,156.0,155.8,2,1,1.00,CYCLE,W
IND,208,6415,59486,31/12/2023,12:28:09,15,1,23.3,1.1,56.6,55.5,2,1,1.00,CYCLE,W
IND,208,6415,59486,31/12/2023,12:29:08,15,1,23.4,1.0,59.0,58.8,2,1,1.00,CYCLE,W
IND,208,6415,59486,31/12/2023,12:29:59,15,1,22.1,1.0,9.6,9.6,2,1,1.00,CYCLE,W
IND,208,6415,59486,31/12/2023,12:30:49,15,1,19.9,1.0,49.7,49.5,2,1,1.00,CYCLE,W
IND,208,6415,59486,31/12/2023,12:30:51,15,1,20.0,1.1,1.8,1.6,2,1,1.00,CYCLE,W
IND,208,6415,59486,31/12/2023,12:30:52,15,1,20.0,1.1,1.4,1.2,2,1,1.00,CYCLE,W
IND,208,6415,59486,31/12/2023,12:30:53,15,1,18.9,1.1,1.0,0.8,2,1,1.00,CYCLE,W
IND,208,6415,59485,31/12/2023,12:31:40,15,0,19.6,1.1,217.4,217.4,2,1,1.00,CYCLE,E
IND,208,6415,59486,31/12/2023,12:31:50,15,1,22.7,1.0,57.5,57.3,2,1,1.00,CYCLE,W
IND,208,6415,59485,31/12/2023,12:31:52,15,0,18.4,1.1,12.7,12.5,2,1,1.00,CYCLE,E
IND,208,6415,59486,31/12/2023,12:32:13,15,1,17.7,1.1,22.3,22.2,2,1,1.00,CYCLE,W
IND,208,6415,59485,31/12/2023,12:32:33,15,0,19.9,1.1,11.1,10.9,2,1,1.00,CYCLE,E
IND,208,6415,59485,31/12/2023,12:32:34,15,0,24.1,1.0,1.2,1.1,2,1,1.00,CYCLE,E
IND,208,6415,59486,31/12/2023,12:33:41,15,1,26.5,1.0,88.3,88.1,2,1,1.00,CYCLE,W
IND,208,6415,59485,31/12/2023,12:33:54,15,0,17.2,1.1,80.0,79.9,2,1,1.00,CYCLE,E
IND,208,6415,59485,31/12/2023,12:33:55,15,0,17.9,1.1,1.1,0.9,2,1,1.00,CYCLE,E
IND,208,6415,59485,31/12/2023,12:33:57,15,0,18.0,1.1,1.8,1.6,2,1,1.00,CYCLE,E
IND,208,6415,59485,31/12/2023,12:34:00,15,0,17.7,1.0,2.9,2.6,2,1,1.00,CYCLE,E
IND,208,6415,59486,31/12/2023,12:34:47,15,1,33.2,1.0,12.4,11.9,2,1,1.00,CYCLE,W
IND,208,6415,59486,31/12/2023,12:34:49,15,1,25.0,1.0,1.3,1.2,2,1,1.00,CYCLE,W
IND,208,6415,59486,31/12/2023,12:34:58,15,1,18.3,1.1,9.0,8.9,2,1,1.00,CYCLE,W
IND,208,6415,59486,31/12/2023,12:35:03,15,1,18.2,1.0,5.4,5.2,2,1,1.00,CYCLE,W
IND,208,6415,59486,31/12/2023,12:35:49,15,1,19.1,1.0,45.9,45.7,2,1,1.00,CYCLE,W
IND,208,6415,59485,31/12/2023,12:36:11,15,0,11.7,1.1,35.5,35.5,2,1,1.00,CYCLE,E
IND,208,6415,59486,31/12/2023,12:38:31,15,1,28.5,1.0,162.6,162.4,2,1,1.00,CYCLE,W
IND,208,6415,59486,31/12/2023,12:38:39,15,1,3.6,0.4,7.9,8.1,2,1,1.00,CYCLE,W
IND,208,6415,59485,31/12/2023,12:38:57,15,0,15.9,1.0,104.6,103.9,2,1,1.00,CYCLE,E
IND,208,6415,59485,31/12/2023,12:39:23,15,0,17.7,1.1,10.5,10.5,2,1,1.00,CYCLE,E
IND,208,6415,59486,31/12/2023,12:40:29,15,1,2.5,0.4,109.6,109.8,2,1,1.00,CYCLE,W
IND,208,6415,59485,31/12/2023,12:40:34,15,0,14.0,1.1,71.6,71.4,2,1,1.00,CYCLE,E
IND,208,6415,59485,31/12/2023,12:40:36,15,0,14.5,1.1,1.4,1.1,2,1,1.00,CYCLE,E
IND,208,6415,59486,31/12/2023,12:40:42,15,1,23.7,1.1,13.2,12.2,2,1,1.00,CYCLE,W
IND,208,6415,59485,31/12/2023,12:40:50,15,0,20.8,1.0,14.5,14.3,2,1,1.00,CYCLE,E
IND,208,6415,59485,31/12/2023,12:41:50,15,0,2.7,0.4,59.8,59.6,2,1,1.00,CYCLE,E
IND,208,6415,59485,31/12/2023,12:42:16,15,0,17.5,1.0,25.9,25.4,2,1,1.00,CYCLE,E
IND,208,6415,59485,31/12/2023,12:42:16,15,0,17.6,1.0,0.6,0.4,2,1,1.00,CYCLE,E
IND,208,6415,59485,31/12/2023,12:43:25,15,0,17.2,1.1,10.1,10.1,2,1,1.00,CYCLE,E
IND,208,6415,59485,31/12/2023,12:43:26,15,0,18.2,1.0,0.8,0.5,2,1,1.00,CYCLE,E
IND,208,6415,59486,31/12/2023,12:43:38,15,1,28.3,1.1,175.9,175.7,2,1,1.00,CYCLE,W
IND,208,6415,59485,31/12/2023,12:44:48,15,0,24.3,1.2,69.4,67.8,2,1,1.00,CYCLE,E
IND,208,6415,59485,31/12/2023,12:44:49,15,0,20.4,1.1,0.7,0.5,2,1,1.00,CYCLE,E
IND,208,6415,59486,31/12/2023,12:45:10,15,1,21.2,1.0,92.1,91.9,2,1,1.00,CYCLE,W
IND,208,6415,59486,31/12/2023,12:45:11,15,1,19.4,1.1,1.2,1.0,2,1,1.00,CYCLE,W
IND,208,6415,59486,31/12/2023,12:45:45,15,1,29.8,1.0,34.1,33.9,2,1,1.00,CYCLE,W
IND,208,6415,59486,31/12/2023,12:45:45,15,1,29.8,1.0,0.0,0.0,2,1,1.00,CYCLE,W
IND,208,6415,59485,31/12/2023,12:46:57,15,0,7.2,0.9,30.8,30.4,2,1,1.00,CYCLE,E
IND,208,6415,59486,31/12/2023,12:47:00,15,1,24.0,1.0,74.6,74.4,2,1,1.00,CYCLE,W
IND,208,6415,59485,31/12/2023,12:47:08,15,0,13.3,0.9,11.5,11.0,2,1,1.00,CYCLE,E
IND,208,6415,59485,31/12/2023,12:47:10,15,0,10.5,1.0,1.8,1.6,2,1,1.00,CYCLE,E
IND,208,6415,59486,31/12/2023,12:47:15,15,1,22.1,1.1,15.1,15.0,2,1,1.00,CYCLE,W
IND,208,6415,59485,31/12/2023,12:48:57,15,0,21.2,1.1,107.3,107.0,2,1,1.00,CYCLE,E
IND,208,6415,59486,31/12/2023,12:49:09,15,1,21.8,1.1,113.3,113.1,2,1,1.00,CYCLE,W
IND,208,6415,59486,31/12/2023,12:49:10,15,1,21.0,1.0,1.1,0.9,2,1,1.00,CYCLE,W
IND,208,6415,59485,31/12/2023,12:49:42,15,0,21.9,1.0,44.7,44.5,2,1,0.89,CYCLE,E
IND,208,6415,59485,31/12/2023,12:49:42,15,0,21.9,1.0,0.0,0.0,2,1,0.89,CYCLE,E
IND,208,6415,59486,31/12/2023,12:50:30,15,1,30.7,1.0,80.5,80.3,2,1,1.00,CYCLE,W
IND,208,6415,59486,31/12/2023,12:50:35,15,1,20.6,1.1,5.3,5.2,2,1,1.00,CYCLE,W
IND,208,6415,59486,31/12/2023,12:51:30,15,1,14.0,1.1,54.9,54.7,2,1,1.00,CYCLE,W
IND,208,6415,59486,31/12/2023,12:51:49,15,1,15.7,1.0,18.2,17.9,2,1,1.00,CYCLE,W
IND,208,6415,59486,31/12/2023,12:52:06,15,1,12.3,1.0,17.3,17.1,2,1,1.00,CYCLE,W
IND,208,6415,59486,31/12/2023,12:52:51,15,1,26.8,1.0,44.9,44.5,2,1,1.00,CYCLE,W
IND,208,6415,59485,31/12/2023,12:53:46,15,0,23.0,1.1,244.0,243.5,2,1,1.00,CYCLE,E
IND,208,6415,59486,31/12/2023,12:54:42,15,1,28.8,1.1,4.6,4.4,2,1,1.00,CYCLE,W
IND,208,6415,59485,31/12/2023,12:56:15,15,0,18.3,1.0,7.8,7.8,2,1,1.00,CYCLE,E
IND,208,6415,59485,31/12/2023,12:57:21,15,0,16.0,1.1,66.0,65.8,2,1,1.00,CYCLE,E
IND,208,6415,59486,31/12/2023,12:57:26,15,1,24.0,1.1,164.1,164.0,2,1,1.00,CYCLE,W
IND,208,6415,59486,31/12/2023,13:00:53,15,1,26.3,1.2,207.1,206.9,2,1,1.00,CYCLE,W
IND,208,6415,59485,31/12/2023,13:01:05,15,0,22.1,1.0,183.1,182.8,2,1,1.00,CYCLE,E
IND,208,6415,59485,31/12/2023,13:01:06,15,0,19.4,1.0,0.7,0.6,2,1,1.00,CYCLE,E
IND,208,6415,59485,31/12/2023,13:01:17,15,0,24.4,1.0,10.9,10.7,2,1,1.00,CYCLE,E
IND,208,6415,59485,31/12/2023,13:02:36,15,0,23.8,1.2,79.2,79.1,2,1,1.00,CYCLE,E
IND,208,6415,59485,31/12/2023,13:03:06,15,0,23.9,1.0,29.9,29.7,2,1,1.00,CYCLE,E
IND,208,6415,59486,31/12/2023,13:04:00,15,1,23.9,1.0,186.6,186.5,2,1,1.00,CYCLE,W
IND,208,6415,59486,31/12/2023,13:04:03,15,1,20.2,1.0,3.9,3.7,2,1,1.00,CYCLE,W
IND,208,6415,59486,31/12/2023,13:04:04,15,1,16.7,1.2,0.7,0.6,2,1,1.00,CYCLE,W
IND,208,6415,59486,31/12/2023,13:04:07,15,1,17.5,1.1,3.1,2.8,2,1,1.00,CYCLE,W
IND,208,6415,59486,31/12/2023,13:04:12,15,1,18.5,1.0,4.4,4.2,2,1,1.00,CYCLE,W
IND,208,6415,59486,31/12/2023,13:05:56,15,1,29.8,1.0,103.9,103.6,2,1,1.00,CYCLE,W
IND,208,6415,59486,31/12/2023,13:06:01,15,1,23.6,1.0,5.4,5.3,2,1,1.00,CYCLE,W
IND,208,6415,59486,31/12/2023,13:06:29,15,1,12.2,1.0,27.5,27.4,2,1,1.00,CYCLE,W
IND,208,6415,59485,31/12/2023,13:07:13,15,0,16.8,1.1,246.5,246.4,2,1,1.00,CYCLE,E
IND,208,6415,59485,31/12/2023,13:07:14,15,0,17.0,1.1,0.9,0.6,2,1,1.00,CYCLE,E
IND,208,6415,59486,31/12/2023,13:07:43,15,1,2.8,0.3,74.3,74.4,2,1,1.00,CYCLE,W
IND,208,6415,59486,31/12/2023,13:08:03,15,1,26.6,1.0,20.2,19.3,2,1,1.00,CYCLE,W
IND,208,6415,59486,31/12/2023,13:08:20,15,1,20.3,1.1,16.5,16.4,2,1,1.00,CYCLE,W
IND,208,6415,59486,31/12/2023,13:08:27,15,1,18.9,1.1,7.8,7.6,2,1,1.00,CYCLE,W
IND,208,6415,59486,31/12/2023,13:08:34,15,1,22.2,1.0,6.5,6.3,2,1,1.00,CYCLE,W
IND,208,6415,59486,31/12/2023,13:08:35,15,1,21.7,1.0,0.7,0.6,2,1,1.00,CYCLE,W
IND,208,6415,59485,31/12/2023,13:08:48,15,0,14.4,1.0,94.9,94.7,2,1,1.00,CYCLE,E
IND,208,6415,59485,31/12/2023,13:08:50,15,0,18.0,1.0,1.1,0.9,2,1,0.57,CYCLE,E
IND,208,6415,59485,31/12/2023,13:09:01,15,0,16.8,1.0,5.5,4.7,2,1,1.00,CYCLE,E
IND,208,6415,59485,31/12/2023,13:09:07,15,0,19.5,1.0,5.4,5.1,2,1,1.00,CYCLE,E
IND,208,6415,59486,31/12/2023,13:09:15,15,1,15.9,1.0,40.4,40.3,2,1,1.00,CYCLE,W
IND,208,6415,59485,31/12/2023,13:09:47,15,0,25.9,1.1,40.1,39.9,2,1,1.00,CYCLE,E
IND,208,6415,59486,31/12/2023,13:09:50,15,1,21.1,1.1,34.6,34.3,2,1,1.00,CYCLE,W
IND,208,6415,59486,31/12/2023,13:09:59,15,1,22.2,1.2,9.3,9.2,2,1,1.00,CYCLE,W
IND,208,6415,59485,31/12/2023,13:10:15,15,0,24.2,1.0,28.7,28.6,2,1,1.00,CYCLE,E
IND,208,6415,59486,31/12/2023,13:10:56,15,1,25.9,1.1,56.6,56.4,2,1,1.00,CYCLE,W
IND,208,6415,59486,31/12/2023,13:11:22,15,1,18.0,1.1,26.9,26.8,2,1,1.00,CYCLE,W
IND,208,6415,59486,31/12/2023,13:12:31,15,1,24.1,1.1,68.3,68.0,2,1,1.00,CYCLE,W
IND,208,6415,59485,31/12/2023,13:13:01,15,0,15.6,1.1,14.9,14.3,2,1,1.00,CYCLE,E
IND,208,6415,59486,31/12/2023,13:13:07,15,1,18.2,1.0,35.8,35.7,2,1,1.00,CYCLE,W
IND,208,6415,59486,31/12/2023,13:13:08,15,1,16.7,1.0,1.8,1.6,2,1,1.00,CYCLE,W
IND,208,6415,59486,31/12/2023,13:13:13,15,1,23.8,1.0,4.9,4.7,2,1,1.00,CYCLE,W
IND,208,6415,59486,31/12/2023,13:13:15,15,1,23.2,1.0,1.7,1.5,2,1,1.00,CYCLE,W
IND,208,6415,59485,31/12/2023,13:13:50,15,0,25.5,1.0,48.4,48.1,2,1,1.00,CYCLE,E
IND,208,6415,59486,31/12/2023,13:13:57,15,1,27.7,1.1,42.5,42.3,2,1,1.00,CYCLE,W
IND,208,6415,59485,31/12/2023,13:14:24,15,0,15.0,0.9,34.5,34.4,2,1,1.00,CYCLE,E
IND,208,6415,59485,31/12/2023,13:14:25,15,0,13.7,1.0,1.0,0.8,2,1,1.00,CYCLE,E
IND,208,6415,59485,31/12/2023,13:15:25,15,0,12.8,1.0,59.3,59.0,2,1,1.00,CYCLE,E
IND,208,6415,59485,31/12/2023,13:15:25,15,0,12.7,1.1,0.8,0.5,2,1,1.00,CYCLE,E
IND,208,6415,59486,31/12/2023,13:18:22,15,1,26.2,1.1,264.5,264.4,2,1,1.00,CYCLE,W
IND,208,6415,59485,31/12/2023,13:18:24,15,0,22.0,1.1,178.7,178.4,2,1,1.00,CYCLE,E
IND,208,6415,59486,31/12/2023,13:20:18,15,1,28.1,1.1,115.8,115.7,2,1,1.00,CYCLE,W
IND,208,6415,59486,31/12/2023,13:20:19,15,1,29.1,1.1,0.8,0.6,2,1,1.00,CYCLE,W
IND,208,6415,59486,31/12/2023,13:20:21,15,1,23.9,1.0,2.9,2.8,2,1,1.00,CYCLE,W
IND,208,6415,59486,31/12/2023,13:21:59,15,1,10.8,1.0,26.5,26.4,2,1,0.29,CYCLE,W
IND,208,6415,59485,31/12/2023,13:22:13,15,0,7.4,0.6,71.0,71.0,2,1,0.80,CYCLE,E
IND,208,6415,59485,31/12/2023,13:23:00,15,0,6.8,1.0,12.9,12.6,2,1,0.75,CYCLE,E
IND,208,6415,59485,31/12/2023,13:23:58,15,0,21.9,1.1,57.6,57.0,2,1,1.00,CYCLE,E
IND,208,6415,59486,31/12/2023,13:25:12,15,1,23.3,1.1,193.6,192.6,2,1,1.00,CYCLE,W
IND,208,6415,59486,31/12/2023,13:26:24,15,1,24.9,1.2,72.1,71.9,2,1,1.00,CYCLE,W
IND,208,6415,59485,31/12/2023,13:27:43,15,0,23.3,1.0,224.6,224.5,2,1,1.00,CYCLE,E
IND,208,6415,59486,31/12/2023,13:30:47,15,1,26.1,1.2,262.7,262.6,2,1,1.00,CYCLE,W
IND,208,6415,59485,31/12/2023,13:30:56,15,0,15.5,1.1,193.3,193.2,2,1,1.00,CYCLE,E
IND,208,6415,59485,31/12/2023,13:32:46,15,0,16.1,1.0,85.3,84.7,2,1,1.00,CYCLE,E
IND,208,6415,59485,31/12/2023,13:33:57,15,0,19.4,1.1,71.3,71.0,2,1,1.00,CYCLE,E
IND,208,6415,59485,31/12/2023,13:35:15,15,0,24.4,1.0,77.8,77.6,2,1,1.00,CYCLE,E
IND,208,6415,59485,31/12/2023,13:35:18,15,0,24.3,1.0,3.1,2.9,2,1,1.00,CYCLE,E
IND,208,6415,59485,31/12/2023,13:35:38,15,0,21.5,1.0,19.7,19.5,2,1,1.00,CYCLE,E
IND,208,6415,59485,31/12/2023,13:35:38,15,0,21.5,1.0,0.0,0.0,2,1,1.00,CYCLE,E
IND,208,6415,59485,31/12/2023,13:36:30,15,0,17.1,1.1,51.9,51.6,2,1,1.00,CYCLE,E
IND,208,6415,59486,31/12/2023,13:37:09,15,1,27.6,1.0,181.4,181.2,2,1,1.00,CYCLE,W
IND,208,6415,59486,31/12/2023,13:37:58,15,1,20.6,1.0,48.6,48.5,2,1,1.00,CYCLE,W
IND,208,6415,59486,31/12/2023,13:37:59,15,1,21.3,1.0,0.8,0.6,2,1,1.00,CYCLE,W
IND,208,6415,59486,31/12/2023,13:38:38,15,1,18.5,1.1,39.3,39.2,2,1,1.00,CYCLE,W
IND,208,6415,59485,31/12/2023,13:39:21,15,0,21.9,1.0,105.4,105.4,2,1,1.00,CYCLE,E
IND,208,6415,59485,31/12/2023,13:39:23,15,0,22.2,1.1,1.6,1.4,2,1,1.00,CYCLE,E
IND,208,6415,59486,31/12/2023,13:40:15,15,1,17.8,1.2,96.9,96.7,2,1,1.00,CYCLE,W
IND,208,6415,59485,31/12/2023,13:40:47,15,0,17.9,1.0,84.4,84.2,2,1,1.00,CYCLE,E
IND,208,6415,59485,31/12/2023,13:41:47,15,0,15.6,1.2,59.7,59.5,2,1,1.00,CYCLE,E
IND,208,6415,59486,31/12/2023,13:42:28,15,1,24.9,1.0,132.5,132.2,2,1,1.00,CYCLE,W
IND,208,6415,59486,31/12/2023,13:47:06,15,1,19.0,1.2,72.2,71.9,2,1,1.00,CYCLE,W
IND,208,6415,59485,31/12/2023,13:47:11,15,0,24.2,1.0,323.7,323.4,2,1,1.00,CYCLE,E
IND,208,6415,59486,31/12/2023,13:49:38,15,1,2.9,0.3,71.5,72.0,2,1,0.80,CYCLE,W
IND,208,6415,59486,31/12/2023,13:50:40,15,1,22.7,1.0,61.8,61.0,2,1,1.00,CYCLE,W
IND,208,6415,59486,31/12/2023,13:53:00,15,1,28.2,1.0,139.5,139.3,2,1,1.00,CYCLE,W
IND,208,6415,59485,31/12/2023,13:53:39,15,0,44.8,0.9,388.0,387.8,2,1,1.00,CYCLE,E
IND,208,6415,59485,31/12/2023,13:53:40,15,0,44.6,1.0,1.5,1.4,2,1,1.00,CYCLE,E
IND,208,6415,59485,31/12/2023,13:54:45,15,0,20.5,1.2,64.7,64.6,2,1,1.00,CYCLE,E
IND,208,6415,59486,31/12/2023,13:55:14,15,1,24.6,1.0,134.4,134.3,2,1,1.00,CYCLE,W
IND,208,6415,59486,31/12/2023,13:55:15,15,1,23.4,1.0,0.8,0.6,2,1,1.00,CYCLE,W
IND,208,6415,59486,31/12/2023,13:55:32,15,1,18.3,0.9,17.1,17.0,2,1,1.00,CYCLE,W
IND,208,6415,59486,31/12/2023,13:55:39,15,1,14.3,0.8,6.7,6.5,2,1,1.00,CYCLE,W
IND,208,6415,59486,31/12/2023,13:55:42,15,1,15.3,1.0,3.7,3.5,2,1,1.00,CYCLE,W
IND,208,6415,59486,31/12/2023,13:55:47,15,1,14.6,0.8,4.7,4.5,2,1,1.00,CYCLE,W
IND,208,6415,59486,31/12/2023,13:55:50,15,1,14.9,1.0,2.6,2.4,2,1,1.00,CYCLE,W
IND,208,6415,59486,31/12/2023,13:57:22,15,1,26.3,1.0,92.8,92.5,2,1,1.00,CYCLE,W
IND,208,6415,59485,31/12/2023,13:57:46,15,0,18.7,1.2,181.6,181.4,2,1,1.00,CYCLE,E
IND,208,6415,59486,31/12/2023,13:57:49,15,1,3.7,1.0,26.2,26.0,2,1,0.27,CYCLE,W
IND,208,6415,59486,31/12/2023,13:57:49,15,1,3.7,1.0,0.0,0.0,2,1,0.27,CYCLE,W
IND,208,6415,59485,31/12/2023,13:57:53,15,0,11.9,1.0,6.6,6.4,2,1,1.00,CYCLE,E
IND,208,6415,59485,31/12/2023,13:57:54,15,0,12.8,1.1,0.5,0.1,2,1,1.00,CYCLE,E
IND,208,6415,59485,31/12/2023,13:57:56,15,0,16.7,1.1,2.6,2.3,2,1,1.00,CYCLE,E
IND,208,6415,59485,31/12/2023,13:57:57,15,0,16.7,1.1,1.0,0.8,2,1,1.00,CYCLE,E
IND,208,6415,59485,31/12/2023,14:00:13,15,0,17.6,1.1,135.7,135.4,2,1,1.00,CYCLE,E
IND,208,6415,59485,31/12/2023,14:00:25,15,0,18.4,1.1,11.9,11.7,2,1,1.00,CYCLE,E
IND,208,6415,59485,31/12/2023,14:00:45,15,0,23.6,1.0,20.0,19.8,2,1,1.00,CYCLE,E
IND,208,6415,59485,31/12/2023,14:00:47,15,0,24.6,1.0,2.7,2.5,2,1,1.00,CYCLE,E
IND,208,6415,59486,31/12/2023,14:02:01,15,1,2.8,1.0,252.1,250.5,2,1,0.67,CYCLE,W
IND,208,6415,59485,31/12/2023,14:02:51,15,0,20.6,1.0,123.8,123.7,2,1,1.00,CYCLE,E
IND,208,6415,59485,31/12/2023,14:02:55,15,0,19.3,1.0,3.9,3.8,2,1,1.00,CYCLE,E
IND,208,6415,59486,31/12/2023,14:03:10,15,1,26.8,1.0,69.7,67.9,2,1,1.00,CYCLE,W
IND,208,6415,59486,31/12/2023,14:03:48,15,1,22.9,1.0,38.0,37.9,2,1,1.00,CYCLE,W
IND,208,6415,59486,31/12/2023,14:04:44,15,1,29.3,1.0,55.3,55.2,2,1,1.00,CYCLE,W
IND,208,6415,59486,31/12/2023,14:06:27,15,1,26.8,1.0,51.7,51.4,2,1,1.00,CYCLE,W
IND,208,6415,59486,31/12/2023,14:06:58,15,1,23.6,1.1,31.0,30.9,2,1,1.00,CYCLE,W
IND,208,6415,59486,31/12/2023,14:07:59,15,1,25.9,1.0,60.2,60.1,2,1,1.00,CYCLE,W
IND,208,6415,59485,31/12/2023,14:08:44,15,0,22.7,1.1,348.8,348.6,2,1,1.00,CYCLE,E
IND,208,6415,59485,31/12/2023,14:08:45,15,0,25.8,1.1,0.7,0.6,2,1,1.00,CYCLE,E
IND,208,6415,59486,31/12/2023,14:10:20,15,1,23.1,1.2,141.1,140.9,2,1,1.00,CYCLE,W
IND,208,6415,59486,31/12/2023,14:10:21,15,1,25.6,1.0,1.2,1.0,2,1,1.00,CYCLE,W
IND,208,6415,59486,31/12/2023,14:10:36,15,1,16.9,1.1,14.5,14.4,2,1,1.00,CYCLE,W
IND,208,6415,59486,31/12/2023,14:10:43,15,1,18.6,1.0,7.7,7.5,2,1,1.00,CYCLE,W
IND,208,6415,59486,31/12/2023,14:10:54,15,1,24.5,1.0,10.9,10.7,2,1,1.00,CYCLE,W
IND,208,6415,59486,31/12/2023,14:11:24,15,1,27.3,1.1,30.3,30.2,2,1,1.00,CYCLE,W
IND,208,6415,59486,31/12/2023,14:11:31,15,1,21.3,1.0,6.6,6.5,2,1,1.00,CYCLE,W
IND,208,6415,59485,31/12/2023,14:11:32,15,0,20.7,1.1,80.5,78.1,2,1,1.00,CYCLE,E
IND,208,6415,59486,31/12/2023,14:11:33,15,1,19.7,1.0,1.6,1.4,2,1,1.00,CYCLE,W
IND,208,6415,59486,31/12/2023,14:11:39,15,1,21.3,1.1,6.7,6.6,2,1,1.00,CYCLE,W
IND,208,6415,59486,31/12/2023,14:11:40,15,1,22.5,1.0,0.9,0.7,2,1,1.00,CYCLE,W
IND,208,6415,59486,31/12/2023,14:11:45,15,1,20.3,1.1,5.2,5.0,2,1,1.00,CYCLE,W
IND,208,6415,59485,31/12/2023,14:13:41,15,0,14.3,1.0,129.1,129.0,2,1,1.00,CYCLE,E
IND,208,6415,59485,31/12/2023,14:13:45,15,0,19.3,1.0,3.9,3.7,2,1,1.00,CYCLE,E
IND,208,6415,59485,31/12/2023,14:13:59,15,0,12.9,0.9,14.2,14.0,2,1,1.00,CYCLE,E
IND,208,6415,59485,31/12/2023,14:14:00,15,0,13.7,1.1,1.0,0.8,2,1,1.00,CYCLE,E
IND,208,6415,59485,31/12/2023,14:15:17,15,0,18.5,1.1,19.0,18.2,2,1,1.00,CYCLE,E
IND,208,6415,59485,31/12/2023,14:15:55,15,0,12.9,1.1,38.7,38.5,2,1,1.00,CYCLE,E
IND,208,6415,59486,31/12/2023,14:15:56,15,1,16.6,1.0,88.7,87.9,2,1,0.50,CYCLE,W
IND,208,6415,59485,31/12/2023,14:15:56,15,0,16.6,1.0,0.0,0.0,2,1,0.50,CYCLE,E
IND,208,6415,59485,31/12/2023,14:16:06,15,0,20.9,1.0,11.0,10.7,2,1,1.00,CYCLE,E
IND,208,6415,59485,31/12/2023,14:16:08,15,0,20.4,1.0,1.2,1.0,2,1,1.00,CYCLE,E
IND,208,6415,59486,31/12/2023,14:17:27,15,1,8.4,1.0,62.4,62.4,2,1,0.29,CYCLE,W
IND,208,6415,59485,31/12/2023,14:17:58,15,0,24.6,1.0,110.5,110.4,2,1,1.00,CYCLE,E
IND,208,6415,59486,31/12/2023,14:18:07,15,1,3.0,1.0,40.6,40.0,2,1,0.40,CYCLE,W
IND,208,6415,59485,31/12/2023,14:18:22,15,0,22.5,1.0,23.6,23.4,2,1,1.00,CYCLE,E
IND,208,6415,59485,31/12/2023,14:18:22,15,0,22.5,1.0,0.0,0.0,2,1,1.00,CYCLE,E
IND,208,6415,59486,31/12/2023,14:18:25,15,1,22.5,1.0,17.3,16.2,2,1,1.00,CYCLE,W
IND,208,6415,59486,31/12/2023,14:19:02,15,1,21.9,1.0,37.0,36.8,2,1,1.00,CYCLE,W
IND,208,6415,59485,31/12/2023,14:19:47,15,0,22.3,1.1,85.1,84.9,2,1,1.00,CYCLE,E
IND,208,6415,59486,31/12/2023,14:20:23,15,1,35.3,1.1,80.8,80.6,2,1,1.00,CYCLE,W
IND,208,6415,59486,31/12/2023,14:22:37,15,1,21.9,1.0,40.5,40.4,2,1,1.00,CYCLE,W
IND,208,6415,59486,31/12/2023,14:24:44,15,1,20.9,1.0,126.9,126.8,2,1,1.00,CYCLE,W
IND,208,6415,59486,31/12/2023,14:24:44,15,1,21.4,1.0,0.7,0.5,2,1,1.00,CYCLE,W
IND,208,6415,59486,31/12/2023,14:24:47,15,1,19.0,1.0,2.2,2.1,2,1,1.00,CYCLE,W
IND,208,6415,59485,31/12/2023,14:25:30,15,0,23.0,0.8,93.7,93.3,2,1,1.00,CYCLE,E
IND,208,6415,59485,31/12/2023,14:29:26,15,0,24.3,1.0,92.4,92.0,2,1,1.00,CYCLE,E
IND,208,6415,59486,31/12/2023,14:29:30,15,1,26.7,0.9,283.5,283.3,2,1,1.00,CYCLE,W
IND,208,6415,59485,31/12/2023,14:30:02,15,0,28.7,1.0,36.0,35.8,2,1,0.80,CYCLE,E
IND,208,6415,59485,31/12/2023,14:30:40,15,0,16.2,1.1,37.9,37.8,2,1,1.00,CYCLE,E
IND,208,6415,59485,31/12/2023,14:31:56,15,0,26.3,1.1,76.3,76.0,2,1,1.00,CYCLE,E
IND,208,6415,59486,31/12/2023,14:32:16,15,1,18.7,1.1,133.3,133.2,2,1,1.00,CYCLE,W
IND,208,6415,59486,31/12/2023,14:32:19,15,1,18.9,1.0,2.6,2.4,2,1,1.00,CYCLE,W
IND,208,6415,59486,31/12/2023,14:32:20,15,1,17.3,1.1,1.5,1.3,2,1,1.00,CYCLE,W
IND,208,6415,59486,31/12/2023,14:32:23,15,1,18.5,0.9,2.7,2.5,2,1,1.00,CYCLE,W
IND,208,6415,59486,31/12/2023,14:32:24,15,1,19.4,1.0,1.3,1.1,2,1,1.00,CYCLE,W
IND,208,6415,59486,31/12/2023,14:33:56,15,1,22.2,1.0,91.4,91.2,2,1,1.00,CYCLE,W
IND,208,6415,59486,31/12/2023,14:34:50,15,1,23.1,1.2,48.3,47.6,2,1,1.00,CYCLE,W
IND,208,6415,59486,31/12/2023,14:34:51,15,1,23.2,1.2,1.5,1.3,2,1,1.00,CYCLE,W
IND,208,6415,59486,31/12/2023,14:35:02,15,1,8.0,1.0,11.0,10.9,2,1,0.22,CYCLE,W
IND,208,6415,59486,31/12/2023,14:35:26,15,1,31.0,0.9,23.7,22.8,2,1,1.00,CYCLE,W
IND,208,6415,59486,31/12/2023,14:35:58,15,1,22.2,1.1,32.0,31.9,2,1,1.00,CYCLE,W
IND,208,6415,59485,31/12/2023,14:36:00,15,0,20.8,1.0,239.2,238.5,2,1,1.00,CYCLE,E
IND,208,6415,59486,31/12/2023,14:37:56,15,1,27.4,1.1,118.6,118.4,2,1,1.00,CYCLE,W
IND,208,6415,59486,31/12/2023,14:37:58,15,1,26.5,1.0,1.9,1.8,2,1,1.00,CYCLE,W
IND,208,6415,59486,31/12/2023,14:38:00,15,1,25.3,1.1,1.5,1.4,2,1,1.00,CYCLE,W
IND,208,6415,59485,31/12/2023,14:39:27,15,0,17.6,1.0,207.2,207.0,2,1,1.00,CYCLE,E
IND,208,6415,59485,31/12/2023,14:39:31,15,0,20.2,1.0,3.6,3.4,2,1,1.00,CYCLE,E
IND,208,6415,59485,31/12/2023,14:41:45,15,0,21.5,1.2,0.5,0.3,2,1,1.00,CYCLE,E
IND,208,6415,59485,31/12/2023,14:41:46,15,0,14.3,1.0,1.5,1.3,2,1,1.00,CYCLE,E
IND,208,6415,59485,31/12/2023,14:41:46,15,0,14.3,1.0,0.0,0.0,2,1,1.00,CYCLE,E
IND,208,6415,59485,31/12/2023,14:43:06,15,0,21.3,1.0,79.6,79.3,2,1,0.57,CYCLE,E
IND,208,6415,59485,31/12/2023,14:43:53,15,0,28.5,1.0,47.4,46.3,2,1,1.00,CYCLE,E
IND,208,6415,59485,31/12/2023,14:43:54,15,0,13.9,1.1,0.8,0.7,2,1,1.00,CYCLE,E
IND,208,6415,59485,31/12/2023,14:43:55,15,0,13.4,1.0,1.1,0.8,2,1,1.00,CYCLE,E
IND,208,6415,59486,31/12/2023,14:45:40,15,1,22.4,1.0,460.0,459.9,2,1,1.00,CYCLE,W
IND,208,6415,59485,31/12/2023,14:46:00,15,0,17.5,1.0,124.4,124.2,2,1,0.80,CYCLE,E
IND,208,6415,59485,31/12/2023,14:46:58,15,0,27.6,0.9,14.5,14.3,2,1,1.00,CYCLE,E
IND,208,6415,59485,31/12/2023,14:50:03,15,0,17.4,1.0,185.1,185.0,2,1,1.00,CYCLE,E
IND,208,6415,59485,31/12/2023,14:50:27,15,0,28.2,1.0,23.8,23.6,2,1,1.00,CYCLE,E
IND,208,6415,59486,31/12/2023,14:50:44,15,1,23.5,1.0,1.9,1.7,2,1,1.00,CYCLE,W
IND,208,6415,59485,31/12/2023,14:51:07,15,0,14.8,1.1,40.5,40.4,2,1,1.00,CYCLE,E
IND,208,6415,59485,31/12/2023,14:51:16,15,0,13.7,1.1,8.4,8.2,2,1,1.00,CYCLE,E
IND,208,6415,59485,31/12/2023,14:51:17,15,0,14.2,1.1,1.0,0.7,2,1,1.00,CYCLE,E
IND,208,6415,59486,31/12/2023,14:52:52,15,1,22.3,1.0,128.1,128.0,2,1,1.00,CYCLE,W
IND,208,6415,59486,31/12/2023,14:52:57,15,1,23.8,1.1,5.0,4.8,2,1,1.00,CYCLE,W
IND,208,6415,59486,31/12/2023,14:53:51,15,1,4.6,0.1,54.0,54.1,2,1,1.00,CYCLE,W
IND,208,6415,59485,31/12/2023,14:54:19,15,0,27.6,1.0,181.9,181.6,2,1,1.00,CYCLE,E
IND,208,6415,59486,31/12/2023,14:54:29,15,1,19.2,1.1,37.9,37.5,2,1,1.00,CYCLE,W
IND,208,6415,59486,31/12/2023,14:56:00,15,1,18.6,1.1,91.1,90.9,2,1,1.00,CYCLE,W
IND,208,6415,59486,31/12/2023,14:57:35,15,1,22.1,1.2,94.3,94.1,2,1,1.00,CYCLE,W
IND,208,6415,59485,31/12/2023,14:58:08,15,0,20.8,1.1,229.0,228.9,2,1,1.00,CYCLE,E
IND,208,6415,59485,31/12/2023,14:58:11,15,0,20.1,1.0,3.1,3.0,2,1,1.00,CYCLE,E
IND,208,6415,59485,31/12/2023,14:58:47,15,0,21.9,1.0,35.9,35.7,2,1,1.00,CYCLE,E
IND,208,6415,59485,31/12/2023,14:58:55,15,0,30.3,1.0,8.4,8.2,2,1,1.00,CYCLE,E
IND,208,6415,59485,31/12/2023,14:59:10,15,0,18.2,1.1,15.1,14.9,2,1,1.00,CYCLE,E
IND,208,6415,59485,31/12/2023,14:59:14,15,0,18.8,1.1,4.2,4.0,2,1,1.00,CYCLE,E
IND,208,6415,59485,31/12/2023,14:59:17,15,0,19.5,1.0,2.3,2.1,2,1,1.00,CYCLE,E
IND,208,6415,59486,31/12/2023,15:00:10,15,1,29.2,1.0,155.5,155.3,2,1,1.00,CYCLE,W
IND,208,6415,59486,31/12/2023,15:06:11,15,1,8.4,1.0,361.3,361.2,2,1,0.35,CYCLE,W
IND,208,6415,59486,31/12/2023,15:06:11,15,1,8.4,1.0,0.0,0.0,2,1,0.35,CYCLE,W
IND,208,6415,59486,31/12/2023,15:06:11,15,1,8.4,1.0,0.0,0.0,2,1,0.35,CYCLE,W
IND,208,6415,59485,31/12/2023,15:06:39,15,0,18.6,1.0,409.6,409.3,2,1,1.00,CYCLE,E
IND,208,6415,59486,31/12/2023,15:06:40,15,1,21.3,1.0,25.1,24.8,2,1,1.00,CYCLE,W
IND,208,6415,59486,31/12/2023,15:06:41,15,1,20.9,1.1,0.9,0.7,2,1,1.00,CYCLE,W
IND,208,6415,59486,31/12/2023,15:06:43,15,1,23.2,1.1,2.1,1.9,2,1,1.00,CYCLE,W
IND,208,6415,59486,31/12/2023,15:07:07,15,1,21.4,1.0,23.4,23.3,2,1,1.00,CYCLE,W
IND,208,6415,59486,31/12/2023,15:08:44,15,1,14.4,1.0,97.4,97.1,2,1,0.57,CYCLE,W
IND,208,6415,59486,31/12/2023,15:11:16,15,1,5.2,1.0,152.3,152.2,2,1,0.20,CYCLE,W
IND,208,6415,59486,31/12/2023,15:11:16,15,1,5.2,1.0,0.0,0.0,2,1,0.20,CYCLE,W
IND,208,6415,59485,31/12/2023,15:11:41,15,0,10.4,1.0,279.9,279.9,2,1,1.00,CYCLE,E
IND,208,6415,59485,31/12/2023,15:11:44,15,0,10.8,1.0,3.3,3.0,2,1,1.00,CYCLE,E
IND,208,6415,59486,31/12/2023,15:14:38,15,1,23.2,1.1,201.5,199.0,2,1,1.00,CYCLE,W
IND,208,6415,59486,31/12/2023,15:15:39,15,1,19.6,1.1,61.6,61.4,2,1,1.00,CYCLE,W
IND,208,6415,59485,31/12/2023,15:16:24,15,0,17.7,1.1,279.8,279.5,2,1,1.00,CYCLE,E
IND,208,6415,59485,31/12/2023,15:18:33,15,0,4.2,1.0,128.7,128.5,2,1,0.67,CYCLE,E
IND,208,6415,59485,31/12/2023,15:18:47,15,0,10.4,0.0,14.1,13.3,2,1,1.00,CYCLE,E
IND,208,6415,59485,31/12/2023,15:18:51,15,0,18.5,1.0,4.6,4.6,2,1,1.00,CYCLE,E
IND,208,6415,59486,31/12/2023,15:19:13,15,1,1.9,0.4,213.5,214.0,2,1,0.80,CYCLE,W
IND,208,6415,59486,31/12/2023,15:21:43,15,1,18.5,1.0,149.9,149.2,2,1,1.00,CYCLE,W
IND,208,6415,59485,31/12/2023,15:22:01,15,0,26.9,1.0,190.0,189.8,2,1,1.00,CYCLE,E
IND,208,6415,59485,31/12/2023,15:23:32,15,0,18.0,1.0,90.9,90.7,2,1,1.00,CYCLE,E
IND,208,6415,59485,31/12/2023,15:24:32,15,0,14.0,1.0,60.0,59.8,2,1,1.00,CYCLE,E
IND,208,6415,59485,31/12/2023,15:24:34,15,0,13.6,1.1,1.3,1.1,2,1,1.00,CYCLE,E
IND,208,6415,59486,31/12/2023,15:25:00,15,1,20.8,1.1,56.7,55.8,2,1,1.00,CYCLE,W
IND,208,6415,59485,31/12/2023,15:25:05,15,0,21.7,1.0,31.2,30.9,2,1,1.00,CYCLE,E
IND,208,6415,59485,31/12/2023,15:25:05,15,0,21.7,1.0,0.0,0.0,2,1,1.00,CYCLE,E
IND,208,6415,59486,31/12/2023,15:26:16,15,1,3.7,0.4,75.8,76.0,2,1,1.00,CYCLE,W
IND,208,6415,59485,31/12/2023,15:26:43,15,0,2.3,1.0,97.8,97.6,2,1,0.50,CYCLE,E
IND,208,6415,59485,31/12/2023,15:26:43,15,0,2.3,1.0,0.0,0.0,2,1,0.50,CYCLE,E
IND,208,6415,59485,31/12/2023,15:26:43,15,0,2.3,1.0,0.0,0.0,2,1,0.50,CYCLE,E
IND,208,6415,59486,31/12/2023,15:29:09,15,1,29.7,1.0,173.1,172.3,2,1,1.00,CYCLE,W
IND,208,6415,59486,31/12/2023,15:29:09,15,1,30.5,0.9,0.6,0.5,2,1,1.00,CYCLE,W
IND,208,6415,59485,31/12/2023,15:30:44,15,0,7.1,1.0,241.0,238.2,2,1,1.00,CYCLE,E
IND,208,6415,59486,31/12/2023,15:34:06,15,1,31.3,0.9,248.8,248.6,2,1,1.00,CYCLE,W
IND,208,6415,59486,31/12/2023,15:34:13,15,1,22.2,1.0,7.4,7.3,2,1,1.00,CYCLE,W
IND,208,6415,59486,31/12/2023,15:35:01,15,1,13.3,1.0,47.3,47.2,2,1,0.15,CYCLE,W
IND,208,6415,59486,31/12/2023,15:36:10,15,1,47.4,0.3,69.0,67.2,2,1,0.80,CYCLE,W
IND,208,6415,59485,31/12/2023,15:39:06,15,0,28.7,1.0,502.8,502.3,2,1,1.00,CYCLE,E
IND,208,6415,59486,31/12/2023,15:40:13,15,1,29.0,1.1,243.2,243.2,2,1,1.00,CYCLE,W
IND,208,6415,59486,31/12/2023,15:40:53,15,1,22.9,1.0,39.9,39.7,2,1,1.00,CYCLE,W
IND,208,6415,59486,31/12/2023,15:42:19,15,1,2.4,0.2,86.4,86.8,2,1,0.80,CYCLE,W
IND,208,6415,59486,31/12/2023,15:42:45,15,1,21.1,1.1,25.6,24.7,2,1,1.00,CYCLE,W
IND,208,6415,59485,31/12/2023,15:43:21,15,0,23.0,1.1,254.2,254.1,2,1,1.00,CYCLE,E
IND,208,6415,59486,31/12/2023,15:45:02,15,1,3.3,0.3,137.3,137.5,2,1,1.00,CYCLE,W
IND,208,6415,59485,31/12/2023,15:45:18,15,0,17.4,1.1,116.9,116.7,2,1,1.00,CYCLE,E
IND,208,6415,59486,31/12/2023,15:45:21,15,1,28.2,1.1,19.2,18.4,2,1,1.00,CYCLE,W
IND,208,6415,59485,31/12/2023,15:45:32,15,0,16.4,1.1,14.9,14.7,2,1,1.00,CYCLE,E
IND,208,6415,59485,31/12/2023,15:45:34,15,0,15.9,1.1,1.1,0.9,2,1,1.00,CYCLE,E
IND,208,6415,59485,31/12/2023,15:45:58,15,0,23.3,1.0,24.2,24.0,2,1,1.00,CYCLE,E
IND,208,6415,59486,31/12/2023,15:46:50,15,1,19.1,1.1,89.1,89.0,2,1,1.00,CYCLE,W
IND,208,6415,59486,31/12/2023,15:50:05,15,1,19.9,1.0,194.4,194.2,2,1,1.00,CYCLE,W
IND,208,6415,59486,31/12/2023,15:50:06,15,1,20.6,1.0,1.5,2.1,2,1,0.80,CYCLE,W
IND,208,6415,59485,31/12/2023,15:52:18,15,0,22.1,1.2,290.7,290.5,2,1,1.00,CYCLE,E
IND,208,6415,59485,31/12/2023,15:52:56,15,0,15.4,1.1,37.1,36.9,2,1,1.00,CYCLE,E
IND,208,6415,59486,31/12/2023,15:56:26,15,1,39.0,1.1,380.2,379.2,2,1,1.00,CYCLE,W
IND,208,6415,59486,31/12/2023,15:57:53,15,1,4.1,1.0,87.0,87.2,2,1,0.80,CYCLE,W
IND,208,6415,59486,31/12/2023,15:58:04,15,1,9.8,1.1,11.1,10.6,2,1,1.00,CYCLE,W
IND,208,6415,59486,31/12/2023,16:01:16,15,1,26.0,1.0,191.3,190.8,2,1,1.00,CYCLE,W
IND,208,6415,59486,31/12/2023,16:01:21,15,1,26.5,1.1,5.1,5.0,2,1,1.00,CYCLE,W
IND,208,6415,59486,31/12/2023,16:01:27,15,1,23.1,1.1,6.4,6.2,2,1,1.00,CYCLE,W
IND,208,6415,59486,31/12/2023,16:01:33,15,1,27.0,1.1,3.9,3.7,2,1,1.00,CYCLE,W
IND,208,6415,59486,31/12/2023,16:04:05,15,1,23.2,1.0,151.5,151.3,2,1,1.00,CYCLE,W
IND,208,6415,59486,31/12/2023,16:04:05,15,1,23.2,1.0,0.0,0.0,2,1,1.00,CYCLE,W
IND,208,6415,59486,31/12/2023,16:05:34,15,1,22.4,1.1,88.9,88.7,2,1,1.00,CYCLE,W
IND,208,6415,59486,31/12/2023,16:05:38,15,1,23.6,0.9,3.3,3.3,2,1,1.00,CYCLE,W
IND,208,6415,59486,31/12/2023,16:06:11,15,1,5.5,1.0,33.0,33.1,2,1,0.46,CYCLE,W
IND,208,6415,59486,31/12/2023,16:06:11,15,1,5.5,1.0,0.0,0.0,2,1,0.46,CYCLE,W
IND,208,6415,59485,31/12/2023,16:06:27,15,0,18.9,1.2,374.9,374.9,2,1,1.00,CYCLE,E
IND,208,6415,59486,31/12/2023,16:07:47,15,1,22.1,1.2,96.0,93.9,2,1,1.00,CYCLE,W
IND,208,6415,59486,31/12/2023,16:07:47,15,1,20.7,1.1,0.4,0.3,2,1,1.00,CYCLE,W
IND,208,6415,59486,31/12/2023,16:07:49,15,1,22.3,0.9,1.8,1.6,2,1,1.00,CYCLE,W
IND,208,6415,59485,31/12/2023,16:08:27,15,0,18.8,1.1,25.3,25.1,2,1,1.00,CYCLE,E
IND,208,6415,59485,31/12/2023,16:08:43,15,0,14.9,1.1,15.3,15.1,2,1,1.00,CYCLE,E
IND,208,6415,59486,31/12/2023,16:09:46,15,1,28.6,0.9,117.0,116.8,2,1,1.00,CYCLE,W
IND,208,6415,59486,31/12/2023,16:15:14,15,1,31.3,1.0,328.1,327.9,2,1,1.00,CYCLE,W
IND,208,6415,59486,31/12/2023,16:17:09,15,1,2.9,0.3,66.5,65.9,2,1,1.00,CYCLE,W
IND,208,6415,59485,31/12/2023,16:18:13,15,0,16.1,1.0,285.9,285.6,2,1,1.00,CYCLE,E
IND,208,6415,59486,31/12/2023,16:20:34,15,1,20.1,1.1,175.0,174.6,2,1,1.00,CYCLE,W
IND,208,6415,59486,31/12/2023,16:22:22,15,1,19.2,1.1,18.4,17.9,2,1,1.00,CYCLE,W
IND,208,6415,59486,31/12/2023,16:22:23,15,1,19.7,1.1,1.1,0.9,2,1,1.00,CYCLE,W
IND,208,6415,59486,31/12/2023,16:24:03,15,1,21.1,1.0,100.0,99.8,2,1,1.00,CYCLE,W
IND,208,6415,59486,31/12/2023,16:29:28,15,1,18.9,1.0,324.7,324.6,2,1,1.00,CYCLE,W
IND,208,6415,59485,31/12/2023,16:31:37,15,0,24.1,1.2,532.0,531.6,2,1,1.00,CYCLE,E
IND,208,6415,59485,31/12/2023,16:35:24,15,0,20.7,1.1,214.5,212.8,2,1,1.00,CYCLE,E
IND,208,6415,59486,31/12/2023,16:37:29,15,1,21.7,1.0,480.7,480.5,2,1,1.00,CYCLE,W
IND,208,6415,59486,31/12/2023,16:37:30,15,1,19.1,0.9,1.0,0.8,2,1,1.00,CYCLE,W
IND,208,6415,59485,31/12/2023,16:39:33,15,0,25.4,1.1,248.6,248.4,2,1,1.00,CYCLE,E
IND,208,6415,59486,31/12/2023,16:40:02,15,1,18.5,1.2,33.2,33.0,2,1,1.00,CYCLE,W
IND,208,6415,59486,31/12/2023,16:40:29,15,1,26.8,0.9,26.4,26.1,2,1,1.00,CYCLE,W
IND,208,6415,59485,31/12/2023,16:40:43,15,0,13.6,1.1,70.2,70.0,2,1,1.00,CYCLE,E
IND,208,6415,59485,31/12/2023,16:42:28,15,0,24.9,1.0,104.9,104.6,2,1,1.00,CYCLE,E
IND,208,6415,59485,31/12/2023,16:43:55,15,0,22.5,1.0,87.4,87.3,2,1,1.00,CYCLE,E
IND,208,6415,59486,31/12/2023,16:44:01,15,1,23.1,1.0,212.1,212.0,2,1,1.00,CYCLE,W
IND,208,6415,59486,31/12/2023,16:44:01,15,1,23.1,1.0,0.0,0.0,2,1,1.00,CYCLE,W
IND,208,6415,59485,31/12/2023,16:46:34,15,0,22.8,1.1,158.7,158.5,2,1,1.00,CYCLE,E
IND,208,6415,59486,31/12/2023,16:49:23,15,1,19.8,1.0,321.9,321.6,2,1,1.00,CYCLE,W
IND,208,6415,59486,31/12/2023,16:49:23,15,1,19.8,1.0,0.0,0.0,2,1,1.00,CYCLE,W
IND,208,6415,59486,31/12/2023,16:49:34,15,1,19.7,1.0,10.8,10.5,2,1,1.00,CYCLE,W
IND,208,6415,59486,31/12/2023,16:49:34,15,1,19.3,1.0,0.4,0.2,2,1,1.00,CYCLE,W
IND,208,6415,59486,31/12/2023,16:53:20,15,1,23.0,1.0,14.5,14.4,2,1,1.00,CYCLE,W
IND,208,6415,59486,31/12/2023,16:53:22,15,1,21.1,1.1,2.1,2.0,2,1,1.00,CYCLE,W
IND,208,6415,59486,31/12/2023,16:54:48,15,1,8.7,1.0,85.2,85.0,2,1,0.60,CYCLE,W
IND,208,6415,59486,31/12/2023,16:54:48,15,1,8.7,1.0,0.0,0.0,2,1,0.60,CYCLE,W
IND,208,6415,59486,31/12/2023,16:55:15,15,1,25.3,1.1,27.8,26.9,2,1,1.00,CYCLE,W
IND,208,6415,59485,31/12/2023,16:57:46,15,0,9.7,0.9,196.2,196.1,2,1,1.00,CYCLE,E
IND,208,6415,59485,31/12/2023,16:57:54,15,0,25.5,1.0,8.2,7.8,2,1,1.00,CYCLE,E
IND,208,6415,59486,31/12/2023,16:57:56,15,1,22.8,1.0,160.4,160.2,2,1,1.00,CYCLE,W
IND,208,6415,59486,31/12/2023,16:57:58,15,1,24.3,1.0,2.3,2.2,2,1,1.00,CYCLE,W
IND,208,6415,59486,31/12/2023,16:59:58,15,1,28.2,1.0,6.7,5.4,2,1,1.00,CYCLE,W
IND,208,6415,59486,31/12/2023,16:59:59,15,1,30.6,1.0,0.6,0.4,2,1,1.00,CYCLE,W
IND,208,6415,59486,31/12/2023,17:00:25,15,1,20.3,1.0,25.9,25.8,2,1,1.00,CYCLE,W
IND,208,6415,59486,31/12/2023,17:00:25,15,1,19.8,1.1,0.6,0.4,2,1,1.00,CYCLE,W
IND,208,6415,59486,31/12/2023,17:01:17,15,1,27.0,1.2,51.5,51.3,2,1,1.00,CYCLE,W
IND,208,6415,59485,31/12/2023,17:04:07,15,0,17.6,1.0,372.9,372.8,2,1,1.00,CYCLE,E
IND,208,6415,59485,31/12/2023,17:04:08,15,0,18.2,1.1,0.4,0.2,2,1,1.00,CYCLE,E
IND,208,6415,59486,31/12/2023,17:08:38,15,1,28.0,1.0,441.1,441.0,2,1,1.00,CYCLE,W
IND,208,6415,59486,31/12/2023,17:10:19,15,1,7.4,0.4,7.3,7.3,2,1,0.80,CYCLE,W
IND,208,6415,59485,31/12/2023,17:10:44,15,0,10.8,1.1,396.5,396.3,2,1,1.00,CYCLE,E
IND,208,6415,59486,31/12/2023,17:10:47,15,1,5.6,1.0,28.3,28.2,2,1,0.67,CYCLE,W
IND,208,6415,59485,31/12/2023,17:10:52,15,0,10.7,1.0,7.6,7.2,2,1,1.00,CYCLE,E
IND,208,6415,59485,31/12/2023,17:12:49,15,0,28.2,1.0,83.8,83.2,2,1,1.00,CYCLE,E
IND,208,6415,59485,31/12/2023,17:12:57,15,0,18.2,1.1,8.8,8.6,2,1,1.00,CYCLE,E
IND,208,6415,59485,31/12/2023,17:13:02,15,0,20.4,1.1,5.0,4.8,2,1,1.00,CYCLE,E
IND,208,6415,59485,31/12/2023,17:13:05,15,0,24.2,1.1,2.6,2.4,2,1,1.00,CYCLE,E
IND,208,6415,59485,31/12/2023,17:13:07,15,0,22.9,1.0,2.4,2.3,2,1,1.00,CYCLE,E
IND,208,6415,59486,31/12/2023,17:14:21,15,1,3.5,1.0,213.7,212.7,2,1,0.40,CYCLE,W
IND,208,6415,59486,31/12/2023,17:17:06,15,1,28.6,1.1,165.8,164.9,2,1,1.00,CYCLE,W
IND,208,6415,59485,31/12/2023,17:18:47,15,0,16.5,1.0,339.4,339.3,2,1,1.00,CYCLE,E
IND,208,6415,59485,31/12/2023,17:18:48,15,0,15.0,1.0,0.8,0.6,2,1,1.00,CYCLE,E
IND,208,6415,59486,31/12/2023,17:19:24,15,1,34.9,1.1,138.1,138.0,2,1,1.00,CYCLE,W
IND,208,6415,59486,31/12/2023,17:22:15,15,1,25.4,1.0,170.9,170.8,2,1,1.00,CYCLE,W
IND,208,6415,59485,31/12/2023,17:24:09,15,0,24.3,1.1,321.5,321.2,2,1,1.00,CYCLE,E
IND,208,6415,59486,31/12/2023,17:24:56,15,1,25.9,1.1,161.1,161.0,2,1,1.00,CYCLE,W
IND,208,6415,59486,31/12/2023,17:27:20,15,1,27.0,1.0,144.0,143.9,2,1,1.00,CYCLE,W
IND,208,6415,59486,31/12/2023,17:28:16,15,1,29.8,0.9,55.3,55.1,2,1,1.00,CYCLE,W
IND,208,6415,59485,31/12/2023,17:28:24,15,0,23.9,1.2,254.7,254.6,2,1,1.00,CYCLE,E
IND,208,6415,59485,31/12/2023,17:28:47,15,0,17.2,1.0,23.5,23.4,2,1,1.00,CYCLE,E
IND,208,6415,59485,31/12/2023,17:30:54,15,0,16.7,1.0,126.8,126.6,2,1,1.00,CYCLE,E
IND,208,6415,59485,31/12/2023,17:30:54,15,0,16.7,1.0,0.0,0.0,2,1,1.00,CYCLE,E
IND,208,6415,59485,31/12/2023,17:34:30,15,0,20.5,1.0,215.5,215.2,2,1,1.00,CYCLE,E
IND,208,6415,59485,31/12/2023,17:34:37,15,0,19.8,1.0,7.9,7.7,2,1,1.00,CYCLE,E
IND,208,6415,59485,31/12/2023,17:35:11,15,0,3.7,0.4,33.1,33.0,2,1,0.80,CYCLE,E
IND,208,6415,59486,31/12/2023,17:37:48,15,1,22.2,1.0,572.7,572.6,2,1,1.00,CYCLE,W
IND,208,6415,59486,31/12/2023,17:37:55,15,1,17.9,1.0,6.1,5.8,2,1,0.25,CYCLE,W
IND,208,6415,59486,31/12/2023,17:45:34,15,1,22.2,1.1,125.3,124.4,2,1,1.00,CYCLE,W
IND,208,6415,59486,31/12/2023,17:46:18,15,1,26.9,1.0,43.4,43.2,2,1,1.00,CYCLE,W
IND,208,6415,59486,31/12/2023,17:47:28,15,1,23.5,1.1,70.3,70.2,2,1,1.00,CYCLE,W
IND,208,6415,59486,31/12/2023,17:51:55,15,1,35.4,1.0,266.8,266.6,2,1,1.00,CYCLE,W
IND,208,6415,59485,31/12/2023,17:54:34,15,0,20.2,0.9,1163.1,1163.0,2,1,1.00,CYCLE,E
IND,208,6415,59485,31/12/2023,17:55:06,15,0,20.8,1.1,32.6,32.4,2,1,1.00,CYCLE,E
IND,208,6415,59486,31/12/2023,17:57:55,15,1,14.1,1.0,182.8,181.6,2,1,1.00,CYCLE,W
IND,208,6415,59486,31/12/2023,17:57:57,15,1,15.7,1.1,1.5,1.2,2,1,1.00,CYCLE,W
IND,208,6415,59486,31/12/2023,18:01:25,15,1,21.2,1.1,208.5,208.3,2,1,1.00,CYCLE,W
IND,208,6415,59485,31/12/2023,18:01:28,15,0,20.2,1.0,382.0,381.8,2,1,1.00,CYCLE,E
IND,208,6415,59486,31/12/2023,18:03:49,15,1,23.2,1.1,143.9,143.7,2,1,1.00,CYCLE,W
IND,208,6415,59485,31/12/2023,18:04:36,15,0,2.1,1.0,187.7,187.5,2,1,0.67,CYCLE,E
IND,208,6415,59485,31/12/2023,18:08:11,15,0,26.6,1.2,215.3,213.7,2,1,1.00,CYCLE,E
IND,208,6415,59485,31/12/2023,18:15:38,15,0,21.3,1.0,447.0,446.8,2,1,1.00,CYCLE,E
IND,208,6415,59485,31/12/2023,18:15:39,15,0,21.6,1.0,0.8,0.6,2,1,1.00,CYCLE,E
IND,208,6415,59485,31/12/2023,18:15:39,15,0,21.4,1.0,0.5,0.4,2,1,1.00,CYCLE,E
IND,208,6415,59485,31/12/2023,18:15:41,15,0,21.6,1.0,1.1,1.0,2,1,1.00,CYCLE,E
IND,208,6415,59485,31/12/2023,18:15:58,15,0,21.4,1.0,17.0,16.8,2,1,1.00,CYCLE,E
IND,208,6415,59486,31/12/2023,18:19:18,15,1,16.4,0.9,928.6,928.5,2,1,1.00,CYCLE,W
IND,208,6415,59485,31/12/2023,18:19:38,15,0,23.0,1.0,220.7,220.5,2,1,1.00,CYCLE,E
IND,208,6415,59486,31/12/2023,18:21:34,15,1,21.6,1.0,136.4,136.2,2,1,1.00,CYCLE,W
IND,208,6415,59486,31/12/2023,18:21:36,15,1,20.5,1.0,1.2,1.0,2,1,1.00,CYCLE,W
IND,208,6415,59485,31/12/2023,18:21:52,15,0,3.9,0.4,133.6,133.5,2,1,1.00,CYCLE,E
IND,208,6415,59485,31/12/2023,18:24:09,15,0,23.2,0.9,137.3,137.0,2,1,1.00,CYCLE,E
IND,208,6415,59486,31/12/2023,18:24:20,15,1,23.7,1.0,164.7,164.5,2,1,1.00,CYCLE,W
IND,208,6415,59486,31/12/2023,18:27:31,15,1,3.4,1.0,191.1,191.3,2,1,0.73,CYCLE,W
IND,208,6415,59486,31/12/2023,18:31:18,15,1,7.4,1.0,65.8,65.9,2,1,0.40,CYCLE,W
IND,208,6415,59485,31/12/2023,18:39:24,15,0,23.4,1.1,629.6,629.2,2,1,1.00,CYCLE,E
IND,208,6415,59485,31/12/2023,18:39:33,15,0,15.4,1.0,8.7,8.5,2,1,1.00,CYCLE,E
IND,208,6415,59485,31/12/2023,18:39:33,15,0,15.4,1.0,0.0,0.0,2,1,1.00,CYCLE,E
IND,208,6415,59485,31/12/2023,18:39:36,15,0,16.9,1.0,3.3,2.9,2,1,1.00,CYCLE,E
IND,208,6415,59486,31/12/2023,18:41:46,15,1,18.0,1.0,170.5,169.3,2,1,1.00,CYCLE,W
IND,208,6415,59486,31/12/2023,18:45:06,15,1,24.1,1.0,199.7,199.5,2,1,1.00,CYCLE,W
IND,208,6415,59486,31/12/2023,18:48:49,15,1,23.5,1.0,223.1,223.0,2,1,1.00,CYCLE,W
IND,208,6415,59485,31/12/2023,18:49:43,15,0,20.1,1.0,606.3,606.1,2,1,1.00,CYCLE,E
IND,208,6415,59485,31/12/2023,18:52:56,15,0,21.0,0.9,193.9,193.7,2,1,1.00,CYCLE,E
IND,208,6415,59486,31/12/2023,18:58:06,15,1,20.1,1.0,556.5,556.4,2,1,1.00,CYCLE,W
IND,208,6415,59486,31/12/2023,18:58:08,15,1,17.8,1.0,2.2,2.0,2,1,1.00,CYCLE,W
IND,208,6415,59486,31/12/2023,18:58:09,15,1,19.1,1.1,0.8,0.5,2,1,1.00,CYCLE,W
IND,208,6415,59486,31/12/2023,18:58:09,15,1,18.1,1.0,0.7,0.5,2,1,1.00,CYCLE,W
IND,208,6415,59486,31/12/2023,18:59:35,15,1,33.2,1.1,85.7,85.5,2,1,1.00,CYCLE,W
IND,208,6415,59485,31/12/2023,18:59:50,15,0,22.6,1.1,413.5,413.3,2,1,1.00,CYCLE,E
IND,208,6415,59486,31/12/2023,19:02:03,15,1,25.7,1.0,147.7,147.6,2,1,1.00,CYCLE,W
IND,208,6415,59486,31/12/2023,19:02:22,15,1,4.5,1.0,19.1,19.2,2,1,0.40,CYCLE,W
IND,208,6415,59485,31/12/2023,19:06:44,15,0,21.1,1.2,414.6,414.4,2,1,1.00,CYCLE,E
IND,208,6415,59485,31/12/2023,19:08:37,15,0,13.3,1.0,112.2,112.0,2,1,1.00,CYCLE,E
IND,208,6415,59486,31/12/2023,19:09:26,15,1,19.5,1.2,339.0,339.0,2,1,1.00,CYCLE,W
IND,208,6415,59486,31/12/2023,19:09:27,15,1,17.2,1.0,0.8,0.6,2,1,1.00,CYCLE,W
IND,208,6415,59486,31/12/2023,19:13:09,15,1,25.9,1.1,221.7,221.4,2,1,1.00,CYCLE,W
IND,208,6415,59486,31/12/2023,19:15:15,15,1,4.4,0.8,125.9,126.0,2,1,0.80,CYCLE,W
IND,208,6415,59485,31/12/2023,19:17:08,15,0,14.8,1.0,511.6,511.3,2,1,1.00,CYCLE,E
IND,208,6415,59485,31/12/2023,19:17:08,15,0,14.8,1.0,0.0,0.0,2,1,1.00,CYCLE,E
IND,208,6415,59486,31/12/2023,19:17:53,15,1,4.9,1.0,157.9,157.3,2,1,0.57,CYCLE,W
IND,208,6415,59486,31/12/2023,19:17:53,15,1,4.9,1.0,0.0,0.0,2,1,0.57,CYCLE,W
IND,208,6415,59486,31/12/2023,19:18:03,15,1,28.8,1.0,9.9,8.8,2,1,1.00,CYCLE,W
IND,208,6415,59486,31/12/2023,19:18:54,15,1,19.7,1.0,51.7,51.6,2,1,1.00,CYCLE,W
IND,208,6415,59485,31/12/2023,19:18:58,15,0,16.9,1.0,109.9,109.6,2,1,1.00,CYCLE,E
IND,208,6415,59486,31/12/2023,19:20:26,15,1,4.5,1.0,91.4,91.5,2,1,0.43,CYCLE,W
IND,208,6415,59486,31/12/2023,19:20:26,15,1,4.5,1.0,0.0,0.0,2,1,0.43,CYCLE,W
IND,208,6415,59486,31/12/2023,19:24:11,15,1,22.5,1.0,224.8,220.4,2,1,1.00,CYCLE,W
IND,208,6415,59486,31/12/2023,19:25:12,15,1,21.4,1.0,61.2,61.0,2,1,1.00,CYCLE,W
IND,208,6415,59486,31/12/2023,19:25:12,15,1,22.9,1.0,0.5,0.3,2,1,1.00,CYCLE,W
IND,208,6415,59486,31/12/2023,19:27:40,15,1,10.4,0.5,147.4,147.3,2,1,1.00,CYCLE,W
IND,208,6415,59485,31/12/2023,19:28:03,15,0,11.0,1.2,545.3,545.1,2,1,0.80,CYCLE,E
IND,208,6415,59486,31/12/2023,19:28:51,15,1,5.2,1.6,71.0,70.9,2,1,0.80,CYCLE,W
IND,208,6415,59486,31/12/2023,19:32:12,15,1,18.3,1.0,201.6,201.1,2,1,1.00,CYCLE,W
IND,208,6415,59486,31/12/2023,19:32:13,15,1,19.2,1.1,1.1,0.9,2,1,1.00,CYCLE,W
IND,208,6415,59486,31/12/2023,19:32:14,15,1,20.2,1.0,0.7,0.5,2,1,1.00,CYCLE,W
IND,208,6415,59486,31/12/2023,19:32:17,15,1,16.8,1.0,3.0,2.8,2,1,1.00,CYCLE,W
IND,208,6415,59486,31/12/2023,19:32:17,15,1,16.8,1.0,0.0,0.0,2,1,1.00,CYCLE,W
IND,208,6415,59486,31/12/2023,19:32:19,15,1,17.0,1.1,1.6,1.1,2,1,1.00,CYCLE,W
IND,208,6415,59486,31/12/2023,19:32:21,15,1,16.7,1.1,2.0,1.8,2,1,1.00,CYCLE,W
IND,208,6415,59486,31/12/2023,19:32:22,15,1,14.5,1.0,1.1,0.9,2,1,1.00,CYCLE,W
IND,208,6415,59486,31/12/2023,19:32:23,15,1,17.3,1.0,1.1,0.8,2,1,1.00,CYCLE,W
IND,208,6415,59486,31/12/2023,19:32:25,15,1,16.6,1.0,1.9,1.7,2,1,1.00,CYCLE,W
IND,208,6415,59486,31/12/2023,19:35:53,15,1,32.1,1.1,208.7,208.4,2,1,1.00,CYCLE,W
IND,208,6415,59486,31/12/2023,19:39:08,15,1,22.4,1.0,194.4,194.3,2,1,1.00,CYCLE,W
IND,208,6415,59486,31/12/2023,19:39:09,15,1,22.0,1.0,1.4,1.2,2,1,1.00,CYCLE,W
IND,208,6415,59486,31/12/2023,19:39:10,15,1,20.6,1.0,1.0,0.9,2,1,1.00,CYCLE,W
IND,208,6415,59486,31/12/2023,19:39:11,15,1,21.7,1.0,0.6,0.5,2,1,1.00,CYCLE,W
IND,208,6415,59485,31/12/2023,19:40:42,15,0,16.7,1.0,758.5,758.3,2,1,1.00,CYCLE,E
IND,208,6415,59486,31/12/2023,19:43:03,15,1,28.8,1.0,232.0,231.9,2,1,1.00,CYCLE,W
IND,208,6415,59486,31/12/2023,19:45:15,15,1,18.8,1.0,132.2,132.1,2,1,1.00,CYCLE,W
IND,208,6415,59486,31/12/2023,19:45:15,15,1,18.8,1.0,0.0,0.0,2,1,1.00,CYCLE,W
IND,208,6415,59486,31/12/2023,19:46:03,15,1,2.2,1.0,48.2,47.7,2,1,0.33,CYCLE,W
IND,208,6415,59486,31/12/2023,19:46:03,15,1,2.2,1.0,0.0,0.0,2,1,0.33,CYCLE,W
IND,208,6415,59486,31/12/2023,19:47:09,15,1,22.7,1.1,65.6,64.2,2,1,1.00,CYCLE,W
IND,208,6415,59486,31/12/2023,19:47:10,15,1,21.4,1.1,1.2,1.0,2,1,1.00,CYCLE,W
IND,208,6415,59486,31/12/2023,19:49:30,15,1,20.7,1.0,97.0,96.4,2,1,1.00,CYCLE,W
IND,208,6415,59486,31/12/2023,19:49:32,15,1,21.1,1.0,2.2,2.0,2,1,1.00,CYCLE,W
IND,208,6415,59486,31/12/2023,19:49:36,15,1,15.4,1.0,3.2,3.0,2,1,1.00,CYCLE,W
IND,208,6415,59485,31/12/2023,19:49:41,15,0,13.7,1.0,23.7,23.7,2,1,1.00,CYCLE,E
IND,208,6415,59485,31/12/2023,19:49:43,15,0,13.1,1.1,1.6,1.3,2,1,1.00,CYCLE,E
IND,208,6415,59485,31/12/2023,19:55:30,15,0,2.6,0.3,346.8,346.5,2,1,0.80,CYCLE,E
IND,208,6415,59486,31/12/2023,19:56:36,15,1,46.2,0.9,289.1,288.9,2,1,1.00,CYCLE,W
IND,208,6415,59485,31/12/2023,19:58:16,15,0,20.4,1.0,166.3,165.9,2,1,1.00,CYCLE,E
IND,208,6415,59486,31/12/2023,19:58:29,15,1,23.0,1.1,113.5,113.5,2,1,1.00,CYCLE,W
IND,208,6415,59486,31/12/2023,19:58:35,15,1,21.9,1.0,6.3,6.2,2,1,1.00,CYCLE,W
IND,208,6415,59486,31/12/2023,20:01:36,15,1,15.6,1.1,80.6,79.8,2,1,1.00,CYCLE,W
IND,208,6415,59486,31/12/2023,20:01:37,15,1,15.8,1.0,1.3,1.0,2,1,1.00,CYCLE,W
IND,208,6415,59485,31/12/2023,20:11:01,15,0,20.1,0.9,764.7,764.5,2,1,1.00,CYCLE,E
IND,208,6415,59485,31/12/2023,20:11:03,15,0,20.7,0.9,2.3,2.2,2,1,1.00,CYCLE,E
IND,208,6415,59485,31/12/2023,20:11:06,15,0,20.7,0.9,3.0,2.9,2,1,1.00,CYCLE,E
IND,208,6415,59486,31/12/2023,20:13:25,15,1,22.3,0.9,708.1,707.8,2,1,1.00,CYCLE,W
IND,208,6415,59486,31/12/2023,20:13:28,15,1,21.9,0.9,2.1,2.0,2,1,1.00,CYCLE,W
IND,208,6415,59486,31/12/2023,20:13:28,15,1,24.1,0.9,0.4,0.3,2,1,1.00,CYCLE,W
IND,208,6415,59485,31/12/2023,20:15:48,15,0,21.2,1.0,282.2,282.1,2,1,1.00,CYCLE,E
IND,208,6415,59486,31/12/2023,20:17:00,15,1,3.6,0.3,212.3,212.5,2,1,0.80,CYCLE,W
IND,208,6415,59486,31/12/2023,20:22:37,15,1,8.5,1.0,336.7,336.3,2,1,0.40,CYCLE,W
IND,208,6415,59486,31/12/2023,20:24:34,15,1,20.5,1.0,116.8,116.3,2,1,1.00,CYCLE,W
IND,208,6415,59485,31/12/2023,20:25:09,15,0,19.3,1.0,154.9,154.9,2,1,1.00,CYCLE,E
IND,208,6415,59485,31/12/2023,20:25:35,15,0,13.2,1.0,25.2,25.0,2,1,1.00,CYCLE,E
IND,208,6415,59485,31/12/2023,20:25:35,15,0,13.3,1.1,0.8,0.6,2,1,1.00,CYCLE,E
IND,208,6415,59486,31/12/2023,20:25:36,15,1,23.0,1.2,62.1,61.9,2,1,1.00,CYCLE,W
IND,208,6415,59486,31/12/2023,20:33:12,15,1,21.5,1.0,456.5,456.4,2,1,1.00,CYCLE,W
IND,208,6415,59486,31/12/2023,20:33:23,15,1,23.7,1.0,10.8,10.7,2,1,1.00,CYCLE,W
IND,208,6415,59486,31/12/2023,20:37:53,15,1,4.0,1.0,50.8,50.9,2,1,0.83,CYCLE,W
IND,208,6415,59486,31/12/2023,20:39:03,15,1,3.7,0.7,32.6,32.4,2,1,0.80,CYCLE,W
IND,208,6415,59485,31/12/2023,20:40:23,15,0,13.1,1.0,863.3,863.0,2,1,1.00,CYCLE,E
IND,208,6415,59485,31/12/2023,20:40:24,15,0,12.1,1.0,1.4,1.1,2,1,1.00,CYCLE,E
IND,208,6415,59485,31/12/2023,20:40:25,15,0,12.6,1.1,0.7,0.5,2,1,1.00,CYCLE,E
IND,208,6415,59485,31/12/2023,20:40:26,15,0,12.8,1.0,1.0,0.7,2,1,1.00,CYCLE,E
IND,208,6415,59485,31/12/2023,20:44:03,15,0,11.3,1.1,94.3,94.3,2,1,1.00,CYCLE,E
IND,208,6415,59485,31/12/2023,20:44:05,15,0,12.9,1.0,1.7,1.3,2,1,1.00,CYCLE,E
IND,208,6415,59485,31/12/2023,20:45:54,15,0,24.8,1.1,108.4,108.1,2,1,1.00,CYCLE,E
IND,208,6415,59485,31/12/2023,20:47:52,15,0,16.3,1.1,102.6,102.2,2,1,1.00,CYCLE,E
IND,208,6415,59485,31/12/2023,20:48:00,15,0,15.0,1.1,8.1,7.8,2,1,1.00,CYCLE,E
IND,208,6415,59485,31/12/2023,20:56:03,15,0,17.0,1.1,197.7,196.8,2,1,1.00,CYCLE,E
IND,208,6415,59485,31/12/2023,20:56:07,15,0,15.4,1.1,4.1,3.9,2,1,1.00,CYCLE,E
IND,208,6415,59485,31/12/2023,20:56:11,15,0,18.9,1.0,3.7,3.4,2,1,1.00,CYCLE,E
IND,208,6415,59485,31/12/2023,20:56:13,15,0,17.8,1.1,2.2,2.0,2,1,1.00,CYCLE,E
IND,208,6415,59486,31/12/2023,20:57:50,15,1,21.3,1.0,817.2,816.6,2,1,1.00,CYCLE,W
IND,208,6415,59485,31/12/2023,21:00:50,15,0,16.7,1.0,171.7,171.5,2,1,1.00,CYCLE,E
IND,208,6415,59485,31/12/2023,21:00:51,15,0,17.9,1.0,1.6,1.4,2,1,1.00,CYCLE,E
IND,208,6415,59485,31/12/2023,21:00:54,15,0,15.5,1.0,2.4,2.2,2,1,1.00,CYCLE,E
IND,208,6415,59485,31/12/2023,21:00:55,15,0,14.7,1.1,1.2,1.0,2,1,1.00,CYCLE,E
IND,208,6415,59485,31/12/2023,21:00:56,15,0,15.2,1.1,1.3,1.0,2,1,1.00,CYCLE,E
IND,208,6415,59485,31/12/2023,21:00:57,15,0,15.5,1.1,0.7,0.5,2,1,1.00,CYCLE,E
IND,208,6415,59485,31/12/2023,21:00:58,15,0,14.4,1.0,1.3,1.1,2,1,1.00,CYCLE,E
IND,208,6415,59485,31/12/2023,21:00:59,15,0,12.9,1.0,1.1,0.9,2,1,1.00,CYCLE,E
IND,208,6415,59485,31/12/2023,21:01:00,15,0,14.8,1.0,0.9,0.6,2,1,1.00,CYCLE,E
IND,208,6415,59485,31/12/2023,21:01:04,15,0,15.0,1.0,3.8,3.6,2,1,1.00,CYCLE,E
IND,208,6415,59485,31/12/2023,21:07:17,15,0,16.2,1.1,372.9,372.7,2,1,1.00,CYCLE,E
IND,208,6415,59485,31/12/2023,21:10:37,15,0,32.8,1.0,200.1,199.9,2,1,0.33,CYCLE,E
IND,208,6415,59486,31/12/2023,21:11:54,15,1,24.6,1.0,340.5,339.0,2,1,1.00,CYCLE,W
IND,208,6415,59486,31/12/2023,21:18:29,15,1,3.8,0.5,395.6,395.8,2,1,0.80,CYCLE,W
IND,208,6415,59486,31/12/2023,21:19:34,15,1,21.0,0.9,65.0,64.2,2,1,1.00,CYCLE,W
IND,208,6415,59486,31/12/2023,21:19:37,15,1,23.3,1.0,2.3,2.2,2,1,1.00,CYCLE,W
IND,208,6415,59486,31/12/2023,21:19:52,15,1,3.8,1.0,15.1,15.3,2,1,0.57,CYCLE,W
IND,208,6415,59485,31/12/2023,21:20:53,15,0,7.1,1.0,616.4,616.3,2,1,1.00,CYCLE,E
IND,208,6415,59485,31/12/2023,21:21:40,15,0,20.3,1.0,46.3,45.9,2,1,1.00,CYCLE,E
IND,208,6415,59485,31/12/2023,21:26:38,15,0,6.7,1.0,114.6,114.8,2,1,0.40,CYCLE,E
IND,208,6415,59485,31/12/2023,21:27:04,15,0,16.0,1.2,0.6,0.3,2,1,1.00,CYCLE,E
IND,208,6415,59485,31/12/2023,21:27:04,15,0,15.2,1.0,0.7,0.4,2,1,1.00,CYCLE,E
IND,208,6415,59485,31/12/2023,21:27:05,15,0,14.2,1.1,0.9,0.6,2,1,1.00,CYCLE,E
IND,208,6415,59485,31/12/2023,21:31:11,15,0,21.7,1.0,245.7,245.4,2,1,1.00,CYCLE,E
IND,208,6415,59485,31/12/2023,21:34:04,15,0,14.6,1.1,173.0,172.9,2,1,1.00,CYCLE,E
IND,208,6415,59485,31/12/2023,21:37:06,15,0,19.2,1.1,182.1,181.8,2,1,1.00,CYCLE,E
IND,208,6415,59486,31/12/2023,21:41:08,15,1,11.0,1.0,105.5,103.2,2,1,0.33,CYCLE,W
IND,208,6415,59486,31/12/2023,21:44:54,15,1,22.8,1.0,61.5,59.6,2,1,1.00,CYCLE,W
IND,208,6415,59486,31/12/2023,21:49:43,15,1,18.6,1.0,32.7,32.6,2,1,1.00,CYCLE,W
IND,208,6415,59486,31/12/2023,21:55:48,15,1,18.7,1.0,365.3,365.1,2,1,1.00,CYCLE,W
IND,208,6415,59486,31/12/2023,21:55:49,15,1,18.8,1.0,0.8,0.6,2,1,1.00,CYCLE,W
IND,208,6415,59486,31/12/2023,21:57:17,15,1,5.7,1.0,87.4,87.4,2,1,0.67,CYCLE,W
IND,208,6415,59486,31/12/2023,21:57:17,15,1,5.7,1.0,0.0,0.0,2,1,0.67,CYCLE,W
IND,208,6415,59486,31/12/2023,22:03:30,15,1,4.6,1.0,373.4,371.3,2,1,0.40,CYCLE,W
IND,208,6415,59485,31/12/2023,22:04:47,15,0,16.0,1.0,1467.3,1466.6,2,1,1.00,CYCLE,E
IND,208,6415,59485,31/12/2023,22:05:52,15,0,20.0,1.0,65.0,64.8,2,1,1.00,CYCLE,E
IND,208,6415,59486,31/12/2023,22:06:43,15,1,22.3,1.1,192.8,191.8,2,1,1.00,CYCLE,W
IND,208,6415,59485,31/12/2023,22:08:21,15,0,3.1,1.0,148.7,148.5,2,1,0.83,CYCLE,E
IND,208,6415,59486,31/12/2023,22:09:25,15,1,3.2,1.0,162.0,162.2,2,1,0.67,CYCLE,W
IND,208,6415,59486,31/12/2023,22:09:25,15,1,3.2,1.0,0.0,0.0,2,1,0.67,CYCLE,W
IND,208,6415,59485,31/12/2023,22:16:17,15,0,13.3,1.0,314.8,313.2,2,1,1.00,CYCLE,E
IND,208,6415,59486,31/12/2023,22:21:33,15,1,19.6,1.1,410.9,409.8,2,1,1.00,CYCLE,W
IND,208,6415,59485,31/12/2023,22:21:48,15,0,20.6,1.1,330.8,330.5,2,1,1.00,CYCLE,E
IND,208,6415,59486,31/12/2023,22:22:18,15,1,23.2,1.1,44.7,44.5,2,1,1.00,CYCLE,W
IND,208,6415,59485,31/12/2023,22:24:04,15,0,17.6,1.0,136.3,136.1,2,1,1.00,CYCLE,E
IND,208,6415,59485,31/12/2023,22:25:56,15,0,11.6,1.1,112.0,111.8,2,1,1.00,CYCLE,E
IND,208,6415,59486,31/12/2023,22:26:29,15,1,14.3,1.1,251.2,251.1,2,1,1.00,CYCLE,W
IND,208,6415,59486,31/12/2023,22:29:07,15,1,18.3,1.1,158.3,158.0,2,1,1.00,CYCLE,W
IND,208,6415,59486,31/12/2023,22:33:44,15,1,4.6,1.0,273.1,272.6,2,1,0.73,CYCLE,W
IND,208,6415,59486,31/12/2023,22:33:50,15,1,21.3,1.0,6.1,5.2,2,1,1.00,CYCLE,W
IND,208,6415,59486,31/12/2023,22:33:50,15,1,21.3,1.0,0.0,0.0,2,1,1.00,CYCLE,W
IND,208,6415,59486,31/12/2023,22:35:25,15,1,14.7,1.0,95.1,94.9,2,1,1.00,CYCLE,W
IND,208,6415,59486,31/12/2023,22:38:35,15,1,6.4,1.0,190.3,190.0,2,1,0.40,CYCLE,W
IND,208,6415,59486,31/12/2023,22:38:38,15,1,16.4,1.1,3.0,2.5,2,1,1.00,CYCLE,W
IND,208,6415,59486,31/12/2023,22:39:14,15,1,4.5,1.0,35.2,35.2,2,1,0.24,CYCLE,W
IND,208,6415,59486,31/12/2023,22:39:14,15,1,4.5,1.0,0.0,0.0,2,1,0.24,CYCLE,W
IND,208,6415,59486,31/12/2023,22:39:14,15,1,4.5,1.0,0.0,0.0,2,1,0.24,CYCLE,W
IND,208,6415,59486,31/12/2023,22:39:44,15,1,12.4,1.0,30.5,28.2,2,1,1.00,CYCLE,W
IND,208,6415,59486,31/12/2023,22:39:45,15,1,15.1,1.0,1.2,0.9,2,1,1.00,CYCLE,W
IND,208,6415,59486,31/12/2023,22:40:00,15,1,21.8,1.1,9.4,8.4,2,1,1.00,CYCLE,W
IND,208,6415,59485,31/12/2023,22:41:40,15,0,21.7,0.9,628.1,627.3,2,1,1.00,CYCLE,E
IND,208,6415,59486,31/12/2023,22:44:00,15,1,18.9,0.9,68.9,68.4,2,1,1.00,CYCLE,W
IND,208,6415,59486,31/12/2023,22:44:01,15,1,22.0,1.0,0.4,0.2,2,1,1.00,CYCLE,W
IND,208,6415,59486,31/12/2023,22:44:02,15,1,21.4,1.0,1.2,1.0,2,1,1.00,CYCLE,W
IND,208,6415,59486,31/12/2023,22:49:52,15,1,4.8,0.1,350.3,350.4,2,1,1.00,CYCLE,W
IND,208,6415,59486,31/12/2023,22:54:26,15,1,27.8,1.0,52.1,51.5,2,1,1.00,CYCLE,W
IND,208,6415,59485,31/12/2023,23:14:57,15,0,19.1,1.0,1541.1,1539.6,2,1,1.00,CYCLE,E
IND,208,6415,59485,31/12/2023,23:15:00,15,0,12.9,1.1,3.1,2.9,2,1,1.00,CYCLE,E
IND,208,6415,59485,31/12/2023,23:15:04,15,0,16.1,1.1,3.8,3.5,2,1,1.00,CYCLE,E
IND,208,6415,59486,31/12/2023,23:15:08,15,1,2.0,1.0,62.9,62.4,2,1,0.67,CYCLE,W
IND,208,6415,59485,31/12/2023,23:15:44,15,0,14.4,1.0,40.3,40.1,2,1,1.00,CYCLE,E
IND,208,6415,59485,31/12/2023,23:16:47,15,0,26.5,1.2,62.8,62.5,2,1,1.00,CYCLE,E
IND,208,6415,59485,31/12/2023,23:17:31,15,0,20.4,0.9,7.1,7.0,2,1,1.00,CYCLE,E
IND,208,6415,59485,31/12/2023,23:17:31,15,0,17.0,1.1,1.0,0.8,2,1,1.00,CYCLE,E
IND,208,6415,59485,31/12/2023,23:17:52,15,0,26.3,1.1,20.2,20.0,2,1,1.00,CYCLE,E
IND,208,6415,59486,31/12/2023,23:20:29,15,1,25.2,1.0,124.5,122.7,2,1,1.00,CYCLE,W
IND,208,6415,59485,31/12/2023,23:20:44,15,0,17.2,1.1,172.6,172.5,2,1,1.00,CYCLE,E
IND,208,6415,59485,31/12/2023,23:20:45,15,0,17.3,1.1,0.7,0.4,2,1,1.00,CYCLE,E
IND,208,6415,59485,31/12/2023,23:23:09,15,0,20.6,1.0,100.0,99.7,2,1,1.00,CYCLE,E
IND,208,6415,59485,31/12/2023,23:24:29,15,0,2.7,1.0,79.7,79.6,2,1,0.44,CYCLE,E
IND,208,6415,59485,31/12/2023,23:25:48,15,0,20.4,1.0,78.4,76.2,2,1,1.00,CYCLE,E
IND,208,6415,59485,31/12/2023,23:25:51,15,0,17.6,1.0,3.7,3.5,2,1,1.00,CYCLE,E
IND,208,6415,59485,31/12/2023,23:27:44,15,0,20.7,0.9,40.0,40.0,2,1,1.00,CYCLE,E
IND,208,6415,59485,31/12/2023,23:27:45,15,0,19.3,1.0,1.4,1.2,2,1,1.00,CYCLE,E
IND,208,6415,59485,31/12/2023,23:30:18,15,0,6.2,1.0,152.8,152.9,2,1,0.40,CYCLE,E
IND,208,6415,59485,31/12/2023,23:30:34,15,0,3.1,0.5,15.7,14.7,2,1,1.00,CYCLE,E
IND,208,6415,59486,31/12/2023,23:31:16,15,1,4.1,1.0,153.4,153.2,2,1,0.31,CYCLE,W
IND,208,6415,59486,31/12/2023,23:31:16,15,1,4.1,1.0,0.0,0.0,2,1,0.31,CYCLE,W
IND,208,6415,59486,31/12/2023,23:31:16,15,1,4.1,1.0,0.0,0.0,2,1,0.31,CYCLE,W
IND,208,6415,59486,31/12/2023,23:31:16,15,1,4.1,1.0,0.0,0.0,2,1,0.31,CYCLE,W
IND,208,6415,59486,31/12/2023,23:31:16,15,1,4.1,1.0,0.0,0.0,2,1,0.31,CYCLE,W
IND,208,6415,59485,31/12/2023,23:35:39,15,0,2.4,0.4,224.6,223.1,2,1,0.80,CYCLE,E
IND,208,6415,59485,31/12/2023,23:38:12,15,0,4.2,1.0,41.8,41.0,2,1,0.60,CYCLE,E
IND,208,6415,59485,31/12/2023,23:38:12,15,0,4.2,1.0,0.0,0.0,2,1,0.60,CYCLE,E
IND,208,6415,59485,31/12/2023,23:38:43,15,0,21.2,1.0,30.8,29.5,2,1,0.29,CYCLE,E
IND,208,6415,59485,31/12/2023,23:43:44,15,0,13.0,1.0,11.3,11.3,2,1,1.00,CYCLE,E
IND,208,6415,59485,31/12/2023,23:43:47,15,0,14.1,1.0,2.8,2.5,2,1,1.00,CYCLE,E
IND,208,6415,59485,31/12/2023,23:43:49,15,0,11.4,1.0,2.4,2.1,2,1,1.00,CYCLE,E
IND,208,6415,59485,31/12/2023,23:43:51,15,0,14.2,1.0,2.2,1.9,2,1,1.00,CYCLE,E
IND,208,6415,59486,31/12/2023,23:45:09,15,1,12.5,1.0,765.5,763.1,2,1,0.67,CYCLE,W
IND,208,6415,59485,31/12/2023,23:53:51,15,0,1.8,1.0,137.4,137.2,2,1,0.18,CYCLE,E
IND,208,6415,59485,31/12/2023,23:55:43,15,0,2.8,1.0,112.4,110.2,2,1,0.67,CYCLE,E
IND,208,6415,59486,31/12/2023,23:58:12,15,1,2.8,1.0,170.5,168.8,2,1,0.25,CYCLE,W
IND,208,6415,59486,31/12/2023,23:58:12,15,1,2.8,1.0,0.0,0.0,2,1,0.25,CYCLE,W
IND,208,6415,59485,01/01/2024,00:00:04,15,0,20.5,1.2,71.2,70.6,2,1,1.00,CYCLE,E
IND,208,6415,59485,01/01/2024,00:00:33,15,0,13.1,1.0,28.3,28.1,2,1,1.00,CYCLE,E
IND,208,6415,59485,01/01/2024,00:00:36,15,0,15.0,1.0,2.9,2.6,2,1,1.00,CYCLE,E
IND,208,6415,59485,01/01/2024,00:01:17,15,0,3.6,1.0,14.5,10.1,2,1,0.78,CYCLE,E
IND,208,6415,59485,01/01/2024,00:01:17,15,0,3.6,1.0,0.0,0.0,2,1,0.78,CYCLE,E
IND,208,6415,59485,01/01/2024,00:01:17,15,0,3.6,1.0,0.0,0.0,2,1,0.78,CYCLE,E
IND,208,6415,59485,01/01/2024,00:02:09,15,0,20.8,1.1,52.3,50.6,2,1,1.00,CYCLE,E
